Workbook

Sheet ①配置与权重
A1: 1090 账户 · 卫星(10部分)拆解 — 产业趋势 vs 指增 · 配置与每日权重
A2: 口径：取 1090 账户「10部分」11 只权益基金的每日实际持仓权重，按【产业趋势 / 指增】分两组、组内归一化到 100%，用前一日权重×当日 iFinD 复权净值收益逐日累乘成净值（买入持有，起点=1，费前）。橙色单元格可手改；净值数据源=同花顺 iFinD 复权单位净值。
B4: 建仓基准日 | C4: 46191 | D4: 无风险利率(年化) | E4: 0 | F4: 年化交易日数 | G4: 250 | H4: 初始资金(万元) | I4: 1000
A6: 基金定义
A7: 序号 | B7: 1 | C7: 2 | D7: 3 | E7: 4 | F7: 5 | G7: 6 | H7: 7 | I7: 8 | J7: 9 | K7: 10 | L7: 11
A8: 基金代码 | B8: 019632 | C8: 007817 | D8: 001170 | E8: 017488 | F8: 016370 | G8: 013840 | H8: 162214 | I8: 007044 | J8: 015453 | K8: 014201 | L8: 019923
A9: 基金简称(iFinD) | B9: =IF(B8="","",[1]!thsiFinD("ths_fund_official_short_name_fund",B8)) -> 国泰中证半导体材料设备主题ETF发起联接A | C9: =IF(C8="","",[1]!thsiFinD("ths_fund_official_short_name_fund",C8)) -> 国泰中证全指通信设备ETF联接A | D9: =IF(D8="","",[1]!thsiFinD("ths_fund_official_short_name_fund",D8)) -> 宏利复兴混合A | E9: =IF(E8="","",[1]!thsiFinD("ths_fund_official_short_name_fund",E8)) -> 嘉实信息产业股票发起式A | F9: =IF(F8="","",[1]!thsiFinD("ths_fund_official_short_name_fund",F8)) -> 信澳业绩驱动混合A | G9: =IF(G8="","",[1]!thsiFinD("ths_fund_official_short_name_fund",G8)) -> 银华集成电路混合A | H9: =IF(H8="","",[1]!thsiFinD("ths_fund_official_short_name_fund",H8)) -> 宏利领先中小盘混合 | I9: =IF(I8="","",[1]!thsiFinD("ths_fund_official_short_name_fund",I8)) -> 博道沪深300增强A | ... L9: =IF(L8="","",[1]!thsiFinD("ths_fund_official_short_name_fund",L8)) -> 华泰柏瑞中证2000指数增强A
A10: 所属组合 | B10: 产业趋势 | C10: 产业趋势 | D10: 产业趋势 | E10: 产业趋势 | F10: 产业趋势 | G10: 产业趋势 | H10: 产业趋势 | I10: 指增 | J10: 指增 | K10: 指增 | L10: 指增
A12: 每日持仓权重矩阵（占 1090 账户净值比例；宏利领先中小盘 07-02 调入，之前=0）
A13: 日期＼基金 | B13: =B9 -> 国泰中证半导体材料设备主题ETF发起联接A | C13: =C9 -> 国泰中证全指通信设备ETF联接A | D13: =D9 -> 宏利复兴混合A | E13: =E9 -> 嘉实信息产业股票发起式A | F13: =F9 -> 信澳业绩驱动混合A | G13: =G9 -> 银华集成电路混合A | H13: =H9 -> 宏利领先中小盘混合 | I13: =I9 -> 博道沪深300增强A | ... L13: =L9 -> 华泰柏瑞中证2000指数增强A
A14: 46191 | B14: 0.005 | C14: 0.005 | D14: 0.01 | E14: 0.01 | F14: 0.01 | G14: 0.01 | H14: 0 | I14: 0.0125 | J14: 0.0125 | K14: 0.0125 | L14: 0.0125
A15: 46195 | B15: 0.005135 | C15: 0.005079 | D15: 0.010315 | E15: 0.010267 | F15: 0.010213 | G15: 0.010147 | H15: 0 | I15: 0.012765 | J15: 0.01279 | K15: 0.012724 | L15: 0.012495
A16: 46196 | B16: 0.005149 | C16: 0.00495 | D16: 0.009912 | E16: 0.010059 | F16: 0.009955 | G16: 0.010253 | H16: 0 | I16: 0.012484 | J16: 0.012614 | K16: 0.012514 | L16: 0.012462
A17: 46197 | B17: 0.0054 | C17: 0.005015 | D17: 0.010086 | E17: 0.010285 | F17: 0.01019 | G17: 0.011067 | H17: 0 | I17: 0.012519 | J17: 0.012766 | K17: 0.012648 | L17: 0.012459
A18: 46198 | B18: 0.005542 | C18: 0.005159 | D18: 0.010398 | E18: 0.010675 | F18: 0.010541 | G18: 0.011403 | H18: 0 | I18: 0.012672 | J18: 0.012839 | K18: 0.012681 | L18: 0.012323
A19: 46199 | B19: 0.005743 | C19: 0.004847 | D19: 0.009891 | E19: 0.010077 | F19: 0.009891 | G19: 0.011796 | H19: 0 | I19: 0.012332 | J19: 0.012507 | K19: 0.012363 | L19: 0.012014
A20: 46202 | B20: 0.00618 | C20: 0.00473 | D20: 0.009553 | E20: 0.009876 | F20: 0.009589 | G20: 0.012716 | H20: 0 | I20: 0.012433 | J20: 0.012599 | K20: 0.012354 | L20: 0.011914
A21: 46203 | B21: 0.006338 | C21: 0.004932 | D21: 0.009909 | E21: 0.010396 | F21: 0.010086 | G21: 0.013247 | H21: 0 | I21: 0.012544 | J21: 0.012787 | K21: 0.012581 | L21: 0.012242
A22: 46204 | B22: 0.006399 | C22: 0.004743 | D22: 0.009528 | E22: 0.009936 | F22: 0.009585 | G22: 0.013104 | H22: 0 | I22: 0.012529 | J22: 0.012866 | K22: 0.012802 | L22: 0.012436
A23: 46205 | B23: 0.00582 | C23: 0.004582 | D23: 0.009254 | E23: 0.009522 | F23: 0.009156 | G23: 0.011955 | H23: 0.009197 | I23: 0.012232 | J23: 0.012469 | K23: 0.012388 | L23: 0.012125
A24: 46206 | B24: 0.005641 | C24: 0.004576 | D24: 0.009318 | E24: 0.009514 | F24: 0.009115 | G24: 0.011732 | H24: 0.009071 | I24: 0.012306 | J24: 0.012567 | K24: 0.012413 | L24: 0.012158
A25: 46209 | B25: 0.005594 | C25: 0.004425 | D25: 0.009031 | E25: 0.009254 | F25: 0.00876 | G25: 0.011856 | H25: 0.00914 | I25: 0.012304 | J25: 0.012506 | K25: 0.012255 | L25: 0.012022
... A31: 46217 | B31: 0.005546 | C31: 0.004534 | D31: 0.009116 | E31: 0.00955 | F31: 0.009139 | G31: 0.012085 | H31: 0.009381 | I31: 0.012303 | J31: 0.012202 | K31: 0.011738 | L31: 0.011483

Sheet ②净值-iFinD
A1: 复权单位净值 · iFinD 自动刷新（打开后按 iFinD 加载项刷新）
A2: 最后刷新： | B2: =TODAY() -> 46220
A3: 基金代码 | B3: =①配置与权重!B8 -> 019632 | C3: =①配置与权重!C8 -> 007817 | D3: =①配置与权重!D8 -> 001170 | E3: =①配置与权重!E8 -> 017488 | F3: =①配置与权重!F8 -> 016370 | G3: =①配置与权重!G8 -> 013840 | H3: =①配置与权重!H8 -> 162214 | I3: =①配置与权重!I8 -> 007044 | ... L3: =①配置与权重!L8 -> 019923
A4: 基金简称 | B4: =①配置与权重!B9 -> 国泰中证半导体材料设备主题ETF发起联接A | C4: =①配置与权重!C9 -> 国泰中证全指通信设备ETF联接A | D4: =①配置与权重!D9 -> 宏利复兴混合A | E4: =①配置与权重!E9 -> 嘉实信息产业股票发起式A | F4: =①配置与权重!F9 -> 信澳业绩驱动混合A | G4: =①配置与权重!G9 -> 银华集成电路混合A | H4: =①配置与权重!H9 -> 宏利领先中小盘混合 | I4: =①配置与权重!I9 -> 博道沪深300增强A | ... L4: =①配置与权重!L9 -> 华泰柏瑞中证2000指数增强A
A5: =①配置与权重!A14 -> 46191 | B5: =IF($A5="","",[1]!thsiFinD("ths_adjustment_nv_fund",B$3,$A5)) -> 2.9918 | C5: =IF($A5="","",[1]!thsiFinD("ths_adjustment_nv_fund",C$3,$A5)) -> 5.0275 | D5: =IF($A5="","",[1]!thsiFinD("ths_adjustment_nv_fund",D$3,$A5)) -> 6.062 | E5: =IF($A5="","",[1]!thsiFinD("ths_adjustment_nv_fund",E$3,$A5)) -> 4.3864 | F5: =IF($A5="","",[1]!thsiFinD("ths_adjustment_nv_fund",F$3,$A5)) -> 3.6402 | G5: =IF($A5="","",[1]!thsiFinD("ths_adjustment_nv_fund",G$3,$A5)) -> 3.0303 | H5: =IF($A5="","",[1]!thsiFinD("ths_adjustment_nv_fund",H$3,$A5)) -> 2.39 | I5: =IF($A5="","",[1]!thsiFinD("ths_adjustment_nv_fund",I$3,$A5)) -> 1.9904 | ... L5: =IF($A5="","",[1]!thsiFinD("ths_adjustment_nv_fund",L$3,$A5)) -> 2.1386
A6: =①配置与权重!A15 -> 46195 | B6: =IF($A6="","",[1]!thsiFinD("ths_adjustment_nv_fund",B$3,$A6)) -> 3.0754 | C6: =IF($A6="","",[1]!thsiFinD("ths_adjustment_nv_fund",C$3,$A6)) -> 5.1121 | D6: =IF($A6="","",[1]!thsiFinD("ths_adjustment_nv_fund",D$3,$A6)) -> 6.259 | E6: =IF($A6="","",[1]!thsiFinD("ths_adjustment_nv_fund",E$3,$A6)) -> 4.5078 | F6: =IF($A6="","",[1]!thsiFinD("ths_adjustment_nv_fund",F$3,$A6)) -> 3.7212 | G6: =IF($A6="","",[1]!thsiFinD("ths_adjustment_nv_fund",G$3,$A6)) -> 3.0779 | H6: =IF($A6="","",[1]!thsiFinD("ths_adjustment_nv_fund",H$3,$A6)) -> 2.428 | I6: =IF($A6="","",[1]!thsiFinD("ths_adjustment_nv_fund",I$3,$A6)) -> 2.0345 | ... L6: =IF($A6="","",[1]!thsiFinD("ths_adjustment_nv_fund",L$3,$A6)) -> 2.1397
A7: =①配置与权重!A16 -> 46196 | B7: =IF($A7="","",[1]!thsiFinD("ths_adjustment_nv_fund",B$3,$A7)) -> 3.0746 | C7: =IF($A7="","",[1]!thsiFinD("ths_adjustment_nv_fund",C$3,$A7)) -> 4.9665 | D7: =IF($A7="","",[1]!thsiFinD("ths_adjustment_nv_fund",D$3,$A7)) -> 5.996 | E7: =IF($A7="","",[1]!thsiFinD("ths_adjustment_nv_fund",E$3,$A7)) -> 4.4028 | F7: =IF($A7="","",[1]!thsiFinD("ths_adjustment_nv_fund",F$3,$A7)) -> 3.6162 | G7: =IF($A7="","",[1]!thsiFinD("ths_adjustment_nv_fund",G$3,$A7)) -> 3.1005 | H7: =IF($A7="","",[1]!thsiFinD("ths_adjustment_nv_fund",H$3,$A7)) -> 2.458 | I7: =IF($A7="","",[1]!thsiFinD("ths_adjustment_nv_fund",I$3,$A7)) -> 1.9837 | ... L7: =IF($A7="","",[1]!thsiFinD("ths_adjustment_nv_fund",L$3,$A7)) -> 2.1276
A8: =①配置与权重!A17 -> 46197 | B8: =IF($A8="","",[1]!thsiFinD("ths_adjustment_nv_fund",B$3,$A8)) -> 3.2309 | C8: =IF($A8="","",[1]!thsiFinD("ths_adjustment_nv_fund",C$3,$A8)) -> 5.0423 | D8: =IF($A8="","",[1]!thsiFinD("ths_adjustment_nv_fund",D$3,$A8)) -> 6.113 | E8: =IF($A8="","",[1]!thsiFinD("ths_adjustment_nv_fund",E$3,$A8)) -> 4.5109 | F8: =IF($A8="","",[1]!thsiFinD("ths_adjustment_nv_fund",F$3,$A8)) -> 3.7087 | G8: =IF($A8="","",[1]!thsiFinD("ths_adjustment_nv_fund",G$3,$A8)) -> 3.353 | H8: =IF($A8="","",[1]!thsiFinD("ths_adjustment_nv_fund",H$3,$A8)) -> 2.633 | I8: =IF($A8="","",[1]!thsiFinD("ths_adjustment_nv_fund",I$3,$A8)) -> 1.9931 | ... L8: =IF($A8="","",[1]!thsiFinD("ths_adjustment_nv_fund",L$3,$A8)) -> 2.1312
A9: =①配置与权重!A18 -> 46198 | B9: =IF($A9="","",[1]!thsiFinD("ths_adjustment_nv_fund",B$3,$A9)) -> 3.3209 | C9: =IF($A9="","",[1]!thsiFinD("ths_adjustment_nv_fund",C$3,$A9)) -> 5.1945 | D9: =IF($A9="","",[1]!thsiFinD("ths_adjustment_nv_fund",D$3,$A9)) -> 6.312 | E9: =IF($A9="","",[1]!thsiFinD("ths_adjustment_nv_fund",E$3,$A9)) -> 4.6886 | F9: =IF($A9="","",[1]!thsiFinD("ths_adjustment_nv_fund",F$3,$A9)) -> 3.8424 | G9: =IF($A9="","",[1]!thsiFinD("ths_adjustment_nv_fund",G$3,$A9)) -> 3.4602 | H9: =IF($A9="","",[1]!thsiFinD("ths_adjustment_nv_fund",H$3,$A9)) -> 2.692 | I9: =IF($A9="","",[1]!thsiFinD("ths_adjustment_nv_fund",I$3,$A9)) -> 2.0205 | ... L9: =IF($A9="","",[1]!thsiFinD("ths_adjustment_nv_fund",L$3,$A9)) -> 2.1113
A10: =①配置与权重!A19 -> 46199 | B10: =IF($A10="","",[1]!thsiFinD("ths_adjustment_nv_fund",B$3,$A10)) -> 3.4331 | C10: =IF($A10="","",[1]!thsiFinD("ths_adjustment_nv_fund",C$3,$A10)) -> 4.8685 | D10: =IF($A10="","",[1]!thsiFinD("ths_adjustment_nv_fund",D$3,$A10)) -> 5.99 | E10: =IF($A10="","",[1]!thsiFinD("ths_adjustment_nv_fund",E$3,$A10)) -> 4.4158 | F10: =IF($A10="","",[1]!thsiFinD("ths_adjustment_nv_fund",F$3,$A10)) -> 3.5971 | G10: =IF($A10="","",[1]!thsiFinD("ths_adjustment_nv_fund",G$3,$A10)) -> 3.571 | H10: =IF($A10="","",[1]!thsiFinD("ths_adjustment_nv_fund",H$3,$A10)) -> 2.767 | I10: =IF($A10="","",[1]!thsiFinD("ths_adjustment_nv_fund",I$3,$A10)) -> 1.9618 | ... L10: =IF($A10="","",[1]!thsiFinD("ths_adjustment_nv_fund",L$3,$A10)) -> 2.0535
A11: =①配置与权重!A20 -> 46202 | B11: =IF($A11="","",[1]!thsiFinD("ths_adjustment_nv_fund",B$3,$A11)) -> 3.7001 | C11: =IF($A11="","",[1]!thsiFinD("ths_adjustment_nv_fund",C$3,$A11)) -> 4.7592 | D11: =IF($A11="","",[1]!thsiFinD("ths_adjustment_nv_fund",D$3,$A11)) -> 5.795 | E11: =IF($A11="","",[1]!thsiFinD("ths_adjustment_nv_fund",E$3,$A11)) -> 4.3343 | F11: =IF($A11="","",[1]!thsiFinD("ths_adjustment_nv_fund",F$3,$A11)) -> 3.4931 | G11: =IF($A11="","",[1]!thsiFinD("ths_adjustment_nv_fund",G$3,$A11)) -> 3.8559 | H11: =IF($A11="","",[1]!thsiFinD("ths_adjustment_nv_fund",H$3,$A11)) -> 2.968 | I11: =IF($A11="","",[1]!thsiFinD("ths_adjustment_nv_fund",I$3,$A11)) -> 1.9811 | ... L11: =IF($A11="","",[1]!thsiFinD("ths_adjustment_nv_fund",L$3,$A11)) -> 2.0397
A12: =①配置与权重!A21 -> 46203 | B12: =IF($A12="","",[1]!thsiFinD("ths_adjustment_nv_fund",B$3,$A12)) -> 3.8034 | C12: =IF($A12="","",[1]!thsiFinD("ths_adjustment_nv_fund",C$3,$A12)) -> 4.9737 | D12: =IF($A12="","",[1]!thsiFinD("ths_adjustment_nv_fund",D$3,$A12)) -> 6.024 | E12: =IF($A12="","",[1]!thsiFinD("ths_adjustment_nv_fund",E$3,$A12)) -> 4.5731 | F12: =IF($A12="","",[1]!thsiFinD("ths_adjustment_nv_fund",F$3,$A12)) -> 3.682 | G12: =IF($A12="","",[1]!thsiFinD("ths_adjustment_nv_fund",G$3,$A12)) -> 4.0259 | H12: =IF($A12="","",[1]!thsiFinD("ths_adjustment_nv_fund",H$3,$A12)) -> 3.087 | I12: =IF($A12="","",[1]!thsiFinD("ths_adjustment_nv_fund",I$3,$A12)) -> 2.0032 | ... L12: =IF($A12="","",[1]!thsiFinD("ths_adjustment_nv_fund",L$3,$A12)) -> 2.1004
A13: =①配置与权重!A22 -> 46204 | B13: =IF($A13="","",[1]!thsiFinD("ths_adjustment_nv_fund",B$3,$A13)) -> 3.8296 | C13: =IF($A13="","",[1]!thsiFinD("ths_adjustment_nv_fund",C$3,$A13)) -> 4.77 | D13: =IF($A13="","",[1]!thsiFinD("ths_adjustment_nv_fund",D$3,$A13)) -> 5.777 | E13: =IF($A13="","",[1]!thsiFinD("ths_adjustment_nv_fund",E$3,$A13)) -> 4.3589 | F13: =IF($A13="","",[1]!thsiFinD("ths_adjustment_nv_fund",F$3,$A13)) -> 3.4897 | G13: =IF($A13="","",[1]!thsiFinD("ths_adjustment_nv_fund",G$3,$A13)) -> 3.9715 | H13: =IF($A13="","",[1]!thsiFinD("ths_adjustment_nv_fund",H$3,$A13)) -> 3.037 | I13: =IF($A13="","",[1]!thsiFinD("ths_adjustment_nv_fund",I$3,$A13)) -> 1.9953 | ... L13: =IF($A13="","",[1]!thsiFinD("ths_adjustment_nv_fund",L$3,$A13)) -> 2.128
A14: =①配置与权重!A23 -> 46205 | B14: =IF($A14="","",[1]!thsiFinD("ths_adjustment_nv_fund",B$3,$A14)) -> 3.4959 | C14: =IF($A14="","",[1]!thsiFinD("ths_adjustment_nv_fund",C$3,$A14)) -> 4.4049 | D14: =IF($A14="","",[1]!thsiFinD("ths_adjustment_nv_fund",D$3,$A14)) -> 5.363 | E14: =IF($A14="","",[1]!thsiFinD("ths_adjustment_nv_fund",E$3,$A14)) -> 3.9686 | F14: =IF($A14="","",[1]!thsiFinD("ths_adjustment_nv_fund",F$3,$A14)) -> 3.149 | G14: =IF($A14="","",[1]!thsiFinD("ths_adjustment_nv_fund",G$3,$A14)) -> 3.563 | H14: =IF($A14="","",[1]!thsiFinD("ths_adjustment_nv_fund",H$3,$A14)) -> 2.777 | I14: =IF($A14="","",[1]!thsiFinD("ths_adjustment_nv_fund",I$3,$A14)) -> 1.9341 | ... L14: =IF($A14="","",[1]!thsiFinD("ths_adjustment_nv_fund",L$3,$A14)) -> 2.0951
A15: =①配置与权重!A24 -> 46206 | B15: =IF($A15="","",[1]!thsiFinD("ths_adjustment_nv_fund",B$3,$A15)) -> 3.3914 | C15: =IF($A15="","",[1]!thsiFinD("ths_adjustment_nv_fund",C$3,$A15)) -> 4.4033 | D15: =IF($A15="","",[1]!thsiFinD("ths_adjustment_nv_fund",D$3,$A15)) -> 5.405 | E15: =IF($A15="","",[1]!thsiFinD("ths_adjustment_nv_fund",E$3,$A15)) -> 3.9688 | F15: =IF($A15="","",[1]!thsiFinD("ths_adjustment_nv_fund",F$3,$A15)) -> 3.1377 | G15: =IF($A15="","",[1]!thsiFinD("ths_adjustment_nv_fund",G$3,$A15)) -> 3.4995 | H15: =IF($A15="","",[1]!thsiFinD("ths_adjustment_nv_fund",H$3,$A15)) -> 2.741 | I15: =IF($A15="","",[1]!thsiFinD("ths_adjustment_nv_fund",I$3,$A15)) -> 1.9475 | ... L15: =IF($A15="","",[1]!thsiFinD("ths_adjustment_nv_fund",L$3,$A15)) -> 2.1028
A16: =①配置与权重!A25 -> 46209 | B16: =IF($A16="","",[1]!thsiFinD("ths_adjustment_nv_fund",B$3,$A16)) -> 3.3597 | C16: =IF($A16="","",[1]!thsiFinD("ths_adjustment_nv_fund",C$3,$A16)) -> 4.2539 | D16: =IF($A16="","",[1]!thsiFinD("ths_adjustment_nv_fund",D$3,$A16)) -> 5.234 | E16: =IF($A16="","",[1]!thsiFinD("ths_adjustment_nv_fund",E$3,$A16)) -> 3.8572 | F16: =IF($A16="","",[1]!thsiFinD("ths_adjustment_nv_fund",F$3,$A16)) -> 3.0129 | G16: =IF($A16="","",[1]!thsiFinD("ths_adjustment_nv_fund",G$3,$A16)) -> 3.5334 | H16: =IF($A16="","",[1]!thsiFinD("ths_adjustment_nv_fund",H$3,$A16)) -> 2.759 | I16: =IF($A16="","",[1]!thsiFinD("ths_adjustment_nv_fund",I$3,$A16)) -> 1.9455 | ... L16: =IF($A16="","",[1]!thsiFinD("ths_adjustment_nv_fund",L$3,$A16)) -> 2.0773
... A22: =①配置与权重!A31 -> 46217 | B22: =IF($A22="","",[1]!thsiFinD("ths_adjustment_nv_fund",B$3,$A22)) -> 3.3774 | C22: =IF($A22="","",[1]!thsiFinD("ths_adjustment_nv_fund",C$3,$A22)) -> 4.3559 | D22: =IF($A22="","",[1]!thsiFinD("ths_adjustment_nv_fund",D$3,$A22)) -> 5.305 | E22: =IF($A22="","",[1]!thsiFinD("ths_adjustment_nv_fund",E$3,$A22)) -> 3.9815 | F22: =IF($A22="","",[1]!thsiFinD("ths_adjustment_nv_fund",F$3,$A22)) -> 3.1548 | G22: =IF($A22="","",[1]!thsiFinD("ths_adjustment_nv_fund",G$3,$A22)) -> 3.6471 | H22: =IF($A22="","",[1]!thsiFinD("ths_adjustment_nv_fund",H$3,$A22)) -> 2.883 | I22: =IF($A22="","",[1]!thsiFinD("ths_adjustment_nv_fund",I$3,$A22)) -> 1.9198 | ... L22: =IF($A22="","",[1]!thsiFinD("ths_adjustment_nv_fund",L$3,$A22)) -> 1.9323

Sheet ③组合计算
A1: 组合计算 · 组内权重归一化 + 前一日权重×当日净值收益 逐日累乘（买入持有，起点=1）
A3: 日收益＼日期 | B3: ='②净值-iFinD'!B3 -> 019632 | C3: ='②净值-iFinD'!C3 -> 007817 | D3: ='②净值-iFinD'!D3 -> 001170 | E3: ='②净值-iFinD'!E3 -> 017488 | F3: ='②净值-iFinD'!F3 -> 016370 | G3: ='②净值-iFinD'!G3 -> 013840 | H3: ='②净值-iFinD'!H3 -> 162214 | I3: ='②净值-iFinD'!I3 -> 007044 | ... L3: ='②净值-iFinD'!L3 -> 019923 | N3: 产业·权重和 | O3: 指增·权重和 | Q3: 产业·日涨跌 | R3: 产业·净值 | S3: 产业·回撤 | U3: 指增·日涨跌 | V3: 指增·净值 | W3: 指增·回撤 | Y3: 日期标签
A4: 日收益＼日期 | B4: ='②净值-iFinD'!B4 -> 国泰中证半导体材料设备主题ETF发起联接A | C4: ='②净值-iFinD'!C4 -> 国泰中证全指通信设备ETF联接A | D4: ='②净值-iFinD'!D4 -> 宏利复兴混合A | E4: ='②净值-iFinD'!E4 -> 嘉实信息产业股票发起式A | F4: ='②净值-iFinD'!F4 -> 信澳业绩驱动混合A | G4: ='②净值-iFinD'!G4 -> 银华集成电路混合A | H4: ='②净值-iFinD'!H4 -> 宏利领先中小盘混合 | I4: ='②净值-iFinD'!I4 -> 博道沪深300增强A | ... L4: ='②净值-iFinD'!L4 -> 华泰柏瑞中证2000指数增强A
A5: ='②净值-iFinD'!A5 -> 46191 | B5: 0 | C5: 0 | D5: 0 | E5: 0 | F5: 0 | G5: 0 | H5: 0 | I5: 0 | J5: 0 | K5: 0 | L5: 0 | N5: =SUM(①配置与权重!B14:H14) -> 0.05 | O5: =SUM(①配置与权重!I14:L14) -> 0.05 | Q5: 0 | R5: 1 | S5: 0 | U5: 0 | V5: 1 | W5: 0 | Y5: =TEXT(A5,"mm-dd") -> 06-18
A6: ='②净值-iFinD'!A6 -> 46195 | B6: =IFERROR('②净值-iFinD'!B6/'②净值-iFinD'!B5-1,"") -> 0.027943044 | C6: =IFERROR('②净值-iFinD'!C6/'②净值-iFinD'!C5-1,"") -> 0.016827449 | D6: =IFERROR('②净值-iFinD'!D6/'②净值-iFinD'!D5-1,"") -> 0.032497526 | E6: =IFERROR('②净值-iFinD'!E6/'②净值-iFinD'!E5-1,"") -> 0.027676454 | F6: =IFERROR('②净值-iFinD'!F6/'②净值-iFinD'!F5-1,"") -> 0.022251525 | G6: =IFERROR('②净值-iFinD'!G6/'②净值-iFinD'!G5-1,"") -> 0.015708016 | H6: =IFERROR('②净值-iFinD'!H6/'②净值-iFinD'!H5-1,"") -> 0.015899582 | I6: =IFERROR('②净值-iFinD'!I6/'②净值-iFinD'!I5-1,"") -> 0.02215635 | ... L6: =IFERROR('②净值-iFinD'!L6/'②净值-iFinD'!L5-1,"") -> 0.00051435519 | N6: =SUM(①配置与权重!B15:H15) -> 0.051156 | O6: =SUM(①配置与权重!I15:L15) -> 0.050774 | Q6: =IFERROR(SUMPRODUCT(①配置与权重!B14:H14,B6:H6)/N5,0) -> 0.024103753 | R6: =R5*(1+Q6) -> 1.0241038 | S6: =R6/MAX(R$5:R6)-1 -> 0 | U6: =IFERROR(SUMPRODUCT(①配置与权重!I14:L14,I6:L6)/O5,0) -> 0.016451301 | V6: =V5*(1+U6) -> 1.0164513 | W6: =V6/MAX(V$5:V6)-1 -> 0 | Y6: =TEXT(A6,"mm-dd") -> 06-22
A7: ='②净值-iFinD'!A7 -> 46196 | B7: =IFERROR('②净值-iFinD'!B7/'②净值-iFinD'!B6-1,"") -> -0.00026012876 | C7: =IFERROR('②净值-iFinD'!C7/'②净值-iFinD'!C6-1,"") -> -0.028481446 | D7: =IFERROR('②净值-iFinD'!D7/'②净值-iFinD'!D6-1,"") -> -0.042019492 | E7: =IFERROR('②净值-iFinD'!E7/'②净值-iFinD'!E6-1,"") -> -0.023292959 | F7: =IFERROR('②净值-iFinD'!F7/'②净值-iFinD'!F6-1,"") -> -0.028216704 | G7: =IFERROR('②净值-iFinD'!G7/'②净值-iFinD'!G6-1,"") -> 0.0073426687 | H7: =IFERROR('②净值-iFinD'!H7/'②净值-iFinD'!H6-1,"") -> 0.012355848 | I7: =IFERROR('②净值-iFinD'!I7/'②净值-iFinD'!I6-1,"") -> -0.02496928 | ... L7: =IFERROR('②净值-iFinD'!L7/'②净值-iFinD'!L6-1,"") -> -0.0056549984 | N7: =SUM(①配置与权重!B16:H16) -> 0.050278 | O7: =SUM(①配置与权重!I16:L16) -> 0.050074 | Q7: =IFERROR(SUMPRODUCT(①配置与权重!B15:H15,B7:H7)/N6,0) -> -0.020178357 | R7: =R6*(1+Q7) -> 1.003439 | S7: =R7/MAX(R$5:R7)-1 -> -0.020178357 | U7: =IFERROR(SUMPRODUCT(①配置与权重!I15:L15,I7:L7)/O6,0) -> -0.016800878 | V7: =V6*(1+U7) -> 0.99937403 | W7: =V7/MAX(V$5:V7)-1 -> -0.016800878 | Y7: =TEXT(A7,"mm-dd") -> 06-23
A8: ='②净值-iFinD'!A8 -> 46197 | B8: =IFERROR('②净值-iFinD'!B8/'②净值-iFinD'!B7-1,"") -> 0.050835881 | C8: =IFERROR('②净值-iFinD'!C8/'②净值-iFinD'!C7-1,"") -> 0.015262257 | D8: =IFERROR('②净值-iFinD'!D8/'②净值-iFinD'!D7-1,"") -> 0.019513009 | E8: =IFERROR('②净值-iFinD'!E8/'②净值-iFinD'!E7-1,"") -> 0.024552557 | F8: =IFERROR('②净值-iFinD'!F8/'②净值-iFinD'!F7-1,"") -> 0.025579337 | G8: =IFERROR('②净值-iFinD'!G8/'②净值-iFinD'!G7-1,"") -> 0.081438478 | H8: =IFERROR('②净值-iFinD'!H8/'②净值-iFinD'!H7-1,"") -> 0.071196094 | I8: =IFERROR('②净值-iFinD'!I8/'②净值-iFinD'!I7-1,"") -> 0.0047386198 | ... L8: =IFERROR('②净值-iFinD'!L8/'②净值-iFinD'!L7-1,"") -> 0.0016920474 | N8: =SUM(①配置与权重!B17:H17) -> 0.052043 | O8: =SUM(①配置与权重!I17:L17) -> 0.050392 | Q8: =IFERROR(SUMPRODUCT(①配置与权重!B16:H16,B8:H8)/N7,0) -> 0.037139907 | R8: =R7*(1+Q8) -> 1.0407067 | S8: =R8/MAX(R$5:R8)-1 -> 0 | U8: =IFERROR(SUMPRODUCT(①配置与权重!I16:L16,I8:L8)/O7,0) -> 0.0083135977 | V8: =V7*(1+U8) -> 1.0076824 | W8: =V8/MAX(V$5:V8)-1 -> -0.0086269561 | Y8: =TEXT(A8,"mm-dd") -> 06-24
A9: ='②净值-iFinD'!A9 -> 46198 | B9: =IFERROR('②净值-iFinD'!B9/'②净值-iFinD'!B8-1,"") -> 0.027856015 | C9: =IFERROR('②净值-iFinD'!C9/'②净值-iFinD'!C8-1,"") -> 0.030184638 | D9: =IFERROR('②净值-iFinD'!D9/'②净值-iFinD'!D8-1,"") -> 0.032553574 | E9: =IFERROR('②净值-iFinD'!E9/'②净值-iFinD'!E8-1,"") -> 0.039393469 | F9: =IFERROR('②净值-iFinD'!F9/'②净值-iFinD'!F8-1,"") -> 0.036050368 | G9: =IFERROR('②净值-iFinD'!G9/'②净值-iFinD'!G8-1,"") -> 0.031971369 | H9: =IFERROR('②净值-iFinD'!H9/'②净值-iFinD'!H8-1,"") -> 0.0224079 | I9: =IFERROR('②净值-iFinD'!I9/'②净值-iFinD'!I8-1,"") -> 0.013747429 | ... L9: =IFERROR('②净值-iFinD'!L9/'②净值-iFinD'!L8-1,"") -> -0.0093374625 | N9: =SUM(①配置与权重!B18:H18) -> 0.053718 | O9: =SUM(①配置与权重!I18:L18) -> 0.050515 | Q9: =IFERROR(SUMPRODUCT(①配置与权重!B17:H17,B9:H9)/N8,0) -> 0.033750476 | R9: =R8*(1+Q9) -> 1.075831 | S9: =R9/MAX(R$5:R9)-1 -> 0 | U9: =IFERROR(SUMPRODUCT(①配置与权重!I17:L17,I9:L9)/O8,0) -> 0.0039864649 | V9: =V8*(1+U9) -> 1.0116995 | W9: =V9/MAX(V$5:V9)-1 -> -0.0046748822 | Y9: =TEXT(A9,"mm-dd") -> 06-25
A10: ='②净值-iFinD'!A10 -> 46199 | B10: =IFERROR('②净值-iFinD'!B10/'②净值-iFinD'!B9-1,"") -> 0.033786022 | C10: =IFERROR('②净值-iFinD'!C10/'②净值-iFinD'!C9-1,"") -> -0.062758687 | D10: =IFERROR('②净值-iFinD'!D10/'②净值-iFinD'!D9-1,"") -> -0.051013942 | E10: =IFERROR('②净值-iFinD'!E10/'②净值-iFinD'!E9-1,"") -> -0.05818368 | F10: =IFERROR('②净值-iFinD'!F10/'②净值-iFinD'!F9-1,"") -> -0.063840308 | G10: =IFERROR('②净值-iFinD'!G10/'②净值-iFinD'!G9-1,"") -> 0.03202127 | H10: =IFERROR('②净值-iFinD'!H10/'②净值-iFinD'!H9-1,"") -> 0.027860327 | I10: =IFERROR('②净值-iFinD'!I10/'②净值-iFinD'!I9-1,"") -> -0.029052215 | ... L10: =IFERROR('②净值-iFinD'!L10/'②净值-iFinD'!L9-1,"") -> -0.027376498 | N10: =SUM(①配置与权重!B19:H19) -> 0.052245 | O10: =SUM(①配置与权重!I19:L19) -> 0.049216 | Q10: =IFERROR(SUMPRODUCT(①配置与权重!B18:H18,B10:H10)/N9,0) -> -0.029708586 | R10: =R9*(1+Q10) -> 1.0438696 | S10: =R10/MAX(R$5:R10)-1 -> -0.029708586 | U10: =IFERROR(SUMPRODUCT(①配置与权重!I18:L18,I10:L10)/O9,0) -> -0.027972878 | V10: =V9*(1+U10) -> 0.98339936 | W10: =V10/MAX(V$5:V10)-1 -> -0.03251699 | Y10: =TEXT(A10,"mm-dd") -> 06-26
A11: ='②净值-iFinD'!A11 -> 46202 | B11: =IFERROR('②净值-iFinD'!B11/'②净值-iFinD'!B10-1,"") -> 0.077772276 | C11: =IFERROR('②净值-iFinD'!C11/'②净值-iFinD'!C10-1,"") -> -0.022450447 | D11: =IFERROR('②净值-iFinD'!D11/'②净值-iFinD'!D10-1,"") -> -0.032554257 | E11: =IFERROR('②净值-iFinD'!E11/'②净值-iFinD'!E10-1,"") -> -0.018456452 | F11: =IFERROR('②净值-iFinD'!F11/'②净值-iFinD'!F10-1,"") -> -0.028912179 | G11: =IFERROR('②净值-iFinD'!G11/'②净值-iFinD'!G10-1,"") -> 0.079781574 | H11: =IFERROR('②净值-iFinD'!H11/'②净值-iFinD'!H10-1,"") -> 0.07264185 | I11: =IFERROR('②净值-iFinD'!I11/'②净值-iFinD'!I10-1,"") -> 0.009837904 | ... L11: =IFERROR('②净值-iFinD'!L11/'②净值-iFinD'!L10-1,"") -> -0.0067202337 | N11: =SUM(①配置与权重!B20:H20) -> 0.052644 | O11: =SUM(①配置与权重!I20:L20) -> 0.0493 | Q11: =IFERROR(SUMPRODUCT(①配置与权重!B19:H19,B11:H11)/N10,0) -> 0.0092828428 | R11: =R10*(1+Q11) -> 1.0535597 | S11: =R11/MAX(R$5:R11)-1 -> -0.020701523 | U11: =IFERROR(SUMPRODUCT(①配置与权重!I19:L19,I11:L11)/O10,0) -> 0.0033292833 | V11: =V10*(1+U11) -> 0.98667338 | W11: =V11/MAX(V$5:V11)-1 -> -0.029295965 | Y11: =TEXT(A11,"mm-dd") -> 06-29
A12: ='②净值-iFinD'!A12 -> 46203 | B12: =IFERROR('②净值-iFinD'!B12/'②净值-iFinD'!B11-1,"") -> 0.027918164 | C12: =IFERROR('②净值-iFinD'!C12/'②净值-iFinD'!C11-1,"") -> 0.0450706 | D12: =IFERROR('②净值-iFinD'!D12/'②净值-iFinD'!D11-1,"") -> 0.039516825 | E12: =IFERROR('②净值-iFinD'!E12/'②净值-iFinD'!E11-1,"") -> 0.055095402 | F12: =IFERROR('②净值-iFinD'!F12/'②净值-iFinD'!F11-1,"") -> 0.05407804 | G12: =IFERROR('②净值-iFinD'!G12/'②净值-iFinD'!G11-1,"") -> 0.04408828 | H12: =IFERROR('②净值-iFinD'!H12/'②净值-iFinD'!H11-1,"") -> 0.04009434 | I12: =IFERROR('②净值-iFinD'!I12/'②净值-iFinD'!I11-1,"") -> 0.011155419 | ... L12: =IFERROR('②净值-iFinD'!L12/'②净值-iFinD'!L11-1,"") -> 0.029759278 | N12: =SUM(①配置与权重!B21:H21) -> 0.054908 | O12: =SUM(①配置与权重!I21:L21) -> 0.050154 | Q12: =IFERROR(SUMPRODUCT(①配置与权重!B20:H20,B12:H12)/N11,0) -> 0.045333286 | R12: =R11*(1+Q12) -> 1.101321 | S12: =R12/MAX(R$5:R12)-1 -> 0 | U12: =IFERROR(SUMPRODUCT(①配置与权重!I20:L20,I12:L12)/O11,0) -> 0.019547993 | V12: =V11*(1+U12) -> 1.0059609 | W12: =V12/MAX(V$5:V12)-1 -> -0.01032065 | Y12: =TEXT(A12,"mm-dd") -> 06-30
A13: ='②净值-iFinD'!A13 -> 46204 | B13: =IFERROR('②净值-iFinD'!B13/'②净值-iFinD'!B12-1,"") -> 0.0068885734 | C13: =IFERROR('②净值-iFinD'!C13/'②净值-iFinD'!C12-1,"") -> -0.040955426 | D13: =IFERROR('②净值-iFinD'!D13/'②净值-iFinD'!D12-1,"") -> -0.041002656 | E13: =IFERROR('②净值-iFinD'!E13/'②净值-iFinD'!E12-1,"") -> -0.046839124 | F13: =IFERROR('②净值-iFinD'!F13/'②净值-iFinD'!F12-1,"") -> -0.052227051 | G13: =IFERROR('②净值-iFinD'!G13/'②净值-iFinD'!G12-1,"") -> -0.013512507 | H13: =IFERROR('②净值-iFinD'!H13/'②净值-iFinD'!H12-1,"") -> -0.016196955 | I13: =IFERROR('②净值-iFinD'!I13/'②净值-iFinD'!I12-1,"") -> -0.0039436901 | ... L13: =IFERROR('②净值-iFinD'!L13/'②净值-iFinD'!L12-1,"") -> 0.013140354 | N13: =SUM(①配置与权重!B22:H22) -> 0.053295 | O13: =SUM(①配置与权重!I22:L22) -> 0.050633 | Q13: =IFERROR(SUMPRODUCT(①配置与权重!B21:H21,B13:H13)/N12,0) -> -0.03200498 | R13: =R12*(1+Q13) -> 1.0660732 | S13: =R13/MAX(R$5:R13)-1 -> -0.03200498 | U13: =IFERROR(SUMPRODUCT(①配置与权重!I21:L21,I13:L13)/O12,0) -> 0.0068162171 | V13: =V12*(1+U13) -> 1.0128177 | W13: =V13/MAX(V$5:V13)-1 -> -0.0035747803 | Y13: =TEXT(A13,"mm-dd") -> 07-01
A14: ='②净值-iFinD'!A14 -> 46205 | B14: =IFERROR('②净值-iFinD'!B14/'②净值-iFinD'!B13-1,"") -> -0.087137038 | C14: =IFERROR('②净值-iFinD'!C14/'②净值-iFinD'!C13-1,"") -> -0.076540881 | D14: =IFERROR('②净值-iFinD'!D14/'②净值-iFinD'!D13-1,"") -> -0.071663493 | E14: =IFERROR('②净值-iFinD'!E14/'②净值-iFinD'!E13-1,"") -> -0.089540939 | F14: =IFERROR('②净值-iFinD'!F14/'②净值-iFinD'!F13-1,"") -> -0.097630169 | G14: =IFERROR('②净值-iFinD'!G14/'②净值-iFinD'!G13-1,"") -> -0.10285786 | H14: =IFERROR('②净值-iFinD'!H14/'②净值-iFinD'!H13-1,"") -> -0.0856108 | I14: =IFERROR('②净值-iFinD'!I14/'②净值-iFinD'!I13-1,"") -> -0.030672079 | ... L14: =IFERROR('②净值-iFinD'!L14/'②净值-iFinD'!L13-1,"") -> -0.015460526 | N14: =SUM(①配置与权重!B23:H23) -> 0.059486 | O14: =SUM(①配置与权重!I23:L23) -> 0.049214 | Q14: =IFERROR(SUMPRODUCT(①配置与权重!B22:H22,B14:H14)/N13,0) -> -0.089628416 | R14: =R13*(1+Q14) -> 0.97052277 | S14: =R14/MAX(R$5:R14)-1 -> -0.11876484 | U14: =IFERROR(SUMPRODUCT(①配置与权重!I22:L22,I14:L14)/O13,0) -> -0.024550506 | V14: =V13*(1+U14) -> 0.98795252 | W14: =V14/MAX(V$5:V14)-1 -> -0.028037524 | Y14: =TEXT(A14,"mm-dd") -> 07-02
A15: ='②净值-iFinD'!A15 -> 46206 | B15: =IFERROR('②净值-iFinD'!B15/'②净值-iFinD'!B14-1,"") -> -0.029892159 | C15: =IFERROR('②净值-iFinD'!C15/'②净值-iFinD'!C14-1,"") -> -0.00036323186 | D15: =IFERROR('②净值-iFinD'!D15/'②净值-iFinD'!D14-1,"") -> 0.0078314376 | E15: =IFERROR('②净值-iFinD'!E15/'②净值-iFinD'!E14-1,"") -> 5.0395606e-05 | F15: =IFERROR('②净值-iFinD'!F15/'②净值-iFinD'!F14-1,"") -> -0.0035884408 | G15: =IFERROR('②净值-iFinD'!G15/'②净值-iFinD'!G14-1,"") -> -0.01782206 | H15: =IFERROR('②净值-iFinD'!H15/'②净值-iFinD'!H14-1,"") -> -0.01296363 | I15: =IFERROR('②净值-iFinD'!I15/'②净值-iFinD'!I14-1,"") -> 0.0069282871 | ... L15: =IFERROR('②净值-iFinD'!L15/'②净值-iFinD'!L14-1,"") -> 0.0036752422 | N15: =SUM(①配置与权重!B24:H24) -> 0.058967 | O15: =SUM(①配置与权重!I24:L24) -> 0.049444 | Q15: =IFERROR(SUMPRODUCT(①配置与权重!B23:H23,B15:H15)/N14,0) -> -0.0078645345 | R15: =R14*(1+Q15) -> 0.96289006 | S15: =R15/MAX(R$5:R15)-1 -> -0.12569534 | U15: =IFERROR(SUMPRODUCT(①配置与权重!I23:L23,I15:L15)/O14,0) -> 0.0056110359 | V15: =V14*(1+U15) -> 0.99349596 | W15: =V15/MAX(V$5:V15)-1 -> -0.022583807 | Y15: =TEXT(A15,"mm-dd") -> 07-03
A16: ='②净值-iFinD'!A16 -> 46209 | B16: =IFERROR('②净值-iFinD'!B16/'②净值-iFinD'!B15-1,"") -> -0.0093471723 | C16: =IFERROR('②净值-iFinD'!C16/'②净值-iFinD'!C15-1,"") -> -0.033929099 | D16: =IFERROR('②净值-iFinD'!D16/'②净值-iFinD'!D15-1,"") -> -0.031637373 | E16: =IFERROR('②净值-iFinD'!E16/'②净值-iFinD'!E15-1,"") -> -0.028119331 | F16: =IFERROR('②净值-iFinD'!F16/'②净值-iFinD'!F15-1,"") -> -0.039774357 | G16: =IFERROR('②净值-iFinD'!G16/'②净值-iFinD'!G15-1,"") -> 0.0096870982 | H16: =IFERROR('②净值-iFinD'!H16/'②净值-iFinD'!H15-1,"") -> 0.0065669464 | I16: =IFERROR('②净值-iFinD'!I16/'②净值-iFinD'!I15-1,"") -> -0.0010269576 | ... L16: =IFERROR('②净值-iFinD'!L16/'②净值-iFinD'!L15-1,"") -> -0.012126688 | N16: =SUM(①配置与权重!B25:H25) -> 0.05806 | O16: =SUM(①配置与权重!I25:L25) -> 0.049087 | Q16: =IFERROR(SUMPRODUCT(①配置与权重!B24:H24,B16:H16)/N15,0) -> -0.016274132 | R16: =R15*(1+Q16) -> 0.94721986 | S16: =R16/MAX(R$5:R16)-1 -> -0.13992389 | U16: =IFERROR(SUMPRODUCT(①配置与权重!I24:L24,I16:L16)/O15,0) -> -0.0081294369 | V16: =V15*(1+U16) -> 0.9854194 | W16: =V16/MAX(V$5:V16)-1 -> -0.030529651 | Y16: =TEXT(A16,"mm-dd") -> 07-06
A17: ='②净值-iFinD'!A17 -> 46210 | B17: =IFERROR('②净值-iFinD'!B17/'②净值-iFinD'!B16-1,"") -> 0.014882281 | C17: =IFERROR('②净值-iFinD'!C17/'②净值-iFinD'!C16-1,"") -> 0.00021157056 | D17: =IFERROR('②净值-iFinD'!D17/'②净值-iFinD'!D16-1,"") -> 0.0049675201 | E17: =IFERROR('②净值-iFinD'!E17/'②净值-iFinD'!E16-1,"") -> 0.0010629472 | F17: =IFERROR('②净值-iFinD'!F17/'②净值-iFinD'!F16-1,"") -> 0.0045139235 | G17: =IFERROR('②净值-iFinD'!G17/'②净值-iFinD'!G16-1,"") -> 0.013414841 | H17: =IFERROR('②净值-iFinD'!H17/'②净值-iFinD'!H16-1,"") -> 0.018847408 | I17: =IFERROR('②净值-iFinD'!I17/'②净值-iFinD'!I16-1,"") -> -0.01228476 | ... L17: =IFERROR('②净值-iFinD'!L17/'②净值-iFinD'!L16-1,"") -> -0.025321331 | N17: =SUM(①配置与权重!B26:H26) -> 0.058605 | O17: =SUM(①配置与权重!I26:L26) -> 0.048206 | Q17: =IFERROR(SUMPRODUCT(①配置与权重!B25:H25,B17:H17)/N16,0) -> 0.0087795299 | R17: =R16*(1+Q17) -> 0.955536 | S17: =R17/MAX(R$5:R17)-1 -> -0.13237283 | U17: =IFERROR(SUMPRODUCT(①配置与权重!I25:L25,I17:L17)/O16,0) -> -0.018520823 | V17: =V16*(1+U17) -> 0.96716862 | W17: =V17/MAX(V$5:V17)-1 -> -0.048485039 | Y17: =TEXT(A17,"mm-dd") -> 07-07
... A22: ='②净值-iFinD'!A22 -> 46217 | B22: =IFERROR('②净值-iFinD'!B22/'②净值-iFinD'!B21-1,"") -> -0.0057405281 | C22: =IFERROR('②净值-iFinD'!C22/'②净值-iFinD'!C21-1,"") -> 0.048906762 | D22: =IFERROR('②净值-iFinD'!D22/'②净值-iFinD'!D21-1,"") -> 0.074756888 | E22: =IFERROR('②净值-iFinD'!E22/'②净值-iFinD'!E21-1,"") -> 0.050416843 | F22: =IFERROR('②净值-iFinD'!F22/'②净值-iFinD'!F21-1,"") -> 0.077201489 | G22: =IFERROR('②净值-iFinD'!G22/'②净值-iFinD'!G21-1,"") -> -0.003170525 | H22: =IFERROR('②净值-iFinD'!H22/'②净值-iFinD'!H21-1,"") -> 0.0027826087 | I22: =IFERROR('②净值-iFinD'!I22/'②净值-iFinD'!I21-1,"") -> 0.02718031 | ... L22: =IFERROR('②净值-iFinD'!L22/'②净值-iFinD'!L21-1,"") -> 0.019898659 | N22: =SUM(①配置与权重!B31:H31) -> 0.059351 | O22: =SUM(①配置与权重!I31:L31) -> 0.047726 | Q22: =IFERROR(SUMPRODUCT(①配置与权重!B30:H30,B22:H22)/N21,0) -> 0.033330171 | R22: =R21*(1+Q22) -> 0.97611185 | S22: =R22/MAX(R$5:R22)-1 -> -0.11368995 | U22: =IFERROR(SUMPRODUCT(①配置与权重!I30:L30,I22:L22)/O21,0) -> 0.02289384 | V22: =V21*(1+U22) -> 0.93959478 | W22: =V22/MAX(V$5:V22)-1 -> -0.075612596 | Y22: =TEXT(A22,"mm-dd") -> 07-14

Sheet ④看板与走势图
B1: 1090 卫星拆解看板 · 产业趋势 vs 指增（成立以来 2026-06-18 起，费前）
B2: 净值=组内权重归一化、买入持有、起点=1。带 * 指标为年化外推，样本仅 18 个交易日，仅作参考。
B4: 绩效指标 | C4: 产业趋势 | D4: 指增
B5: 最新净值 | C5: =LOOKUP(2,1/(③组合计算!$R$5:$R$22<>""),③组合计算!$R$5:$R$22) -> 0.97611185 | D5: =LOOKUP(2,1/(③组合计算!$V$5:$V$22<>""),③组合计算!$V$5:$V$22) -> 0.93959478
B6: 成立以来累计收益 | C6: =LOOKUP(2,1/(③组合计算!$R$5:$R$22<>""),③组合计算!$R$5:$R$22)-1 -> -0.023888152 | D6: =LOOKUP(2,1/(③组合计算!$V$5:$V$22<>""),③组合计算!$V$5:$V$22)-1 -> -0.06040522
B7: 期末资金(万元) | C7: =①配置与权重!$I$4*LOOKUP(2,1/(③组合计算!$R$5:$R$22<>""),③组合计算!$R$5:$R$22) -> 976.11185 | D7: =①配置与权重!$I$4*LOOKUP(2,1/(③组合计算!$V$5:$V$22<>""),③组合计算!$V$5:$V$22) -> 939.59478
B8: 累计盈亏(万元) | C8: =①配置与权重!$I$4*(LOOKUP(2,1/(③组合计算!$R$5:$R$22<>""),③组合计算!$R$5:$R$22)-1) -> -23.888152 | D8: =①配置与权重!$I$4*(LOOKUP(2,1/(③组合计算!$V$5:$V$22<>""),③组合计算!$V$5:$V$22)-1) -> -60.40522
B9: 年化收益 * | C9: =LOOKUP(2,1/(③组合计算!$R$5:$R$22<>""),③组合计算!$R$5:$R$22)^(①配置与权重!$G$4/MAX(COUNT(③组合计算!$Q$6:$Q$22),1))-1 -> -0.29921932 | D9: =LOOKUP(2,1/(③组合计算!$V$5:$V$22<>""),③组合计算!$V$5:$V$22)^(①配置与权重!$G$4/MAX(COUNT(③组合计算!$U$6:$U$22),1))-1 -> -0.59999301
B10: 年化波动率 * | C10: =STDEV(③组合计算!$Q$6:$Q$22)*SQRT(①配置与权重!$G$4) -> 0.64072044 | D10: =STDEV(③组合计算!$U$6:$U$22)*SQRT(①配置与权重!$G$4) -> 0.3050296
B11: 夏普比率 * | C11: =IFERROR((LOOKUP(2,1/(③组合计算!$R$5:$R$22<>""),③组合计算!$R$5:$R$22)^(①配置与权重!$G$4/MAX(COUNT(③组合计算!$Q$6:$Q$22),1))-1-①配置与权重!$E$4)/(STDEV(③组合计算!$Q$6:$Q$22)*SQRT(①配置与权重!$G$4)),"") -> -0.46700449 | D11: =IFERROR((LOOKUP(2,1/(③组合计算!$V$5:$V$22<>""),③组合计算!$V$5:$V$22)^(①配置与权重!$G$4/MAX(COUNT(③组合计算!$U$6:$U$22),1))-1-①配置与权重!$E$4)/(STDEV(③组合计算!$U$6:$U$22)*SQRT(①配置与权重!$G$4)),"") -> -1.9669993
B12: 最大回撤 | C12: =MIN(③组合计算!$S$5:$S$22) -> -0.14227798 | D12: =MIN(③组合计算!$W$5:$W$22) -> -0.09630172
B13: 卡玛比率 * | C13: =IFERROR((LOOKUP(2,1/(③组合计算!$R$5:$R$22<>""),③组合计算!$R$5:$R$22)^(①配置与权重!$G$4/MAX(COUNT(③组合计算!$Q$6:$Q$22),1))-1)/ABS(MIN(③组合计算!$S$5:$S$22)),"") -> -2.1030614 | D13: =IFERROR((LOOKUP(2,1/(③组合计算!$V$5:$V$22<>""),③组合计算!$V$5:$V$22)^(①配置与权重!$G$4/MAX(COUNT(③组合计算!$U$6:$U$22),1))-1)/ABS(MIN(③组合计算!$W$5:$W$22)),"") -> -6.2303458
B14: 区间最好单日 | C14: =MAX(③组合计算!$Q$6:$Q$22) -> 0.071079298 | D14: =MAX(③组合计算!$U$6:$U$22) -> 0.02289384
B15: 区间最差单日 | C15: =MIN(③组合计算!$Q$6:$Q$22) -> -0.089628416 | D15: =MIN(③组合计算!$U$6:$U$22) -> -0.0427592
B16: 上涨天数占比 | C16: =COUNTIF(③组合计算!$Q$6:$Q$22,">0")/COUNT(③组合计算!$Q$6:$Q$22) -> 0.52941176 | D16: =COUNTIF(③组合计算!$U$6:$U$22,">0")/COUNT(③组合计算!$U$6:$U$22) -> 0.52941176
B17: * 年化取①参数：年化交易日数=250、无风险利率见①!E4；样本过短，年化/夏普/卡玛仅供参考。
