Workbook

Sheet 净值底稿
I1: HSSCSOY.HK | J1: 930955.CSI | Q1: 000852.SH | R1: 000852.SH | S1: 932000.CSI | T1: 932000.CSI
A2: 代码 | B2: 000940.OF | C2: 001513.OF | D2: 001480.OF | E2: 001323.OF | G2: 007466.OF | H2: 090010.OF | I2: 020866.OF | K2: 090007.OF | L2: 161222.OF | M2: 003957.OF | N2: 007044.OF | O2: 001556.OF | P2: 006593.OF | Q2: 017953.OF | R2: 015867.OF | S2: 019923.OF | T2: 019918.OF | V2: 161119.OF | W2: 000216.OF
A3: =[1]!HX_AutoDate(1,"2020-01-01","2026-10-16",-1,-1,0,0,0,0,0,"SSE",1643,0) -> 日期 | B3: 富国曹晋 | C3: 易方达郑希 | D3: 财通金梓才 | E3: 东吴刘元海 | F3: 产业趋势 | G3: 红利低波 | H3: 中证红利 | I3: 华安恒生港股通中国央企红利ETF发起式联接A | J3: 红利低波100 | K3: 大成徐彦 | L3: 国投瑞银綦缚鹏 | M3: 安信量化精选沪深300指数增强A | N3: 博道沪深300指数增强A | O3: 天弘中证500指数增强A | P3: 博道中证500指数增强A | Q3: 汇添富中证1000指数增强A | R3: 国泰海通中证1000指数增强A | S3: 华泰柏瑞中证2000指数增强A | T3: 招商中证2000指数增强A | U3: 指增组合 | V3: 中债新综合 | W3: 华安黄金 | X3: 红利组合
A4: 43832 | B4: 0.25 | C4: 0.25 | D4: 0.25 | E4: 0.25 | F4: 1.0025 | G4: =[1]!thsiFinD("ths_adjustment_nv_fund",G$2,$A4) -> 1.0877 | H4: =[1]!thsiFinD("ths_adjustment_nv_fund",H$2,$A4) -> 1.8779556 | I4: =[1]!thsiFinD("ths_close_price_index",I$1,$A4) -> 3071.11 | J4: =[1]!thsiFinD("ths_close_price_index",J$1,$A4) -> 9138.0556 | K4: =[1]!thsiFinD("ths_adjustment_nv_fund",K$2,$A4) -> 4.9057783 | L4: =[1]!thsiFinD("ths_adjustment_nv_fund",L$2,$A4) -> 1.4145101 | M4: 0.125 | N4: 0.125 | O4: 0.125 | P4: 0.125 | Q4: 0.125 | R4: 0.125 | S4: 0.125 | T4: 0.125 | U4: 1.0173101 | V4: 1.4008 | W4: 1.2499 | X4: ='2080回测'!$O$13*G4/$G$4+'2080回测'!$O$14*H4/$H$4+'2080回测'!$O$15*I4/$I$4+'2080回测'!$O$17*K4/$K$4+'2080回测'!$O$18*L4/$L$4+'2080回测'!$O$16*J4/$J$4 -> 1
A5: 43833 | B5: 0.6752609 | C5: 0.5107832 | D5: 1 | E5: 0.29296875 | F5: 1.0061975 | G5: =[1]!thsiFinD("ths_adjustment_nv_fund",G$2,$A5) -> 1.0863 | H5: =[1]!thsiFinD("ths_adjustment_nv_fund",H$2,$A5) -> 1.8779556 | I5: 3070.7 | J5: =[1]!thsiFinD("ths_close_price_index",J$1,$A5) -> 9153.8172 | K5: =[1]!thsiFinD("ths_adjustment_nv_fund",K$2,$A5) -> 4.9015124 | L5: =[1]!thsiFinD("ths_adjustment_nv_fund",L$2,$A5) -> 1.4155198 | M5: 0.013267263 | N5: 0.010251064 | O5: 0.017852864 | P5: 0.016333026 | Q5: 0.019673837 | R5: 0.019673837 | S5: 0.020714398 | T5: 0.020714398 | U5: 1.0202139 | V5: 1.4011 | W5: 1.269 | X5: ='2080回测'!$O$13*G5/$G$4+'2080回测'!$O$14*H5/$H$4+'2080回测'!$O$15*I5/$I$4+'2080回测'!$O$17*K5/$K$4+'2080回测'!$O$18*L5/$L$4+'2080回测'!$O$16*J5/$J$4 -> 0.99895473
A6: 43836 | B6: 1.2891344 | C6: 2.4971623 | D6: 1.8461538 | E6: 0.9765625 | F6: 1.0165225 | G6: =[1]!thsiFinD("ths_adjustment_nv_fund",G$2,$A6) -> 1.0818 | H6: =[1]!thsiFinD("ths_adjustment_nv_fund",H$2,$A6) -> 1.8713778 | I6: 3047.35 | J6: =[1]!thsiFinD("ths_close_price_index",J$1,$A6) -> 9132.1408 | K6: =[1]!thsiFinD("ths_adjustment_nv_fund",K$2,$A6) -> 4.9057783 | L6: =[1]!thsiFinD("ths_adjustment_nv_fund",L$2,$A6) -> 1.4235969 | M6: 0.011508951 | N6: 0.0050386587 | O6: 0.020848311 | P6: 0.019013318 | Q6: 0.024970357 | R6: 0.024970357 | S6: 0.027680657 | T6: 0.027680657 | U6: 1.0263972 | V6: 1.4023 | W6: 1.2957 | X6: ='2080回测'!$O$13*G6/$G$4+'2080回测'!$O$14*H6/$H$4+'2080回测'!$O$15*I6/$I$4+'2080回测'!$O$17*K6/$K$4+'2080回测'!$O$18*L6/$L$4+'2080回测'!$O$16*J6/$J$4 -> 0.99630297
A7: 43837 | B7: 1.7188459 | C7: 2.6674234 | D7: 2.2307692 | E7: 1.7578125 | F7: 1.0209371 | G7: =[1]!thsiFinD("ths_adjustment_nv_fund",G$2,$A7) -> 1.0883 | H7: =[1]!thsiFinD("ths_adjustment_nv_fund",H$2,$A7) -> 1.8856296 | I7: 3043.95 | J7: =[1]!thsiFinD("ths_close_price_index",J$1,$A7) -> 9171.6918 | K7: =[1]!thsiFinD("ths_adjustment_nv_fund",K$2,$A7) -> 4.9484372 | L7: =[1]!thsiFinD("ths_adjustment_nv_fund",L$2,$A7) -> 1.4326837 | M7: 0.0085517903 | N7: 0.00078186083 | O7: 0.03330937 | P7: 0.025127733 | Q7: 0.035512705 | R7: 0.035512705 | S7: 0.036190635 | T7: 0.036190635 | U7: 1.0393231 | V7: 1.4024 | W7: 1.2848 | X7: ='2080回测'!$O$13*G7/$G$4+'2080回测'!$O$14*H7/$H$4+'2080回测'!$O$15*I7/$I$4+'2080回测'!$O$17*K7/$K$4+'2080回测'!$O$18*L7/$L$4+'2080回测'!$O$16*J7/$J$4 -> 1.0025957
A8: 43838 | B8: 0.85942296 | C8: 1.4755959 | D8: -0.53846154 | E8: 0.390625 | F8: 1.005468 | G8: =[1]!thsiFinD("ths_adjustment_nv_fund",G$2,$A8) -> 1.0744 | H8: =[1]!thsiFinD("ths_adjustment_nv_fund",H$2,$A8) -> 1.8648 | I8: 3003.43 | J8: =[1]!thsiFinD("ths_close_price_index",J$1,$A8) -> 9070.8142 | K8: =[1]!thsiFinD("ths_adjustment_nv_fund",K$2,$A8) -> 4.9015124 | L8: =[1]!thsiFinD("ths_adjustment_nv_fund",L$2,$A8) -> 1.4195583 | M8: 0.015105499 | N8: 0.010251064 | O8: 0.048286604 | P8: 0.037356563 | Q8: 0.051253136 | R8: 0.051253136 | S8: 0.050539517 | T8: 0.050539517 | U8: 1.0261808 | V8: 1.403 | W8: 1.3041 | X8: ='2080回测'!$O$13*G8/$G$4+'2080回测'!$O$14*H8/$H$4+'2080回测'!$O$15*I8/$I$4+'2080回测'!$O$17*K8/$K$4+'2080回测'!$O$18*L8/$L$4+'2080回测'!$O$16*J8/$J$4 -> 0.99048782
A9: 43839 | B9: 3.4376918 | C9: 3.6322361 | D9: 3.2307692 | E9: 2.34375 | F9: 1.0316111 | G9: =[1]!thsiFinD("ths_adjustment_nv_fund",G$2,$A9) -> 1.0843 | H9: =[1]!thsiFinD("ths_adjustment_nv_fund",H$2,$A9) -> 1.8867259 | I9: 3038.85 | J9: =[1]!thsiFinD("ths_close_price_index",J$1,$A9) -> 9117.9626 | K9: =[1]!thsiFinD("ths_adjustment_nv_fund",K$2,$A9) -> 4.9782985 | L9: =[1]!thsiFinD("ths_adjustment_nv_fund",L$2,$A9) -> 1.4336933 | M9: 0.0041560102 | N9: -0.0013899748 | O9: 0.039300264 | P9: 0.024122623 | Q9: 0.036903176 | R9: 0.036903176 | S9: 0.034725679 | T9: 0.034725679 | U9: 1.0416767 | V9: 1.4036 | W9: 1.2656 | X9: ='2080回测'!$O$13*G9/$G$4+'2080回测'!$O$14*H9/$H$4+'2080回测'!$O$15*I9/$I$4+'2080回测'!$O$17*K9/$K$4+'2080回测'!$O$18*L9/$L$4+'2080回测'!$O$16*J9/$J$4 -> 1.0003337
A10: 43840 | B10: 3.7446286 | C10: 4.0862656 | D10: 4.9230769 | E10: 2.8320312 | F10: 1.038965 | G10: =[1]!thsiFinD("ths_adjustment_nv_fund",G$2,$A10) -> 1.0806 | H10: =[1]!thsiFinD("ths_adjustment_nv_fund",H$2,$A10) -> 1.8801481 | I10: 3034.57 | J10: =[1]!thsiFinD("ths_close_price_index",J$1,$A10) -> 9097.1204 | K10: =[1]!thsiFinD("ths_adjustment_nv_fund",K$2,$A10) -> 4.956969 | L10: =[1]!thsiFinD("ths_adjustment_nv_fund",L$2,$A10) -> 1.4316741 | M10: 0.016464194 | N10: 0.012075406 | O10: 0.052600048 | P10: 0.039031745 | Q10: 0.053376565 | R10: 0.053376565 | S10: 0.053244578 | T10: 0.053244578 | U10: 1.0406964 | V10: 1.4048 | W10: 1.2682 | X10: ='2080回测'!$O$13*G10/$G$4+'2080回测'!$O$14*H10/$H$4+'2080回测'!$O$15*I10/$I$4+'2080回测'!$O$17*K10/$K$4+'2080回测'!$O$18*L10/$L$4+'2080回测'!$O$16*J10/$J$4 -> 0.99703487
A11: 43843 | B11: 6.3842848 | C11: 6.8671964 | D11: 9.0769231 | E11: 4.6875 | F11: 1.0675398 | G11: =[1]!thsiFinD("ths_adjustment_nv_fund",G$2,$A11) -> 1.0836 | H11: =[1]!thsiFinD("ths_adjustment_nv_fund",H$2,$A11) -> 1.8922074 | I11: 3055.16 | J11: =[1]!thsiFinD("ths_close_price_index",J$1,$A11) -> 9115.9816 | K11: =[1]!thsiFinD("ths_adjustment_nv_fund",K$2,$A11) -> 5.0081597 | L11: =[1]!thsiFinD("ths_adjustment_nv_fund",L$2,$A11) -> 1.4397512 | M11: 0.016624041 | N11: 0.013726001 | O11: 0.055475677 | P11: 0.03668649 | Q11: 0.051169052 | R11: 0.051169052 | S11: 0.050360639 | T11: 0.050360639 | U11: 1.0533907 | V11: 1.4055 | W11: 1.2646 | X11: ='2080回测'!$O$13*G11/$G$4+'2080回测'!$O$14*H11/$H$4+'2080回测'!$O$15*I11/$I$4+'2080回测'!$O$17*K11/$K$4+'2080回测'!$O$18*L11/$L$4+'2080回测'!$O$16*J11/$J$4 -> 1.0008559
A12: 43844 | B12: 6.0773481 | C12: 7.2077185 | D12: 8.0769231 | E12: 4.5898438 | F12: 1.0648796 | G12: =[1]!thsiFinD("ths_adjustment_nv_fund",G$2,$A12) -> 1.0845 | H12: =[1]!thsiFinD("ths_adjustment_nv_fund",H$2,$A12) -> 1.8944 | I12: 3050 | J12: =[1]!thsiFinD("ths_close_price_index",J$1,$A12) -> 9115.0753 | K12: =[1]!thsiFinD("ths_adjustment_nv_fund",K$2,$A12) -> 4.9953621 | L12: =[1]!thsiFinD("ths_adjustment_nv_fund",L$2,$A12) -> 1.4336933 | M12: 0.025895141 | N12: 0.025453914 | O12: 0.070812365 | P12: 0.04891532 | Q12: 0.064610574 | R12: 0.064610574 | S12: 0.063413966 | T12: 0.063413966 | U12: 1.0518627 | V12: 1.4057 | W12: 1.2542 | X12: ='2080回测'!$O$13*G12/$G$4+'2080回测'!$O$14*H12/$H$4+'2080回测'!$O$15*I12/$I$4+'2080回测'!$O$17*K12/$K$4+'2080回测'!$O$18*L12/$L$4+'2080回测'!$O$16*J12/$J$4 -> 1.0008287
A13: 43845 | B13: 7.3050952 | C13: 7.3779796 | D13: 8.6153846 | E13: 4.9804688 | F13: 1.0706973 | G13: =[1]!thsiFinD("ths_adjustment_nv_fund",G$2,$A13) -> 1.0782 | H13: =[1]!thsiFinD("ths_adjustment_nv_fund",H$2,$A13) -> 1.8856296 | I13: 3038.13 | J13: =[1]!thsiFinD("ths_close_price_index",J$1,$A13) -> 9034.9692 | K13: =[1]!thsiFinD("ths_adjustment_nv_fund",K$2,$A13) -> 4.9740326 | L13: =[1]!thsiFinD("ths_adjustment_nv_fund",L$2,$A13) -> 1.4296548 | M13: 0.022538363 | N13: 0.023021458 | O13: 0.069734004 | P13: 0.047658933 | Q13: 0.062345616 | R13: 0.062345616 | S13: 0.063628957 | T13: 0.063628957 | U13: 1.0491022 | V13: 1.4059 | W13: 1.2616 | X13: ='2080回测'!$O$13*G13/$G$4+'2080回测'!$O$14*H13/$H$4+'2080回测'!$O$15*I13/$I$4+'2080回测'!$O$17*K13/$K$4+'2080回测'!$O$18*L13/$L$4+'2080回测'!$O$16*J13/$J$4 -> 0.99547475
A14: 43846 | B14: 8.7170043 | C14: 7.2077185 | D14: 8.4615385 | E14: 5.3710938 | F14: 1.0743934 | G14: =[1]!thsiFinD("ths_adjustment_nv_fund",G$2,$A14) -> 1.0716 | H14: =[1]!thsiFinD("ths_adjustment_nv_fund",H$2,$A14) -> 1.8768593 | I14: 3044.85 | J14: =[1]!thsiFinD("ths_close_price_index",J$1,$A14) -> 8984.4832 | K14: =[1]!thsiFinD("ths_adjustment_nv_fund",K$2,$A14) -> 4.9612349 | L14: =[1]!thsiFinD("ths_adjustment_nv_fund",L$2,$A14) -> 1.4246066 | M14: 0.017663043 | N14: 0.01850404 | O14: 0.068535826 | P14: 0.044392328 | Q14: 0.062238719 | R14: 0.062238719 | S14: 0.059622622 | T14: 0.059622622 | U14: 1.0476066 | V14: 1.4061 | W14: 1.2635 | X14: ='2080回测'!$O$13*G14/$G$4+'2080回测'!$O$14*H14/$H$4+'2080回测'!$O$15*I14/$I$4+'2080回测'!$O$17*K14/$K$4+'2080回测'!$O$18*L14/$L$4+'2080回测'!$O$16*J14/$J$4 -> 0.99000271
A15: 43847 | B15: 9.699202 | C15: 7.3212259 | D15: 8.0769231 | E15: 5.2734375 | F15: 1.075927 | G15: =[1]!thsiFinD("ths_adjustment_nv_fund",G$2,$A15) -> 1.0713 | H15: =[1]!thsiFinD("ths_adjustment_nv_fund",H$2,$A15) -> 1.8779556 | I15: 3069.12 | J15: =[1]!thsiFinD("ths_close_price_index",J$1,$A15) -> 8973.546 | K15: =[1]!thsiFinD("ths_adjustment_nv_fund",K$2,$A15) -> 4.9520982 | L15: =[1]!thsiFinD("ths_adjustment_nv_fund",L$2,$A15) -> 1.4326837 | M15: 0.015025575 | N15: 0.019199027 | O15: 0.067577283 | P15: 0.045313678 | Q15: 0.060193428 | R15: 0.060193428 | S15: 0.056675335 | T15: 0.056675335 | U15: 1.0448327 | V15: 1.4064 | W15: 1.261 | X15: ='2080回测'!$O$13*G15/$G$4+'2080回测'!$O$14*H15/$H$4+'2080回测'!$O$15*I15/$I$4+'2080回测'!$O$17*K15/$K$4+'2080回测'!$O$18*L15/$L$4+'2080回测'!$O$16*J15/$J$4 -> 0.99016684
A16: 43850 | B16: 12.277471 | C16: 10.385925 | D16: 12.846154 | E16: 7.7148438 | F16: 1.108061 | G16: =[1]!thsiFinD("ths_adjustment_nv_fund",G$2,$A16) -> 1.0707 | H16: =[1]!thsiFinD("ths_adjustment_nv_fund",H$2,$A16) -> 1.8801481 | I16: 3032.52 | J16: =[1]!thsiFinD("ths_close_price_index",J$1,$A16) -> 8989.6308 | K16: =[1]!thsiFinD("ths_adjustment_nv_fund",K$2,$A16) -> 4.9292564 | L16: =[1]!thsiFinD("ths_adjustment_nv_fund",L$2,$A16) -> 1.4518669 | M16: 0.017902813 | N16: 0.018851533 | O16: 0.063862928 | P16: 0.041963314 | Q16: 0.056112313 | R16: 0.056112313 | S16: 0.051928052 | T16: 0.051928052 | U16: 1.0570593 | V16: 1.4078 | W16: 1.2626 | X16: ='2080回测'!$O$13*G16/$G$4+'2080回测'!$O$14*H16/$H$4+'2080回测'!$O$15*I16/$I$4+'2080回测'!$O$17*K16/$K$4+'2080回测'!$O$18*L16/$L$4+'2080回测'!$O$16*J16/$J$4 -> 0.9906161
... A1618: 46265 | B1618: 315.89932 | C1618: 373.87759 | D1618: 474.30769 | E1618: 549.63867 | F1618: 5.2843082 | G1618: =[1]!thsiFinD("ths_adjustment_nv_fund",G$2,$A1618) -> 2.0223912 | H1618: =[1]!thsiFinD("ths_adjustment_nv_fund",H$2,$A1618) -> 3.065683 | I1618: 4152.25 | J1618: =[1]!thsiFinD("ths_close_price_index",J$1,$A1618) -> 11317.654 | K1618: =[1]!thsiFinD("ths_adjustment_nv_fund",K$2,$A1618) -> 9.9149172 | L1618: =[1]!thsiFinD("ths_adjustment_nv_fund",L$2,$A1618) -> 3.0625507 | M1618: 0.66032609 | N1618: 0.65311441 | O1618: 1.1345555 | P1618: 1.4517597 | Q1618: 1.028359 | R1618: 0.88242983 | S1618: 0.98510325 | T1618: 1.3005591 | U1618: 2.0341362 | V1618: 1.8006 | W1618: 3.3302 | X1618: ='2080回测'!$O$13*G1618/$G$4+'2080回测'!$O$14*H1618/$H$4+'2080回测'!$O$15*I1618/$I$4+'2080回测'!$O$17*K1618/$K$4+'2080回测'!$O$18*L1618/$L$4+'2080回测'!$O$16*J1618/$J$4 -> 1.906079
A1619: 46266 | G1619: =[1]!thsiFinD("ths_adjustment_nv_fund",G$2,$A1619) -> 2.0450358 | H1619: =[1]!thsiFinD("ths_adjustment_nv_fund",H$2,$A1619) -> 3.0664504 | I1619: 4153.25 | J1619: =[1]!thsiFinD("ths_close_price_index",J$1,$A1619) -> 11441.462 | K1619: =[1]!thsiFinD("ths_adjustment_nv_fund",K$2,$A1619) -> 9.9513404 | L1619: =[1]!thsiFinD("ths_adjustment_nv_fund",L$2,$A1619) -> 3.0526562 | M1619: 0.66032609 | N1619: 0.65311441 | O1619: 1.1345555 | P1619: 1.4517597 | Q1619: 1.028359 | R1619: 0.88242983 | S1619: 0.98510325 | T1619: 1.3005591 | U1619: 2.0341362 | V1619: 1.8006 | W1619: 3.3302 | X1619: ='2080回测'!$O$13*G1619/$G$4+'2080回测'!$O$14*H1619/$H$4+'2080回测'!$O$15*I1619/$I$4+'2080回测'!$O$17*K1619/$K$4+'2080回测'!$O$18*L1619/$L$4+'2080回测'!$O$16*J1619/$J$4 -> 1.9227771
A1620: 46267 | G1620: =[1]!thsiFinD("ths_adjustment_nv_fund",G$2,$A1620) -> 2.0340827 | H1620: =[1]!thsiFinD("ths_adjustment_nv_fund",H$2,$A1620) -> 3.0236948 | I1620: 4154.25 | J1620: =[1]!thsiFinD("ths_close_price_index",J$1,$A1620) -> 11343.653 | K1620: =[1]!thsiFinD("ths_adjustment_nv_fund",K$2,$A1620) -> 9.8836973 | L1620: =[1]!thsiFinD("ths_adjustment_nv_fund",L$2,$A1620) -> 3.0214582 | M1620: 0.66032609 | N1620: 0.65311441 | O1620: 1.1345555 | P1620: 1.4517597 | Q1620: 1.028359 | R1620: 0.88242983 | S1620: 0.98510325 | T1620: 1.3005591 | U1620: 2.0341362 | V1620: 1.8006 | W1620: 3.3302 | X1620: ='2080回测'!$O$13*G1620/$G$4+'2080回测'!$O$14*H1620/$H$4+'2080回测'!$O$15*I1620/$I$4+'2080回测'!$O$17*K1620/$K$4+'2080回测'!$O$18*L1620/$L$4+'2080回测'!$O$16*J1620/$J$4 -> 1.9111367
A1621: 46268 | G1621: =[1]!thsiFinD("ths_adjustment_nv_fund",G$2,$A1621) -> 2.0318608 | H1621: =[1]!thsiFinD("ths_adjustment_nv_fund",H$2,$A1621) -> 3.0246815 | I1621: 4155.25 | J1621: =[1]!thsiFinD("ths_close_price_index",J$1,$A1621) -> 11353.766 | K1621: =[1]!thsiFinD("ths_adjustment_nv_fund",K$2,$A1621) -> 9.8767596 | L1621: =[1]!thsiFinD("ths_adjustment_nv_fund",L$2,$A1621) -> 3.0396318 | M1621: 0.66032609 | N1621: 0.65311441 | O1621: 1.1345555 | P1621: 1.4517597 | Q1621: 1.028359 | R1621: 0.88242983 | S1621: 0.98510325 | T1621: 1.3005591 | U1621: 2.0341362 | V1621: 1.8006 | W1621: 3.3302 | X1621: ='2080回测'!$O$13*G1621/$G$4+'2080回测'!$O$14*H1621/$H$4+'2080回测'!$O$15*I1621/$I$4+'2080回测'!$O$17*K1621/$K$4+'2080回测'!$O$18*L1621/$L$4+'2080回测'!$O$16*J1621/$J$4 -> 1.9106458
A1622: 46269 | G1622: =[1]!thsiFinD("ths_adjustment_nv_fund",G$2,$A1622) -> 2.0407486 | H1622: =[1]!thsiFinD("ths_adjustment_nv_fund",H$2,$A1622) -> 3.0318074 | I1622: 4156.25 | J1622: =[1]!thsiFinD("ths_close_price_index",J$1,$A1622) -> 11412.755 | K1622: =[1]!thsiFinD("ths_adjustment_nv_fund",K$2,$A1622) -> 9.9123156 | L1622: =[1]!thsiFinD("ths_adjustment_nv_fund",L$2,$A1622) -> 3.0369058 | M1622: 0.66032609 | N1622: 0.65311441 | O1622: 1.1345555 | P1622: 1.4517597 | Q1622: 1.028359 | R1622: 0.88242983 | S1622: 0.98510325 | T1622: 1.3005591 | U1622: 2.0341362 | V1622: 1.8006 | W1622: 3.3302 | X1622: ='2080回测'!$O$13*G1622/$G$4+'2080回测'!$O$14*H1622/$H$4+'2080回测'!$O$15*I1622/$I$4+'2080回测'!$O$17*K1622/$K$4+'2080回测'!$O$18*L1622/$L$4+'2080回测'!$O$16*J1622/$J$4 -> 1.9177148
A1623: 46272 | G1623: =[1]!thsiFinD("ths_adjustment_nv_fund",G$2,$A1623) -> 2.0223557 | H1623: =[1]!thsiFinD("ths_adjustment_nv_fund",H$2,$A1623) -> 2.9974933 | I1623: 4157.25 | J1623: =[1]!thsiFinD("ths_close_price_index",J$1,$A1623) -> 11326.557 | K1623: =[1]!thsiFinD("ths_adjustment_nv_fund",K$2,$A1623) -> 9.8984401 | L1623: =[1]!thsiFinD("ths_adjustment_nv_fund",L$2,$A1623) -> 3.0021741 | M1623: 0.66032609 | N1623: 0.65311441 | O1623: 1.1345555 | P1623: 1.4517597 | Q1623: 1.028359 | R1623: 0.88242983 | S1623: 0.98510325 | T1623: 1.3005591 | U1623: 2.0341362 | V1623: 1.8006 | W1623: 3.3302 | X1623: ='2080回测'!$O$13*G1623/$G$4+'2080回测'!$O$14*H1623/$H$4+'2080回测'!$O$15*I1623/$I$4+'2080回测'!$O$17*K1623/$K$4+'2080回测'!$O$18*L1623/$L$4+'2080回测'!$O$16*J1623/$J$4 -> 1.9014487
A1624: 46273 | G1624: =[1]!thsiFinD("ths_adjustment_nv_fund",G$2,$A1624) -> 2.0403783 | H1624: =[1]!thsiFinD("ths_adjustment_nv_fund",H$2,$A1624) -> 3.0345481 | I1624: 4158.25 | J1624: =[1]!thsiFinD("ths_close_price_index",J$1,$A1624) -> 11385.808 | K1624: =[1]!thsiFinD("ths_adjustment_nv_fund",K$2,$A1624) -> 9.9322616 | L1624: =[1]!thsiFinD("ths_adjustment_nv_fund",L$2,$A1624) -> 3.0034866 | M1624: 0.66032609 | N1624: 0.65311441 | O1624: 1.1345555 | P1624: 1.4517597 | Q1624: 1.028359 | R1624: 0.88242983 | S1624: 0.98510325 | T1624: 1.3005591 | U1624: 2.0341362 | V1624: 1.8006 | W1624: 3.3302 | X1624: ='2080回测'!$O$13*G1624/$G$4+'2080回测'!$O$14*H1624/$H$4+'2080回测'!$O$15*I1624/$I$4+'2080回测'!$O$17*K1624/$K$4+'2080回测'!$O$18*L1624/$L$4+'2080回测'!$O$16*J1624/$J$4 -> 1.9154865
A1625: 46274 | G1625: =[1]!thsiFinD("ths_adjustment_nv_fund",G$2,$A1625) -> 2.0465504 | H1625: =[1]!thsiFinD("ths_adjustment_nv_fund",H$2,$A1625) -> 3.0662311 | I1625: 4159.25 | J1625: =[1]!thsiFinD("ths_close_price_index",J$1,$A1625) -> 11357.327 | K1625: =[1]!thsiFinD("ths_adjustment_nv_fund",K$2,$A1625) -> 9.9079795 | L1625: =[1]!thsiFinD("ths_adjustment_nv_fund",L$2,$A1625) -> 3.0151985 | M1625: 0.66032609 | N1625: 0.65311441 | O1625: 1.1345555 | P1625: 1.4517597 | Q1625: 1.028359 | R1625: 0.88242983 | S1625: 0.98510325 | T1625: 1.3005591 | U1625: 2.0341362 | V1625: 1.8006 | W1625: 3.3302 | X1625: ='2080回测'!$O$13*G1625/$G$4+'2080回测'!$O$14*H1625/$H$4+'2080回测'!$O$15*I1625/$I$4+'2080回测'!$O$17*K1625/$K$4+'2080回测'!$O$18*L1625/$L$4+'2080回测'!$O$16*J1625/$J$4 -> 1.920359
A1626: 46275 | G1626: =[1]!thsiFinD("ths_adjustment_nv_fund",G$2,$A1626) -> 2.0535866 | H1626: =[1]!thsiFinD("ths_adjustment_nv_fund",H$2,$A1626) -> 3.0470459 | I1626: 4160.25 | J1626: =[1]!thsiFinD("ths_close_price_index",J$1,$A1626) -> 11346.491 | K1626: =[1]!thsiFinD("ths_adjustment_nv_fund",K$2,$A1626) -> 9.8455397 | L1626: =[1]!thsiFinD("ths_adjustment_nv_fund",L$2,$A1626) -> 2.990967 | M1626: 0.66032609 | N1626: 0.65311441 | O1626: 1.1345555 | P1626: 1.4517597 | Q1626: 1.028359 | R1626: 0.88242983 | S1626: 0.98510325 | T1626: 1.3005591 | U1626: 2.0341362 | V1626: 1.8006 | W1626: 3.3302 | X1626: ='2080回测'!$O$13*G1626/$G$4+'2080回测'!$O$14*H1626/$H$4+'2080回测'!$O$15*I1626/$I$4+'2080回测'!$O$17*K1626/$K$4+'2080回测'!$O$18*L1626/$L$4+'2080回测'!$O$16*J1626/$J$4 -> 1.9225483
A1627: 46276 | G1627: =[1]!thsiFinD("ths_adjustment_nv_fund",G$2,$A1627) -> 2.0356875 | H1627: =[1]!thsiFinD("ths_adjustment_nv_fund",H$2,$A1627) -> 2.9978222 | I1627: 4161.25 | J1627: =[1]!thsiFinD("ths_close_price_index",J$1,$A1627) -> 11264.393 | K1627: =[1]!thsiFinD("ths_adjustment_nv_fund",K$2,$A1627) -> 9.7614194 | L1627: =[1]!thsiFinD("ths_adjustment_nv_fund",L$2,$A1627) -> 2.9474514 | M1627: 0.66032609 | N1627: 0.65311441 | O1627: 1.1345555 | P1627: 1.4517597 | Q1627: 1.028359 | R1627: 0.88242983 | S1627: 0.98510325 | T1627: 1.3005591 | U1627: 2.0341362 | V1627: 1.8006 | W1627: 3.3302 | X1627: ='2080回测'!$O$13*G1627/$G$4+'2080回测'!$O$14*H1627/$H$4+'2080回测'!$O$15*I1627/$I$4+'2080回测'!$O$17*K1627/$K$4+'2080回测'!$O$18*L1627/$L$4+'2080回测'!$O$16*J1627/$J$4 -> 1.9045925
A1628: 46279 | G1628: =[1]!thsiFinD("ths_adjustment_nv_fund",G$2,$A1628) -> 2.0428471 | H1628: =[1]!thsiFinD("ths_adjustment_nv_fund",H$2,$A1628) -> 2.9917926 | I1628: 4162.25 | J1628: =[1]!thsiFinD("ths_close_price_index",J$1,$A1628) -> 11360.786 | K1628: =[1]!thsiFinD("ths_adjustment_nv_fund",K$2,$A1628) -> 9.8117181 | L1628: =[1]!thsiFinD("ths_adjustment_nv_fund",L$2,$A1628) -> 2.937254 | M1628: 0.66032609 | N1628: 0.65311441 | O1628: 1.1345555 | P1628: 1.4517597 | Q1628: 1.028359 | R1628: 0.88242983 | S1628: 0.98510325 | T1628: 1.3005591 | U1628: 2.0341362 | V1628: 1.8006 | W1628: 3.3302 | X1628: ='2080回测'!$O$13*G1628/$G$4+'2080回测'!$O$14*H1628/$H$4+'2080回测'!$O$15*I1628/$I$4+'2080回测'!$O$17*K1628/$K$4+'2080回测'!$O$18*L1628/$L$4+'2080回测'!$O$16*J1628/$J$4 -> 1.9101627
A1629: 46280 | G1629: =[1]!thsiFinD("ths_adjustment_nv_fund",G$2,$A1629) -> 2.0270465 | H1629: =[1]!thsiFinD("ths_adjustment_nv_fund",H$2,$A1629) -> 2.9752385 | I1629: 4163.25 | J1629: =[1]!thsiFinD("ths_close_price_index",J$1,$A1629) -> 11265.743 | K1629: =[1]!thsiFinD("ths_adjustment_nv_fund",K$2,$A1629) -> 9.7744277 | L1629: =[1]!thsiFinD("ths_adjustment_nv_fund",L$2,$A1629) -> 2.9249364 | M1629: 0.66032609 | N1629: 0.65311441 | O1629: 1.1345555 | P1629: 1.4517597 | Q1629: 1.028359 | R1629: 0.88242983 | S1629: 0.98510325 | T1629: 1.3005591 | U1629: 2.0341362 | V1629: 1.8006 | W1629: 3.3302 | X1629: ='2080回测'!$O$13*G1629/$G$4+'2080回测'!$O$14*H1629/$H$4+'2080回测'!$O$15*I1629/$I$4+'2080回测'!$O$17*K1629/$K$4+'2080回测'!$O$18*L1629/$L$4+'2080回测'!$O$16*J1629/$J$4 -> 1.8969105
A1630: 46281 | G1630: =[1]!thsiFinD("ths_adjustment_nv_fund",G$2,$A1630) -> 2.0128506 | H1630: =[1]!thsiFinD("ths_adjustment_nv_fund",H$2,$A1630) -> 2.9613156 | I1630: 4164.25 | J1630: =[1]!thsiFinD("ths_close_price_index",J$1,$A1630) -> 11197.995 | K1630: =[1]!thsiFinD("ths_adjustment_nv_fund",K$2,$A1630) -> 9.7778966 | L1630: =[1]!thsiFinD("ths_adjustment_nv_fund",L$2,$A1630) -> 2.9272585 | M1630: 0.66032609 | N1630: 0.65311441 | O1630: 1.1345555 | P1630: 1.4517597 | Q1630: 1.028359 | R1630: 0.88242983 | S1630: 0.98510325 | T1630: 1.3005591 | U1630: 2.0341362 | V1630: 1.8006 | W1630: 3.3302 | X1630: ='2080回测'!$O$13*G1630/$G$4+'2080回测'!$O$14*H1630/$H$4+'2080回测'!$O$15*I1630/$I$4+'2080回测'!$O$17*K1630/$K$4+'2080回测'!$O$18*L1630/$L$4+'2080回测'!$O$16*J1630/$J$4 -> 1.8867044
A1631: 46282 | G1631: =[1]!thsiFinD("ths_adjustment_nv_fund",G$2,$A1631) -> 2.0055675 | H1631: =[1]!thsiFinD("ths_adjustment_nv_fund",H$2,$A1631) -> 2.9459674 | I1631: 4165.25 | J1631: =[1]!thsiFinD("ths_close_price_index",J$1,$A1631) -> 11175.115 | K1631: =[1]!thsiFinD("ths_adjustment_nv_fund",K$2,$A1631) -> 9.7961082 | L1631: =[1]!thsiFinD("ths_adjustment_nv_fund",L$2,$A1631) -> 2.9330135 | M1631: 0.66032609 | N1631: 0.65311441 | O1631: 1.1345555 | P1631: 1.4517597 | Q1631: 1.028359 | R1631: 0.88242983 | S1631: 0.98510325 | T1631: 1.3005591 | U1631: 2.0341362 | V1631: 1.8006 | W1631: 3.3302 | X1631: ='2080回测'!$O$13*G1631/$G$4+'2080回测'!$O$14*H1631/$H$4+'2080回测'!$O$15*I1631/$I$4+'2080回测'!$O$17*K1631/$K$4+'2080回测'!$O$18*L1631/$L$4+'2080回测'!$O$16*J1631/$J$4 -> 1.8821257
A1632: 46283
A1633: 46286
A1634: 46287
A1635: 46288
A1636: 46289
A1637: 46293
A1638: 46294
A1639: 46295
A1640: 46303
A1641: 46304
A1642: 46307
A1643: 46308
... A1646: 46311

Sheet 2080回测
A1: 可编辑红利组合｜2080回测模型
A2: ="数据区间："&TEXT($A$43,"yyyy-mm-dd")&" 至 "&TEXT($A$1657,"yyyy-mm-dd")&"｜红利输入：净值底稿 W｜指增/债券/黄金：T/U/V｜净值基准：费后" -> 数据区间：2020-01-02 至 2026-08-31｜红利输入：净值底稿 W｜指增/债券/黄金：T/U/V｜净值基准：费后
A4: 初始配置 | D4: 再平衡参数 | G4: 费率与绩效参数 | J4: 模型检查与口径
A5: 红利组合 | B5: 0.1 | D5: 权益目标权重 | E5: 0.2 | G5: 年化费率 | H5: 0.005 | J5: 初始权重合计 | K5: =SUM($B$5:$B$8) -> 1 | L5: 应为100% | N5: 只需修改下方黄底蓝字的5项红利持仓权重，合计必须为100%。红利组合按起始权重买入并持有；2080外层仍按年末、季末和15%/25%权益阈值触发再平衡，年化费率0.5%。
A6: 指增组合 | B6: 0.1 | D6: 权益下限 | E6: 0.15 | G6: 年化交易日 | H6: 250 | J6: 阈值关系 | K6: =AND($E$6<$E$5,$E$5<$E$7) -> TRUE | L6: 下限 < 目标 < 上限
A7: 中债新综合 | B7: 0.75 | D7: 权益上限 | E7: 0.25 | G7: 无风险收益率 | H7: 0 | J7: 黄色数据完整性 | K7: =AND(COUNT($B$43:$E$1657)=ROWS($B$43:$B$1657)*4,MIN($B$43:$E$1657)>0) -> TRUE | L7: 四列全为正数
A8: 黄金 | B8: 0.05 | D8: 最短间隔（日） | E8: 7 | G8: 计费日基准 | H8: 365 | J8: 模型状态 | K8: =IF(AND(ABS($K$5-1)<0.0000001,$K$6,$K$7,ABS($O$19-1)<0.0000001),"OK","检查参数/数据") -> OK | L8: 仅OK时使用结果
A10: 可编辑说明：黄底蓝字为参数输入；绿字为对“净值底稿”的链接；黑字为计算公式。绩效及图表会随参数自动更新。
J12: 组合整体绩效 | N12: 红利持仓权重
J13: 累计收益率 | K13: =$AD$1657/$AD$43-1 -> 0.44164174 | N13: 红利低波 | O13: 0.8
J14: 算术年化收益率 | K14: =AVERAGE($AG$44:$AG$1657)*$H$6 -> 0.057350931 | N14: 中证红利 | O14: 0
J15: 年化波动率 | K15: =STDEV($AG$44:$AG$1657)*SQRT($H$6) -> 0.037045038 | N15: 港股通央企红利 | O15: 0
J16: 最大回撤 | K16: =MIN($AF$43:$AF$1657) -> -0.041737507 | N16: 红利低波100 | O16: 0
J17: Sharpe Ratio | K17: =IFERROR((K14-$H$7)/K15,"") -> 1.5481407 | N17: 徐彦 | O17: 0.1
J18: Calmar Ratio | K18: =IFERROR((POWER($AD$1657/$AD$43,$H$8/($A$1657-$A$43))-1)/ABS(K16),"") -> 1.351505 | N18: 綦缚鹏 | O18: 0.1
J19: 动平衡统计 | N19: 权重合计 | O19: =SUM(O13:O18) -> 1 | P19: =IF(ABS(O19-1)<0.0000001,"OK","权重需=100%") -> OK
J20: 定幅动平衡 | K20: =COUNTIF($T$43:$T$1657,"动态") -> 0
J21: 季度权益动平衡 | K21: =COUNTIF($T$43:$T$1657,"季度") -> 20
J22: 年末定期动平衡 | K22: =COUNTIF($T$43:$T$1657,"年末+季度") -> 6
J23: 期末权益权重 | K23: =($Z$1657+$AA$1657)/$AD$1657 -> 0.2078763
J24: 期末费后净值 | K24: =$AD$1657 -> 1.4416417
A28: 年度收益与月度胜率
A29: 年份 | B29: 1月 | C29: 2月 | D29: 3月 | E29: 4月 | F29: 5月 | G29: 6月 | H29: 7月 | I29: 8月 | J29: 9月 | K29: 10月 | L29: 11月 | M29: 12月 | N29: 年收益 | O29: 月胜率 | P29: 最大回撤
A30: 2020 | B30: =IF(COUNTIFS($AI$43:$AI$1657,$A30,$AJ$43:$AJ$1657,COLUMN()-1,$AK$43:$AK$1657,1)=0,"",SUMIFS($AM$43:$AM$1657,$AI$43:$AI$1657,$A30,$AJ$43:$AJ$1657,COLUMN()-1,$AK$43:$AK$1657,1)) -> 0.00096359723 | C30: =IF(COUNTIFS($AI$43:$AI$1657,$A30,$AJ$43:$AJ$1657,COLUMN()-1,$AK$43:$AK$1657,1)=0,"",SUMIFS($AM$43:$AM$1657,$AI$43:$AI$1657,$A30,$AJ$43:$AJ$1657,COLUMN()-1,$AK$43:$AK$1657,1)) -> 0.0112913 | D30: =IF(COUNTIFS($AI$43:$AI$1657,$A30,$AJ$43:$AJ$1657,COLUMN()-1,$AK$43:$AK$1657,1)=0,"",SUMIFS($AM$43:$AM$1657,$AI$43:$AI$1657,$A30,$AJ$43:$AJ$1657,COLUMN()-1,$AK$43:$AK$1657,1)) -> -0.0060703821 | E30: =IF(COUNTIFS($AI$43:$AI$1657,$A30,$AJ$43:$AJ$1657,COLUMN()-1,$AK$43:$AK$1657,1)=0,"",SUMIFS($AM$43:$AM$1657,$AI$43:$AI$1657,$A30,$AJ$43:$AJ$1657,COLUMN()-1,$AK$43:$AK$1657,1)) -> 0.023954077 | F30: =IF(COUNTIFS($AI$43:$AI$1657,$A30,$AJ$43:$AJ$1657,COLUMN()-1,$AK$43:$AK$1657,1)=0,"",SUMIFS($AM$43:$AM$1657,$AI$43:$AI$1657,$A30,$AJ$43:$AJ$1657,COLUMN()-1,$AK$43:$AK$1657,1)) -> -0.0062005489 | G30: =IF(COUNTIFS($AI$43:$AI$1657,$A30,$AJ$43:$AJ$1657,COLUMN()-1,$AK$43:$AK$1657,1)=0,"",SUMIFS($AM$43:$AM$1657,$AI$43:$AI$1657,$A30,$AJ$43:$AJ$1657,COLUMN()-1,$AK$43:$AK$1657,1)) -> 0.0044553895 | H30: =IF(COUNTIFS($AI$43:$AI$1657,$A30,$AJ$43:$AJ$1657,COLUMN()-1,$AK$43:$AK$1657,1)=0,"",SUMIFS($AM$43:$AM$1657,$AI$43:$AI$1657,$A30,$AJ$43:$AJ$1657,COLUMN()-1,$AK$43:$AK$1657,1)) -> 0.029688304 | I30: =IF(COUNTIFS($AI$43:$AI$1657,$A30,$AJ$43:$AJ$1657,COLUMN()-1,$AK$43:$AK$1657,1)=0,"",SUMIFS($AM$43:$AM$1657,$AI$43:$AI$1657,$A30,$AJ$43:$AJ$1657,COLUMN()-1,$AK$43:$AK$1657,1)) -> 0.0044158553 | ... M30: =IF(COUNTIFS($AI$43:$AI$1657,$A30,$AJ$43:$AJ$1657,COLUMN()-1,$AK$43:$AK$1657,1)=0,"",SUMIFS($AM$43:$AM$1657,$AI$43:$AI$1657,$A30,$AJ$43:$AJ$1657,COLUMN()-1,$AK$43:$AK$1657,1)) -> 0.0056641863 | N30: =IF(COUNT(B30:M30)=0,"",(1+B30)*(1+C30)*(1+D30)*(1+E30)*(1+F30)*(1+G30)*(1+H30)*(1+I30)*(1+J30)*(1+K30)*(1+L30)*(1+M30)-1) -> 0.063177012 | O30: =IFERROR(COUNTIF(B30:M30,">0")/COUNT(B30:M30),"") -> 0.75 | P30: =IF(COUNT($AO$43:$AO$285)=0,"",MIN($AO$43:$AO$285)) -> -0.030532648
A31: 2021 | B31: =IF(COUNTIFS($AI$43:$AI$1657,$A31,$AJ$43:$AJ$1657,COLUMN()-1,$AK$43:$AK$1657,1)=0,"",SUMIFS($AM$43:$AM$1657,$AI$43:$AI$1657,$A31,$AJ$43:$AJ$1657,COLUMN()-1,$AK$43:$AK$1657,1)) -> -0.0033357464 | C31: =IF(COUNTIFS($AI$43:$AI$1657,$A31,$AJ$43:$AJ$1657,COLUMN()-1,$AK$43:$AK$1657,1)=0,"",SUMIFS($AM$43:$AM$1657,$AI$43:$AI$1657,$A31,$AJ$43:$AJ$1657,COLUMN()-1,$AK$43:$AK$1657,1)) -> 0.004330097 | D31: =IF(COUNTIFS($AI$43:$AI$1657,$A31,$AJ$43:$AJ$1657,COLUMN()-1,$AK$43:$AK$1657,1)=0,"",SUMIFS($AM$43:$AM$1657,$AI$43:$AI$1657,$A31,$AJ$43:$AJ$1657,COLUMN()-1,$AK$43:$AK$1657,1)) -> 0.0045903649 | E31: =IF(COUNTIFS($AI$43:$AI$1657,$A31,$AJ$43:$AJ$1657,COLUMN()-1,$AK$43:$AK$1657,1)=0,"",SUMIFS($AM$43:$AM$1657,$AI$43:$AI$1657,$A31,$AJ$43:$AJ$1657,COLUMN()-1,$AK$43:$AK$1657,1)) -> 0.0089239742 | F31: =IF(COUNTIFS($AI$43:$AI$1657,$A31,$AJ$43:$AJ$1657,COLUMN()-1,$AK$43:$AK$1657,1)=0,"",SUMIFS($AM$43:$AM$1657,$AI$43:$AI$1657,$A31,$AJ$43:$AJ$1657,COLUMN()-1,$AK$43:$AK$1657,1)) -> 0.018065134 | G31: =IF(COUNTIFS($AI$43:$AI$1657,$A31,$AJ$43:$AJ$1657,COLUMN()-1,$AK$43:$AK$1657,1)=0,"",SUMIFS($AM$43:$AM$1657,$AI$43:$AI$1657,$A31,$AJ$43:$AJ$1657,COLUMN()-1,$AK$43:$AK$1657,1)) -> -0.0010621854 | H31: =IF(COUNTIFS($AI$43:$AI$1657,$A31,$AJ$43:$AJ$1657,COLUMN()-1,$AK$43:$AK$1657,1)=0,"",SUMIFS($AM$43:$AM$1657,$AI$43:$AI$1657,$A31,$AJ$43:$AJ$1657,COLUMN()-1,$AK$43:$AK$1657,1)) -> 0.0074235867 | I31: =IF(COUNTIFS($AI$43:$AI$1657,$A31,$AJ$43:$AJ$1657,COLUMN()-1,$AK$43:$AK$1657,1)=0,"",SUMIFS($AM$43:$AM$1657,$AI$43:$AI$1657,$A31,$AJ$43:$AJ$1657,COLUMN()-1,$AK$43:$AK$1657,1)) -> 0.017639723 | ... M31: =IF(COUNTIFS($AI$43:$AI$1657,$A31,$AJ$43:$AJ$1657,COLUMN()-1,$AK$43:$AK$1657,1)=0,"",SUMIFS($AM$43:$AM$1657,$AI$43:$AI$1657,$A31,$AJ$43:$AJ$1657,COLUMN()-1,$AK$43:$AK$1657,1)) -> 0.010624957 | N31: =IF(COUNT(B31:M31)=0,"",(1+B31)*(1+C31)*(1+D31)*(1+E31)*(1+F31)*(1+G31)*(1+H31)*(1+I31)*(1+J31)*(1+K31)*(1+L31)*(1+M31)-1) -> 0.070077553 | O31: =IFERROR(COUNTIF(B31:M31,">0")/COUNT(B31:M31),"") -> 0.66666667 | P31: =IF(COUNT($AO$286:$AO$528)=0,"",MIN($AO$286:$AO$528)) -> -0.024596451
A32: 2022 | B32: =IF(COUNTIFS($AI$43:$AI$1657,$A32,$AJ$43:$AJ$1657,COLUMN()-1,$AK$43:$AK$1657,1)=0,"",SUMIFS($AM$43:$AM$1657,$AI$43:$AI$1657,$A32,$AJ$43:$AJ$1657,COLUMN()-1,$AK$43:$AK$1657,1)) -> -0.007282286 | C32: =IF(COUNTIFS($AI$43:$AI$1657,$A32,$AJ$43:$AJ$1657,COLUMN()-1,$AK$43:$AK$1657,1)=0,"",SUMIFS($AM$43:$AM$1657,$AI$43:$AI$1657,$A32,$AJ$43:$AJ$1657,COLUMN()-1,$AK$43:$AK$1657,1)) -> 0.0066829471 | D32: =IF(COUNTIFS($AI$43:$AI$1657,$A32,$AJ$43:$AJ$1657,COLUMN()-1,$AK$43:$AK$1657,1)=0,"",SUMIFS($AM$43:$AM$1657,$AI$43:$AI$1657,$A32,$AJ$43:$AJ$1657,COLUMN()-1,$AK$43:$AK$1657,1)) -> -0.0054066174 | E32: =IF(COUNTIFS($AI$43:$AI$1657,$A32,$AJ$43:$AJ$1657,COLUMN()-1,$AK$43:$AK$1657,1)=0,"",SUMIFS($AM$43:$AM$1657,$AI$43:$AI$1657,$A32,$AJ$43:$AJ$1657,COLUMN()-1,$AK$43:$AK$1657,1)) -> -0.0081474496 | F32: =IF(COUNTIFS($AI$43:$AI$1657,$A32,$AJ$43:$AJ$1657,COLUMN()-1,$AK$43:$AK$1657,1)=0,"",SUMIFS($AM$43:$AM$1657,$AI$43:$AI$1657,$A32,$AJ$43:$AJ$1657,COLUMN()-1,$AK$43:$AK$1657,1)) -> 0.011586914 | G32: =IF(COUNTIFS($AI$43:$AI$1657,$A32,$AJ$43:$AJ$1657,COLUMN()-1,$AK$43:$AK$1657,1)=0,"",SUMIFS($AM$43:$AM$1657,$AI$43:$AI$1657,$A32,$AJ$43:$AJ$1657,COLUMN()-1,$AK$43:$AK$1657,1)) -> 0.0074979779 | H32: =IF(COUNTIFS($AI$43:$AI$1657,$A32,$AJ$43:$AJ$1657,COLUMN()-1,$AK$43:$AK$1657,1)=0,"",SUMIFS($AM$43:$AM$1657,$AI$43:$AI$1657,$A32,$AJ$43:$AJ$1657,COLUMN()-1,$AK$43:$AK$1657,1)) -> 0.0011161724 | I32: =IF(COUNTIFS($AI$43:$AI$1657,$A32,$AJ$43:$AJ$1657,COLUMN()-1,$AK$43:$AK$1657,1)=0,"",SUMIFS($AM$43:$AM$1657,$AI$43:$AI$1657,$A32,$AJ$43:$AJ$1657,COLUMN()-1,$AK$43:$AK$1657,1)) -> 0.0047231574 | ... M32: =IF(COUNTIFS($AI$43:$AI$1657,$A32,$AJ$43:$AJ$1657,COLUMN()-1,$AK$43:$AK$1657,1)=0,"",SUMIFS($AM$43:$AM$1657,$AI$43:$AI$1657,$A32,$AJ$43:$AJ$1657,COLUMN()-1,$AK$43:$AK$1657,1)) -> -0.006159832 | N32: =IF(COUNT(B32:M32)=0,"",(1+B32)*(1+C32)*(1+D32)*(1+E32)*(1+F32)*(1+G32)*(1+H32)*(1+I32)*(1+J32)*(1+K32)*(1+L32)*(1+M32)-1) -> 0.0015535467 | O32: =IFERROR(COUNTIF(B32:M32,">0")/COUNT(B32:M32),"") -> 0.5 | P32: =IF(COUNT($AO$529:$AO$770)=0,"",MIN($AO$529:$AO$770)) -> -0.027286743
A33: 2023 | B33: =IF(COUNTIFS($AI$43:$AI$1657,$A33,$AJ$43:$AJ$1657,COLUMN()-1,$AK$43:$AK$1657,1)=0,"",SUMIFS($AM$43:$AM$1657,$AI$43:$AI$1657,$A33,$AJ$43:$AJ$1657,COLUMN()-1,$AK$43:$AK$1657,1)) -> 0.012674431 | C33: =IF(COUNTIFS($AI$43:$AI$1657,$A33,$AJ$43:$AJ$1657,COLUMN()-1,$AK$43:$AK$1657,1)=0,"",SUMIFS($AM$43:$AM$1657,$AI$43:$AI$1657,$A33,$AJ$43:$AJ$1657,COLUMN()-1,$AK$43:$AK$1657,1)) -> 0.0057608021 | D33: =IF(COUNTIFS($AI$43:$AI$1657,$A33,$AJ$43:$AJ$1657,COLUMN()-1,$AK$43:$AK$1657,1)=0,"",SUMIFS($AM$43:$AM$1657,$AI$43:$AI$1657,$A33,$AJ$43:$AJ$1657,COLUMN()-1,$AK$43:$AK$1657,1)) -> 0.006764364 | E33: =IF(COUNTIFS($AI$43:$AI$1657,$A33,$AJ$43:$AJ$1657,COLUMN()-1,$AK$43:$AK$1657,1)=0,"",SUMIFS($AM$43:$AM$1657,$AI$43:$AI$1657,$A33,$AJ$43:$AJ$1657,COLUMN()-1,$AK$43:$AK$1657,1)) -> 0.0083588869 | F33: =IF(COUNTIFS($AI$43:$AI$1657,$A33,$AJ$43:$AJ$1657,COLUMN()-1,$AK$43:$AK$1657,1)=0,"",SUMIFS($AM$43:$AM$1657,$AI$43:$AI$1657,$A33,$AJ$43:$AJ$1657,COLUMN()-1,$AK$43:$AK$1657,1)) -> -0.00020804953 | G33: =IF(COUNTIFS($AI$43:$AI$1657,$A33,$AJ$43:$AJ$1657,COLUMN()-1,$AK$43:$AK$1657,1)=0,"",SUMIFS($AM$43:$AM$1657,$AI$43:$AI$1657,$A33,$AJ$43:$AJ$1657,COLUMN()-1,$AK$43:$AK$1657,1)) -> 0.0035596835 | H33: =IF(COUNTIFS($AI$43:$AI$1657,$A33,$AJ$43:$AJ$1657,COLUMN()-1,$AK$43:$AK$1657,1)=0,"",SUMIFS($AM$43:$AM$1657,$AI$43:$AI$1657,$A33,$AJ$43:$AJ$1657,COLUMN()-1,$AK$43:$AK$1657,1)) -> 0.008833121 | I33: =IF(COUNTIFS($AI$43:$AI$1657,$A33,$AJ$43:$AJ$1657,COLUMN()-1,$AK$43:$AK$1657,1)=0,"",SUMIFS($AM$43:$AM$1657,$AI$43:$AI$1657,$A33,$AJ$43:$AJ$1657,COLUMN()-1,$AK$43:$AK$1657,1)) -> -0.0031052515 | ... M33: =IF(COUNTIFS($AI$43:$AI$1657,$A33,$AJ$43:$AJ$1657,COLUMN()-1,$AK$43:$AK$1657,1)=0,"",SUMIFS($AM$43:$AM$1657,$AI$43:$AI$1657,$A33,$AJ$43:$AJ$1657,COLUMN()-1,$AK$43:$AK$1657,1)) -> 0.0053617026 | N33: =IF(COUNT(B33:M33)=0,"",(1+B33)*(1+C33)*(1+D33)*(1+E33)*(1+F33)*(1+G33)*(1+H33)*(1+I33)*(1+J33)*(1+K33)*(1+L33)*(1+M33)-1) -> 0.045220711 | O33: =IFERROR(COUNTIF(B33:M33,">0")/COUNT(B33:M33),"") -> 0.66666667 | P33: =IF(COUNT($AO$771:$AO$1012)=0,"",MIN($AO$771:$AO$1012)) -> -0.017723311
A34: 2024 | B34: =IF(COUNTIFS($AI$43:$AI$1657,$A34,$AJ$43:$AJ$1657,COLUMN()-1,$AK$43:$AK$1657,1)=0,"",SUMIFS($AM$43:$AM$1657,$AI$43:$AI$1657,$A34,$AJ$43:$AJ$1657,COLUMN()-1,$AK$43:$AK$1657,1)) -> -0.0066473448 | C34: =IF(COUNTIFS($AI$43:$AI$1657,$A34,$AJ$43:$AJ$1657,COLUMN()-1,$AK$43:$AK$1657,1)=0,"",SUMIFS($AM$43:$AM$1657,$AI$43:$AI$1657,$A34,$AJ$43:$AJ$1657,COLUMN()-1,$AK$43:$AK$1657,1)) -> 0.017839135 | D34: =IF(COUNTIFS($AI$43:$AI$1657,$A34,$AJ$43:$AJ$1657,COLUMN()-1,$AK$43:$AK$1657,1)=0,"",SUMIFS($AM$43:$AM$1657,$AI$43:$AI$1657,$A34,$AJ$43:$AJ$1657,COLUMN()-1,$AK$43:$AK$1657,1)) -> 0.0092416276 | E34: =IF(COUNTIFS($AI$43:$AI$1657,$A34,$AJ$43:$AJ$1657,COLUMN()-1,$AK$43:$AK$1657,1)=0,"",SUMIFS($AM$43:$AM$1657,$AI$43:$AI$1657,$A34,$AJ$43:$AJ$1657,COLUMN()-1,$AK$43:$AK$1657,1)) -> 0.0089521037 | F34: =IF(COUNTIFS($AI$43:$AI$1657,$A34,$AJ$43:$AJ$1657,COLUMN()-1,$AK$43:$AK$1657,1)=0,"",SUMIFS($AM$43:$AM$1657,$AI$43:$AI$1657,$A34,$AJ$43:$AJ$1657,COLUMN()-1,$AK$43:$AK$1657,1)) -> 0.0064669991 | G34: =IF(COUNTIFS($AI$43:$AI$1657,$A34,$AJ$43:$AJ$1657,COLUMN()-1,$AK$43:$AK$1657,1)=0,"",SUMIFS($AM$43:$AM$1657,$AI$43:$AI$1657,$A34,$AJ$43:$AJ$1657,COLUMN()-1,$AK$43:$AK$1657,1)) -> -0.003046566 | H34: =IF(COUNTIFS($AI$43:$AI$1657,$A34,$AJ$43:$AJ$1657,COLUMN()-1,$AK$43:$AK$1657,1)=0,"",SUMIFS($AM$43:$AM$1657,$AI$43:$AI$1657,$A34,$AJ$43:$AJ$1657,COLUMN()-1,$AK$43:$AK$1657,1)) -> 0.0028398787 | I34: =IF(COUNTIFS($AI$43:$AI$1657,$A34,$AJ$43:$AJ$1657,COLUMN()-1,$AK$43:$AK$1657,1)=0,"",SUMIFS($AM$43:$AM$1657,$AI$43:$AI$1657,$A34,$AJ$43:$AJ$1657,COLUMN()-1,$AK$43:$AK$1657,1)) -> -0.004809862 | ... M34: =IF(COUNTIFS($AI$43:$AI$1657,$A34,$AJ$43:$AJ$1657,COLUMN()-1,$AK$43:$AK$1657,1)=0,"",SUMIFS($AM$43:$AM$1657,$AI$43:$AI$1657,$A34,$AJ$43:$AJ$1657,COLUMN()-1,$AK$43:$AK$1657,1)) -> 0.014460184 | N34: =IF(COUNT(B34:M34)=0,"",(1+B34)*(1+C34)*(1+D34)*(1+E34)*(1+F34)*(1+G34)*(1+H34)*(1+I34)*(1+J34)*(1+K34)*(1+L34)*(1+M34)-1) -> 0.090598365 | O34: =IFERROR(COUNTIF(B34:M34,">0")/COUNT(B34:M34),"") -> 0.75 | P34: =IF(COUNT($AO$1013:$AO$1254)=0,"",MIN($AO$1013:$AO$1254)) -> -0.01603913
A35: 2025 | B35: =IF(COUNTIFS($AI$43:$AI$1657,$A35,$AJ$43:$AJ$1657,COLUMN()-1,$AK$43:$AK$1657,1)=0,"",SUMIFS($AM$43:$AM$1657,$AI$43:$AI$1657,$A35,$AJ$43:$AJ$1657,COLUMN()-1,$AK$43:$AK$1657,1)) -> 0.0032113089 | C35: =IF(COUNTIFS($AI$43:$AI$1657,$A35,$AJ$43:$AJ$1657,COLUMN()-1,$AK$43:$AK$1657,1)=0,"",SUMIFS($AM$43:$AM$1657,$AI$43:$AI$1657,$A35,$AJ$43:$AJ$1657,COLUMN()-1,$AK$43:$AK$1657,1)) -> -0.00069684713 | D35: =IF(COUNTIFS($AI$43:$AI$1657,$A35,$AJ$43:$AJ$1657,COLUMN()-1,$AK$43:$AK$1657,1)=0,"",SUMIFS($AM$43:$AM$1657,$AI$43:$AI$1657,$A35,$AJ$43:$AJ$1657,COLUMN()-1,$AK$43:$AK$1657,1)) -> 0.0084246851 | E35: =IF(COUNTIFS($AI$43:$AI$1657,$A35,$AJ$43:$AJ$1657,COLUMN()-1,$AK$43:$AK$1657,1)=0,"",SUMIFS($AM$43:$AM$1657,$AI$43:$AI$1657,$A35,$AJ$43:$AJ$1657,COLUMN()-1,$AK$43:$AK$1657,1)) -> 0.0093598074 | F35: =IF(COUNTIFS($AI$43:$AI$1657,$A35,$AJ$43:$AJ$1657,COLUMN()-1,$AK$43:$AK$1657,1)=0,"",SUMIFS($AM$43:$AM$1657,$AI$43:$AI$1657,$A35,$AJ$43:$AJ$1657,COLUMN()-1,$AK$43:$AK$1657,1)) -> 0.0053420523 | G35: =IF(COUNTIFS($AI$43:$AI$1657,$A35,$AJ$43:$AJ$1657,COLUMN()-1,$AK$43:$AK$1657,1)=0,"",SUMIFS($AM$43:$AM$1657,$AI$43:$AI$1657,$A35,$AJ$43:$AJ$1657,COLUMN()-1,$AK$43:$AK$1657,1)) -> 0.010633644 | H35: =IF(COUNTIFS($AI$43:$AI$1657,$A35,$AJ$43:$AJ$1657,COLUMN()-1,$AK$43:$AK$1657,1)=0,"",SUMIFS($AM$43:$AM$1657,$AI$43:$AI$1657,$A35,$AJ$43:$AJ$1657,COLUMN()-1,$AK$43:$AK$1657,1)) -> 0.0057259672 | I35: =IF(COUNTIFS($AI$43:$AI$1657,$A35,$AJ$43:$AJ$1657,COLUMN()-1,$AK$43:$AK$1657,1)=0,"",SUMIFS($AM$43:$AM$1657,$AI$43:$AI$1657,$A35,$AJ$43:$AJ$1657,COLUMN()-1,$AK$43:$AK$1657,1)) -> 0.010183832 | ... M35: =IF(COUNTIFS($AI$43:$AI$1657,$A35,$AJ$43:$AJ$1657,COLUMN()-1,$AK$43:$AK$1657,1)=0,"",SUMIFS($AM$43:$AM$1657,$AI$43:$AI$1657,$A35,$AJ$43:$AJ$1657,COLUMN()-1,$AK$43:$AK$1657,1)) -> 0.0045875477 | N35: =IF(COUNT(B35:M35)=0,"",(1+B35)*(1+C35)*(1+D35)*(1+E35)*(1+F35)*(1+G35)*(1+H35)*(1+I35)*(1+J35)*(1+K35)*(1+L35)*(1+M35)-1) -> 0.078462842 | O35: =IFERROR(COUNTIF(B35:M35,">0")/COUNT(B35:M35),"") -> 0.91666667 | P35: =IF(COUNT($AO$1255:$AO$1497)=0,"",MIN($AO$1255:$AO$1497)) -> -0.014943698
A36: 2026 | B36: =IF(COUNTIFS($AI$43:$AI$1657,$A36,$AJ$43:$AJ$1657,COLUMN()-1,$AK$43:$AK$1657,1)=0,"",SUMIFS($AM$43:$AM$1657,$AI$43:$AI$1657,$A36,$AJ$43:$AJ$1657,COLUMN()-1,$AK$43:$AK$1657,1)) -> 0.031115759 | C36: =IF(COUNTIFS($AI$43:$AI$1657,$A36,$AJ$43:$AJ$1657,COLUMN()-1,$AK$43:$AK$1657,1)=0,"",SUMIFS($AM$43:$AM$1657,$AI$43:$AI$1657,$A36,$AJ$43:$AJ$1657,COLUMN()-1,$AK$43:$AK$1657,1)) -> 0.0027197385 | D36: =IF(COUNTIFS($AI$43:$AI$1657,$A36,$AJ$43:$AJ$1657,COLUMN()-1,$AK$43:$AK$1657,1)=0,"",SUMIFS($AM$43:$AM$1657,$AI$43:$AI$1657,$A36,$AJ$43:$AJ$1657,COLUMN()-1,$AK$43:$AK$1657,1)) -> -0.019590338 | E36: =IF(COUNTIFS($AI$43:$AI$1657,$A36,$AJ$43:$AJ$1657,COLUMN()-1,$AK$43:$AK$1657,1)=0,"",SUMIFS($AM$43:$AM$1657,$AI$43:$AI$1657,$A36,$AJ$43:$AJ$1657,COLUMN()-1,$AK$43:$AK$1657,1)) -> 0.012613208 | F36: =IF(COUNTIFS($AI$43:$AI$1657,$A36,$AJ$43:$AJ$1657,COLUMN()-1,$AK$43:$AK$1657,1)=0,"",SUMIFS($AM$43:$AM$1657,$AI$43:$AI$1657,$A36,$AJ$43:$AJ$1657,COLUMN()-1,$AK$43:$AK$1657,1)) -> -0.00045978072 | G36: =IF(COUNTIFS($AI$43:$AI$1657,$A36,$AJ$43:$AJ$1657,COLUMN()-1,$AK$43:$AK$1657,1)=0,"",SUMIFS($AM$43:$AM$1657,$AI$43:$AI$1657,$A36,$AJ$43:$AJ$1657,COLUMN()-1,$AK$43:$AK$1657,1)) -> -0.011497386 | H36: =IF(COUNTIFS($AI$43:$AI$1657,$A36,$AJ$43:$AJ$1657,COLUMN()-1,$AK$43:$AK$1657,1)=0,"",SUMIFS($AM$43:$AM$1657,$AI$43:$AI$1657,$A36,$AJ$43:$AJ$1657,COLUMN()-1,$AK$43:$AK$1657,1)) -> -0.0033978789 | I36: =IF(COUNTIFS($AI$43:$AI$1657,$A36,$AJ$43:$AJ$1657,COLUMN()-1,$AK$43:$AK$1657,1)=0,"",SUMIFS($AM$43:$AM$1657,$AI$43:$AI$1657,$A36,$AJ$43:$AJ$1657,COLUMN()-1,$AK$43:$AK$1657,1)) -> 0.018230838 | ... M36: =IF(COUNTIFS($AI$43:$AI$1657,$A36,$AJ$43:$AJ$1657,COLUMN()-1,$AK$43:$AK$1657,1)=0,"",SUMIFS($AM$43:$AM$1657,$AI$43:$AI$1657,$A36,$AJ$43:$AJ$1657,COLUMN()-1,$AK$43:$AK$1657,1)) | N36: =IF(COUNT(B36:M36)=0,"",(1+B36)*(1+C36)*(1+D36)*(1+E36)*(1+F36)*(1+G36)*(1+H36)*(1+I36)-1) -> 0.029163341 | O36: =IFERROR(COUNTIF(B36:M36,">0")/COUNT(B36:M36),"") -> 0.5 | P36: =IF(COUNT($AO$1498:$AO$1657)=0,"",MIN($AO$1498:$AO$1657)) -> -0.041737507
A37: 成立以来 | N37: =$AD$1657/$AD$43-1 -> 0.44164174 | O37: =IFERROR(COUNTIF($AM$43:$AM$1657,">0")/COUNT($AM$43:$AM$1657),"") -> 0.6875 | P37: =MIN($AF$43:$AF$1657) -> -0.041737507
A40: 逐日回测计算（全公式，可追溯）
A41: 流程：读取黄色净值→计算单资产日收益→当日涨跌后权重→再平衡判断→持仓调整→按实际日历天数扣费→费后净值与回撤。
A42: 日期 | B42: 红利净值 | C42: 指增净值 | D42: 中债净值 | E42: 黄金净值 | F42: 红利日收益 | G42: 指增日收益 | H42: 中债日收益 | I42: 黄金日收益 | J42: 红利调前持仓 | K42: 指增调前持仓 | L42: 中债调前持仓 | M42: 黄金调前持仓 | N42: 费前组合价值 | O42: 调前权益权重 | P42: 年末标记 | Q42: 季末标记 | R42: 动态触发 | S42: 间隔允许 | T42: 再平衡动作 | U42: 红利费前 | V42: 指增调后费前 | W42: 中债调后费前 | X42: 黄金调后费前 | Y42: 扣费因子 | Z42: 红利费后持仓 | AA42: 指增费后持仓 | AB42: 中债费后持仓 | AC42: 黄金费后持仓 | AD42: 费后净值 | AE42: 历史峰值 | AF42: 回撤 | AG42: 组合日收益 | AH42: 最近调仓日 | AI42: 年 | AJ42: 月 | AK42: 月末标记 | AL42: 上月末净值 | AM42: 月收益 | AN42: 年内峰值 | AO42: 年内回撤 | AP42: 权重合计 | AQ42: 数据有效 | AR42: 月份日期 | AS42: 月份标签 | AT42: 月末费后净值
A43: =净值底稿!A4 -> 43832 | B43: =净值底稿!X4 -> 1 | C43: =净值底稿!U4 -> 1.0173101 | D43: =净值底稿!V4 -> 1.4008 | E43: =净值底稿!W4 -> 1.2499 | F43: 0 | G43: 0 | H43: 0 | I43: 0 | J43: =$B$5 -> 0.1 | K43: =$B$6 -> 0.1 | L43: =$B$7 -> 0.75 | M43: =$B$8 -> 0.05 | N43: =SUM(J43:M43) -> 1 | O43: =IFERROR((J43+K43)/N43,0) -> 0.2 | P43: =AND(MONTH(A43)=12,OR(A44="",YEAR(A43)<>YEAR(A44))) -> FALSE | Q43: =AND(MOD(MONTH(A43),3)=0,OR(A44="",MONTH(A43)<>MONTH(A44))) -> FALSE | R43: =OR(O43>$E$7,O43<$E$6) -> FALSE | S43: =FALSE() -> FALSE | T43: 初始配置 | U43: =IF(OR(T43="年末+季度",T43="季度+动态"),N43*$E$5/2,IF(T43="季度",(J43+K43)/2,IF(T43="动态",N43*$E$5*IF(J43+K43=0,0.5,J43/(J43+K43)),J43))) -> 0.1 | V43: =IF(OR(T43="年末+季度",T43="季度+动态"),N43*$E$5/2,IF(T43="季度",(J43+K43)/2,IF(T43="动态",N43*$E$5*IF(J43+K43=0,0.5,K43/(J43+K43)),K43))) -> 0.1 | W43: =IF(OR(T43="年末+季度",T43="季度+动态",T43="动态"),N43*(1-$E$5)*IF(L43+M43=0,$B$7/($B$7+$B$8),L43/(L43+M43)),L43) -> 0.75 | X43: =IF(OR(T43="年末+季度",T43="季度+动态",T43="动态"),N43*(1-$E$5)*IF(L43+M43=0,$B$8/($B$7+$B$8),M43/(L43+M43)),M43) -> 0.05 | Y43: 1 | Z43: =U43*Y43 -> 0.1 | AA43: =V43*Y43 -> 0.1 | AB43: =W43*Y43 -> 0.75 | AC43: =X43*Y43 -> 0.05 | AD43: =SUM(Z43:AC43) -> 1 | AE43: =AD43 -> 1 | AF43: =AD43/AE43-1 -> 0 | AH43: =A43 -> 43832 | AI43: =YEAR(A43) -> 2020 | AJ43: =MONTH(A43) -> 1 | AK43: =IF(MONTH(A43)<>MONTH(A44),1,0) -> 0 | AL43: =AD43 -> 1 | AM43: =IF(AK43,AD43/AL43-1,"") | AN43: =AD43 -> 1 | AO43: =AD43/AN43-1 -> 0 | AP43: =IFERROR(SUM(Z43:AC43)/AD43,0) -> 1 | AQ43: =AND(B43>0,C43>0,D43>0,E43>0) -> TRUE | AR43: =DATE(YEAR($A$43),MONTH($A$43),1) -> 43831 | AS43: =TEXT(AR43,"yyyy-mm") -> 2020-01 | AT43: =IF(AR43>DATE(YEAR($A$1657),MONTH($A$1657),1),"",SUMIFS($AD$43:$AD$1657,$AI$43:$AI$1657,YEAR(AR43),$AJ$43:$AJ$1657,MONTH(AR43),$AK$43:$AK$1657,1)) -> 1.0009636
A44: =净值底稿!A5 -> 43833 | B44: =净值底稿!X5 -> 0.99895473 | C44: =净值底稿!U5 -> 1.0202139 | D44: =净值底稿!V5 -> 1.4011 | E44: =净值底稿!W5 -> 1.269 | F44: =IFERROR(B44/B43-1,0) -> -0.0010452746 | G44: =IFERROR(C44/C43-1,0) -> 0.0028544122 | H44: =IFERROR(D44/D43-1,0) -> 0.00021416334 | I44: =IFERROR(E44/E43-1,0) -> 0.015281222 | J44: =Z43*(1+F44) -> 0.099895473 | K44: =AA43*(1+G44) -> 0.10028544 | L44: =AB43*(1+H44) -> 0.75016062 | M44: =AC43*(1+I44) -> 0.050764061 | N44: =SUM(J44:M44) -> 1.0011056 | O44: =IFERROR((J44+K44)/N44,0) -> 0.19995984 | P44: =AND(MONTH(A44)=12,OR(A45="",YEAR(A44)<>YEAR(A45))) -> FALSE | Q44: =AND(MOD(MONTH(A44),3)=0,OR(A45="",MONTH(A44)<>MONTH(A45))) -> FALSE | R44: =OR(O44>$E$7,O44<$E$6) -> FALSE | S44: =AND(OR(P44,Q44,R44),A44-AH43>$E$8) -> FALSE | T44: =IF(NOT(OR(P44,Q44,R44)),"不调",IF(NOT(S44),"间隔规则跳过",IF(P44,"年末+季度",IF(AND(Q44,R44),"季度+动态",IF(Q44,"季度","动态"))))) -> 不调 | U44: =IF(OR(T44="年末+季度",T44="季度+动态"),N44*$E$5/2,IF(T44="季度",(J44+K44)/2,IF(T44="动态",N44*$E$5*IF(J44+K44=0,0.5,J44/(J44+K44)),J44))) -> 0.099895473 | V44: =IF(OR(T44="年末+季度",T44="季度+动态"),N44*$E$5/2,IF(T44="季度",(J44+K44)/2,IF(T44="动态",N44*$E$5*IF(J44+K44=0,0.5,K44/(J44+K44)),K44))) -> 0.10028544 | W44: =IF(OR(T44="年末+季度",T44="季度+动态",T44="动态"),N44*(1-$E$5)*IF(L44+M44=0,$B$7/($B$7+$B$8),L44/(L44+M44)),L44) -> 0.75016062 | X44: =IF(OR(T44="年末+季度",T44="季度+动态",T44="动态"),N44*(1-$E$5)*IF(L44+M44=0,$B$8/($B$7+$B$8),M44/(L44+M44)),M44) -> 0.050764061 | Y44: =POWER(1-$H$5,(A44-A43)/$H$8) -> 0.99998627 | Z44: =U44*Y44 -> 0.099894101 | AA44: =V44*Y44 -> 0.10028406 | AB44: =W44*Y44 -> 0.75015032 | AC44: =X44*Y44 -> 0.050763364 | AD44: =SUM(Z44:AC44) -> 1.0010918 | AE44: =MAX(AE43,AD44) -> 1.0010918 | AF44: =AD44/AE44-1 -> 0 | AG44: =AD44/AD43-1 -> 0.0010918493 | AH44: =IF(OR(T44="年末+季度",T44="季度+动态",T44="季度",T44="动态"),A44,AH43) -> 43832 | AI44: =YEAR(A44) -> 2020 | AJ44: =MONTH(A44) -> 1 | AK44: =IF(MONTH(A44)<>MONTH(A45),1,0) -> 0 | AL44: =IF(AK43,AD43,AL43) -> 1 | AM44: =IF(AK44,AD44/AL44-1,"") | AN44: =IF(AI44<>AI43,AD44,MAX(AN43,AD44)) -> 1.0010918 | AO44: =AD44/AN44-1 -> 0 | AP44: =IFERROR(SUM(Z44:AC44)/AD44,0) -> 1 | AQ44: =AND(B44>0,C44>0,D44>0,E44>0) -> TRUE | AR44: =EDATE(AR43,1) -> 43862 | AS44: =TEXT(AR44,"yyyy-mm") -> 2020-02 | AT44: =IF(AR44>DATE(YEAR($A$1657),MONTH($A$1657),1),"",SUMIFS($AD$43:$AD$1657,$AI$43:$AI$1657,YEAR(AR44),$AJ$43:$AJ$1657,MONTH(AR44),$AK$43:$AK$1657,1)) -> 1.0122658
A45: =净值底稿!A6 -> 43836 | B45: =净值底稿!X6 -> 0.99630297 | C45: =净值底稿!U6 -> 1.0263972 | D45: =净值底稿!V6 -> 1.4023 | E45: =净值底稿!W6 -> 1.2957 | F45: =IFERROR(B45/B44-1,0) -> -0.0026545336 | G45: =IFERROR(C45/C44-1,0) -> 0.0060607591 | H45: =IFERROR(D45/D44-1,0) -> 0.00085646992 | I45: =IFERROR(E45/E44-1,0) -> 0.021040189 | J45: =Z44*(1+F45) -> 0.099628928 | K45: =AA44*(1+G45) -> 0.10089186 | L45: =AB44*(1+H45) -> 0.7507928 | M45: =AC44*(1+I45) -> 0.051831435 | N45: =SUM(J45:M45) -> 1.003145 | O45: =IFERROR((J45+K45)/N45,0) -> 0.19989212 | P45: =AND(MONTH(A45)=12,OR(A46="",YEAR(A45)<>YEAR(A46))) -> FALSE | Q45: =AND(MOD(MONTH(A45),3)=0,OR(A46="",MONTH(A45)<>MONTH(A46))) -> FALSE | R45: =OR(O45>$E$7,O45<$E$6) -> FALSE | S45: =AND(OR(P45,Q45,R45),A45-AH44>$E$8) -> FALSE | T45: =IF(NOT(OR(P45,Q45,R45)),"不调",IF(NOT(S45),"间隔规则跳过",IF(P45,"年末+季度",IF(AND(Q45,R45),"季度+动态",IF(Q45,"季度","动态"))))) -> 不调 | U45: =IF(OR(T45="年末+季度",T45="季度+动态"),N45*$E$5/2,IF(T45="季度",(J45+K45)/2,IF(T45="动态",N45*$E$5*IF(J45+K45=0,0.5,J45/(J45+K45)),J45))) -> 0.099628928 | V45: =IF(OR(T45="年末+季度",T45="季度+动态"),N45*$E$5/2,IF(T45="季度",(J45+K45)/2,IF(T45="动态",N45*$E$5*IF(J45+K45=0,0.5,K45/(J45+K45)),K45))) -> 0.10089186 | W45: =IF(OR(T45="年末+季度",T45="季度+动态",T45="动态"),N45*(1-$E$5)*IF(L45+M45=0,$B$7/($B$7+$B$8),L45/(L45+M45)),L45) -> 0.7507928 | X45: =IF(OR(T45="年末+季度",T45="季度+动态",T45="动态"),N45*(1-$E$5)*IF(L45+M45=0,$B$8/($B$7+$B$8),M45/(L45+M45)),M45) -> 0.051831435 | Y45: =POWER(1-$H$5,(A45-A44)/$H$8) -> 0.9999588 | Z45: =U45*Y45 -> 0.099624824 | AA45: =V45*Y45 -> 0.10088771 | AB45: =W45*Y45 -> 0.75076187 | AC45: =X45*Y45 -> 0.051829299 | AD45: =SUM(Z45:AC45) -> 1.0031037 | AE45: =MAX(AE44,AD45) -> 1.0031037 | AF45: =AD45/AE45-1 -> 0 | AG45: =AD45/AD44-1 -> 0.0020096553 | AH45: =IF(OR(T45="年末+季度",T45="季度+动态",T45="季度",T45="动态"),A45,AH44) -> 43832 | AI45: =YEAR(A45) -> 2020 | AJ45: =MONTH(A45) -> 1 | AK45: =IF(MONTH(A45)<>MONTH(A46),1,0) -> 0 | AL45: =IF(AK44,AD44,AL44) -> 1 | AM45: =IF(AK45,AD45/AL45-1,"") | AN45: =IF(AI45<>AI44,AD45,MAX(AN44,AD45)) -> 1.0031037 | AO45: =AD45/AN45-1 -> 0 | AP45: =IFERROR(SUM(Z45:AC45)/AD45,0) -> 1 | AQ45: =AND(B45>0,C45>0,D45>0,E45>0) -> TRUE | AR45: =EDATE(AR44,1) -> 43891 | AS45: =TEXT(AR45,"yyyy-mm") -> 2020-03 | AT45: =IF(AR45>DATE(YEAR($A$1657),MONTH($A$1657),1),"",SUMIFS($AD$43:$AD$1657,$AI$43:$AI$1657,YEAR(AR45),$AJ$43:$AJ$1657,MONTH(AR45),$AK$43:$AK$1657,1)) -> 1.0061209
A46: =净值底稿!A7 -> 43837 | B46: =净值底稿!X7 -> 1.0025957 | C46: =净值底稿!U7 -> 1.0393231 | D46: =净值底稿!V7 -> 1.4024 | E46: =净值底稿!W7 -> 1.2848 | F46: =IFERROR(B46/B45-1,0) -> 0.0063160441 | G46: =IFERROR(C46/C45-1,0) -> 0.012593517 | H46: =IFERROR(D46/D45-1,0) -> 7.1311417e-05 | I46: =IFERROR(E46/E45-1,0) -> -0.0084124412 | J46: =Z45*(1+F46) -> 0.10025406 | K46: =AA45*(1+G46) -> 0.10215824 | L46: =AB45*(1+H46) -> 0.75081541 | M46: =AC45*(1+I46) -> 0.051393288 | N46: =SUM(J46:M46) -> 1.004621 | O46: =IFERROR((J46+K46)/N46,0) -> 0.20148125 | P46: =AND(MONTH(A46)=12,OR(A47="",YEAR(A46)<>YEAR(A47))) -> FALSE | Q46: =AND(MOD(MONTH(A46),3)=0,OR(A47="",MONTH(A46)<>MONTH(A47))) -> FALSE | R46: =OR(O46>$E$7,O46<$E$6) -> FALSE | S46: =AND(OR(P46,Q46,R46),A46-AH45>$E$8) -> FALSE | T46: =IF(NOT(OR(P46,Q46,R46)),"不调",IF(NOT(S46),"间隔规则跳过",IF(P46,"年末+季度",IF(AND(Q46,R46),"季度+动态",IF(Q46,"季度","动态"))))) -> 不调 | U46: =IF(OR(T46="年末+季度",T46="季度+动态"),N46*$E$5/2,IF(T46="季度",(J46+K46)/2,IF(T46="动态",N46*$E$5*IF(J46+K46=0,0.5,J46/(J46+K46)),J46))) -> 0.10025406 | V46: =IF(OR(T46="年末+季度",T46="季度+动态"),N46*$E$5/2,IF(T46="季度",(J46+K46)/2,IF(T46="动态",N46*$E$5*IF(J46+K46=0,0.5,K46/(J46+K46)),K46))) -> 0.10215824 | W46: =IF(OR(T46="年末+季度",T46="季度+动态",T46="动态"),N46*(1-$E$5)*IF(L46+M46=0,$B$7/($B$7+$B$8),L46/(L46+M46)),L46) -> 0.75081541 | X46: =IF(OR(T46="年末+季度",T46="季度+动态",T46="动态"),N46*(1-$E$5)*IF(L46+M46=0,$B$8/($B$7+$B$8),M46/(L46+M46)),M46) -> 0.051393288 | Y46: =POWER(1-$H$5,(A46-A45)/$H$8) -> 0.99998627 | Z46: =U46*Y46 -> 0.10025268 | AA46: =V46*Y46 -> 0.10215683 | AB46: =W46*Y46 -> 0.7508051 | AC46: =X46*Y46 -> 0.051392583 | AD46: =SUM(Z46:AC46) -> 1.0046072 | AE46: =MAX(AE45,AD46) -> 1.0046072 | AF46: =AD46/AE46-1 -> 0 | AG46: =AD46/AD45-1 -> 0.0014988445 | AH46: =IF(OR(T46="年末+季度",T46="季度+动态",T46="季度",T46="动态"),A46,AH45) -> 43832 | AI46: =YEAR(A46) -> 2020 | AJ46: =MONTH(A46) -> 1 | AK46: =IF(MONTH(A46)<>MONTH(A47),1,0) -> 0 | AL46: =IF(AK45,AD45,AL45) -> 1 | AM46: =IF(AK46,AD46/AL46-1,"") | AN46: =IF(AI46<>AI45,AD46,MAX(AN45,AD46)) -> 1.0046072 | AO46: =AD46/AN46-1 -> 0 | AP46: =IFERROR(SUM(Z46:AC46)/AD46,0) -> 1 | AQ46: =AND(B46>0,C46>0,D46>0,E46>0) -> TRUE | AR46: =EDATE(AR45,1) -> 43922 | AS46: =TEXT(AR46,"yyyy-mm") -> 2020-04 | AT46: =IF(AR46>DATE(YEAR($A$1657),MONTH($A$1657),1),"",SUMIFS($AD$43:$AD$1657,$AI$43:$AI$1657,YEAR(AR46),$AJ$43:$AJ$1657,MONTH(AR46),$AK$43:$AK$1657,1)) -> 1.0302216
A47: =净值底稿!A8 -> 43838 | B47: =净值底稿!X8 -> 0.99048782 | C47: =净值底稿!U8 -> 1.0261808 | D47: =净值底稿!V8 -> 1.403 | E47: =净值底稿!W8 -> 1.3041 | F47: =IFERROR(B47/B46-1,0) -> -0.012076491 | G47: =IFERROR(C47/C46-1,0) -> -0.012645057 | H47: =IFERROR(D47/D46-1,0) -> 0.00042783799 | I47: =IFERROR(E47/E46-1,0) -> 0.015021793 | J47: =Z46*(1+F47) -> 0.099041981 | K47: =AA46*(1+G47) -> 0.10086505 | L47: =AB46*(1+H47) -> 0.75112632 | M47: =AC46*(1+I47) -> 0.052164591 | N47: =SUM(J47:M47) -> 1.0031979 | O47: =IFERROR((J47+K47)/N47,0) -> 0.19926978 | P47: =AND(MONTH(A47)=12,OR(A48="",YEAR(A47)<>YEAR(A48))) -> FALSE | Q47: =AND(MOD(MONTH(A47),3)=0,OR(A48="",MONTH(A47)<>MONTH(A48))) -> FALSE | R47: =OR(O47>$E$7,O47<$E$6) -> FALSE | S47: =AND(OR(P47,Q47,R47),A47-AH46>$E$8) -> FALSE | T47: =IF(NOT(OR(P47,Q47,R47)),"不调",IF(NOT(S47),"间隔规则跳过",IF(P47,"年末+季度",IF(AND(Q47,R47),"季度+动态",IF(Q47,"季度","动态"))))) -> 不调 | U47: =IF(OR(T47="年末+季度",T47="季度+动态"),N47*$E$5/2,IF(T47="季度",(J47+K47)/2,IF(T47="动态",N47*$E$5*IF(J47+K47=0,0.5,J47/(J47+K47)),J47))) -> 0.099041981 | V47: =IF(OR(T47="年末+季度",T47="季度+动态"),N47*$E$5/2,IF(T47="季度",(J47+K47)/2,IF(T47="动态",N47*$E$5*IF(J47+K47=0,0.5,K47/(J47+K47)),K47))) -> 0.10086505 | W47: =IF(OR(T47="年末+季度",T47="季度+动态",T47="动态"),N47*(1-$E$5)*IF(L47+M47=0,$B$7/($B$7+$B$8),L47/(L47+M47)),L47) -> 0.75112632 | X47: =IF(OR(T47="年末+季度",T47="季度+动态",T47="动态"),N47*(1-$E$5)*IF(L47+M47=0,$B$8/($B$7+$B$8),M47/(L47+M47)),M47) -> 0.052164591 | Y47: =POWER(1-$H$5,(A47-A46)/$H$8) -> 0.99998627 | Z47: =U47*Y47 -> 0.099040621 | AA47: =V47*Y47 -> 0.10086367 | AB47: =W47*Y47 -> 0.75111601 | AC47: =X47*Y47 -> 0.052163875 | AD47: =SUM(Z47:AC47) -> 1.0031842 | AE47: =MAX(AE46,AD47) -> 1.0046072 | AF47: =AD47/AE47-1 -> -0.0014164986 | AG47: =AD47/AD46-1 -> -0.0014164986 | AH47: =IF(OR(T47="年末+季度",T47="季度+动态",T47="季度",T47="动态"),A47,AH46) -> 43832 | AI47: =YEAR(A47) -> 2020 | AJ47: =MONTH(A47) -> 1 | AK47: =IF(MONTH(A47)<>MONTH(A48),1,0) -> 0 | AL47: =IF(AK46,AD46,AL46) -> 1 | AM47: =IF(AK47,AD47/AL47-1,"") | AN47: =IF(AI47<>AI46,AD47,MAX(AN46,AD47)) -> 1.0046072 | AO47: =AD47/AN47-1 -> -0.0014164986 | AP47: =IFERROR(SUM(Z47:AC47)/AD47,0) -> 1 | AQ47: =AND(B47>0,C47>0,D47>0,E47>0) -> TRUE | AR47: =EDATE(AR46,1) -> 43952 | AS47: =TEXT(AR47,"yyyy-mm") -> 2020-05 | AT47: =IF(AR47>DATE(YEAR($A$1657),MONTH($A$1657),1),"",SUMIFS($AD$43:$AD$1657,$AI$43:$AI$1657,YEAR(AR47),$AJ$43:$AJ$1657,MONTH(AR47),$AK$43:$AK$1657,1)) -> 1.0238337
A48: =净值底稿!A9 -> 43839 | B48: =净值底稿!X9 -> 1.0003337 | C48: =净值底稿!U9 -> 1.0416767 | D48: =净值底稿!V9 -> 1.4036 | E48: =净值底稿!W9 -> 1.2656 | F48: =IFERROR(B48/B47-1,0) -> 0.0099404787 | G48: =IFERROR(C48/C47-1,0) -> 0.015100536 | H48: =IFERROR(D48/D47-1,0) -> 0.00042765502 | I48: =IFERROR(E48/E47-1,0) -> -0.029522276 | J48: =Z47*(1+F48) -> 0.10002513 | K48: =AA47*(1+G48) -> 0.10238676 | L48: =AB47*(1+H48) -> 0.75143722 | M48: =AC47*(1+I48) -> 0.050623879 | N48: =SUM(J48:M48) -> 1.004473 | O48: =IFERROR((J48+K48)/N48,0) -> 0.20151054 | P48: =AND(MONTH(A48)=12,OR(A49="",YEAR(A48)<>YEAR(A49))) -> FALSE | Q48: =AND(MOD(MONTH(A48),3)=0,OR(A49="",MONTH(A48)<>MONTH(A49))) -> FALSE | R48: =OR(O48>$E$7,O48<$E$6) -> FALSE | S48: =AND(OR(P48,Q48,R48),A48-AH47>$E$8) -> FALSE | T48: =IF(NOT(OR(P48,Q48,R48)),"不调",IF(NOT(S48),"间隔规则跳过",IF(P48,"年末+季度",IF(AND(Q48,R48),"季度+动态",IF(Q48,"季度","动态"))))) -> 不调 | U48: =IF(OR(T48="年末+季度",T48="季度+动态"),N48*$E$5/2,IF(T48="季度",(J48+K48)/2,IF(T48="动态",N48*$E$5*IF(J48+K48=0,0.5,J48/(J48+K48)),J48))) -> 0.10002513 | V48: =IF(OR(T48="年末+季度",T48="季度+动态"),N48*$E$5/2,IF(T48="季度",(J48+K48)/2,IF(T48="动态",N48*$E$5*IF(J48+K48=0,0.5,K48/(J48+K48)),K48))) -> 0.10238676 | W48: =IF(OR(T48="年末+季度",T48="季度+动态",T48="动态"),N48*(1-$E$5)*IF(L48+M48=0,$B$7/($B$7+$B$8),L48/(L48+M48)),L48) -> 0.75143722 | X48: =IF(OR(T48="年末+季度",T48="季度+动态",T48="动态"),N48*(1-$E$5)*IF(L48+M48=0,$B$8/($B$7+$B$8),M48/(L48+M48)),M48) -> 0.050623879 | Y48: =POWER(1-$H$5,(A48-A47)/$H$8) -> 0.99998627 | Z48: =U48*Y48 -> 0.10002376 | AA48: =V48*Y48 -> 0.10238536 | AB48: =W48*Y48 -> 0.7514269 | AC48: =X48*Y48 -> 0.050623184 | AD48: =SUM(Z48:AC48) -> 1.0044592 | AE48: =MAX(AE47,AD48) -> 1.0046072 | AF48: =AD48/AE48-1 -> -0.00014731146 | AG48: =AD48/AD47-1 -> 0.0012709875 | AH48: =IF(OR(T48="年末+季度",T48="季度+动态",T48="季度",T48="动态"),A48,AH47) -> 43832 | AI48: =YEAR(A48) -> 2020 | AJ48: =MONTH(A48) -> 1 | AK48: =IF(MONTH(A48)<>MONTH(A49),1,0) -> 0 | AL48: =IF(AK47,AD47,AL47) -> 1 | AM48: =IF(AK48,AD48/AL48-1,"") | AN48: =IF(AI48<>AI47,AD48,MAX(AN47,AD48)) -> 1.0046072 | AO48: =AD48/AN48-1 -> -0.00014731146 | AP48: =IFERROR(SUM(Z48:AC48)/AD48,0) -> 1 | AQ48: =AND(B48>0,C48>0,D48>0,E48>0) -> TRUE | AR48: =EDATE(AR47,1) -> 43983 | AS48: =TEXT(AR48,"yyyy-mm") -> 2020-06 | AT48: =IF(AR48>DATE(YEAR($A$1657),MONTH($A$1657),1),"",SUMIFS($AD$43:$AD$1657,$AI$43:$AI$1657,YEAR(AR48),$AJ$43:$AJ$1657,MONTH(AR48),$AK$43:$AK$1657,1)) -> 1.0283953
A49: =净值底稿!A10 -> 43840 | B49: =净值底稿!X10 -> 0.99703487 | C49: =净值底稿!U10 -> 1.0406964 | D49: =净值底稿!V10 -> 1.4048 | E49: =净值底稿!W10 -> 1.2682 | F49: =IFERROR(B49/B48-1,0) -> -0.0032977758 | G49: =IFERROR(C49/C48-1,0) -> -0.00094104152 | H49: =IFERROR(D49/D48-1,0) -> 0.00085494443 | I49: =IFERROR(E49/E48-1,0) -> 0.0020543616 | J49: =Z48*(1+F49) -> 0.099693903 | K49: =AA48*(1+G49) -> 0.10228901 | L49: =AB48*(1+H49) -> 0.75206933 | M49: =AC48*(1+I49) -> 0.050727182 | N49: =SUM(J49:M49) -> 1.0047794 | O49: =IFERROR((J49+K49)/N49,0) -> 0.20102214 | P49: =AND(MONTH(A49)=12,OR(A50="",YEAR(A49)<>YEAR(A50))) -> FALSE | Q49: =AND(MOD(MONTH(A49),3)=0,OR(A50="",MONTH(A49)<>MONTH(A50))) -> FALSE | R49: =OR(O49>$E$7,O49<$E$6) -> FALSE | S49: =AND(OR(P49,Q49,R49),A49-AH48>$E$8) -> FALSE | T49: =IF(NOT(OR(P49,Q49,R49)),"不调",IF(NOT(S49),"间隔规则跳过",IF(P49,"年末+季度",IF(AND(Q49,R49),"季度+动态",IF(Q49,"季度","动态"))))) -> 不调 | U49: =IF(OR(T49="年末+季度",T49="季度+动态"),N49*$E$5/2,IF(T49="季度",(J49+K49)/2,IF(T49="动态",N49*$E$5*IF(J49+K49=0,0.5,J49/(J49+K49)),J49))) -> 0.099693903 | V49: =IF(OR(T49="年末+季度",T49="季度+动态"),N49*$E$5/2,IF(T49="季度",(J49+K49)/2,IF(T49="动态",N49*$E$5*IF(J49+K49=0,0.5,K49/(J49+K49)),K49))) -> 0.10228901 | W49: =IF(OR(T49="年末+季度",T49="季度+动态",T49="动态"),N49*(1-$E$5)*IF(L49+M49=0,$B$7/($B$7+$B$8),L49/(L49+M49)),L49) -> 0.75206933 | X49: =IF(OR(T49="年末+季度",T49="季度+动态",T49="动态"),N49*(1-$E$5)*IF(L49+M49=0,$B$8/($B$7+$B$8),M49/(L49+M49)),M49) -> 0.050727182 | Y49: =POWER(1-$H$5,(A49-A48)/$H$8) -> 0.99998627 | Z49: =U49*Y49 -> 0.099692534 | AA49: =V49*Y49 -> 0.1022876 | AB49: =W49*Y49 -> 0.752059 | AC49: =X49*Y49 -> 0.050726485 | AD49: =SUM(Z49:AC49) -> 1.0047656 | AE49: =MAX(AE48,AD49) -> 1.0047656 | AF49: =AD49/AE49-1 -> 0 | AG49: =AD49/AD48-1 -> 0.0003050629 | AH49: =IF(OR(T49="年末+季度",T49="季度+动态",T49="季度",T49="动态"),A49,AH48) -> 43832 | AI49: =YEAR(A49) -> 2020 | AJ49: =MONTH(A49) -> 1 | AK49: =IF(MONTH(A49)<>MONTH(A50),1,0) -> 0 | AL49: =IF(AK48,AD48,AL48) -> 1 | AM49: =IF(AK49,AD49/AL49-1,"") | AN49: =IF(AI49<>AI48,AD49,MAX(AN48,AD49)) -> 1.0047656 | AO49: =AD49/AN49-1 -> 0 | AP49: =IFERROR(SUM(Z49:AC49)/AD49,0) -> 1 | AQ49: =AND(B49>0,C49>0,D49>0,E49>0) -> TRUE | AR49: =EDATE(AR48,1) -> 44013 | AS49: =TEXT(AR49,"yyyy-mm") -> 2020-07 | AT49: =IF(AR49>DATE(YEAR($A$1657),MONTH($A$1657),1),"",SUMIFS($AD$43:$AD$1657,$AI$43:$AI$1657,YEAR(AR49),$AJ$43:$AJ$1657,MONTH(AR49),$AK$43:$AK$1657,1)) -> 1.0589266
A50: =净值底稿!A11 -> 43843 | B50: =净值底稿!X11 -> 1.0008559 | C50: =净值底稿!U11 -> 1.0533907 | D50: =净值底稿!V11 -> 1.4055 | E50: =净值底稿!W11 -> 1.2646 | F50: =IFERROR(B50/B49-1,0) -> 0.0038323531 | G50: =IFERROR(C50/C49-1,0) -> 0.012197869 | H50: =IFERROR(D50/D49-1,0) -> 0.00049829157 | I50: =IFERROR(E50/E49-1,0) -> -0.002838669 | J50: =Z49*(1+F50) -> 0.10007459 | K50: =AA49*(1+G50) -> 0.1035353 | L50: =AB49*(1+H50) -> 0.75243375 | M50: =AC49*(1+I50) -> 0.05058249 | N50: =SUM(J50:M50) -> 1.0066261 | O50: =IFERROR((J50+K50)/N50,0) -> 0.20226962 | P50: =AND(MONTH(A50)=12,OR(A51="",YEAR(A50)<>YEAR(A51))) -> FALSE | Q50: =AND(MOD(MONTH(A50),3)=0,OR(A51="",MONTH(A50)<>MONTH(A51))) -> FALSE | R50: =OR(O50>$E$7,O50<$E$6) -> FALSE | S50: =AND(OR(P50,Q50,R50),A50-AH49>$E$8) -> FALSE | T50: =IF(NOT(OR(P50,Q50,R50)),"不调",IF(NOT(S50),"间隔规则跳过",IF(P50,"年末+季度",IF(AND(Q50,R50),"季度+动态",IF(Q50,"季度","动态"))))) -> 不调 | U50: =IF(OR(T50="年末+季度",T50="季度+动态"),N50*$E$5/2,IF(T50="季度",(J50+K50)/2,IF(T50="动态",N50*$E$5*IF(J50+K50=0,0.5,J50/(J50+K50)),J50))) -> 0.10007459 | V50: =IF(OR(T50="年末+季度",T50="季度+动态"),N50*$E$5/2,IF(T50="季度",(J50+K50)/2,IF(T50="动态",N50*$E$5*IF(J50+K50=0,0.5,K50/(J50+K50)),K50))) -> 0.1035353 | W50: =IF(OR(T50="年末+季度",T50="季度+动态",T50="动态"),N50*(1-$E$5)*IF(L50+M50=0,$B$7/($B$7+$B$8),L50/(L50+M50)),L50) -> 0.75243375 | X50: =IF(OR(T50="年末+季度",T50="季度+动态",T50="动态"),N50*(1-$E$5)*IF(L50+M50=0,$B$8/($B$7+$B$8),M50/(L50+M50)),M50) -> 0.05058249 | Y50: =POWER(1-$H$5,(A50-A49)/$H$8) -> 0.9999588 | Z50: =U50*Y50 -> 0.10007047 | AA50: =V50*Y50 -> 0.10353103 | AB50: =W50*Y50 -> 0.75240275 | AC50: =X50*Y50 -> 0.050580406 | AD50: =SUM(Z50:AC50) -> 1.0065847 | AE50: =MAX(AE49,AD50) -> 1.0065847 | AF50: =AD50/AE50-1 -> 0 | AG50: =AD50/AD49-1 -> 0.0018103979 | AH50: =IF(OR(T50="年末+季度",T50="季度+动态",T50="季度",T50="动态"),A50,AH49) -> 43832 | AI50: =YEAR(A50) -> 2020 | AJ50: =MONTH(A50) -> 1 | AK50: =IF(MONTH(A50)<>MONTH(A51),1,0) -> 0 | AL50: =IF(AK49,AD49,AL49) -> 1 | AM50: =IF(AK50,AD50/AL50-1,"") | AN50: =IF(AI50<>AI49,AD50,MAX(AN49,AD50)) -> 1.0065847 | AO50: =AD50/AN50-1 -> 0 | AP50: =IFERROR(SUM(Z50:AC50)/AD50,0) -> 1 | AQ50: =AND(B50>0,C50>0,D50>0,E50>0) -> TRUE | AR50: =EDATE(AR49,1) -> 44044 | AS50: =TEXT(AR50,"yyyy-mm") -> 2020-08 | AT50: =IF(AR50>DATE(YEAR($A$1657),MONTH($A$1657),1),"",SUMIFS($AD$43:$AD$1657,$AI$43:$AI$1657,YEAR(AR50),$AJ$43:$AJ$1657,MONTH(AR50),$AK$43:$AK$1657,1)) -> 1.0636027
A51: =净值底稿!A12 -> 43844 | B51: =净值底稿!X12 -> 1.0008287 | C51: =净值底稿!U12 -> 1.0518627 | D51: =净值底稿!V12 -> 1.4057 | E51: =净值底稿!W12 -> 1.2542 | F51: =IFERROR(B51/B50-1,0) -> -2.7164613e-05 | G51: =IFERROR(C51/C50-1,0) -> -0.001450544 | H51: =IFERROR(D51/D50-1,0) -> 0.00014229811 | I51: =IFERROR(E51/E50-1,0) -> -0.0082239443 | J51: =Z50*(1+F51) -> 0.10006775 | K51: =AA50*(1+G51) -> 0.10338085 | L51: =AB50*(1+H51) -> 0.75250982 | M51: =AC50*(1+I51) -> 0.050164435 | N51: =SUM(J51:M51) -> 1.0061229 | O51: =IFERROR((J51+K51)/N51,0) -> 0.2022105 | P51: =AND(MONTH(A51)=12,OR(A52="",YEAR(A51)<>YEAR(A52))) -> FALSE | Q51: =AND(MOD(MONTH(A51),3)=0,OR(A52="",MONTH(A51)<>MONTH(A52))) -> FALSE | R51: =OR(O51>$E$7,O51<$E$6) -> FALSE | S51: =AND(OR(P51,Q51,R51),A51-AH50>$E$8) -> FALSE | T51: =IF(NOT(OR(P51,Q51,R51)),"不调",IF(NOT(S51),"间隔规则跳过",IF(P51,"年末+季度",IF(AND(Q51,R51),"季度+动态",IF(Q51,"季度","动态"))))) -> 不调 | U51: =IF(OR(T51="年末+季度",T51="季度+动态"),N51*$E$5/2,IF(T51="季度",(J51+K51)/2,IF(T51="动态",N51*$E$5*IF(J51+K51=0,0.5,J51/(J51+K51)),J51))) -> 0.10006775 | V51: =IF(OR(T51="年末+季度",T51="季度+动态"),N51*$E$5/2,IF(T51="季度",(J51+K51)/2,IF(T51="动态",N51*$E$5*IF(J51+K51=0,0.5,K51/(J51+K51)),K51))) -> 0.10338085 | W51: =IF(OR(T51="年末+季度",T51="季度+动态",T51="动态"),N51*(1-$E$5)*IF(L51+M51=0,$B$7/($B$7+$B$8),L51/(L51+M51)),L51) -> 0.75250982 | X51: =IF(OR(T51="年末+季度",T51="季度+动态",T51="动态"),N51*(1-$E$5)*IF(L51+M51=0,$B$8/($B$7+$B$8),M51/(L51+M51)),M51) -> 0.050164435 | Y51: =POWER(1-$H$5,(A51-A50)/$H$8) -> 0.99998627 | Z51: =U51*Y51 -> 0.10006638 | AA51: =V51*Y51 -> 0.10337943 | AB51: =W51*Y51 -> 0.75249948 | AC51: =X51*Y51 -> 0.050163746 | AD51: =SUM(Z51:AC51) -> 1.006109 | AE51: =MAX(AE50,AD51) -> 1.0065847 | AF51: =AD51/AE51-1 -> -0.00047250533 | AG51: =AD51/AD50-1 -> -0.00047250533 | AH51: =IF(OR(T51="年末+季度",T51="季度+动态",T51="季度",T51="动态"),A51,AH50) -> 43832 | AI51: =YEAR(A51) -> 2020 | AJ51: =MONTH(A51) -> 1 | AK51: =IF(MONTH(A51)<>MONTH(A52),1,0) -> 0 | AL51: =IF(AK50,AD50,AL50) -> 1 | AM51: =IF(AK51,AD51/AL51-1,"") | AN51: =IF(AI51<>AI50,AD51,MAX(AN50,AD51)) -> 1.0065847 | AO51: =AD51/AN51-1 -> -0.00047250533 | AP51: =IFERROR(SUM(Z51:AC51)/AD51,0) -> 1 | AQ51: =AND(B51>0,C51>0,D51>0,E51>0) -> TRUE | AR51: =EDATE(AR50,1) -> 44075 | AS51: =TEXT(AR51,"yyyy-mm") -> 2020-09 | AT51: =IF(AR51>DATE(YEAR($A$1657),MONTH($A$1657),1),"",SUMIFS($AD$43:$AD$1657,$AI$43:$AI$1657,YEAR(AR51),$AJ$43:$AJ$1657,MONTH(AR51),$AK$43:$AK$1657,1)) -> 1.048758
A52: =净值底稿!A13 -> 43845 | B52: =净值底稿!X13 -> 0.99547475 | C52: =净值底稿!U13 -> 1.0491022 | D52: =净值底稿!V13 -> 1.4059 | E52: =净值底稿!W13 -> 1.2616 | F52: =IFERROR(B52/B51-1,0) -> -0.0053494906 | G52: =IFERROR(C52/C51-1,0) -> -0.0026243904 | H52: =IFERROR(D52/D51-1,0) -> 0.00014227787 | I52: =IFERROR(E52/E51-1,0) -> 0.0059001754 | J52: =Z51*(1+F52) -> 0.099531071 | K52: =AA51*(1+G52) -> 0.10310813 | L52: =AB51*(1+H52) -> 0.75260655 | M52: =AC51*(1+I52) -> 0.050459721 | N52: =SUM(J52:M52) -> 1.0057055 | O52: =IFERROR((J52+K52)/N52,0) -> 0.20148961 | P52: =AND(MONTH(A52)=12,OR(A53="",YEAR(A52)<>YEAR(A53))) -> FALSE | Q52: =AND(MOD(MONTH(A52),3)=0,OR(A53="",MONTH(A52)<>MONTH(A53))) -> FALSE | R52: =OR(O52>$E$7,O52<$E$6) -> FALSE | S52: =AND(OR(P52,Q52,R52),A52-AH51>$E$8) -> FALSE | T52: =IF(NOT(OR(P52,Q52,R52)),"不调",IF(NOT(S52),"间隔规则跳过",IF(P52,"年末+季度",IF(AND(Q52,R52),"季度+动态",IF(Q52,"季度","动态"))))) -> 不调 | U52: =IF(OR(T52="年末+季度",T52="季度+动态"),N52*$E$5/2,IF(T52="季度",(J52+K52)/2,IF(T52="动态",N52*$E$5*IF(J52+K52=0,0.5,J52/(J52+K52)),J52))) -> 0.099531071 | V52: =IF(OR(T52="年末+季度",T52="季度+动态"),N52*$E$5/2,IF(T52="季度",(J52+K52)/2,IF(T52="动态",N52*$E$5*IF(J52+K52=0,0.5,K52/(J52+K52)),K52))) -> 0.10310813 | W52: =IF(OR(T52="年末+季度",T52="季度+动态",T52="动态"),N52*(1-$E$5)*IF(L52+M52=0,$B$7/($B$7+$B$8),L52/(L52+M52)),L52) -> 0.75260655 | X52: =IF(OR(T52="年末+季度",T52="季度+动态",T52="动态"),N52*(1-$E$5)*IF(L52+M52=0,$B$8/($B$7+$B$8),M52/(L52+M52)),M52) -> 0.050459721 | Y52: =POWER(1-$H$5,(A52-A51)/$H$8) -> 0.99998627 | Z52: =U52*Y52 -> 0.099529704 | AA52: =V52*Y52 -> 0.10310671 | AB52: =W52*Y52 -> 0.75259621 | AC52: =X52*Y52 -> 0.050459028 | AD52: =SUM(Z52:AC52) -> 1.0056917 | AE52: =MAX(AE51,AD52) -> 1.0065847 | AF52: =AD52/AE52-1 -> -0.00088715943 | AG52: =AD52/AD51-1 -> -0.00041485011 | AH52: =IF(OR(T52="年末+季度",T52="季度+动态",T52="季度",T52="动态"),A52,AH51) -> 43832 | AI52: =YEAR(A52) -> 2020 | AJ52: =MONTH(A52) -> 1 | AK52: =IF(MONTH(A52)<>MONTH(A53),1,0) -> 0 | AL52: =IF(AK51,AD51,AL51) -> 1 | AM52: =IF(AK52,AD52/AL52-1,"") | AN52: =IF(AI52<>AI51,AD52,MAX(AN51,AD52)) -> 1.0065847 | AO52: =AD52/AN52-1 -> -0.00088715943 | AP52: =IFERROR(SUM(Z52:AC52)/AD52,0) -> 1 | AQ52: =AND(B52>0,C52>0,D52>0,E52>0) -> TRUE | AR52: =EDATE(AR51,1) -> 44105 | AS52: =TEXT(AR52,"yyyy-mm") -> 2020-10 | AT52: =IF(AR52>DATE(YEAR($A$1657),MONTH($A$1657),1),"",SUMIFS($AD$43:$AD$1657,$AI$43:$AI$1657,YEAR(AR52),$AJ$43:$AJ$1657,MONTH(AR52),$AK$43:$AK$1657,1)) -> 1.0529665
A53: =净值底稿!A14 -> 43846 | B53: =净值底稿!X14 -> 0.99000271 | C53: =净值底稿!U14 -> 1.0476066 | D53: =净值底稿!V14 -> 1.4061 | E53: =净值底稿!W14 -> 1.2635 | F53: =IFERROR(B53/B52-1,0) -> -0.0054969121 | G53: =IFERROR(C53/C52-1,0) -> -0.0014256031 | H53: =IFERROR(D53/D52-1,0) -> 0.00014225763 | I53: =IFERROR(E53/E52-1,0) -> 0.0015060241 | J53: =Z52*(1+F53) -> 0.098982598 | K53: =AA52*(1+G53) -> 0.10295972 | L53: =AB52*(1+H53) -> 0.75270327 | M53: =AC52*(1+I53) -> 0.050535021 | N53: =SUM(J53:M53) -> 1.0051806 | O53: =IFERROR((J53+K53)/N53,0) -> 0.20090153 | P53: =AND(MONTH(A53)=12,OR(A54="",YEAR(A53)<>YEAR(A54))) -> FALSE | Q53: =AND(MOD(MONTH(A53),3)=0,OR(A54="",MONTH(A53)<>MONTH(A54))) -> FALSE | R53: =OR(O53>$E$7,O53<$E$6) -> FALSE | S53: =AND(OR(P53,Q53,R53),A53-AH52>$E$8) -> FALSE | T53: =IF(NOT(OR(P53,Q53,R53)),"不调",IF(NOT(S53),"间隔规则跳过",IF(P53,"年末+季度",IF(AND(Q53,R53),"季度+动态",IF(Q53,"季度","动态"))))) -> 不调 | U53: =IF(OR(T53="年末+季度",T53="季度+动态"),N53*$E$5/2,IF(T53="季度",(J53+K53)/2,IF(T53="动态",N53*$E$5*IF(J53+K53=0,0.5,J53/(J53+K53)),J53))) -> 0.098982598 | V53: =IF(OR(T53="年末+季度",T53="季度+动态"),N53*$E$5/2,IF(T53="季度",(J53+K53)/2,IF(T53="动态",N53*$E$5*IF(J53+K53=0,0.5,K53/(J53+K53)),K53))) -> 0.10295972 | W53: =IF(OR(T53="年末+季度",T53="季度+动态",T53="动态"),N53*(1-$E$5)*IF(L53+M53=0,$B$7/($B$7+$B$8),L53/(L53+M53)),L53) -> 0.75270327 | X53: =IF(OR(T53="年末+季度",T53="季度+动态",T53="动态"),N53*(1-$E$5)*IF(L53+M53=0,$B$8/($B$7+$B$8),M53/(L53+M53)),M53) -> 0.050535021 | Y53: =POWER(1-$H$5,(A53-A52)/$H$8) -> 0.99998627 | Z53: =U53*Y53 -> 0.098981239 | AA53: =V53*Y53 -> 0.10295831 | AB53: =W53*Y53 -> 0.75269294 | AC53: =X53*Y53 -> 0.050534327 | AD53: =SUM(Z53:AC53) -> 1.0051668 | AE53: =MAX(AE52,AD53) -> 1.0065847 | AF53: =AD53/AE53-1 -> -0.0014085704 | AG53: =AD53/AD52-1 -> -0.00052187394 | AH53: =IF(OR(T53="年末+季度",T53="季度+动态",T53="季度",T53="动态"),A53,AH52) -> 43832 | AI53: =YEAR(A53) -> 2020 | AJ53: =MONTH(A53) -> 1 | AK53: =IF(MONTH(A53)<>MONTH(A54),1,0) -> 0 | AL53: =IF(AK52,AD52,AL52) -> 1 | AM53: =IF(AK53,AD53/AL53-1,"") | AN53: =IF(AI53<>AI52,AD53,MAX(AN52,AD53)) -> 1.0065847 | AO53: =AD53/AN53-1 -> -0.0014085704 | AP53: =IFERROR(SUM(Z53:AC53)/AD53,0) -> 1 | AQ53: =AND(B53>0,C53>0,D53>0,E53>0) -> TRUE | AR53: =EDATE(AR52,1) -> 44136 | AS53: =TEXT(AR53,"yyyy-mm") -> 2020-11 | AT53: =IF(AR53>DATE(YEAR($A$1657),MONTH($A$1657),1),"",SUMIFS($AD$43:$AD$1657,$AI$43:$AI$1657,YEAR(AR53),$AJ$43:$AJ$1657,MONTH(AR53),$AK$43:$AK$1657,1)) -> 1.0571889
A54: =净值底稿!A15 -> 43847 | B54: =净值底稿!X15 -> 0.99016684 | C54: =净值底稿!U15 -> 1.0448327 | D54: =净值底稿!V15 -> 1.4064 | E54: =净值底稿!W15 -> 1.261 | F54: =IFERROR(B54/B53-1,0) -> 0.00016578513 | G54: =IFERROR(C54/C53-1,0) -> -0.0026479131 | H54: =IFERROR(D54/D53-1,0) -> 0.00021335609 | I54: =IFERROR(E54/E53-1,0) -> -0.0019786308 | J54: =Z53*(1+F54) -> 0.098997648 | K54: =AA53*(1+G54) -> 0.10268568 | L54: =AB53*(1+H54) -> 0.75285353 | M54: =AC53*(1+I54) -> 0.050434338 | N54: =SUM(J54:M54) -> 1.0049712 | O54: =IFERROR((J54+K54)/N54,0) -> 0.20068568 | P54: =AND(MONTH(A54)=12,OR(A55="",YEAR(A54)<>YEAR(A55))) -> FALSE | Q54: =AND(MOD(MONTH(A54),3)=0,OR(A55="",MONTH(A54)<>MONTH(A55))) -> FALSE | R54: =OR(O54>$E$7,O54<$E$6) -> FALSE | S54: =AND(OR(P54,Q54,R54),A54-AH53>$E$8) -> FALSE | T54: =IF(NOT(OR(P54,Q54,R54)),"不调",IF(NOT(S54),"间隔规则跳过",IF(P54,"年末+季度",IF(AND(Q54,R54),"季度+动态",IF(Q54,"季度","动态"))))) -> 不调 | U54: =IF(OR(T54="年末+季度",T54="季度+动态"),N54*$E$5/2,IF(T54="季度",(J54+K54)/2,IF(T54="动态",N54*$E$5*IF(J54+K54=0,0.5,J54/(J54+K54)),J54))) -> 0.098997648 | V54: =IF(OR(T54="年末+季度",T54="季度+动态"),N54*$E$5/2,IF(T54="季度",(J54+K54)/2,IF(T54="动态",N54*$E$5*IF(J54+K54=0,0.5,K54/(J54+K54)),K54))) -> 0.10268568 | W54: =IF(OR(T54="年末+季度",T54="季度+动态",T54="动态"),N54*(1-$E$5)*IF(L54+M54=0,$B$7/($B$7+$B$8),L54/(L54+M54)),L54) -> 0.75285353 | X54: =IF(OR(T54="年末+季度",T54="季度+动态",T54="动态"),N54*(1-$E$5)*IF(L54+M54=0,$B$8/($B$7+$B$8),M54/(L54+M54)),M54) -> 0.050434338 | Y54: =POWER(1-$H$5,(A54-A53)/$H$8) -> 0.99998627 | Z54: =U54*Y54 -> 0.098996289 | AA54: =V54*Y54 -> 0.10268427 | AB54: =W54*Y54 -> 0.75284319 | AC54: =X54*Y54 -> 0.050433645 | AD54: =SUM(Z54:AC54) -> 1.0049574 | AE54: =MAX(AE53,AD54) -> 1.0065847 | AF54: =AD54/AE54-1 -> -0.0016166138 | AG54: =AD54/AD53-1 -> -0.00020833691 | AH54: =IF(OR(T54="年末+季度",T54="季度+动态",T54="季度",T54="动态"),A54,AH53) -> 43832 | AI54: =YEAR(A54) -> 2020 | AJ54: =MONTH(A54) -> 1 | AK54: =IF(MONTH(A54)<>MONTH(A55),1,0) -> 0 | AL54: =IF(AK53,AD53,AL53) -> 1 | AM54: =IF(AK54,AD54/AL54-1,"") | AN54: =IF(AI54<>AI53,AD54,MAX(AN53,AD54)) -> 1.0065847 | AO54: =AD54/AN54-1 -> -0.0016166138 | AP54: =IFERROR(SUM(Z54:AC54)/AD54,0) -> 1 | AQ54: =AND(B54>0,C54>0,D54>0,E54>0) -> TRUE | AR54: =EDATE(AR53,1) -> 44166 | AS54: =TEXT(AR54,"yyyy-mm") -> 2020-12 | AT54: =IF(AR54>DATE(YEAR($A$1657),MONTH($A$1657),1),"",SUMIFS($AD$43:$AD$1657,$AI$43:$AI$1657,YEAR(AR54),$AJ$43:$AJ$1657,MONTH(AR54),$AK$43:$AK$1657,1)) -> 1.063177
A55: =净值底稿!A16 -> 43850 | B55: =净值底稿!X16 -> 0.9906161 | C55: =净值底稿!U16 -> 1.0570593 | D55: =净值底稿!V16 -> 1.4078 | E55: =净值底稿!W16 -> 1.2626 | F55: =IFERROR(B55/B54-1,0) -> 0.00045372785 | G55: =IFERROR(C55/C54-1,0) -> 0.011702002 | H55: =IFERROR(D55/D54-1,0) -> 0.00099544937 | I55: =IFERROR(E55/E54-1,0) -> 0.0012688343 | J55: =Z54*(1+F55) -> 0.099041206 | K55: =AA54*(1+G55) -> 0.10388588 | L55: =AB54*(1+H55) -> 0.75359261 | M55: =AC54*(1+I55) -> 0.050497637 | N55: =SUM(J55:M55) -> 1.0070173 | O55: =IFERROR((J55+K55)/N55,0) -> 0.20151301 | P55: =AND(MONTH(A55)=12,OR(A56="",YEAR(A55)<>YEAR(A56))) -> FALSE | Q55: =AND(MOD(MONTH(A55),3)=0,OR(A56="",MONTH(A55)<>MONTH(A56))) -> FALSE | R55: =OR(O55>$E$7,O55<$E$6) -> FALSE | S55: =AND(OR(P55,Q55,R55),A55-AH54>$E$8) -> FALSE | T55: =IF(NOT(OR(P55,Q55,R55)),"不调",IF(NOT(S55),"间隔规则跳过",IF(P55,"年末+季度",IF(AND(Q55,R55),"季度+动态",IF(Q55,"季度","动态"))))) -> 不调 | U55: =IF(OR(T55="年末+季度",T55="季度+动态"),N55*$E$5/2,IF(T55="季度",(J55+K55)/2,IF(T55="动态",N55*$E$5*IF(J55+K55=0,0.5,J55/(J55+K55)),J55))) -> 0.099041206 | V55: =IF(OR(T55="年末+季度",T55="季度+动态"),N55*$E$5/2,IF(T55="季度",(J55+K55)/2,IF(T55="动态",N55*$E$5*IF(J55+K55=0,0.5,K55/(J55+K55)),K55))) -> 0.10388588 | W55: =IF(OR(T55="年末+季度",T55="季度+动态",T55="动态"),N55*(1-$E$5)*IF(L55+M55=0,$B$7/($B$7+$B$8),L55/(L55+M55)),L55) -> 0.75359261 | X55: =IF(OR(T55="年末+季度",T55="季度+动态",T55="动态"),N55*(1-$E$5)*IF(L55+M55=0,$B$8/($B$7+$B$8),M55/(L55+M55)),M55) -> 0.050497637 | Y55: =POWER(1-$H$5,(A55-A54)/$H$8) -> 0.9999588 | Z55: =U55*Y55 -> 0.099037126 | AA55: =V55*Y55 -> 0.1038816 | AB55: =W55*Y55 -> 0.75356156 | AC55: =X55*Y55 -> 0.050495557 | AD55: =SUM(Z55:AC55) -> 1.0069758 | AE55: =MAX(AE54,AD55) -> 1.0069758 | AF55: =AD55/AE55-1 -> 0 | AG55: =AD55/AD54-1 -> 0.002008494 | AH55: =IF(OR(T55="年末+季度",T55="季度+动态",T55="季度",T55="动态"),A55,AH54) -> 43832 | AI55: =YEAR(A55) -> 2020 | AJ55: =MONTH(A55) -> 1 | AK55: =IF(MONTH(A55)<>MONTH(A56),1,0) -> 0 | AL55: =IF(AK54,AD54,AL54) -> 1 | AM55: =IF(AK55,AD55/AL55-1,"") | AN55: =IF(AI55<>AI54,AD55,MAX(AN54,AD55)) -> 1.0069758 | AO55: =AD55/AN55-1 -> 0 | AP55: =IFERROR(SUM(Z55:AC55)/AD55,0) -> 1 | AQ55: =AND(B55>0,C55>0,D55>0,E55>0) -> TRUE | AR55: =EDATE(AR54,1) -> 44197 | AS55: =TEXT(AR55,"yyyy-mm") -> 2021-01 | AT55: =IF(AR55>DATE(YEAR($A$1657),MONTH($A$1657),1),"",SUMIFS($AD$43:$AD$1657,$AI$43:$AI$1657,YEAR(AR55),$AJ$43:$AJ$1657,MONTH(AR55),$AK$43:$AK$1657,1)) -> 1.0596305
... A122: =净值底稿!A83 -> 43957 | B122: =净值底稿!X83 -> 0.93031739 | C122: =净值底稿!U83 -> 1.0327839 | D122: =净值底稿!V83 -> 1.4614 | E122: =净值底稿!W83 -> 1.3906 | F122: =IFERROR(B122/B121-1,0) -> -0.0015437153 | G122: =IFERROR(C122/C121-1,0) -> 0.015214026 | H122: =IFERROR(D122/D121-1,0) -> -0.00075213675 | I122: =IFERROR(E122/E121-1,0) -> -0.0015078624 | J122: =Z121*(1+F122) -> 0.096034159 | K122: =AA121*(1+G122) -> 0.09813204 | L122: =AB121*(1+H122) -> 0.7811681 | M122: =AC121*(1+I122) -> 0.055537615 | N122: =SUM(J122:M122) -> 1.0308719 | O122: =IFERROR((J122+K122)/N122,0) -> 0.18835143 | P122: =AND(MONTH(A122)=12,OR(A123="",YEAR(A122)<>YEAR(A123))) -> FALSE | Q122: =AND(MOD(MONTH(A122),3)=0,OR(A123="",MONTH(A122)<>MONTH(A123))) -> FALSE | R122: =OR(O122>$E$7,O122<$E$6) -> FALSE | S122: =AND(OR(P122,Q122,R122),A122-AH121>$E$8) -> FALSE | T122: =IF(NOT(OR(P122,Q122,R122)),"不调",IF(NOT(S122),"间隔规则跳过",IF(P122,"年末+季度",IF(AND(Q122,R122),"季度+动态",IF(Q122,"季度","动态"))))) -> 不调 | U122: =IF(OR(T122="年末+季度",T122="季度+动态"),N122*$E$5/2,IF(T122="季度",(J122+K122)/2,IF(T122="动态",N122*$E$5*IF(J122+K122=0,0.5,J122/(J122+K122)),J122))) -> 0.096034159 | V122: =IF(OR(T122="年末+季度",T122="季度+动态"),N122*$E$5/2,IF(T122="季度",(J122+K122)/2,IF(T122="动态",N122*$E$5*IF(J122+K122=0,0.5,K122/(J122+K122)),K122))) -> 0.09813204 | W122: =IF(OR(T122="年末+季度",T122="季度+动态",T122="动态"),N122*(1-$E$5)*IF(L122+M122=0,$B$7/($B$7+$B$8),L122/(L122+M122)),L122) -> 0.7811681 | X122: =IF(OR(T122="年末+季度",T122="季度+动态",T122="动态"),N122*(1-$E$5)*IF(L122+M122=0,$B$8/($B$7+$B$8),M122/(L122+M122)),M122) -> 0.055537615 | Y122: =POWER(1-$H$5,(A122-A121)/$H$8) -> 0.99991761 | Z122: =U122*Y122 -> 0.096026246 | AA122: =V122*Y122 -> 0.098123954 | AB122: =W122*Y122 -> 0.78110373 | AC122: =X122*Y122 -> 0.055533039 | AD122: =SUM(Z122:AC122) -> 1.030787 | AE122: =MAX(AE121,AD122) -> 1.030787 | AF122: =AD122/AE122-1 -> 0 | AG122: =AD122/AD121-1 -> 0.00054875148 | AH122: =IF(OR(T122="年末+季度",T122="季度+动态",T122="季度",T122="动态"),A122,AH121) -> 43921 | AI122: =YEAR(A122) -> 2020 | AJ122: =MONTH(A122) -> 5 | AK122: =IF(MONTH(A122)<>MONTH(A123),1,0) -> 0 | AL122: =IF(AK121,AD121,AL121) -> 1.0302216 | AM122: =IF(AK122,AD122/AL122-1,"") | AN122: =IF(AI122<>AI121,AD122,MAX(AN121,AD122)) -> 1.030787 | AO122: =AD122/AN122-1 -> 0 | AP122: =IFERROR(SUM(Z122:AC122)/AD122,0) -> 1 | AQ122: =AND(B122>0,C122>0,D122>0,E122>0) -> TRUE | AR122: =EDATE(AR121,1) -> 46235 | AS122: =TEXT(AR122,"yyyy-mm") -> 2026-08 | AT122: =IF(AR122>DATE(YEAR($A$1657),MONTH($A$1657),1),"",SUMIFS($AD$43:$AD$1657,$AI$43:$AI$1657,YEAR(AR122),$AJ$43:$AJ$1657,MONTH(AR122),$AK$43:$AK$1657,1)) -> 1.4416417
A123: =净值底稿!A84 -> 43958 | B123: =净值底稿!X84 -> 0.93094594 | C123: =净值底稿!U84 -> 1.031023 | D123: =净值底稿!V84 -> 1.4578 | E123: =净值底稿!W84 -> 1.3888 | F123: =IFERROR(B123/B122-1,0) -> 0.0006756319 | G123: =IFERROR(C123/C122-1,0) -> -0.0017049891 | H123: =IFERROR(D123/D122-1,0) -> -0.0024633913 | I123: =IFERROR(E123/E122-1,0) -> -0.0012944053 | J123: =Z122*(1+F123) -> 0.096091125 | K123: =AA122*(1+G123) -> 0.097956654 | L123: =AB122*(1+H123) -> 0.77917957 | M123: =AC122*(1+I123) -> 0.055461157 | N123: =SUM(J123:M123) -> 1.0286885 | O123: =IFERROR((J123+K123)/N123,0) -> 0.18863609 | P123: =AND(MONTH(A123)=12,OR(A124="",YEAR(A123)<>YEAR(A124))) -> FALSE | Q123: =AND(MOD(MONTH(A123),3)=0,OR(A124="",MONTH(A123)<>MONTH(A124))) -> FALSE | R123: =OR(O123>$E$7,O123<$E$6) -> FALSE | S123: =AND(OR(P123,Q123,R123),A123-AH122>$E$8) -> FALSE | T123: =IF(NOT(OR(P123,Q123,R123)),"不调",IF(NOT(S123),"间隔规则跳过",IF(P123,"年末+季度",IF(AND(Q123,R123),"季度+动态",IF(Q123,"季度","动态"))))) -> 不调 | U123: =IF(OR(T123="年末+季度",T123="季度+动态"),N123*$E$5/2,IF(T123="季度",(J123+K123)/2,IF(T123="动态",N123*$E$5*IF(J123+K123=0,0.5,J123/(J123+K123)),J123))) -> 0.096091125 | V123: =IF(OR(T123="年末+季度",T123="季度+动态"),N123*$E$5/2,IF(T123="季度",(J123+K123)/2,IF(T123="动态",N123*$E$5*IF(J123+K123=0,0.5,K123/(J123+K123)),K123))) -> 0.097956654 | W123: =IF(OR(T123="年末+季度",T123="季度+动态",T123="动态"),N123*(1-$E$5)*IF(L123+M123=0,$B$7/($B$7+$B$8),L123/(L123+M123)),L123) -> 0.77917957 | X123: =IF(OR(T123="年末+季度",T123="季度+动态",T123="动态"),N123*(1-$E$5)*IF(L123+M123=0,$B$8/($B$7+$B$8),M123/(L123+M123)),M123) -> 0.055461157 | Y123: =POWER(1-$H$5,(A123-A122)/$H$8) -> 0.99998627 | Z123: =U123*Y123 -> 0.096089805 | AA123: =V123*Y123 -> 0.097955309 | AB123: =W123*Y123 -> 0.77916887 | AC123: =X123*Y123 -> 0.055460395 | AD123: =SUM(Z123:AC123) -> 1.0286744 | AE123: =MAX(AE122,AD123) -> 1.030787 | AF123: =AD123/AE123-1 -> -0.0020494973 | AG123: =AD123/AD122-1 -> -0.0020494973 | AH123: =IF(OR(T123="年末+季度",T123="季度+动态",T123="季度",T123="动态"),A123,AH122) -> 43921 | AI123: =YEAR(A123) -> 2020 | AJ123: =MONTH(A123) -> 5 | AK123: =IF(MONTH(A123)<>MONTH(A124),1,0) -> 0 | AL123: =IF(AK122,AD122,AL122) -> 1.0302216 | AM123: =IF(AK123,AD123/AL123-1,"") | AN123: =IF(AI123<>AI122,AD123,MAX(AN122,AD123)) -> 1.030787 | AO123: =AD123/AN123-1 -> -0.0020494973 | AP123: =IFERROR(SUM(Z123:AC123)/AD123,0) -> 1 | AQ123: =AND(B123>0,C123>0,D123>0,E123>0) -> TRUE
A124: =净值底稿!A85 -> 43959 | B124: =净值底稿!X85 -> 0.93773727 | C124: =净值底稿!U85 -> 1.0416137 | D124: =净值底稿!V85 -> 1.4561 | E124: =净值底稿!W85 -> 1.402 | F124: =IFERROR(B124/B123-1,0) -> 0.0072950799 | G124: =IFERROR(C124/C123-1,0) -> 0.010272007 | H124: =IFERROR(D124/D123-1,0) -> -0.0011661408 | I124: =IFERROR(E124/E123-1,0) -> 0.0095046083 | J124: =Z123*(1+F124) -> 0.096790788 | K124: =AA123*(1+G124) -> 0.098961506 | L124: =AB123*(1+H124) -> 0.77826025 | M124: =AC123*(1+I124) -> 0.055987524 | N124: =SUM(J124:M124) -> 1.0300001 | O124: =IFERROR((J124+K124)/N124,0) -> 0.19005076 | P124: =AND(MONTH(A124)=12,OR(A125="",YEAR(A124)<>YEAR(A125))) -> FALSE | Q124: =AND(MOD(MONTH(A124),3)=0,OR(A125="",MONTH(A124)<>MONTH(A125))) -> FALSE | R124: =OR(O124>$E$7,O124<$E$6) -> FALSE | S124: =AND(OR(P124,Q124,R124),A124-AH123>$E$8) -> FALSE | T124: =IF(NOT(OR(P124,Q124,R124)),"不调",IF(NOT(S124),"间隔规则跳过",IF(P124,"年末+季度",IF(AND(Q124,R124),"季度+动态",IF(Q124,"季度","动态"))))) -> 不调 | U124: =IF(OR(T124="年末+季度",T124="季度+动态"),N124*$E$5/2,IF(T124="季度",(J124+K124)/2,IF(T124="动态",N124*$E$5*IF(J124+K124=0,0.5,J124/(J124+K124)),J124))) -> 0.096790788 | V124: =IF(OR(T124="年末+季度",T124="季度+动态"),N124*$E$5/2,IF(T124="季度",(J124+K124)/2,IF(T124="动态",N124*$E$5*IF(J124+K124=0,0.5,K124/(J124+K124)),K124))) -> 0.098961506 | W124: =IF(OR(T124="年末+季度",T124="季度+动态",T124="动态"),N124*(1-$E$5)*IF(L124+M124=0,$B$7/($B$7+$B$8),L124/(L124+M124)),L124) -> 0.77826025 | X124: =IF(OR(T124="年末+季度",T124="季度+动态",T124="动态"),N124*(1-$E$5)*IF(L124+M124=0,$B$8/($B$7+$B$8),M124/(L124+M124)),M124) -> 0.055987524 | Y124: =POWER(1-$H$5,(A124-A123)/$H$8) -> 0.99998627 | Z124: =U124*Y124 -> 0.096789458 | AA124: =V124*Y124 -> 0.098960147 | AB124: =W124*Y124 -> 0.77824956 | AC124: =X124*Y124 -> 0.055986756 | AD124: =SUM(Z124:AC124) -> 1.0299859 | AE124: =MAX(AE123,AD124) -> 1.030787 | AF124: =AD124/AE124-1 -> -0.0007771255 | AG124: =AD124/AD123-1 -> 0.0012749849 | AH124: =IF(OR(T124="年末+季度",T124="季度+动态",T124="季度",T124="动态"),A124,AH123) -> 43921 | AI124: =YEAR(A124) -> 2020 | AJ124: =MONTH(A124) -> 5 | AK124: =IF(MONTH(A124)<>MONTH(A125),1,0) -> 0 | AL124: =IF(AK123,AD123,AL123) -> 1.0302216 | AM124: =IF(AK124,AD124/AL124-1,"") | AN124: =IF(AI124<>AI123,AD124,MAX(AN123,AD124)) -> 1.030787 | AO124: =AD124/AN124-1 -> -0.0007771255 | AP124: =IFERROR(SUM(Z124:AC124)/AD124,0) -> 1 | AQ124: =AND(B124>0,C124>0,D124>0,E124>0) -> TRUE
A125: =净值底稿!A86 -> 43962 | B125: =净值底稿!X86 -> 0.94226551 | C125: =净值底稿!U86 -> 1.0407844 | D125: =净值底稿!V86 -> 1.4525 | E125: =净值底稿!W86 -> 1.3942 | F125: =IFERROR(B125/B124-1,0) -> 0.0048289037 | G125: =IFERROR(C125/C124-1,0) -> -0.00079611689 | H125: =IFERROR(D125/D124-1,0) -> -0.0024723577 | I125: =IFERROR(E125/E124-1,0) -> -0.0055634807 | J125: =Z124*(1+F125) -> 0.097256845 | K125: =AA124*(1+G125) -> 0.098881364 | L125: =AB124*(1+H125) -> 0.77632545 | M125: =AC124*(1+I125) -> 0.055675274 | N125: =SUM(J125:M125) -> 1.0281389 | O125: =IFERROR((J125+K125)/N125,0) -> 0.19077014 | P125: =AND(MONTH(A125)=12,OR(A126="",YEAR(A125)<>YEAR(A126))) -> FALSE | Q125: =AND(MOD(MONTH(A125),3)=0,OR(A126="",MONTH(A125)<>MONTH(A126))) -> FALSE | R125: =OR(O125>$E$7,O125<$E$6) -> FALSE | S125: =AND(OR(P125,Q125,R125),A125-AH124>$E$8) -> FALSE | T125: =IF(NOT(OR(P125,Q125,R125)),"不调",IF(NOT(S125),"间隔规则跳过",IF(P125,"年末+季度",IF(AND(Q125,R125),"季度+动态",IF(Q125,"季度","动态"))))) -> 不调 | U125: =IF(OR(T125="年末+季度",T125="季度+动态"),N125*$E$5/2,IF(T125="季度",(J125+K125)/2,IF(T125="动态",N125*$E$5*IF(J125+K125=0,0.5,J125/(J125+K125)),J125))) -> 0.097256845 | V125: =IF(OR(T125="年末+季度",T125="季度+动态"),N125*$E$5/2,IF(T125="季度",(J125+K125)/2,IF(T125="动态",N125*$E$5*IF(J125+K125=0,0.5,K125/(J125+K125)),K125))) -> 0.098881364 | W125: =IF(OR(T125="年末+季度",T125="季度+动态",T125="动态"),N125*(1-$E$5)*IF(L125+M125=0,$B$7/($B$7+$B$8),L125/(L125+M125)),L125) -> 0.77632545 | X125: =IF(OR(T125="年末+季度",T125="季度+动态",T125="动态"),N125*(1-$E$5)*IF(L125+M125=0,$B$8/($B$7+$B$8),M125/(L125+M125)),M125) -> 0.055675274 | Y125: =POWER(1-$H$5,(A125-A124)/$H$8) -> 0.9999588 | Z125: =U125*Y125 -> 0.097252839 | AA125: =V125*Y125 -> 0.09887729 | AB125: =W125*Y125 -> 0.77629347 | AC125: =X125*Y125 -> 0.055672981 | AD125: =SUM(Z125:AC125) -> 1.0280966 | AE125: =MAX(AE124,AD125) -> 1.030787 | AF125: =AD125/AE125-1 -> -0.0026100423 | AG125: =AD125/AD124-1 -> -0.0018343423 | AH125: =IF(OR(T125="年末+季度",T125="季度+动态",T125="季度",T125="动态"),A125,AH124) -> 43921 | AI125: =YEAR(A125) -> 2020 | AJ125: =MONTH(A125) -> 5 | AK125: =IF(MONTH(A125)<>MONTH(A126),1,0) -> 0 | AL125: =IF(AK124,AD124,AL124) -> 1.0302216 | AM125: =IF(AK125,AD125/AL125-1,"") | AN125: =IF(AI125<>AI124,AD125,MAX(AN124,AD125)) -> 1.030787 | AO125: =AD125/AN125-1 -> -0.0026100423 | AP125: =IFERROR(SUM(Z125:AC125)/AD125,0) -> 1 | AQ125: =AND(B125>0,C125>0,D125>0,E125>0) -> TRUE
A126: =净值底稿!A87 -> 43963 | B126: =净值底稿!X87 -> 0.93831737 | C126: =净值底稿!U87 -> 1.0428967 | D126: =净值底稿!V87 -> 1.4512 | E126: =净值底稿!W87 -> 1.393 | F126: =IFERROR(B126/B125-1,0) -> -0.0041900491 | G126: =IFERROR(C126/C125-1,0) -> 0.0020294854 | H126: =IFERROR(D126/D125-1,0) -> -0.00089500861 | I126: =IFERROR(E126/E125-1,0) -> -0.00086070865 | J126: =Z125*(1+F126) -> 0.096845344 | K126: =AA125*(1+G126) -> 0.09907796 | L126: =AB125*(1+H126) -> 0.77559868 | M126: =AC125*(1+I126) -> 0.055625062 | N126: =SUM(J126:M126) -> 1.027147 | O126: =IFERROR((J126+K126)/N126,0) -> 0.19074514 | P126: =AND(MONTH(A126)=12,OR(A127="",YEAR(A126)<>YEAR(A127))) -> FALSE | Q126: =AND(MOD(MONTH(A126),3)=0,OR(A127="",MONTH(A126)<>MONTH(A127))) -> FALSE | R126: =OR(O126>$E$7,O126<$E$6) -> FALSE | S126: =AND(OR(P126,Q126,R126),A126-AH125>$E$8) -> FALSE | T126: =IF(NOT(OR(P126,Q126,R126)),"不调",IF(NOT(S126),"间隔规则跳过",IF(P126,"年末+季度",IF(AND(Q126,R126),"季度+动态",IF(Q126,"季度","动态"))))) -> 不调 | U126: =IF(OR(T126="年末+季度",T126="季度+动态"),N126*$E$5/2,IF(T126="季度",(J126+K126)/2,IF(T126="动态",N126*$E$5*IF(J126+K126=0,0.5,J126/(J126+K126)),J126))) -> 0.096845344 | V126: =IF(OR(T126="年末+季度",T126="季度+动态"),N126*$E$5/2,IF(T126="季度",(J126+K126)/2,IF(T126="动态",N126*$E$5*IF(J126+K126=0,0.5,K126/(J126+K126)),K126))) -> 0.09907796 | W126: =IF(OR(T126="年末+季度",T126="季度+动态",T126="动态"),N126*(1-$E$5)*IF(L126+M126=0,$B$7/($B$7+$B$8),L126/(L126+M126)),L126) -> 0.77559868 | X126: =IF(OR(T126="年末+季度",T126="季度+动态",T126="动态"),N126*(1-$E$5)*IF(L126+M126=0,$B$8/($B$7+$B$8),M126/(L126+M126)),M126) -> 0.055625062 | Y126: =POWER(1-$H$5,(A126-A125)/$H$8) -> 0.99998627 | Z126: =U126*Y126 -> 0.096844015 | AA126: =V126*Y126 -> 0.099076599 | AB126: =W126*Y126 -> 0.77558802 | AC126: =X126*Y126 -> 0.055624299 | AD126: =SUM(Z126:AC126) -> 1.0271329 | AE126: =MAX(AE125,AD126) -> 1.030787 | AF126: =AD126/AE126-1 -> -0.0035448983 | AG126: =AD126/AD125-1 -> -0.00093730241 | AH126: =IF(OR(T126="年末+季度",T126="季度+动态",T126="季度",T126="动态"),A126,AH125) -> 43921 | AI126: =YEAR(A126) -> 2020 | AJ126: =MONTH(A126) -> 5 | AK126: =IF(MONTH(A126)<>MONTH(A127),1,0) -> 0 | AL126: =IF(AK125,AD125,AL125) -> 1.0302216 | AM126: =IF(AK126,AD126/AL126-1,"") | AN126: =IF(AI126<>AI125,AD126,MAX(AN125,AD126)) -> 1.030787 | AO126: =AD126/AN126-1 -> -0.0035448983 | AP126: =IFERROR(SUM(Z126:AC126)/AD126,0) -> 1 | AQ126: =AND(B126>0,C126>0,D126>0,E126>0) -> TRUE
A127: =净值底稿!A88 -> 43964 | B127: =净值底稿!X88 -> 0.94125721 | C127: =净值底稿!U88 -> 1.0487268 | D127: =净值底稿!V88 -> 1.4509 | E127: =净值底稿!W88 -> 1.3934 | F127: =IFERROR(B127/B126-1,0) -> 0.0031330965 | G127: =IFERROR(C127/C126-1,0) -> 0.0055902781 | H127: =IFERROR(D127/D126-1,0) -> -0.00020672547 | I127: =IFERROR(E127/E126-1,0) -> 0.00028715004 | J127: =Z126*(1+F127) -> 0.097147436 | K127: =AA126*(1+G127) -> 0.099630465 | L127: =AB126*(1+H127) -> 0.77542769 | M127: =AC126*(1+I127) -> 0.055640271 | N127: =SUM(J127:M127) -> 1.0278459 | O127: =IFERROR((J127+K127)/N127,0) -> 0.1914469 | P127: =AND(MONTH(A127)=12,OR(A128="",YEAR(A127)<>YEAR(A128))) -> FALSE | Q127: =AND(MOD(MONTH(A127),3)=0,OR(A128="",MONTH(A127)<>MONTH(A128))) -> FALSE | R127: =OR(O127>$E$7,O127<$E$6) -> FALSE | S127: =AND(OR(P127,Q127,R127),A127-AH126>$E$8) -> FALSE | T127: =IF(NOT(OR(P127,Q127,R127)),"不调",IF(NOT(S127),"间隔规则跳过",IF(P127,"年末+季度",IF(AND(Q127,R127),"季度+动态",IF(Q127,"季度","动态"))))) -> 不调 | U127: =IF(OR(T127="年末+季度",T127="季度+动态"),N127*$E$5/2,IF(T127="季度",(J127+K127)/2,IF(T127="动态",N127*$E$5*IF(J127+K127=0,0.5,J127/(J127+K127)),J127))) -> 0.097147436 | V127: =IF(OR(T127="年末+季度",T127="季度+动态"),N127*$E$5/2,IF(T127="季度",(J127+K127)/2,IF(T127="动态",N127*$E$5*IF(J127+K127=0,0.5,K127/(J127+K127)),K127))) -> 0.099630465 | W127: =IF(OR(T127="年末+季度",T127="季度+动态",T127="动态"),N127*(1-$E$5)*IF(L127+M127=0,$B$7/($B$7+$B$8),L127/(L127+M127)),L127) -> 0.77542769 | X127: =IF(OR(T127="年末+季度",T127="季度+动态",T127="动态"),N127*(1-$E$5)*IF(L127+M127=0,$B$8/($B$7+$B$8),M127/(L127+M127)),M127) -> 0.055640271 | Y127: =POWER(1-$H$5,(A127-A126)/$H$8) -> 0.99998627 | Z127: =U127*Y127 -> 0.097146102 | AA127: =V127*Y127 -> 0.099629097 | AB127: =W127*Y127 -> 0.77541704 | AC127: =X127*Y127 -> 0.055639507 | AD127: =SUM(Z127:AC127) -> 1.0278317 | AE127: =MAX(AE126,AD127) -> 1.030787 | AF127: =AD127/AE127-1 -> -0.0028669592 | AG127: =AD127/AD126-1 -> 0.00068035089 | AH127: =IF(OR(T127="年末+季度",T127="季度+动态",T127="季度",T127="动态"),A127,AH126) -> 43921 | AI127: =YEAR(A127) -> 2020 | AJ127: =MONTH(A127) -> 5 | AK127: =IF(MONTH(A127)<>MONTH(A128),1,0) -> 0 | AL127: =IF(AK126,AD126,AL126) -> 1.0302216 | AM127: =IF(AK127,AD127/AL127-1,"") | AN127: =IF(AI127<>AI126,AD127,MAX(AN126,AD127)) -> 1.030787 | AO127: =AD127/AN127-1 -> -0.0028669592 | AP127: =IFERROR(SUM(Z127:AC127)/AD127,0) -> 1 | AQ127: =AND(B127>0,C127>0,D127>0,E127>0) -> TRUE
A128: =净值底稿!A89 -> 43965 | B128: =净值底稿!X89 -> 0.93074531 | C128: =净值底稿!U89 -> 1.0389958 | D128: =净值底稿!V89 -> 1.4509 | E128: =净值底稿!W89 -> 1.402 | F128: =IFERROR(B128/B127-1,0) -> -0.011167939 | G128: =IFERROR(C128/C127-1,0) -> -0.0092788056 | H128: =IFERROR(D128/D127-1,0) -> 0 | I128: =IFERROR(E128/E127-1,0) -> 0.0061719535 | J128: =Z127*(1+F128) -> 0.09606118 | K128: =AA127*(1+G128) -> 0.098704658 | L128: =AB127*(1+H128) -> 0.77541704 | M128: =AC127*(1+I128) -> 0.055982911 | N128: =SUM(J128:M128) -> 1.0261658 | O128: =IFERROR((J128+K128)/N128,0) -> 0.18979958 | P128: =AND(MONTH(A128)=12,OR(A129="",YEAR(A128)<>YEAR(A129))) -> FALSE | Q128: =AND(MOD(MONTH(A128),3)=0,OR(A129="",MONTH(A128)<>MONTH(A129))) -> FALSE | R128: =OR(O128>$E$7,O128<$E$6) -> FALSE | S128: =AND(OR(P128,Q128,R128),A128-AH127>$E$8) -> FALSE | T128: =IF(NOT(OR(P128,Q128,R128)),"不调",IF(NOT(S128),"间隔规则跳过",IF(P128,"年末+季度",IF(AND(Q128,R128),"季度+动态",IF(Q128,"季度","动态"))))) -> 不调 | U128: =IF(OR(T128="年末+季度",T128="季度+动态"),N128*$E$5/2,IF(T128="季度",(J128+K128)/2,IF(T128="动态",N128*$E$5*IF(J128+K128=0,0.5,J128/(J128+K128)),J128))) -> 0.09606118 | V128: =IF(OR(T128="年末+季度",T128="季度+动态"),N128*$E$5/2,IF(T128="季度",(J128+K128)/2,IF(T128="动态",N128*$E$5*IF(J128+K128=0,0.5,K128/(J128+K128)),K128))) -> 0.098704658 | W128: =IF(OR(T128="年末+季度",T128="季度+动态",T128="动态"),N128*(1-$E$5)*IF(L128+M128=0,$B$7/($B$7+$B$8),L128/(L128+M128)),L128) -> 0.77541704 | X128: =IF(OR(T128="年末+季度",T128="季度+动态",T128="动态"),N128*(1-$E$5)*IF(L128+M128=0,$B$8/($B$7+$B$8),M128/(L128+M128)),M128) -> 0.055982911 | Y128: =POWER(1-$H$5,(A128-A127)/$H$8) -> 0.99998627 | Z128: =U128*Y128 -> 0.096059861 | AA128: =V128*Y128 -> 0.098703302 | AB128: =W128*Y128 -> 0.77540639 | AC128: =X128*Y128 -> 0.055982143 | AD128: =SUM(Z128:AC128) -> 1.0261517 | AE128: =MAX(AE127,AD128) -> 1.030787 | AF128: =AD128/AE128-1 -> -0.004496829 | AG128: =AD128/AD127-1 -> -0.001634556 | AH128: =IF(OR(T128="年末+季度",T128="季度+动态",T128="季度",T128="动态"),A128,AH127) -> 43921 | AI128: =YEAR(A128) -> 2020 | AJ128: =MONTH(A128) -> 5 | AK128: =IF(MONTH(A128)<>MONTH(A129),1,0) -> 0 | AL128: =IF(AK127,AD127,AL127) -> 1.0302216 | AM128: =IF(AK128,AD128/AL128-1,"") | AN128: =IF(AI128<>AI127,AD128,MAX(AN127,AD128)) -> 1.030787 | AO128: =AD128/AN128-1 -> -0.004496829 | AP128: =IFERROR(SUM(Z128:AC128)/AD128,0) -> 1 | AQ128: =AND(B128>0,C128>0,D128>0,E128>0) -> TRUE
A129: =净值底稿!A90 -> 43966 | B129: =净值底稿!X90 -> 0.92839389 | C129: =净值底稿!U90 -> 1.0414805 | D129: =净值底稿!V90 -> 1.4517 | E129: =净值底稿!W90 -> 1.4212 | F129: =IFERROR(B129/B128-1,0) -> -0.0025263818 | G129: =IFERROR(C129/C128-1,0) -> 0.0023914016 | H129: =IFERROR(D129/D128-1,0) -> 0.0005513819 | I129: =IFERROR(E129/E128-1,0) -> 0.013694722 | J129: =Z128*(1+F129) -> 0.095817177 | K129: =AA128*(1+G129) -> 0.098939341 | L129: =AB128*(1+H129) -> 0.77583394 | M129: =AC128*(1+I129) -> 0.056748802 | N129: =SUM(J129:M129) -> 1.0273393 | O129: =IFERROR((J129+K129)/N129,0) -> 0.18957371 | P129: =AND(MONTH(A129)=12,OR(A130="",YEAR(A129)<>YEAR(A130))) -> FALSE | Q129: =AND(MOD(MONTH(A129),3)=0,OR(A130="",MONTH(A129)<>MONTH(A130))) -> FALSE | R129: =OR(O129>$E$7,O129<$E$6) -> FALSE | S129: =AND(OR(P129,Q129,R129),A129-AH128>$E$8) -> FALSE | T129: =IF(NOT(OR(P129,Q129,R129)),"不调",IF(NOT(S129),"间隔规则跳过",IF(P129,"年末+季度",IF(AND(Q129,R129),"季度+动态",IF(Q129,"季度","动态"))))) -> 不调 | U129: =IF(OR(T129="年末+季度",T129="季度+动态"),N129*$E$5/2,IF(T129="季度",(J129+K129)/2,IF(T129="动态",N129*$E$5*IF(J129+K129=0,0.5,J129/(J129+K129)),J129))) -> 0.095817177 | V129: =IF(OR(T129="年末+季度",T129="季度+动态"),N129*$E$5/2,IF(T129="季度",(J129+K129)/2,IF(T129="动态",N129*$E$5*IF(J129+K129=0,0.5,K129/(J129+K129)),K129))) -> 0.098939341 | W129: =IF(OR(T129="年末+季度",T129="季度+动态",T129="动态"),N129*(1-$E$5)*IF(L129+M129=0,$B$7/($B$7+$B$8),L129/(L129+M129)),L129) -> 0.77583394 | X129: =IF(OR(T129="年末+季度",T129="季度+动态",T129="动态"),N129*(1-$E$5)*IF(L129+M129=0,$B$8/($B$7+$B$8),M129/(L129+M129)),M129) -> 0.056748802 | Y129: =POWER(1-$H$5,(A129-A128)/$H$8) -> 0.99998627 | Z129: =U129*Y129 -> 0.095815861 | AA129: =V129*Y129 -> 0.098937983 | AB129: =W129*Y129 -> 0.77582328 | AC129: =X129*Y129 -> 0.056748023 | AD129: =SUM(Z129:AC129) -> 1.0273252 | AE129: =MAX(AE128,AD129) -> 1.030787 | AF129: =AD129/AE129-1 -> -0.0033584251 | AG129: =AD129/AD128-1 -> 0.0011435462 | AH129: =IF(OR(T129="年末+季度",T129="季度+动态",T129="季度",T129="动态"),A129,AH128) -> 43921 | AI129: =YEAR(A129) -> 2020 | AJ129: =MONTH(A129) -> 5 | AK129: =IF(MONTH(A129)<>MONTH(A130),1,0) -> 0 | AL129: =IF(AK128,AD128,AL128) -> 1.0302216 | AM129: =IF(AK129,AD129/AL129-1,"") | AN129: =IF(AI129<>AI128,AD129,MAX(AN128,AD129)) -> 1.030787 | AO129: =AD129/AN129-1 -> -0.0033584251 | AP129: =IFERROR(SUM(Z129:AC129)/AD129,0) -> 1 | AQ129: =AND(B129>0,C129>0,D129>0,E129>0) -> TRUE
A130: =净值底稿!A91 -> 43969 | B130: =净值底稿!X91 -> 0.93214238 | C130: =净值底稿!U91 -> 1.0401315 | D130: =净值底稿!V91 -> 1.4509 | E130: =净值底稿!W91 -> 1.4552 | F130: =IFERROR(B130/B129-1,0) -> 0.0040376078 | G130: =IFERROR(C130/C129-1,0) -> -0.001295299 | H130: =IFERROR(D130/D129-1,0) -> -0.00055107805 | I130: =IFERROR(E130/E129-1,0) -> 0.023923445 | J130: =Z129*(1+F130) -> 0.096202728 | K130: =AA129*(1+G130) -> 0.098809828 | L130: =AB129*(1+H130) -> 0.77539574 | M130: =AC129*(1+I130) -> 0.058105631 | N130: =SUM(J130:M130) -> 1.0285139 | O130: =IFERROR((J130+K130)/N130,0) -> 0.18960614 | P130: =AND(MONTH(A130)=12,OR(A131="",YEAR(A130)<>YEAR(A131))) -> FALSE | Q130: =AND(MOD(MONTH(A130),3)=0,OR(A131="",MONTH(A130)<>MONTH(A131))) -> FALSE | R130: =OR(O130>$E$7,O130<$E$6) -> FALSE | S130: =AND(OR(P130,Q130,R130),A130-AH129>$E$8) -> FALSE | T130: =IF(NOT(OR(P130,Q130,R130)),"不调",IF(NOT(S130),"间隔规则跳过",IF(P130,"年末+季度",IF(AND(Q130,R130),"季度+动态",IF(Q130,"季度","动态"))))) -> 不调 | U130: =IF(OR(T130="年末+季度",T130="季度+动态"),N130*$E$5/2,IF(T130="季度",(J130+K130)/2,IF(T130="动态",N130*$E$5*IF(J130+K130=0,0.5,J130/(J130+K130)),J130))) -> 0.096202728 | V130: =IF(OR(T130="年末+季度",T130="季度+动态"),N130*$E$5/2,IF(T130="季度",(J130+K130)/2,IF(T130="动态",N130*$E$5*IF(J130+K130=0,0.5,K130/(J130+K130)),K130))) -> 0.098809828 | W130: =IF(OR(T130="年末+季度",T130="季度+动态",T130="动态"),N130*(1-$E$5)*IF(L130+M130=0,$B$7/($B$7+$B$8),L130/(L130+M130)),L130) -> 0.77539574 | X130: =IF(OR(T130="年末+季度",T130="季度+动态",T130="动态"),N130*(1-$E$5)*IF(L130+M130=0,$B$8/($B$7+$B$8),M130/(L130+M130)),M130) -> 0.058105631 | Y130: =POWER(1-$H$5,(A130-A129)/$H$8) -> 0.9999588 | Z130: =U130*Y130 -> 0.096198765 | AA130: =V130*Y130 -> 0.098805758 | AB130: =W130*Y130 -> 0.7753638 | AC130: =X130*Y130 -> 0.058103238 | AD130: =SUM(Z130:AC130) -> 1.0284716 | AE130: =MAX(AE129,AD130) -> 1.030787 | AF130: =AD130/AE130-1 -> -0.0022462566 | AG130: =AD130/AD129-1 -> 0.0011159162 | AH130: =IF(OR(T130="年末+季度",T130="季度+动态",T130="季度",T130="动态"),A130,AH129) -> 43921 | AI130: =YEAR(A130) -> 2020 | AJ130: =MONTH(A130) -> 5 | AK130: =IF(MONTH(A130)<>MONTH(A131),1,0) -> 0 | AL130: =IF(AK129,AD129,AL129) -> 1.0302216 | AM130: =IF(AK130,AD130/AL130-1,"") | AN130: =IF(AI130<>AI129,AD130,MAX(AN129,AD130)) -> 1.030787 | AO130: =AD130/AN130-1 -> -0.0022462566 | AP130: =IFERROR(SUM(Z130:AC130)/AD130,0) -> 1 | AQ130: =AND(B130>0,C130>0,D130>0,E130>0) -> TRUE
A131: =净值底稿!A92 -> 43970 | B131: =净值底稿!X92 -> 0.9364399 | C131: =净值底稿!U92 -> 1.0521687 | D131: =净值底稿!V92 -> 1.4499 | E131: =净值底稿!W92 -> 1.4352 | F131: =IFERROR(B131/B130-1,0) -> 0.0046103725 | G131: =IFERROR(C131/C130-1,0) -> 0.011572838 | H131: =IFERROR(D131/D130-1,0) -> -0.00068922738 | I131: =IFERROR(E131/E130-1,0) -> -0.013743815 | J131: =Z130*(1+F131) -> 0.096642277 | K131: =AA130*(1+G131) -> 0.099949221 | L131: =AB130*(1+H131) -> 0.7748294 | M131: =AC130*(1+I131) -> 0.057304677 | N131: =SUM(J131:M131) -> 1.0287256 | O131: =IFERROR((J131+K131)/N131,0) -> 0.19110198 | P131: =AND(MONTH(A131)=12,OR(A132="",YEAR(A131)<>YEAR(A132))) -> FALSE | Q131: =AND(MOD(MONTH(A131),3)=0,OR(A132="",MONTH(A131)<>MONTH(A132))) -> FALSE | R131: =OR(O131>$E$7,O131<$E$6) -> FALSE | S131: =AND(OR(P131,Q131,R131),A131-AH130>$E$8) -> FALSE | T131: =IF(NOT(OR(P131,Q131,R131)),"不调",IF(NOT(S131),"间隔规则跳过",IF(P131,"年末+季度",IF(AND(Q131,R131),"季度+动态",IF(Q131,"季度","动态"))))) -> 不调 | U131: =IF(OR(T131="年末+季度",T131="季度+动态"),N131*$E$5/2,IF(T131="季度",(J131+K131)/2,IF(T131="动态",N131*$E$5*IF(J131+K131=0,0.5,J131/(J131+K131)),J131))) -> 0.096642277 | V131: =IF(OR(T131="年末+季度",T131="季度+动态"),N131*$E$5/2,IF(T131="季度",(J131+K131)/2,IF(T131="动态",N131*$E$5*IF(J131+K131=0,0.5,K131/(J131+K131)),K131))) -> 0.099949221 | W131: =IF(OR(T131="年末+季度",T131="季度+动态",T131="动态"),N131*(1-$E$5)*IF(L131+M131=0,$B$7/($B$7+$B$8),L131/(L131+M131)),L131) -> 0.7748294 | X131: =IF(OR(T131="年末+季度",T131="季度+动态",T131="动态"),N131*(1-$E$5)*IF(L131+M131=0,$B$8/($B$7+$B$8),M131/(L131+M131)),M131) -> 0.057304677 | Y131: =POWER(1-$H$5,(A131-A130)/$H$8) -> 0.99998627 | Z131: =U131*Y131 -> 0.09664095 | AA131: =V131*Y131 -> 0.099947848 | AB131: =W131*Y131 -> 0.77481876 | AC131: =X131*Y131 -> 0.05730389 | AD131: =SUM(Z131:AC131) -> 1.0287114 | AE131: =MAX(AE130,AD131) -> 1.030787 | AF131: =AD131/AE131-1 -> -0.0020135357 | AG131: =AD131/AD130-1 -> 0.00023324481 | AH131: =IF(OR(T131="年末+季度",T131="季度+动态",T131="季度",T131="动态"),A131,AH130) -> 43921 | AI131: =YEAR(A131) -> 2020 | AJ131: =MONTH(A131) -> 5 | AK131: =IF(MONTH(A131)<>MONTH(A132),1,0) -> 0 | AL131: =IF(AK130,AD130,AL130) -> 1.0302216 | AM131: =IF(AK131,AD131/AL131-1,"") | AN131: =IF(AI131<>AI130,AD131,MAX(AN130,AD131)) -> 1.030787 | AO131: =AD131/AN131-1 -> -0.0020135357 | AP131: =IFERROR(SUM(Z131:AC131)/AD131,0) -> 1 | AQ131: =AND(B131>0,C131>0,D131>0,E131>0) -> TRUE
A132: =净值底稿!A93 -> 43971 | B132: =净值底稿!X93 -> 0.93170441 | C132: =净值底稿!U93 -> 1.0413235 | D132: =净值底稿!V93 -> 1.4503 | E132: =净值底稿!W93 -> 1.4503 | F132: =IFERROR(B132/B131-1,0) -> -0.005056905 | G132: =IFERROR(C132/C131-1,0) -> -0.010307536 | H132: =IFERROR(D132/D131-1,0) -> 0.0002758811 | I132: =IFERROR(E132/E131-1,0) -> 0.010521182 | J132: =Z131*(1+F132) -> 0.096152246 | K132: =AA131*(1+G132) -> 0.098917632 | L132: =AB131*(1+H132) -> 0.77503252 | M132: =AC131*(1+I132) -> 0.057906795 | N132: =SUM(J132:M132) -> 1.0280092 | O132: =IFERROR((J132+K132)/N132,0) -> 0.18975499 | P132: =AND(MONTH(A132)=12,OR(A133="",YEAR(A132)<>YEAR(A133))) -> FALSE | Q132: =AND(MOD(MONTH(A132),3)=0,OR(A133="",MONTH(A132)<>MONTH(A133))) -> FALSE | R132: =OR(O132>$E$7,O132<$E$6) -> FALSE | S132: =AND(OR(P132,Q132,R132),A132-AH131>$E$8) -> FALSE | T132: =IF(NOT(OR(P132,Q132,R132)),"不调",IF(NOT(S132),"间隔规则跳过",IF(P132,"年末+季度",IF(AND(Q132,R132),"季度+动态",IF(Q132,"季度","动态"))))) -> 不调 | U132: =IF(OR(T132="年末+季度",T132="季度+动态"),N132*$E$5/2,IF(T132="季度",(J132+K132)/2,IF(T132="动态",N132*$E$5*IF(J132+K132=0,0.5,J132/(J132+K132)),J132))) -> 0.096152246 | V132: =IF(OR(T132="年末+季度",T132="季度+动态"),N132*$E$5/2,IF(T132="季度",(J132+K132)/2,IF(T132="动态",N132*$E$5*IF(J132+K132=0,0.5,K132/(J132+K132)),K132))) -> 0.098917632 | W132: =IF(OR(T132="年末+季度",T132="季度+动态",T132="动态"),N132*(1-$E$5)*IF(L132+M132=0,$B$7/($B$7+$B$8),L132/(L132+M132)),L132) -> 0.77503252 | X132: =IF(OR(T132="年末+季度",T132="季度+动态",T132="动态"),N132*(1-$E$5)*IF(L132+M132=0,$B$8/($B$7+$B$8),M132/(L132+M132)),M132) -> 0.057906795 | Y132: =POWER(1-$H$5,(A132-A131)/$H$8) -> 0.99998627 | Z132: =U132*Y132 -> 0.096150925 | AA132: =V132*Y132 -> 0.098916274 | AB132: =W132*Y132 -> 0.77502187 | AC132: =X132*Y132 -> 0.057906 | AD132: =SUM(Z132:AC132) -> 1.0279951 | AE132: =MAX(AE131,AD132) -> 1.030787 | AF132: =AD132/AE132-1 -> -0.0027085146 | AG132: =AD132/AD131-1 -> -0.00069638106 | AH132: =IF(OR(T132="年末+季度",T132="季度+动态",T132="季度",T132="动态"),A132,AH131) -> 43921 | AI132: =YEAR(A132) -> 2020 | AJ132: =MONTH(A132) -> 5 | AK132: =IF(MONTH(A132)<>MONTH(A133),1,0) -> 0 | AL132: =IF(AK131,AD131,AL131) -> 1.0302216 | AM132: =IF(AK132,AD132/AL132-1,"") | AN132: =IF(AI132<>AI131,AD132,MAX(AN131,AD132)) -> 1.030787 | AO132: =AD132/AN132-1 -> -0.0027085146 | AP132: =IFERROR(SUM(Z132:AC132)/AD132,0) -> 1 | AQ132: =AND(B132>0,C132>0,D132>0,E132>0) -> TRUE
A133: =净值底稿!A94 -> 43972 | B133: =净值底稿!X94 -> 0.93007761 | C133: =净值底稿!U94 -> 1.0315384 | D133: =净值底稿!V94 -> 1.4505 | E133: =净值底稿!W94 -> 1.4339 | F133: =IFERROR(B133/B132-1,0) -> -0.0017460526 | G133: =IFERROR(C133/C132-1,0) -> -0.0093967625 | H133: =IFERROR(D133/D132-1,0) -> 0.0001379025 | I133: =IFERROR(E133/E132-1,0) -> -0.011308005 | J133: =Z132*(1+F133) -> 0.095983041 | K133: =AA132*(1+G133) -> 0.097986781 | L133: =AB132*(1+H133) -> 0.77512875 | M133: =AC132*(1+I133) -> 0.057251198 | N133: =SUM(J133:M133) -> 1.0263498 | O133: =IFERROR((J133+K133)/N133,0) -> 0.18898998 | P133: =AND(MONTH(A133)=12,OR(A134="",YEAR(A133)<>YEAR(A134))) -> FALSE | Q133: =AND(MOD(MONTH(A133),3)=0,OR(A134="",MONTH(A133)<>MONTH(A134))) -> FALSE | R133: =OR(O133>$E$7,O133<$E$6) -> FALSE | S133: =AND(OR(P133,Q133,R133),A133-AH132>$E$8) -> FALSE | T133: =IF(NOT(OR(P133,Q133,R133)),"不调",IF(NOT(S133),"间隔规则跳过",IF(P133,"年末+季度",IF(AND(Q133,R133),"季度+动态",IF(Q133,"季度","动态"))))) -> 不调 | U133: =IF(OR(T133="年末+季度",T133="季度+动态"),N133*$E$5/2,IF(T133="季度",(J133+K133)/2,IF(T133="动态",N133*$E$5*IF(J133+K133=0,0.5,J133/(J133+K133)),J133))) -> 0.095983041 | V133: =IF(OR(T133="年末+季度",T133="季度+动态"),N133*$E$5/2,IF(T133="季度",(J133+K133)/2,IF(T133="动态",N133*$E$5*IF(J133+K133=0,0.5,K133/(J133+K133)),K133))) -> 0.097986781 | W133: =IF(OR(T133="年末+季度",T133="季度+动态",T133="动态"),N133*(1-$E$5)*IF(L133+M133=0,$B$7/($B$7+$B$8),L133/(L133+M133)),L133) -> 0.77512875 | X133: =IF(OR(T133="年末+季度",T133="季度+动态",T133="动态"),N133*(1-$E$5)*IF(L133+M133=0,$B$8/($B$7+$B$8),M133/(L133+M133)),M133) -> 0.057251198 | Y133: =POWER(1-$H$5,(A133-A132)/$H$8) -> 0.99998627 | Z133: =U133*Y133 -> 0.095981723 | AA133: =V133*Y133 -> 0.097985435 | AB133: =W133*Y133 -> 0.7751181 | AC133: =X133*Y133 -> 0.057250412 | AD133: =SUM(Z133:AC133) -> 1.0263357 | AE133: =MAX(AE132,AD133) -> 1.030787 | AF133: =AD133/AE133-1 -> -0.0043183486 | AG133: =AD133/AD132-1 -> -0.0016142061 | AH133: =IF(OR(T133="年末+季度",T133="季度+动态",T133="季度",T133="动态"),A133,AH132) -> 43921 | AI133: =YEAR(A133) -> 2020 | AJ133: =MONTH(A133) -> 5 | AK133: =IF(MONTH(A133)<>MONTH(A134),1,0) -> 0 | AL133: =IF(AK132,AD132,AL132) -> 1.0302216 | AM133: =IF(AK133,AD133/AL133-1,"") | AN133: =IF(AI133<>AI132,AD133,MAX(AN132,AD133)) -> 1.030787 | AO133: =AD133/AN133-1 -> -0.0043183486 | AP133: =IFERROR(SUM(Z133:AC133)/AD133,0) -> 1 | AQ133: =AND(B133>0,C133>0,D133>0,E133>0) -> TRUE
A134: =净值底稿!A95 -> 43973 | B134: =净值底稿!X95 -> 0.91479467 | C134: =净值底稿!U95 -> 1.0125819 | D134: =净值底稿!V95 -> 1.4533 | E134: =净值底稿!W95 -> 1.4331 | F134: =IFERROR(B134/B133-1,0) -> -0.016431892 | G134: =IFERROR(C134/C133-1,0) -> -0.018376937 | H134: =IFERROR(D134/D133-1,0) -> 0.0019303688 | I134: =IFERROR(E134/E133-1,0) -> -0.00055791896 | J134: =Z133*(1+F134) -> 0.094404561 | K134: =AA133*(1+G134) -> 0.096184763 | L134: =AB133*(1+H134) -> 0.77661437 | M134: =AC133*(1+I134) -> 0.057218471 | N134: =SUM(J134:M134) -> 1.0244222 | O134: =IFERROR((J134+K134)/N134,0) -> 0.18604569 | P134: =AND(MONTH(A134)=12,OR(A135="",YEAR(A134)<>YEAR(A135))) -> FALSE | Q134: =AND(MOD(MONTH(A134),3)=0,OR(A135="",MONTH(A134)<>MONTH(A135))) -> FALSE | R134: =OR(O134>$E$7,O134<$E$6) -> FALSE | S134: =AND(OR(P134,Q134,R134),A134-AH133>$E$8) -> FALSE | T134: =IF(NOT(OR(P134,Q134,R134)),"不调",IF(NOT(S134),"间隔规则跳过",IF(P134,"年末+季度",IF(AND(Q134,R134),"季度+动态",IF(Q134,"季度","动态"))))) -> 不调 | U134: =IF(OR(T134="年末+季度",T134="季度+动态"),N134*$E$5/2,IF(T134="季度",(J134+K134)/2,IF(T134="动态",N134*$E$5*IF(J134+K134=0,0.5,J134/(J134+K134)),J134))) -> 0.094404561 | V134: =IF(OR(T134="年末+季度",T134="季度+动态"),N134*$E$5/2,IF(T134="季度",(J134+K134)/2,IF(T134="动态",N134*$E$5*IF(J134+K134=0,0.5,K134/(J134+K134)),K134))) -> 0.096184763 | W134: =IF(OR(T134="年末+季度",T134="季度+动态",T134="动态"),N134*(1-$E$5)*IF(L134+M134=0,$B$7/($B$7+$B$8),L134/(L134+M134)),L134) -> 0.77661437 | X134: =IF(OR(T134="年末+季度",T134="季度+动态",T134="动态"),N134*(1-$E$5)*IF(L134+M134=0,$B$8/($B$7+$B$8),M134/(L134+M134)),M134) -> 0.057218471 | Y134: =POWER(1-$H$5,(A134-A133)/$H$8) -> 0.99998627 | Z134: =U134*Y134 -> 0.094403265 | AA134: =V134*Y134 -> 0.096183442 | AB134: =W134*Y134 -> 0.7766037 | AC134: =X134*Y134 -> 0.057217685 | AD134: =SUM(Z134:AC134) -> 1.0244081 | AE134: =MAX(AE133,AD134) -> 1.030787 | AF134: =AD134/AE134-1 -> -0.0061883558 | AG134: =AD134/AD133-1 -> -0.0018781175 | AH134: =IF(OR(T134="年末+季度",T134="季度+动态",T134="季度",T134="动态"),A134,AH133) -> 43921 | AI134: =YEAR(A134) -> 2020 | AJ134: =MONTH(A134) -> 5 | AK134: =IF(MONTH(A134)<>MONTH(A135),1,0) -> 0 | AL134: =IF(AK133,AD133,AL133) -> 1.0302216 | AM134: =IF(AK134,AD134/AL134-1,"") | AN134: =IF(AI134<>AI133,AD134,MAX(AN133,AD134)) -> 1.030787 | AO134: =AD134/AN134-1 -> -0.0061883558 | AP134: =IFERROR(SUM(Z134:AC134)/AD134,0) -> 1 | AQ134: =AND(B134>0,C134>0,D134>0,E134>0) -> TRUE
... A1656: =净值底稿!A1617 -> 46262 | B1656: =净值底稿!X1617 -> 1.8932889 | C1656: =净值底稿!U1617 -> 2.0120259 | D1656: =净值底稿!V1617 -> 1.8001 | E1656: =净值底稿!W1617 -> 3.4416 | F1656: =IFERROR(B1656/B1655-1,0) -> 0.0017613414 | G1656: =IFERROR(C1656/C1655-1,0) -> -0.0034125832 | H1656: =IFERROR(D1656/D1655-1,0) -> -0.0001110926 | I1656: =IFERROR(E1656/E1655-1,0) -> 0.002038083 | J1656: =Z1655*(1+F1656) -> 0.161481 | K1656: =AA1655*(1+G1656) -> 0.1356372 | L1656: =AB1655*(1+H1656) -> 1.0030914 | M1656: =AC1655*(1+I1656) -> 0.14328934 | N1656: =SUM(J1656:M1656) -> 1.443499 | O1656: =IFERROR((J1656+K1656)/N1656,0) -> 0.20583194 | P1656: =AND(MONTH(A1656)=12,OR(A1657="",YEAR(A1656)<>YEAR(A1657))) -> FALSE | Q1656: =AND(MOD(MONTH(A1656),3)=0,OR(A1657="",MONTH(A1656)<>MONTH(A1657))) -> FALSE | R1656: =OR(O1656>$E$7,O1656<$E$6) -> FALSE | S1656: =AND(OR(P1656,Q1656,R1656),A1656-AH1655>$E$8) -> FALSE | T1656: =IF(NOT(OR(P1656,Q1656,R1656)),"不调",IF(NOT(S1656),"间隔规则跳过",IF(P1656,"年末+季度",IF(AND(Q1656,R1656),"季度+动态",IF(Q1656,"季度","动态"))))) -> 不调 | U1656: =IF(OR(T1656="年末+季度",T1656="季度+动态"),N1656*$E$5/2,IF(T1656="季度",(J1656+K1656)/2,IF(T1656="动态",N1656*$E$5*IF(J1656+K1656=0,0.5,J1656/(J1656+K1656)),J1656))) -> 0.161481 | V1656: =IF(OR(T1656="年末+季度",T1656="季度+动态"),N1656*$E$5/2,IF(T1656="季度",(J1656+K1656)/2,IF(T1656="动态",N1656*$E$5*IF(J1656+K1656=0,0.5,K1656/(J1656+K1656)),K1656))) -> 0.1356372 | W1656: =IF(OR(T1656="年末+季度",T1656="季度+动态",T1656="动态"),N1656*(1-$E$5)*IF(L1656+M1656=0,$B$7/($B$7+$B$8),L1656/(L1656+M1656)),L1656) -> 1.0030914 | X1656: =IF(OR(T1656="年末+季度",T1656="季度+动态",T1656="动态"),N1656*(1-$E$5)*IF(L1656+M1656=0,$B$8/($B$7+$B$8),M1656/(L1656+M1656)),M1656) -> 0.14328934 | Y1656: =POWER(1-$H$5,(A1656-A1655)/$H$8) -> 0.99998627 | Z1656: =U1656*Y1656 -> 0.16147878 | AA1656: =V1656*Y1656 -> 0.13563534 | AB1656: =W1656*Y1656 -> 1.0030777 | AC1656: =X1656*Y1656 -> 0.14328738 | AD1656: =SUM(Z1656:AC1656) -> 1.4434792 | AE1656: =MAX(AE1655,AD1656) -> 1.4568444 | AF1656: =AD1656/AE1656-1 -> -0.0091741192 | AG1656: =AD1656/AD1655-1 -> -1.4108361e-05 | AH1656: =IF(OR(T1656="年末+季度",T1656="季度+动态",T1656="季度",T1656="动态"),A1656,AH1655) -> 46203 | AI1656: =YEAR(A1656) -> 2026 | AJ1656: =MONTH(A1656) -> 8 | AK1656: =IF(MONTH(A1656)<>MONTH(A1657),1,0) -> 0 | AL1656: =IF(AK1655,AD1655,AL1655) -> 1.41583 | AM1656: =IF(AK1656,AD1656/AL1656-1,"") | AN1656: =IF(AI1656<>AI1655,AD1656,MAX(AN1655,AD1656)) -> 1.4568444 | AO1656: =AD1656/AN1656-1 -> -0.0091741192 | AP1656: =IFERROR(SUM(Z1656:AC1656)/AD1656,0) -> 1 | AQ1656: =AND(B1656>0,C1656>0,D1656>0,E1656>0) -> TRUE
A1657: =净值底稿!A1618 -> 46265 | B1657: =净值底稿!X1618 -> 1.906079 | C1657: =净值底稿!U1618 -> 2.0341362 | D1657: =净值底稿!V1618 -> 1.8006 | E1657: =净值底稿!W1618 -> 3.3302 | F1657: =IFERROR(B1657/B1656-1,0) -> 0.0067555006 | G1657: =IFERROR(C1657/C1656-1,0) -> 0.010989079 | H1657: =IFERROR(D1657/D1656-1,0) -> 0.00027776235 | I1657: =IFERROR(E1657/E1656-1,0) -> -0.032368666 | J1657: =Z1656*(1+F1657) -> 0.16256965 | K1657: =AA1656*(1+G1657) -> 0.13712585 | L1657: =AB1656*(1+H1657) -> 1.0033563 | M1657: =AC1656*(1+I1657) -> 0.13864935 | N1657: =SUM(J1657:M1657) -> 1.4417011 | O1657: =IFERROR((J1657+K1657)/N1657,0) -> 0.2078763 | P1657: =FALSE() -> FALSE | Q1657: =FALSE() -> FALSE | R1657: =OR(O1657>$E$7,O1657<$E$6) -> FALSE | S1657: =AND(OR(P1657,Q1657,R1657),A1657-AH1656>$E$8) -> FALSE | T1657: =IF(NOT(OR(P1657,Q1657,R1657)),"不调",IF(NOT(S1657),"间隔规则跳过",IF(P1657,"年末+季度",IF(AND(Q1657,R1657),"季度+动态",IF(Q1657,"季度","动态"))))) -> 不调 | U1657: =IF(OR(T1657="年末+季度",T1657="季度+动态"),N1657*$E$5/2,IF(T1657="季度",(J1657+K1657)/2,IF(T1657="动态",N1657*$E$5*IF(J1657+K1657=0,0.5,J1657/(J1657+K1657)),J1657))) -> 0.16256965 | V1657: =IF(OR(T1657="年末+季度",T1657="季度+动态"),N1657*$E$5/2,IF(T1657="季度",(J1657+K1657)/2,IF(T1657="动态",N1657*$E$5*IF(J1657+K1657=0,0.5,K1657/(J1657+K1657)),K1657))) -> 0.13712585 | W1657: =IF(OR(T1657="年末+季度",T1657="季度+动态",T1657="动态"),N1657*(1-$E$5)*IF(L1657+M1657=0,$B$7/($B$7+$B$8),L1657/(L1657+M1657)),L1657) -> 1.0033563 | X1657: =IF(OR(T1657="年末+季度",T1657="季度+动态",T1657="动态"),N1657*(1-$E$5)*IF(L1657+M1657=0,$B$8/($B$7+$B$8),M1657/(L1657+M1657)),M1657) -> 0.13864935 | Y1657: =POWER(1-$H$5,(A1657-A1656)/$H$8) -> 0.9999588 | Z1657: =U1657*Y1657 -> 0.16256295 | AA1657: =V1657*Y1657 -> 0.1371202 | AB1657: =W1657*Y1657 -> 1.0033149 | AC1657: =X1657*Y1657 -> 0.13864364 | AD1657: =SUM(Z1657:AC1657) -> 1.4416417 | AE1657: =MAX(AE1656,AD1657) -> 1.4568444 | AF1657: =AD1657/AE1657-1 -> -0.010435353 | AG1657: =AD1657/AD1656-1 -> -0.001272912 | AH1657: =IF(OR(T1657="年末+季度",T1657="季度+动态",T1657="季度",T1657="动态"),A1657,AH1656) -> 46203 | AI1657: =YEAR(A1657) -> 2026 | AJ1657: =MONTH(A1657) -> 8 | AK1657: 1 | AL1657: =IF(AK1656,AD1656,AL1656) -> 1.41583 | AM1657: =IF(AK1657,AD1657/AL1657-1,"") -> 0.018230838 | AN1657: =IF(AI1657<>AI1656,AD1657,MAX(AN1656,AD1657)) -> 1.4568444 | AO1657: =AD1657/AN1657-1 -> -0.010435353 | AP1657: =IFERROR(SUM(Z1657:AC1657)/AD1657,0) -> 1 | AQ1657: =AND(B1657>0,C1657>0,D1657>0,E1657>0) -> TRUE
A1658: =净值底稿!A1619 -> 46266 | B1658: =净值底稿!X1619 -> 1.9227771 | C1658: =净值底稿!U1619 -> 2.0341362 | D1658: =净值底稿!V1619 -> 1.8006 | E1658: =净值底稿!W1619 -> 3.3302 | F1658: =IFERROR(B1658/B1657-1,0) -> 0.0087604159 | G1658: =IFERROR(C1658/C1657-1,0) -> 0 | H1658: =IFERROR(D1658/D1657-1,0) -> 0 | I1658: =IFERROR(E1658/E1657-1,0) -> 0 | J1658: =Z1657*(1+F1658) -> 0.16398707 | K1658: =AA1657*(1+G1658) -> 0.1371202 | L1658: =AB1657*(1+H1658) -> 1.0033149 | M1658: =AC1657*(1+I1658) -> 0.13864364 | N1658: =SUM(J1658:M1658) -> 1.4430659 | O1658: =IFERROR((J1658+K1658)/N1658,0) -> 0.20865802 | P1658: =FALSE() -> FALSE | Q1658: =FALSE() -> FALSE | R1658: =OR(O1658>$E$7,O1658<$E$6) -> FALSE | S1658: =AND(OR(P1658,Q1658,R1658),A1658-AH1657>$E$8) -> FALSE | T1658: =IF(NOT(OR(P1658,Q1658,R1658)),"不调",IF(NOT(S1658),"间隔规则跳过",IF(P1658,"年末+季度",IF(AND(Q1658,R1658),"季度+动态",IF(Q1658,"季度","动态"))))) -> 不调 | U1658: =IF(OR(T1658="年末+季度",T1658="季度+动态"),N1658*$E$5/2,IF(T1658="季度",(J1658+K1658)/2,IF(T1658="动态",N1658*$E$5*IF(J1658+K1658=0,0.5,J1658/(J1658+K1658)),J1658))) -> 0.16398707 | V1658: =IF(OR(T1658="年末+季度",T1658="季度+动态"),N1658*$E$5/2,IF(T1658="季度",(J1658+K1658)/2,IF(T1658="动态",N1658*$E$5*IF(J1658+K1658=0,0.5,K1658/(J1658+K1658)),K1658))) -> 0.1371202 | W1658: =IF(OR(T1658="年末+季度",T1658="季度+动态",T1658="动态"),N1658*(1-$E$5)*IF(L1658+M1658=0,$B$7/($B$7+$B$8),L1658/(L1658+M1658)),L1658) -> 1.0033149 | X1658: =IF(OR(T1658="年末+季度",T1658="季度+动态",T1658="动态"),N1658*(1-$E$5)*IF(L1658+M1658=0,$B$8/($B$7+$B$8),M1658/(L1658+M1658)),M1658) -> 0.13864364 | Y1658: =POWER(1-$H$5,(A1658-A1657)/$H$8) -> 0.99998627 | Z1658: =U1658*Y1658 -> 0.16398482 | AA1658: =V1658*Y1658 -> 0.13711832 | AB1658: =W1658*Y1658 -> 1.0033012 | AC1658: =X1658*Y1658 -> 0.13864174 | AD1658: =SUM(Z1658:AC1658) -> 1.443046 | AE1658: =MAX(AE1657,AD1658) -> 1.4568444 | AF1658: =AD1658/AE1658-1 -> -0.0094714195 | AG1658: =AD1658/AD1657-1 -> 0.00097409886 | AH1658: =IF(OR(T1658="年末+季度",T1658="季度+动态",T1658="季度",T1658="动态"),A1658,AH1657) -> 46203 | AI1658: =YEAR(A1658) -> 2026 | AJ1658: =MONTH(A1658) -> 9 | AK1658: 2 | AL1658: =IF(AK1657,AD1657,AL1657) -> 1.4416417 | AM1658: =IF(AK1658,AD1658/AL1658-1,"") -> 0.00097409886 | AN1658: =IF(AI1658<>AI1657,AD1658,MAX(AN1657,AD1658)) -> 1.4568444 | AO1658: =AD1658/AN1658-1 -> -0.0094714195 | AP1658: =IFERROR(SUM(Z1658:AC1658)/AD1658,0) -> 1 | AQ1658: =AND(B1658>0,C1658>0,D1658>0,E1658>0) -> TRUE
A1659: =净值底稿!A1620 -> 46267 | B1659: =净值底稿!X1620 -> 1.9111367 | C1659: =净值底稿!U1620 -> 2.0341362 | D1659: =净值底稿!V1620 -> 1.8006 | E1659: =净值底稿!W1620 -> 3.3302 | F1659: =IFERROR(B1659/B1658-1,0) -> -0.0060539559 | G1659: =IFERROR(C1659/C1658-1,0) -> 0 | H1659: =IFERROR(D1659/D1658-1,0) -> 0 | I1659: =IFERROR(E1659/E1658-1,0) -> 0 | J1659: =Z1658*(1+F1659) -> 0.16299206 | K1659: =AA1658*(1+G1659) -> 0.13711832 | L1659: =AB1658*(1+H1659) -> 1.0033012 | M1659: =AC1658*(1+I1659) -> 0.13864174 | N1659: =SUM(J1659:M1659) -> 1.4420533 | O1659: =IFERROR((J1659+K1659)/N1659,0) -> 0.20811324 | P1659: =FALSE() -> FALSE | Q1659: =FALSE() -> FALSE | R1659: =OR(O1659>$E$7,O1659<$E$6) -> FALSE | S1659: =AND(OR(P1659,Q1659,R1659),A1659-AH1658>$E$8) -> FALSE | T1659: =IF(NOT(OR(P1659,Q1659,R1659)),"不调",IF(NOT(S1659),"间隔规则跳过",IF(P1659,"年末+季度",IF(AND(Q1659,R1659),"季度+动态",IF(Q1659,"季度","动态"))))) -> 不调 | U1659: =IF(OR(T1659="年末+季度",T1659="季度+动态"),N1659*$E$5/2,IF(T1659="季度",(J1659+K1659)/2,IF(T1659="动态",N1659*$E$5*IF(J1659+K1659=0,0.5,J1659/(J1659+K1659)),J1659))) -> 0.16299206 | V1659: =IF(OR(T1659="年末+季度",T1659="季度+动态"),N1659*$E$5/2,IF(T1659="季度",(J1659+K1659)/2,IF(T1659="动态",N1659*$E$5*IF(J1659+K1659=0,0.5,K1659/(J1659+K1659)),K1659))) -> 0.13711832 | W1659: =IF(OR(T1659="年末+季度",T1659="季度+动态",T1659="动态"),N1659*(1-$E$5)*IF(L1659+M1659=0,$B$7/($B$7+$B$8),L1659/(L1659+M1659)),L1659) -> 1.0033012 | X1659: =IF(OR(T1659="年末+季度",T1659="季度+动态",T1659="动态"),N1659*(1-$E$5)*IF(L1659+M1659=0,$B$8/($B$7+$B$8),M1659/(L1659+M1659)),M1659) -> 0.13864174 | Y1659: =POWER(1-$H$5,(A1659-A1658)/$H$8) -> 0.99998627 | Z1659: =U1659*Y1659 -> 0.16298982 | AA1659: =V1659*Y1659 -> 0.13711643 | AB1659: =W1659*Y1659 -> 1.0032874 | AC1659: =X1659*Y1659 -> 0.13863983 | AD1659: =SUM(Z1659:AC1659) -> 1.4420335 | AE1659: =MAX(AE1658,AD1659) -> 1.4568444 | AF1659: =AD1659/AE1659-1 -> -0.010166456 | AG1659: =AD1659/AD1658-1 -> -0.00070168268 | AH1659: =IF(OR(T1659="年末+季度",T1659="季度+动态",T1659="季度",T1659="动态"),A1659,AH1658) -> 46203 | AI1659: =YEAR(A1659) -> 2026 | AJ1659: =MONTH(A1659) -> 9 | AK1659: 3 | AL1659: =IF(AK1658,AD1658,AL1658) -> 1.443046 | AM1659: =IF(AK1659,AD1659/AL1659-1,"") -> -0.00070168268 | AN1659: =IF(AI1659<>AI1658,AD1659,MAX(AN1658,AD1659)) -> 1.4568444 | AO1659: =AD1659/AN1659-1 -> -0.010166456 | AP1659: =IFERROR(SUM(Z1659:AC1659)/AD1659,0) -> 1 | AQ1659: =AND(B1659>0,C1659>0,D1659>0,E1659>0) -> TRUE
A1660: =净值底稿!A1621 -> 46268 | B1660: =净值底稿!X1621 -> 1.9106458 | C1660: =净值底稿!U1621 -> 2.0341362 | D1660: =净值底稿!V1621 -> 1.8006 | E1660: =净值底稿!W1621 -> 3.3302 | F1660: =IFERROR(B1660/B1659-1,0) -> -0.00025684694 | G1660: =IFERROR(C1660/C1659-1,0) -> 0 | H1660: =IFERROR(D1660/D1659-1,0) -> 0 | I1660: =IFERROR(E1660/E1659-1,0) -> 0 | J1660: =Z1659*(1+F1660) -> 0.16294796 | K1660: =AA1659*(1+G1660) -> 0.13711643 | L1660: =AB1659*(1+H1660) -> 1.0032874 | M1660: =AC1659*(1+I1660) -> 0.13863983 | N1660: =SUM(J1660:M1660) -> 1.4419916 | O1660: =IFERROR((J1660+K1660)/N1660,0) -> 0.20809025 | P1660: =FALSE() -> FALSE | Q1660: =FALSE() -> FALSE | R1660: =OR(O1660>$E$7,O1660<$E$6) -> FALSE | S1660: =AND(OR(P1660,Q1660,R1660),A1660-AH1659>$E$8) -> FALSE | T1660: =IF(NOT(OR(P1660,Q1660,R1660)),"不调",IF(NOT(S1660),"间隔规则跳过",IF(P1660,"年末+季度",IF(AND(Q1660,R1660),"季度+动态",IF(Q1660,"季度","动态"))))) -> 不调 | U1660: =IF(OR(T1660="年末+季度",T1660="季度+动态"),N1660*$E$5/2,IF(T1660="季度",(J1660+K1660)/2,IF(T1660="动态",N1660*$E$5*IF(J1660+K1660=0,0.5,J1660/(J1660+K1660)),J1660))) -> 0.16294796 | V1660: =IF(OR(T1660="年末+季度",T1660="季度+动态"),N1660*$E$5/2,IF(T1660="季度",(J1660+K1660)/2,IF(T1660="动态",N1660*$E$5*IF(J1660+K1660=0,0.5,K1660/(J1660+K1660)),K1660))) -> 0.13711643 | W1660: =IF(OR(T1660="年末+季度",T1660="季度+动态",T1660="动态"),N1660*(1-$E$5)*IF(L1660+M1660=0,$B$7/($B$7+$B$8),L1660/(L1660+M1660)),L1660) -> 1.0032874 | X1660: =IF(OR(T1660="年末+季度",T1660="季度+动态",T1660="动态"),N1660*(1-$E$5)*IF(L1660+M1660=0,$B$8/($B$7+$B$8),M1660/(L1660+M1660)),M1660) -> 0.13863983 | Y1660: =POWER(1-$H$5,(A1660-A1659)/$H$8) -> 0.99998627 | Z1660: =U1660*Y1660 -> 0.16294572 | AA1660: =V1660*Y1660 -> 0.13711455 | AB1660: =W1660*Y1660 -> 1.0032736 | AC1660: =X1660*Y1660 -> 0.13863793 | AD1660: =SUM(Z1660:AC1660) -> 1.4419718 | AE1660: =MAX(AE1659,AD1660) -> 1.4568444 | AF1660: =AD1660/AE1660-1 -> -0.010208785 | AG1660: =AD1660/AD1659-1 -> -4.2763333e-05 | AH1660: =IF(OR(T1660="年末+季度",T1660="季度+动态",T1660="季度",T1660="动态"),A1660,AH1659) -> 46203 | AI1660: =YEAR(A1660) -> 2026 | AJ1660: =MONTH(A1660) -> 9 | AK1660: 4 | AL1660: =IF(AK1659,AD1659,AL1659) -> 1.4420335 | AM1660: =IF(AK1660,AD1660/AL1660-1,"") -> -4.2763333e-05 | AN1660: =IF(AI1660<>AI1659,AD1660,MAX(AN1659,AD1660)) -> 1.4568444 | AO1660: =AD1660/AN1660-1 -> -0.010208785 | AP1660: =IFERROR(SUM(Z1660:AC1660)/AD1660,0) -> 1 | AQ1660: =AND(B1660>0,C1660>0,D1660>0,E1660>0) -> TRUE
A1661: =净值底稿!A1622 -> 46269 | B1661: =净值底稿!X1622 -> 1.9177148 | C1661: =净值底稿!U1622 -> 2.0341362 | D1661: =净值底稿!V1622 -> 1.8006 | E1661: =净值底稿!W1622 -> 3.3302 | F1661: =IFERROR(B1661/B1660-1,0) -> 0.0036998186 | G1661: =IFERROR(C1661/C1660-1,0) -> 0 | H1661: =IFERROR(D1661/D1660-1,0) -> 0 | I1661: =IFERROR(E1661/E1660-1,0) -> 0 | J1661: =Z1660*(1+F1661) -> 0.16354859 | K1661: =AA1660*(1+G1661) -> 0.13711455 | L1661: =AB1660*(1+H1661) -> 1.0032736 | M1661: =AC1660*(1+I1661) -> 0.13863793 | N1661: =SUM(J1661:M1661) -> 1.4425747 | O1661: =IFERROR((J1661+K1661)/N1661,0) -> 0.2084212 | P1661: =FALSE() -> FALSE | Q1661: =FALSE() -> FALSE | R1661: =OR(O1661>$E$7,O1661<$E$6) -> FALSE | S1661: =AND(OR(P1661,Q1661,R1661),A1661-AH1660>$E$8) -> FALSE | T1661: =IF(NOT(OR(P1661,Q1661,R1661)),"不调",IF(NOT(S1661),"间隔规则跳过",IF(P1661,"年末+季度",IF(AND(Q1661,R1661),"季度+动态",IF(Q1661,"季度","动态"))))) -> 不调 | U1661: =IF(OR(T1661="年末+季度",T1661="季度+动态"),N1661*$E$5/2,IF(T1661="季度",(J1661+K1661)/2,IF(T1661="动态",N1661*$E$5*IF(J1661+K1661=0,0.5,J1661/(J1661+K1661)),J1661))) -> 0.16354859 | V1661: =IF(OR(T1661="年末+季度",T1661="季度+动态"),N1661*$E$5/2,IF(T1661="季度",(J1661+K1661)/2,IF(T1661="动态",N1661*$E$5*IF(J1661+K1661=0,0.5,K1661/(J1661+K1661)),K1661))) -> 0.13711455 | W1661: =IF(OR(T1661="年末+季度",T1661="季度+动态",T1661="动态"),N1661*(1-$E$5)*IF(L1661+M1661=0,$B$7/($B$7+$B$8),L1661/(L1661+M1661)),L1661) -> 1.0032736 | X1661: =IF(OR(T1661="年末+季度",T1661="季度+动态",T1661="动态"),N1661*(1-$E$5)*IF(L1661+M1661=0,$B$8/($B$7+$B$8),M1661/(L1661+M1661)),M1661) -> 0.13863793 | Y1661: =POWER(1-$H$5,(A1661-A1660)/$H$8) -> 0.99998627 | Z1661: =U1661*Y1661 -> 0.16354634 | AA1661: =V1661*Y1661 -> 0.13711267 | AB1661: =W1661*Y1661 -> 1.0032598 | AC1661: =X1661*Y1661 -> 0.13863603 | AD1661: =SUM(Z1661:AC1661) -> 1.4425549 | AE1661: =MAX(AE1660,AD1661) -> 1.4568444 | AF1661: =AD1661/AE1661-1 -> -0.0098085644 | AG1661: =AD1661/AD1660-1 -> 0.00040434832 | AH1661: =IF(OR(T1661="年末+季度",T1661="季度+动态",T1661="季度",T1661="动态"),A1661,AH1660) -> 46203 | AI1661: =YEAR(A1661) -> 2026 | AJ1661: =MONTH(A1661) -> 9 | AK1661: 5 | AL1661: =IF(AK1660,AD1660,AL1660) -> 1.4419718 | AM1661: =IF(AK1661,AD1661/AL1661-1,"") -> 0.00040434832 | AN1661: =IF(AI1661<>AI1660,AD1661,MAX(AN1660,AD1661)) -> 1.4568444 | AO1661: =AD1661/AN1661-1 -> -0.0098085644 | AP1661: =IFERROR(SUM(Z1661:AC1661)/AD1661,0) -> 1 | AQ1661: =AND(B1661>0,C1661>0,D1661>0,E1661>0) -> TRUE
A1662: =净值底稿!A1623 -> 46272 | B1662: =净值底稿!X1623 -> 1.9014487 | C1662: =净值底稿!U1623 -> 2.0341362 | D1662: =净值底稿!V1623 -> 1.8006 | E1662: =净值底稿!W1623 -> 3.3302 | F1662: =IFERROR(B1662/B1661-1,0) -> -0.0084820513 | G1662: =IFERROR(C1662/C1661-1,0) -> 0 | H1662: =IFERROR(D1662/D1661-1,0) -> 0 | I1662: =IFERROR(E1662/E1661-1,0) -> 0 | J1662: =Z1661*(1+F1662) -> 0.16215914 | K1662: =AA1661*(1+G1662) -> 0.13711267 | L1662: =AB1661*(1+H1662) -> 1.0032598 | M1662: =AC1661*(1+I1662) -> 0.13863603 | N1662: =SUM(J1662:M1662) -> 1.4411677 | O1662: =IFERROR((J1662+K1662)/N1662,0) -> 0.20765925 | P1662: =FALSE() -> FALSE | Q1662: =FALSE() -> FALSE | R1662: =OR(O1662>$E$7,O1662<$E$6) -> FALSE | S1662: =AND(OR(P1662,Q1662,R1662),A1662-AH1661>$E$8) -> FALSE | T1662: =IF(NOT(OR(P1662,Q1662,R1662)),"不调",IF(NOT(S1662),"间隔规则跳过",IF(P1662,"年末+季度",IF(AND(Q1662,R1662),"季度+动态",IF(Q1662,"季度","动态"))))) -> 不调 | U1662: =IF(OR(T1662="年末+季度",T1662="季度+动态"),N1662*$E$5/2,IF(T1662="季度",(J1662+K1662)/2,IF(T1662="动态",N1662*$E$5*IF(J1662+K1662=0,0.5,J1662/(J1662+K1662)),J1662))) -> 0.16215914 | V1662: =IF(OR(T1662="年末+季度",T1662="季度+动态"),N1662*$E$5/2,IF(T1662="季度",(J1662+K1662)/2,IF(T1662="动态",N1662*$E$5*IF(J1662+K1662=0,0.5,K1662/(J1662+K1662)),K1662))) -> 0.13711267 | W1662: =IF(OR(T1662="年末+季度",T1662="季度+动态",T1662="动态"),N1662*(1-$E$5)*IF(L1662+M1662=0,$B$7/($B$7+$B$8),L1662/(L1662+M1662)),L1662) -> 1.0032598 | X1662: =IF(OR(T1662="年末+季度",T1662="季度+动态",T1662="动态"),N1662*(1-$E$5)*IF(L1662+M1662=0,$B$8/($B$7+$B$8),M1662/(L1662+M1662)),M1662) -> 0.13863603 | Y1662: =POWER(1-$H$5,(A1662-A1661)/$H$8) -> 0.9999588 | Z1662: =U1662*Y1662 -> 0.16215245 | AA1662: =V1662*Y1662 -> 0.13710702 | AB1662: =W1662*Y1662 -> 1.0032185 | AC1662: =X1662*Y1662 -> 0.13863032 | AD1662: =SUM(Z1662:AC1662) -> 1.4411083 | AE1662: =MAX(AE1661,AD1662) -> 1.4568444 | AF1662: =AD1662/AE1662-1 -> -0.01080152 | AG1662: =AD1662/AD1661-1 -> -0.0010027916 | AH1662: =IF(OR(T1662="年末+季度",T1662="季度+动态",T1662="季度",T1662="动态"),A1662,AH1661) -> 46203 | AI1662: =YEAR(A1662) -> 2026 | AJ1662: =MONTH(A1662) -> 9 | AK1662: 6 | AL1662: =IF(AK1661,AD1661,AL1661) -> 1.4425549 | AM1662: =IF(AK1662,AD1662/AL1662-1,"") -> -0.0010027916 | AN1662: =IF(AI1662<>AI1661,AD1662,MAX(AN1661,AD1662)) -> 1.4568444 | AO1662: =AD1662/AN1662-1 -> -0.01080152 | AP1662: =IFERROR(SUM(Z1662:AC1662)/AD1662,0) -> 1 | AQ1662: =AND(B1662>0,C1662>0,D1662>0,E1662>0) -> TRUE
A1663: =净值底稿!A1624 -> 46273 | B1663: =净值底稿!X1624 -> 1.9154865 | C1663: =净值底稿!U1624 -> 2.0341362 | D1663: =净值底稿!V1624 -> 1.8006 | E1663: =净值底稿!W1624 -> 3.3302 | F1663: =IFERROR(B1663/B1662-1,0) -> 0.0073826688 | G1663: =IFERROR(C1663/C1662-1,0) -> 0 | H1663: =IFERROR(D1663/D1662-1,0) -> 0 | I1663: =IFERROR(E1663/E1662-1,0) -> 0 | J1663: =Z1662*(1+F1663) -> 0.16334957 | K1663: =AA1662*(1+G1663) -> 0.13710702 | L1663: =AB1662*(1+H1663) -> 1.0032185 | M1663: =AC1662*(1+I1663) -> 0.13863032 | N1663: =SUM(J1663:M1663) -> 1.4423054 | O1663: =IFERROR((J1663+K1663)/N1663,0) -> 0.2083169 | P1663: =FALSE() -> FALSE | Q1663: =FALSE() -> FALSE | R1663: =OR(O1663>$E$7,O1663<$E$6) -> FALSE | S1663: =AND(OR(P1663,Q1663,R1663),A1663-AH1662>$E$8) -> FALSE | T1663: =IF(NOT(OR(P1663,Q1663,R1663)),"不调",IF(NOT(S1663),"间隔规则跳过",IF(P1663,"年末+季度",IF(AND(Q1663,R1663),"季度+动态",IF(Q1663,"季度","动态"))))) -> 不调 | U1663: =IF(OR(T1663="年末+季度",T1663="季度+动态"),N1663*$E$5/2,IF(T1663="季度",(J1663+K1663)/2,IF(T1663="动态",N1663*$E$5*IF(J1663+K1663=0,0.5,J1663/(J1663+K1663)),J1663))) -> 0.16334957 | V1663: =IF(OR(T1663="年末+季度",T1663="季度+动态"),N1663*$E$5/2,IF(T1663="季度",(J1663+K1663)/2,IF(T1663="动态",N1663*$E$5*IF(J1663+K1663=0,0.5,K1663/(J1663+K1663)),K1663))) -> 0.13710702 | W1663: =IF(OR(T1663="年末+季度",T1663="季度+动态",T1663="动态"),N1663*(1-$E$5)*IF(L1663+M1663=0,$B$7/($B$7+$B$8),L1663/(L1663+M1663)),L1663) -> 1.0032185 | X1663: =IF(OR(T1663="年末+季度",T1663="季度+动态",T1663="动态"),N1663*(1-$E$5)*IF(L1663+M1663=0,$B$8/($B$7+$B$8),M1663/(L1663+M1663)),M1663) -> 0.13863032 | Y1663: =POWER(1-$H$5,(A1663-A1662)/$H$8) -> 0.99998627 | Z1663: =U1663*Y1663 -> 0.16334733 | AA1663: =V1663*Y1663 -> 0.13710514 | AB1663: =W1663*Y1663 -> 1.0032047 | AC1663: =X1663*Y1663 -> 0.13862841 | AD1663: =SUM(Z1663:AC1663) -> 1.4422856 | AE1663: =MAX(AE1662,AD1663) -> 1.4568444 | AF1663: =AD1663/AE1663-1 -> -0.0099933961 | AG1663: =AD1663/AD1662-1 -> 0.0008169482 | AH1663: =IF(OR(T1663="年末+季度",T1663="季度+动态",T1663="季度",T1663="动态"),A1663,AH1662) -> 46203 | AI1663: =YEAR(A1663) -> 2026 | AJ1663: =MONTH(A1663) -> 9 | AK1663: 7 | AL1663: =IF(AK1662,AD1662,AL1662) -> 1.4411083 | AM1663: =IF(AK1663,AD1663/AL1663-1,"") -> 0.0008169482 | AN1663: =IF(AI1663<>AI1662,AD1663,MAX(AN1662,AD1663)) -> 1.4568444 | AO1663: =AD1663/AN1663-1 -> -0.0099933961 | AP1663: =IFERROR(SUM(Z1663:AC1663)/AD1663,0) -> 1 | AQ1663: =AND(B1663>0,C1663>0,D1663>0,E1663>0) -> TRUE
A1664: =净值底稿!A1625 -> 46274 | B1664: =净值底稿!X1625 -> 1.920359 | C1664: =净值底稿!U1625 -> 2.0341362 | D1664: =净值底稿!V1625 -> 1.8006 | E1664: =净值底稿!W1625 -> 3.3302 | F1664: =IFERROR(B1664/B1663-1,0) -> 0.0025437834 | G1664: =IFERROR(C1664/C1663-1,0) -> 0 | H1664: =IFERROR(D1664/D1663-1,0) -> 0 | I1664: =IFERROR(E1664/E1663-1,0) -> 0 | J1664: =Z1663*(1+F1664) -> 0.16376285 | K1664: =AA1663*(1+G1664) -> 0.13710514 | L1664: =AB1663*(1+H1664) -> 1.0032047 | M1664: =AC1663*(1+I1664) -> 0.13862841 | N1664: =SUM(J1664:M1664) -> 1.4427011 | O1664: =IFERROR((J1664+K1664)/N1664,0) -> 0.20854492 | P1664: =FALSE() -> FALSE | Q1664: =FALSE() -> FALSE | R1664: =OR(O1664>$E$7,O1664<$E$6) -> FALSE | S1664: =AND(OR(P1664,Q1664,R1664),A1664-AH1663>$E$8) -> FALSE | T1664: =IF(NOT(OR(P1664,Q1664,R1664)),"不调",IF(NOT(S1664),"间隔规则跳过",IF(P1664,"年末+季度",IF(AND(Q1664,R1664),"季度+动态",IF(Q1664,"季度","动态"))))) -> 不调 | U1664: =IF(OR(T1664="年末+季度",T1664="季度+动态"),N1664*$E$5/2,IF(T1664="季度",(J1664+K1664)/2,IF(T1664="动态",N1664*$E$5*IF(J1664+K1664=0,0.5,J1664/(J1664+K1664)),J1664))) -> 0.16376285 | V1664: =IF(OR(T1664="年末+季度",T1664="季度+动态"),N1664*$E$5/2,IF(T1664="季度",(J1664+K1664)/2,IF(T1664="动态",N1664*$E$5*IF(J1664+K1664=0,0.5,K1664/(J1664+K1664)),K1664))) -> 0.13710514 | W1664: =IF(OR(T1664="年末+季度",T1664="季度+动态",T1664="动态"),N1664*(1-$E$5)*IF(L1664+M1664=0,$B$7/($B$7+$B$8),L1664/(L1664+M1664)),L1664) -> 1.0032047 | X1664: =IF(OR(T1664="年末+季度",T1664="季度+动态",T1664="动态"),N1664*(1-$E$5)*IF(L1664+M1664=0,$B$8/($B$7+$B$8),M1664/(L1664+M1664)),M1664) -> 0.13862841 | Y1664: =POWER(1-$H$5,(A1664-A1663)/$H$8) -> 0.99998627 | Z1664: =U1664*Y1664 -> 0.1637606 | AA1664: =V1664*Y1664 -> 0.13710325 | AB1664: =W1664*Y1664 -> 1.0031909 | AC1664: =X1664*Y1664 -> 0.13862651 | AD1664: =SUM(Z1664:AC1664) -> 1.4426813 | AE1664: =MAX(AE1663,AD1664) -> 1.4568444 | AF1664: =AD1664/AE1664-1 -> -0.0097217764 | AG1664: =AD1664/AD1663-1 -> 0.00027436158 | AH1664: =IF(OR(T1664="年末+季度",T1664="季度+动态",T1664="季度",T1664="动态"),A1664,AH1663) -> 46203 | AI1664: =YEAR(A1664) -> 2026 | AJ1664: =MONTH(A1664) -> 9 | AK1664: 8 | AL1664: =IF(AK1663,AD1663,AL1663) -> 1.4422856 | AM1664: =IF(AK1664,AD1664/AL1664-1,"") -> 0.00027436158 | AN1664: =IF(AI1664<>AI1663,AD1664,MAX(AN1663,AD1664)) -> 1.4568444 | AO1664: =AD1664/AN1664-1 -> -0.0097217764 | AP1664: =IFERROR(SUM(Z1664:AC1664)/AD1664,0) -> 1 | AQ1664: =AND(B1664>0,C1664>0,D1664>0,E1664>0) -> TRUE
A1665: =净值底稿!A1626 -> 46275 | B1665: =净值底稿!X1626 -> 1.9225483 | C1665: =净值底稿!U1626 -> 2.0341362 | D1665: =净值底稿!V1626 -> 1.8006 | E1665: =净值底稿!W1626 -> 3.3302 | F1665: =IFERROR(B1665/B1664-1,0) -> 0.0011400318 | G1665: =IFERROR(C1665/C1664-1,0) -> 0 | H1665: =IFERROR(D1665/D1664-1,0) -> 0 | I1665: =IFERROR(E1665/E1664-1,0) -> 0 | J1665: =Z1664*(1+F1665) -> 0.16394729 | K1665: =AA1664*(1+G1665) -> 0.13710325 | L1665: =AB1664*(1+H1665) -> 1.0031909 | M1665: =AC1664*(1+I1665) -> 0.13862651 | N1665: =SUM(J1665:M1665) -> 1.442868 | O1665: =IFERROR((J1665+K1665)/N1665,0) -> 0.20864732 | P1665: =FALSE() -> FALSE | Q1665: =FALSE() -> FALSE | R1665: =OR(O1665>$E$7,O1665<$E$6) -> FALSE | S1665: =AND(OR(P1665,Q1665,R1665),A1665-AH1664>$E$8) -> FALSE | T1665: =IF(NOT(OR(P1665,Q1665,R1665)),"不调",IF(NOT(S1665),"间隔规则跳过",IF(P1665,"年末+季度",IF(AND(Q1665,R1665),"季度+动态",IF(Q1665,"季度","动态"))))) -> 不调 | U1665: =IF(OR(T1665="年末+季度",T1665="季度+动态"),N1665*$E$5/2,IF(T1665="季度",(J1665+K1665)/2,IF(T1665="动态",N1665*$E$5*IF(J1665+K1665=0,0.5,J1665/(J1665+K1665)),J1665))) -> 0.16394729 | V1665: =IF(OR(T1665="年末+季度",T1665="季度+动态"),N1665*$E$5/2,IF(T1665="季度",(J1665+K1665)/2,IF(T1665="动态",N1665*$E$5*IF(J1665+K1665=0,0.5,K1665/(J1665+K1665)),K1665))) -> 0.13710325 | W1665: =IF(OR(T1665="年末+季度",T1665="季度+动态",T1665="动态"),N1665*(1-$E$5)*IF(L1665+M1665=0,$B$7/($B$7+$B$8),L1665/(L1665+M1665)),L1665) -> 1.0031909 | X1665: =IF(OR(T1665="年末+季度",T1665="季度+动态",T1665="动态"),N1665*(1-$E$5)*IF(L1665+M1665=0,$B$8/($B$7+$B$8),M1665/(L1665+M1665)),M1665) -> 0.13862651 | Y1665: =POWER(1-$H$5,(A1665-A1664)/$H$8) -> 0.99998627 | Z1665: =U1665*Y1665 -> 0.16394504 | AA1665: =V1665*Y1665 -> 0.13710137 | AB1665: =W1665*Y1665 -> 1.0031772 | AC1665: =X1665*Y1665 -> 0.1386246 | AD1665: =SUM(Z1665:AC1665) -> 1.4428482 | AE1665: =MAX(AE1664,AD1665) -> 1.4568444 | AF1665: =AD1665/AE1665-1 -> -0.0096072291 | AG1665: =AD1665/AD1664-1 -> 0.00011567179 | AH1665: =IF(OR(T1665="年末+季度",T1665="季度+动态",T1665="季度",T1665="动态"),A1665,AH1664) -> 46203 | AI1665: =YEAR(A1665) -> 2026 | AJ1665: =MONTH(A1665) -> 9 | AK1665: 9 | AL1665: =IF(AK1664,AD1664,AL1664) -> 1.4426813 | AM1665: =IF(AK1665,AD1665/AL1665-1,"") -> 0.00011567179 | AN1665: =IF(AI1665<>AI1664,AD1665,MAX(AN1664,AD1665)) -> 1.4568444 | AO1665: =AD1665/AN1665-1 -> -0.0096072291 | AP1665: =IFERROR(SUM(Z1665:AC1665)/AD1665,0) -> 1 | AQ1665: =AND(B1665>0,C1665>0,D1665>0,E1665>0) -> TRUE
A1666: =净值底稿!A1627 -> 46276 | B1666: =净值底稿!X1627 -> 1.9045925 | C1666: =净值底稿!U1627 -> 2.0341362 | D1666: =净值底稿!V1627 -> 1.8006 | E1666: =净值底稿!W1627 -> 3.3302 | F1666: =IFERROR(B1666/B1665-1,0) -> -0.0093396108 | G1666: =IFERROR(C1666/C1665-1,0) -> 0 | H1666: =IFERROR(D1666/D1665-1,0) -> 0 | I1666: =IFERROR(E1666/E1665-1,0) -> 0 | J1666: =Z1665*(1+F1666) -> 0.16241386 | K1666: =AA1665*(1+G1666) -> 0.13710137 | L1666: =AB1665*(1+H1666) -> 1.0031772 | M1666: =AC1665*(1+I1666) -> 0.1386246 | N1666: =SUM(J1666:M1666) -> 1.441317 | O1666: =IFERROR((J1666+K1666)/N1666,0) -> 0.20780663 | P1666: =FALSE() -> FALSE | Q1666: =FALSE() -> FALSE | R1666: =OR(O1666>$E$7,O1666<$E$6) -> FALSE | S1666: =AND(OR(P1666,Q1666,R1666),A1666-AH1665>$E$8) -> FALSE | T1666: =IF(NOT(OR(P1666,Q1666,R1666)),"不调",IF(NOT(S1666),"间隔规则跳过",IF(P1666,"年末+季度",IF(AND(Q1666,R1666),"季度+动态",IF(Q1666,"季度","动态"))))) -> 不调 | U1666: =IF(OR(T1666="年末+季度",T1666="季度+动态"),N1666*$E$5/2,IF(T1666="季度",(J1666+K1666)/2,IF(T1666="动态",N1666*$E$5*IF(J1666+K1666=0,0.5,J1666/(J1666+K1666)),J1666))) -> 0.16241386 | V1666: =IF(OR(T1666="年末+季度",T1666="季度+动态"),N1666*$E$5/2,IF(T1666="季度",(J1666+K1666)/2,IF(T1666="动态",N1666*$E$5*IF(J1666+K1666=0,0.5,K1666/(J1666+K1666)),K1666))) -> 0.13710137 | W1666: =IF(OR(T1666="年末+季度",T1666="季度+动态",T1666="动态"),N1666*(1-$E$5)*IF(L1666+M1666=0,$B$7/($B$7+$B$8),L1666/(L1666+M1666)),L1666) -> 1.0031772 | X1666: =IF(OR(T1666="年末+季度",T1666="季度+动态",T1666="动态"),N1666*(1-$E$5)*IF(L1666+M1666=0,$B$8/($B$7+$B$8),M1666/(L1666+M1666)),M1666) -> 0.1386246 | Y1666: =POWER(1-$H$5,(A1666-A1665)/$H$8) -> 0.99998627 | Z1666: =U1666*Y1666 -> 0.16241163 | AA1666: =V1666*Y1666 -> 0.13709949 | AB1666: =W1666*Y1666 -> 1.0031634 | AC1666: =X1666*Y1666 -> 0.1386227 | AD1666: =SUM(Z1666:AC1666) -> 1.4412972 | AE1666: =MAX(AE1665,AD1666) -> 1.4568444 | AF1666: =AD1666/AE1666-1 -> -0.010671843 | AG1666: =AD1666/AD1665-1 -> -0.0010749408 | AH1666: =IF(OR(T1666="年末+季度",T1666="季度+动态",T1666="季度",T1666="动态"),A1666,AH1665) -> 46203 | AI1666: =YEAR(A1666) -> 2026 | AJ1666: =MONTH(A1666) -> 9 | AK1666: 10 | AL1666: =IF(AK1665,AD1665,AL1665) -> 1.4428482 | AM1666: =IF(AK1666,AD1666/AL1666-1,"") -> -0.0010749408 | AN1666: =IF(AI1666<>AI1665,AD1666,MAX(AN1665,AD1666)) -> 1.4568444 | AO1666: =AD1666/AN1666-1 -> -0.010671843 | AP1666: =IFERROR(SUM(Z1666:AC1666)/AD1666,0) -> 1 | AQ1666: =AND(B1666>0,C1666>0,D1666>0,E1666>0) -> TRUE
A1667: =净值底稿!A1628 -> 46279 | B1667: =净值底稿!X1628 -> 1.9101627 | C1667: =净值底稿!U1628 -> 2.0341362 | D1667: =净值底稿!V1628 -> 1.8006 | E1667: =净值底稿!W1628 -> 3.3302 | F1667: =IFERROR(B1667/B1666-1,0) -> 0.0029246603 | G1667: =IFERROR(C1667/C1666-1,0) -> 0 | H1667: =IFERROR(D1667/D1666-1,0) -> 0 | I1667: =IFERROR(E1667/E1666-1,0) -> 0 | J1667: =Z1666*(1+F1667) -> 0.16288663 | K1667: =AA1666*(1+G1667) -> 0.13709949 | L1667: =AB1666*(1+H1667) -> 1.0031634 | M1667: =AC1666*(1+I1667) -> 0.1386227 | N1667: =SUM(J1667:M1667) -> 1.4417722 | O1667: =IFERROR((J1667+K1667)/N1667,0) -> 0.20806762 | P1667: =FALSE() -> FALSE | Q1667: =FALSE() -> FALSE | R1667: =OR(O1667>$E$7,O1667<$E$6) -> FALSE | S1667: =AND(OR(P1667,Q1667,R1667),A1667-AH1666>$E$8) -> FALSE | T1667: =IF(NOT(OR(P1667,Q1667,R1667)),"不调",IF(NOT(S1667),"间隔规则跳过",IF(P1667,"年末+季度",IF(AND(Q1667,R1667),"季度+动态",IF(Q1667,"季度","动态"))))) -> 不调 | U1667: =IF(OR(T1667="年末+季度",T1667="季度+动态"),N1667*$E$5/2,IF(T1667="季度",(J1667+K1667)/2,IF(T1667="动态",N1667*$E$5*IF(J1667+K1667=0,0.5,J1667/(J1667+K1667)),J1667))) -> 0.16288663 | V1667: =IF(OR(T1667="年末+季度",T1667="季度+动态"),N1667*$E$5/2,IF(T1667="季度",(J1667+K1667)/2,IF(T1667="动态",N1667*$E$5*IF(J1667+K1667=0,0.5,K1667/(J1667+K1667)),K1667))) -> 0.13709949 | W1667: =IF(OR(T1667="年末+季度",T1667="季度+动态",T1667="动态"),N1667*(1-$E$5)*IF(L1667+M1667=0,$B$7/($B$7+$B$8),L1667/(L1667+M1667)),L1667) -> 1.0031634 | X1667: =IF(OR(T1667="年末+季度",T1667="季度+动态",T1667="动态"),N1667*(1-$E$5)*IF(L1667+M1667=0,$B$8/($B$7+$B$8),M1667/(L1667+M1667)),M1667) -> 0.1386227 | Y1667: =POWER(1-$H$5,(A1667-A1666)/$H$8) -> 0.9999588 | Z1667: =U1667*Y1667 -> 0.16287992 | AA1667: =V1667*Y1667 -> 0.13709384 | AB1667: =W1667*Y1667 -> 1.0031221 | AC1667: =X1667*Y1667 -> 0.13861699 | AD1667: =SUM(Z1667:AC1667) -> 1.4417128 | AE1667: =MAX(AE1666,AD1667) -> 1.4568444 | AF1667: =AD1667/AE1667-1 -> -0.010386568 | AG1667: =AD1667/AD1666-1 -> 0.00028835172 | AH1667: =IF(OR(T1667="年末+季度",T1667="季度+动态",T1667="季度",T1667="动态"),A1667,AH1666) -> 46203 | AI1667: =YEAR(A1667) -> 2026 | AJ1667: =MONTH(A1667) -> 9 | AK1667: 11 | AL1667: =IF(AK1666,AD1666,AL1666) -> 1.4412972 | AM1667: =IF(AK1667,AD1667/AL1667-1,"") -> 0.00028835172 | AN1667: =IF(AI1667<>AI1666,AD1667,MAX(AN1666,AD1667)) -> 1.4568444 | AO1667: =AD1667/AN1667-1 -> -0.010386568 | AP1667: =IFERROR(SUM(Z1667:AC1667)/AD1667,0) -> 1 | AQ1667: =AND(B1667>0,C1667>0,D1667>0,E1667>0) -> TRUE
A1668: =净值底稿!A1629 -> 46280 | B1668: =净值底稿!X1629 -> 1.8969105 | C1668: =净值底稿!U1629 -> 2.0341362 | D1668: =净值底稿!V1629 -> 1.8006 | E1668: =净值底稿!W1629 -> 3.3302 | F1668: =IFERROR(B1668/B1667-1,0) -> -0.0069377573 | G1668: =IFERROR(C1668/C1667-1,0) -> 0 | H1668: =IFERROR(D1668/D1667-1,0) -> 0 | I1668: =IFERROR(E1668/E1667-1,0) -> 0 | J1668: =Z1667*(1+F1668) -> 0.1617499 | K1668: =AA1667*(1+G1668) -> 0.13709384 | L1668: =AB1667*(1+H1668) -> 1.0031221 | M1668: =AC1667*(1+I1668) -> 0.13861699 | N1668: =SUM(J1668:M1668) -> 1.4405828 | O1668: =IFERROR((J1668+K1668)/N1668,0) -> 0.20744641 | P1668: =FALSE() -> FALSE | Q1668: =FALSE() -> FALSE | R1668: =OR(O1668>$E$7,O1668<$E$6) -> FALSE | S1668: =AND(OR(P1668,Q1668,R1668),A1668-AH1667>$E$8) -> FALSE | T1668: =IF(NOT(OR(P1668,Q1668,R1668)),"不调",IF(NOT(S1668),"间隔规则跳过",IF(P1668,"年末+季度",IF(AND(Q1668,R1668),"季度+动态",IF(Q1668,"季度","动态"))))) -> 不调 | U1668: =IF(OR(T1668="年末+季度",T1668="季度+动态"),N1668*$E$5/2,IF(T1668="季度",(J1668+K1668)/2,IF(T1668="动态",N1668*$E$5*IF(J1668+K1668=0,0.5,J1668/(J1668+K1668)),J1668))) -> 0.1617499 | V1668: =IF(OR(T1668="年末+季度",T1668="季度+动态"),N1668*$E$5/2,IF(T1668="季度",(J1668+K1668)/2,IF(T1668="动态",N1668*$E$5*IF(J1668+K1668=0,0.5,K1668/(J1668+K1668)),K1668))) -> 0.13709384 | W1668: =IF(OR(T1668="年末+季度",T1668="季度+动态",T1668="动态"),N1668*(1-$E$5)*IF(L1668+M1668=0,$B$7/($B$7+$B$8),L1668/(L1668+M1668)),L1668) -> 1.0031221 | X1668: =IF(OR(T1668="年末+季度",T1668="季度+动态",T1668="动态"),N1668*(1-$E$5)*IF(L1668+M1668=0,$B$8/($B$7+$B$8),M1668/(L1668+M1668)),M1668) -> 0.13861699 | Y1668: =POWER(1-$H$5,(A1668-A1667)/$H$8) -> 0.99998627 | Z1668: =U1668*Y1668 -> 0.16174767 | AA1668: =V1668*Y1668 -> 0.13709196 | AB1668: =W1668*Y1668 -> 1.0031083 | AC1668: =X1668*Y1668 -> 0.13861509 | AD1668: =SUM(Z1668:AC1668) -> 1.440563 | AE1668: =MAX(AE1667,AD1668) -> 1.4568444 | AF1668: =AD1668/AE1668-1 -> -0.011175811 | AG1668: =AD1668/AD1667-1 -> -0.00079752686 | AH1668: =IF(OR(T1668="年末+季度",T1668="季度+动态",T1668="季度",T1668="动态"),A1668,AH1667) -> 46203 | AI1668: =YEAR(A1668) -> 2026 | AJ1668: =MONTH(A1668) -> 9 | AK1668: 12 | AL1668: =IF(AK1667,AD1667,AL1667) -> 1.4417128 | AM1668: =IF(AK1668,AD1668/AL1668-1,"") -> -0.00079752686 | AN1668: =IF(AI1668<>AI1667,AD1668,MAX(AN1667,AD1668)) -> 1.4568444 | AO1668: =AD1668/AN1668-1 -> -0.011175811 | AP1668: =IFERROR(SUM(Z1668:AC1668)/AD1668,0) -> 1 | AQ1668: =AND(B1668>0,C1668>0,D1668>0,E1668>0) -> TRUE
... A1670: =净值底稿!A1631 -> 46282 | B1670: =净值底稿!X1631 -> 1.8821257 | C1670: =净值底稿!U1631 -> 2.0341362 | D1670: =净值底稿!V1631 -> 1.8006 | E1670: =净值底稿!W1631 -> 3.3302 | F1670: =IFERROR(B1670/B1669-1,0) -> -0.0024267797 | G1670: =IFERROR(C1670/C1669-1,0) -> 0 | H1670: =IFERROR(D1670/D1669-1,0) -> 0 | I1670: =IFERROR(E1670/E1669-1,0) -> 0 | J1670: =Z1669*(1+F1670) -> 0.16048479 | K1670: =AA1669*(1+G1670) -> 0.13709007 | L1670: =AB1669*(1+H1670) -> 1.0030945 | M1670: =AC1669*(1+I1670) -> 0.13861318 | N1670: =SUM(J1670:M1670) -> 1.4392826 | O1670: =IFERROR((J1670+K1670)/N1670,0) -> 0.20675222 | P1670: =FALSE() -> FALSE | Q1670: =FALSE() -> FALSE | R1670: =OR(O1670>$E$7,O1670<$E$6) -> FALSE | S1670: =AND(OR(P1670,Q1670,R1670),A1670-AH1669>$E$8) -> FALSE | T1670: =IF(NOT(OR(P1670,Q1670,R1670)),"不调",IF(NOT(S1670),"间隔规则跳过",IF(P1670,"年末+季度",IF(AND(Q1670,R1670),"季度+动态",IF(Q1670,"季度","动态"))))) -> 不调 | U1670: =IF(OR(T1670="年末+季度",T1670="季度+动态"),N1670*$E$5/2,IF(T1670="季度",(J1670+K1670)/2,IF(T1670="动态",N1670*$E$5*IF(J1670+K1670=0,0.5,J1670/(J1670+K1670)),J1670))) -> 0.16048479 | V1670: =IF(OR(T1670="年末+季度",T1670="季度+动态"),N1670*$E$5/2,IF(T1670="季度",(J1670+K1670)/2,IF(T1670="动态",N1670*$E$5*IF(J1670+K1670=0,0.5,K1670/(J1670+K1670)),K1670))) -> 0.13709007 | W1670: =IF(OR(T1670="年末+季度",T1670="季度+动态",T1670="动态"),N1670*(1-$E$5)*IF(L1670+M1670=0,$B$7/($B$7+$B$8),L1670/(L1670+M1670)),L1670) -> 1.0030945 | X1670: =IF(OR(T1670="年末+季度",T1670="季度+动态",T1670="动态"),N1670*(1-$E$5)*IF(L1670+M1670=0,$B$8/($B$7+$B$8),M1670/(L1670+M1670)),M1670) -> 0.13861318 | Y1670: =POWER(1-$H$5,(A1670-A1669)/$H$8) -> 0.99998627 | Z1670: =U1670*Y1670 -> 0.16048258 | AA1670: =V1670*Y1670 -> 0.13708819 | AB1670: =W1670*Y1670 -> 1.0030807 | AC1670: =X1670*Y1670 -> 0.13861128 | AD1670: =SUM(Z1670:AC1670) -> 1.4392628 | AE1670: =MAX(AE1669,AD1670) -> 1.4568444 | AF1670: =AD1670/AE1670-1 -> -0.012068297 | AG1670: =AD1670/AD1669-1 -> -0.00028490789 | AH1670: =IF(OR(T1670="年末+季度",T1670="季度+动态",T1670="季度",T1670="动态"),A1670,AH1669) -> 46203 | AI1670: =YEAR(A1670) -> 2026 | AJ1670: =MONTH(A1670) -> 9 | AK1670: 14 | AL1670: =IF(AK1669,AD1669,AL1669) -> 1.439673 | AM1670: =IF(AK1670,AD1670/AL1670-1,"") -> -0.00028490789 | AN1670: =IF(AI1670<>AI1669,AD1670,MAX(AN1669,AD1670)) -> 1.4568444 | AO1670: =AD1670/AN1670-1 -> -0.012068297 | AP1670: =IFERROR(SUM(Z1670:AC1670)/AD1670,0) -> 1 | AQ1670: =AND(B1670>0,C1670>0,D1670>0,E1670>0) -> TRUE
