Workbook
Name _ChartDates: 实盘组合净值!$A$8:INDEX(实盘组合净值!$A$8:$A$1000,MATCH(9.99999999999999E+307,实盘组合净值!$A$8:$A$1000))
Name _ChartDates: 实盘组合净值!$A$5:INDEX(实盘组合净值!$A$5:$A$1000,MATCH(9.99999999999999E+307,实盘组合净值!$A$5:$A$1000))
Name _ChartDates: 实盘组合净值!$A$8:INDEX(实盘组合净值!$A$8:$A$1000,MATCH(9.99999999999999E+307,实盘组合净值!$A$8:$A$1000))
Name _ChartDates: 实盘组合净值!$A$6:INDEX(实盘组合净值!$A$6:$A$1000,MATCH(9.99999999999999E+307,实盘组合净值!$A$6:$A$1000))
Name _ChartDates: 实盘组合净值!$A$7:INDEX(实盘组合净值!$A$7:$A$1000,MATCH(9.99999999999999E+307,实盘组合净值!$A$7:$A$1000))
Name _ChartDates: 实盘组合净值!$A$5:INDEX(实盘组合净值!$A$5:$A$1000,MATCH(9.99999999999999E+307,实盘组合净值!$A$5:$A$1000))
Name _ChartValues: 实盘组合净值!$K$8:INDEX(实盘组合净值!$K$8:$K$1000,MATCH(9.99999999999999E+307,实盘组合净值!$A$8:$A$1000))
Name _ChartValues: 实盘组合净值!$N$5:INDEX(实盘组合净值!$N$5:$N$1000,MATCH(9.99999999999999E+307,实盘组合净值!$A$5:$A$1000))
Name _ChartValues: 实盘组合净值!$Q$8:INDEX(实盘组合净值!$Q$8:$Q$1000,MATCH(9.99999999999999E+307,实盘组合净值!$A$8:$A$1000))
Name _ChartValues: 实盘组合净值!$B$6:INDEX(实盘组合净值!$B$6:$B$1000,MATCH(9.99999999999999E+307,实盘组合净值!$A$6:$A$1000))
Name _ChartValues: 实盘组合净值!$H$7:INDEX(实盘组合净值!$H$7:$H$1000,MATCH(9.99999999999999E+307,实盘组合净值!$A$7:$A$1000))
Name _ChartValues: 实盘组合净值!$E$5:INDEX(实盘组合净值!$E$5:$E$1000,MATCH(9.99999999999999E+307,实盘组合净值!$A$5:$A$1000))

Sheet 实盘持仓初始配置
A1: 持仓配置（实盘·初始权重）
A2: 基金简称 | B2: 华安黄金ETF联接A | C2: 嘉实快线货币A | D2: 宏利复兴混合A | E2: 博道沪深300增强A | F2: 博道沪深300指增C | G2: 国泰通信设备ETF联接A | H2: 国泰通信设备C | I2: 嘉实前沿科技创新 | J2: 银华集成电路混合A | K2: 银华集成电路混合C | L2: 天弘中证1000指增A | M2: 天弘中证1000指增C | N2: 中欧中证500指增A | O2: 中欧中证500指增C | P2: 信澳业绩驱动A | Q2: 嘉实信息产业A | R2: 嘉实信息产业C | S2: 宏利复兴伟业C | T2: 国泰半导体材料设备ETF联接A | U2: 国泰半导体材料设备C | V2: 华泰柏瑞中证2000指增A | W2: 华泰柏瑞中证2000指增C | X2: 易方达中债新综指LOFA | Y2: 合计 | Z2: 年化费率 | AA2: 净值起始日
A3: 基金代码 | B3: 000216.OF | C3: 000917.OF | D3: 001170.OF | E3: 007044.OF | F3: 007045.OF | G3: 007817.OF | H3: 007818.OF | I3: 009993.OF | J3: 013840.OF | K3: 013841.OF | L3: 014201.OF | M3: 014202.OF | N3: 015453.OF | O3: 015454.OF | P3: 016370.OF | Q3: 017488.OF | R3: 017489.OF | S3: 017612.OF | T3: 019632.OF | U3: 019633.OF | V3: 019923.OF | W3: 019924.OF | X3: 161119.OF
A4: 产业趋势 权重 | B4: 0 | C4: 0.02 | D4: 0.19 | E4: 0 | F4: 0 | G4: 0.11 | H4: 0 | I4: 0 | J4: 0.19 | K4: 0 | L4: 0 | M4: 0 | N4: 0 | O4: 0 | P4: 0.19 | Q4: 0.19 | R4: 0 | S4: 0 | T4: 0.11 | U4: 0 | V4: 0 | W4: 0 | X4: 0 | Y4: =SUM(B4:X4) -> 1 | Z4: 0.015 | AA4: 46195
A5: 产业趋势基石 权重 | B5: 0 | C5: 0.02 | D5: 0.19 | E5: 0 | F5: 0 | G5: 0.11 | H5: 0 | I5: 0 | J5: 0.19 | K5: 0 | L5: 0 | M5: 0 | N5: 0 | O5: 0 | P5: 0.19 | Q5: 0.19 | R5: 0 | S5: 0 | T5: 0.11 | U5: 0 | V5: 0 | W5: 0 | X5: 0 | Y5: =SUM(B5:X5) -> 1 | Z5: 0.012 | AA5: 46191
A6: 产业趋势2号 权重 | B6: 0 | C6: 0.02 | D6: 0 | E6: 0 | F6: 0 | G6: 0 | H6: 0.11 | I6: 0.19 | J6: 0 | K6: 0.19 | L6: 0 | M6: 0 | N6: 0 | O6: 0 | P6: 0 | Q6: 0 | R6: 0.19 | S6: 0.19 | T6: 0 | U6: 0.11 | V6: 0 | W6: 0 | X6: 0 | Y6: =SUM(B6:X6) -> 1 | Z6: 0.015 | AA6: 46196
A7: 10-90 权重 | B7: 0.05 | C7: 0.02 | D7: 0 | E7: 0 | F7: 0.0125 | G7: 0 | H7: 0.005 | I7: 0.01 | J7: 0 | K7: 0.01 | L7: 0 | M7: 0.0125 | N7: 0 | O7: 0.0125 | P7: 0 | Q7: 0 | R7: 0.01 | S7: 0.01 | T7: 0 | U7: 0.005 | V7: 0 | W7: 0.0125 | X7: 0.83 | Y7: =SUM(B7:X7) -> 1 | Z7: 0.008 | AA7: 46197
A8: 10-90基石 权重 | B8: 0.05 | C8: 0.02 | D8: 0.01 | E8: 0.0125 | F8: 0 | G8: 0.005 | H8: 0 | I8: 0 | J8: 0.01 | K8: 0 | L8: 0.0125 | M8: 0 | N8: 0.0125 | O8: 0 | P8: 0.01 | Q8: 0.01 | R8: 0 | S8: 0 | T8: 0.005 | U8: 0 | V8: 0.0125 | W8: 0 | X8: 0.83 | Y8: =SUM(B8:X8) -> 1 | Z8: 0.005 | AA8: 46191
A9: 30-70 权重 | B9: 0.1 | C9: 0.02 | D9: 0 | E9: 0 | F9: 0.0375 | G9: 0 | H9: 0.015 | I9: 0.03 | J9: 0 | K9: 0.03 | L9: 0 | M9: 0.0375 | N9: 0 | O9: 0.0375 | P9: 0 | Q9: 0 | R9: 0.03 | S9: 0.03 | T9: 0 | U9: 0.015 | V9: 0 | W9: 0.0375 | X9: 0.58 | Y9: =SUM(B9:X9) -> 1 | Z9: 0.012 | AA9: 46197
A11: 权重蓝色输入；Z列为各组合年化费率、AA列为各组合净值起始日(当日净值=1)。新增交易日下拉填充，下游净值与看板自动重算。

Sheet 偏离度监控
A1: 样板间投顾组合 · 偏离度监控
A2: 净值截止日 | B2: =$B$82 -> 46280 | C2: 权重口径 | D2: 上一完整交易日（避免当日净值更新不同步） | I2: 配比预警阈值 | J2: 0.02 | K2: 主动基金上限 | L2: 0.2
A3: 三个产业趋势组合展示全部最新持仓；10-90（含基石）及30-70的结构偏离按目标配比监控。红色表示超过约束或预警阈值。
A5: 1. 产业趋势组合详细持仓及集中度风险 | F5: 数据截止日 | G5: =$B$82 -> 46280
A6: 组合 | B6: 基金代码 | C6: 基金简称 | D6: 基金类型 | E6: 当前权重 | F6: 是否超限 | G6: 调仓生效日
A7: =IF(B7<>"","产业趋势","") -> 产业趋势 | B7: =IFERROR(INDEX($A$53:$A$76,MATCH(1,M$53:M$76,0)),"") -> 000917.OF | C7: =IFERROR(INDEX($B$53:$B$76,MATCH(1,M$53:M$76,0)),"") -> 嘉实快线货币A | D7: =IFERROR(INDEX($E$53:$E$76,MATCH(1,M$53:M$76,0)),"") -> 货币 | E7: =IFERROR(INDEX(G$53:G$76,MATCH(1,M$53:M$76,0)),"") -> 0.055345911 | F7: =IF(B7="","",IF(D7<>"主动","不适用",IF(E7>$L$2,"超限","正常"))) -> 不适用 | G7: =IF(B7<>"",G$84,"") -> 46213
A8: =IF(B8<>"","产业趋势","") -> 产业趋势 | B8: =IFERROR(INDEX($A$53:$A$76,MATCH(2,M$53:M$76,0)),"") -> 001170.OF | C8: =IFERROR(INDEX($B$53:$B$76,MATCH(2,M$53:M$76,0)),"") -> 宏利复兴混合A | D8: =IFERROR(INDEX($E$53:$E$76,MATCH(2,M$53:M$76,0)),"") -> 主动 | E8: =IFERROR(INDEX(G$53:G$76,MATCH(2,M$53:M$76,0)),"") -> 0.16994286 | F8: =IF(B8="","",IF(D8<>"主动","不适用",IF(E8>$L$2,"超限","正常"))) -> 正常 | G8: =IF(B8<>"",G$84,"") -> 46213
A9: =IF(B9<>"","产业趋势","") -> 产业趋势 | B9: =IFERROR(INDEX($A$53:$A$76,MATCH(3,M$53:M$76,0)),"") -> 013840.OF | C9: =IFERROR(INDEX($B$53:$B$76,MATCH(3,M$53:M$76,0)),"") -> 银华集成电路混合A | D9: =IFERROR(INDEX($E$53:$E$76,MATCH(3,M$53:M$76,0)),"") -> 主动 | E9: =IFERROR(INDEX(G$53:G$76,MATCH(3,M$53:M$76,0)),"") -> 0.22700998 | F9: =IF(B9="","",IF(D9<>"主动","不适用",IF(E9>$L$2,"超限","正常"))) -> 超限 | G9: =IF(B9<>"",G$84,"") -> 46213
A10: =IF(B10<>"","产业趋势","") -> 产业趋势 | B10: =IFERROR(INDEX($A$53:$A$76,MATCH(4,M$53:M$76,0)),"") -> 016370.OF | C10: =IFERROR(INDEX($B$53:$B$76,MATCH(4,M$53:M$76,0)),"") -> 信澳业绩驱动A | D10: =IFERROR(INDEX($E$53:$E$76,MATCH(4,M$53:M$76,0)),"") -> 主动 | E10: =IFERROR(INDEX(G$53:G$76,MATCH(4,M$53:M$76,0)),"") -> 0.1805074 | F10: =IF(B10="","",IF(D10<>"主动","不适用",IF(E10>$L$2,"超限","正常"))) -> 正常 | G10: =IF(B10<>"",G$84,"") -> 46213
A11: =IF(B11<>"","产业趋势","") -> 产业趋势 | B11: =IFERROR(INDEX($A$53:$A$76,MATCH(5,M$53:M$76,0)),"") -> 017488.OF | C11: =IFERROR(INDEX($B$53:$B$76,MATCH(5,M$53:M$76,0)),"") -> 嘉实信息产业A | D11: =IFERROR(INDEX($E$53:$E$76,MATCH(5,M$53:M$76,0)),"") -> 主动 | E11: =IFERROR(INDEX(G$53:G$76,MATCH(5,M$53:M$76,0)),"") -> 0.18044787 | F11: =IF(B11="","",IF(D11<>"主动","不适用",IF(E11>$L$2,"超限","正常"))) -> 正常 | G11: =IF(B11<>"",G$84,"") -> 46213
A12: =IF(B12<>"","产业趋势","") -> 产业趋势 | B12: =IFERROR(INDEX($A$53:$A$76,MATCH(6,M$53:M$76,0)),"") -> 019632.OF | C12: =IFERROR(INDEX($B$53:$B$76,MATCH(6,M$53:M$76,0)),"") -> 国泰半导体材料设备ETF联接A | D12: =IFERROR(INDEX($E$53:$E$76,MATCH(6,M$53:M$76,0)),"") -> 指数 | E12: =IFERROR(INDEX(G$53:G$76,MATCH(6,M$53:M$76,0)),"") -> 0.12189611 | F12: =IF(B12="","",IF(D12<>"主动","不适用",IF(E12>$L$2,"超限","正常"))) -> 不适用 | G12: =IF(B12<>"",G$84,"") -> 46213
A13: =IF(B13<>"","产业趋势","") -> 产业趋势 | B13: =IFERROR(INDEX($A$53:$A$76,MATCH(7,M$53:M$76,0)),"") -> 162214.OF | C13: =IFERROR(INDEX($B$53:$B$76,MATCH(7,M$53:M$76,0)),"") -> 宏利领先中小盘混合 | D13: =IFERROR(INDEX($E$53:$E$76,MATCH(7,M$53:M$76,0)),"") -> 主动 | E13: =IFERROR(INDEX(G$53:G$76,MATCH(7,M$53:M$76,0)),"") -> 0.064849866 | F13: =IF(B13="","",IF(D13<>"主动","不适用",IF(E13>$L$2,"超限","正常"))) -> 正常 | G13: =IF(B13<>"",G$84,"") -> 46213
A14: =IF(B14<>"","产业趋势","") | B14: =IFERROR(INDEX($A$53:$A$76,MATCH(8,M$53:M$76,0)),"") | C14: =IFERROR(INDEX($B$53:$B$76,MATCH(8,M$53:M$76,0)),"") | D14: =IFERROR(INDEX($E$53:$E$76,MATCH(8,M$53:M$76,0)),"") | E14: =IFERROR(INDEX(G$53:G$76,MATCH(8,M$53:M$76,0)),"") | F14: =IF(B14="","",IF(D14<>"主动","不适用",IF(E14>$L$2,"超限","正常"))) | G14: =IF(B14<>"",G$84,"")
A15: =IF(B15<>"","产业趋势基石","") -> 产业趋势基石 | B15: =IFERROR(INDEX($A$53:$A$76,MATCH(1,N$53:N$76,0)),"") -> 000917.OF | C15: =IFERROR(INDEX($B$53:$B$76,MATCH(1,N$53:N$76,0)),"") -> 嘉实快线货币A | D15: =IFERROR(INDEX($E$53:$E$76,MATCH(1,N$53:N$76,0)),"") -> 货币 | E15: =IFERROR(INDEX(H$53:H$76,MATCH(1,N$53:N$76,0)),"") -> 0.054112297 | F15: =IF(B15="","",IF(D15<>"主动","不适用",IF(E15>$L$2,"超限","正常"))) -> 不适用 | G15: =IF(B15<>"",H$84,"") -> 46213
A16: =IF(B16<>"","产业趋势基石","") -> 产业趋势基石 | B16: =IFERROR(INDEX($A$53:$A$76,MATCH(2,N$53:N$76,0)),"") -> 001170.OF | C16: =IFERROR(INDEX($B$53:$B$76,MATCH(2,N$53:N$76,0)),"") -> 宏利复兴混合A | D16: =IFERROR(INDEX($E$53:$E$76,MATCH(2,N$53:N$76,0)),"") -> 主动 | E16: =IFERROR(INDEX(H$53:H$76,MATCH(2,N$53:N$76,0)),"") -> 0.17151718 | F16: =IF(B16="","",IF(D16<>"主动","不适用",IF(E16>$L$2,"超限","正常"))) -> 正常 | G16: =IF(B16<>"",H$84,"") -> 46213
A17: =IF(B17<>"","产业趋势基石","") -> 产业趋势基石 | B17: =IFERROR(INDEX($A$53:$A$76,MATCH(3,N$53:N$76,0)),"") -> 013840.OF | C17: =IFERROR(INDEX($B$53:$B$76,MATCH(3,N$53:N$76,0)),"") -> 银华集成电路混合A | D17: =IFERROR(INDEX($E$53:$E$76,MATCH(3,N$53:N$76,0)),"") -> 主动 | E17: =IFERROR(INDEX(H$53:H$76,MATCH(3,N$53:N$76,0)),"") -> 0.22538931 | F17: =IF(B17="","",IF(D17<>"主动","不适用",IF(E17>$L$2,"超限","正常"))) -> 超限 | G17: =IF(B17<>"",H$84,"") -> 46213
A18: =IF(B18<>"","产业趋势基石","") -> 产业趋势基石 | B18: =IFERROR(INDEX($A$53:$A$76,MATCH(4,N$53:N$76,0)),"") -> 016370.OF | C18: =IFERROR(INDEX($B$53:$B$76,MATCH(4,N$53:N$76,0)),"") -> 信澳业绩驱动A | D18: =IFERROR(INDEX($E$53:$E$76,MATCH(4,N$53:N$76,0)),"") -> 主动 | E18: =IFERROR(INDEX(H$53:H$76,MATCH(4,N$53:N$76,0)),"") -> 0.18037435 | F18: =IF(B18="","",IF(D18<>"主动","不适用",IF(E18>$L$2,"超限","正常"))) -> 正常 | G18: =IF(B18<>"",H$84,"") -> 46213
A19: =IF(B19<>"","产业趋势基石","") -> 产业趋势基石 | B19: =IFERROR(INDEX($A$53:$A$76,MATCH(5,N$53:N$76,0)),"") -> 017488.OF | C19: =IFERROR(INDEX($B$53:$B$76,MATCH(5,N$53:N$76,0)),"") -> 嘉实信息产业A | D19: =IFERROR(INDEX($E$53:$E$76,MATCH(5,N$53:N$76,0)),"") -> 主动 | E19: =IFERROR(INDEX(H$53:H$76,MATCH(5,N$53:N$76,0)),"") -> 0.1812709 | F19: =IF(B19="","",IF(D19<>"主动","不适用",IF(E19>$L$2,"超限","正常"))) -> 正常 | G19: =IF(B19<>"",H$84,"") -> 46213
A20: =IF(B20<>"","产业趋势基石","") -> 产业趋势基石 | B20: =IFERROR(INDEX($A$53:$A$76,MATCH(6,N$53:N$76,0)),"") -> 019632.OF | C20: =IFERROR(INDEX($B$53:$B$76,MATCH(6,N$53:N$76,0)),"") -> 国泰半导体材料设备ETF联接A | D20: =IFERROR(INDEX($E$53:$E$76,MATCH(6,N$53:N$76,0)),"") -> 指数 | E20: =IFERROR(INDEX(H$53:H$76,MATCH(6,N$53:N$76,0)),"") -> 0.12248348 | F20: =IF(B20="","",IF(D20<>"主动","不适用",IF(E20>$L$2,"超限","正常"))) -> 不适用 | G20: =IF(B20<>"",H$84,"") -> 46213
A21: =IF(B21<>"","产业趋势基石","") -> 产业趋势基石 | B21: =IFERROR(INDEX($A$53:$A$76,MATCH(7,N$53:N$76,0)),"") -> 162214.OF | C21: =IFERROR(INDEX($B$53:$B$76,MATCH(7,N$53:N$76,0)),"") -> 宏利领先中小盘混合 | D21: =IFERROR(INDEX($E$53:$E$76,MATCH(7,N$53:N$76,0)),"") -> 主动 | E21: =IFERROR(INDEX(H$53:H$76,MATCH(7,N$53:N$76,0)),"") -> 0.064852493 | F21: =IF(B21="","",IF(D21<>"主动","不适用",IF(E21>$L$2,"超限","正常"))) -> 正常 | G21: =IF(B21<>"",H$84,"") -> 46213
A22: =IF(B22<>"","产业趋势基石","") | B22: =IFERROR(INDEX($A$53:$A$76,MATCH(8,N$53:N$76,0)),"") | C22: =IFERROR(INDEX($B$53:$B$76,MATCH(8,N$53:N$76,0)),"") | D22: =IFERROR(INDEX($E$53:$E$76,MATCH(8,N$53:N$76,0)),"") | E22: =IFERROR(INDEX(H$53:H$76,MATCH(8,N$53:N$76,0)),"") | F22: =IF(B22="","",IF(D22<>"主动","不适用",IF(E22>$L$2,"超限","正常"))) | G22: =IF(B22<>"",H$84,"")
A23: =IF(B23<>"","产业趋势2号","") -> 产业趋势2号 | B23: =IFERROR(INDEX($A$53:$A$76,MATCH(1,O$53:O$76,0)),"") -> 000917.OF | C23: =IFERROR(INDEX($B$53:$B$76,MATCH(1,O$53:O$76,0)),"") -> 嘉实快线货币A | D23: =IFERROR(INDEX($E$53:$E$76,MATCH(1,O$53:O$76,0)),"") -> 货币 | E23: =IFERROR(INDEX(I$53:I$76,MATCH(1,O$53:O$76,0)),"") -> 0.053785099 | F23: =IF(B23="","",IF(D23<>"主动","不适用",IF(E23>$L$2,"超限","正常"))) -> 不适用 | G23: =IF(B23<>"",I$84,"") -> 46213
A24: =IF(B24<>"","产业趋势2号","") -> 产业趋势2号 | B24: =IFERROR(INDEX($A$53:$A$76,MATCH(2,O$53:O$76,0)),"") -> 009993.OF | C24: =IFERROR(INDEX($B$53:$B$76,MATCH(2,O$53:O$76,0)),"") -> 嘉实前沿科技创新 | D24: =IFERROR(INDEX($E$53:$E$76,MATCH(2,O$53:O$76,0)),"") -> 主动 | E24: =IFERROR(INDEX(I$53:I$76,MATCH(2,O$53:O$76,0)),"") -> 0.18323181 | F24: =IF(B24="","",IF(D24<>"主动","不适用",IF(E24>$L$2,"超限","正常"))) -> 正常 | G24: =IF(B24<>"",I$84,"") -> 46213
A25: =IF(B25<>"","产业趋势2号","") -> 产业趋势2号 | B25: =IFERROR(INDEX($A$53:$A$76,MATCH(3,O$53:O$76,0)),"") -> 013841.OF | C25: =IFERROR(INDEX($B$53:$B$76,MATCH(3,O$53:O$76,0)),"") -> 银华集成电路混合C | D25: =IFERROR(INDEX($E$53:$E$76,MATCH(3,O$53:O$76,0)),"") -> 主动 | E25: =IFERROR(INDEX(I$53:I$76,MATCH(3,O$53:O$76,0)),"") -> 0.22124738 | F25: =IF(B25="","",IF(D25<>"主动","不适用",IF(E25>$L$2,"超限","正常"))) -> 超限 | G25: =IF(B25<>"",I$84,"") -> 46213
A26: =IF(B26<>"","产业趋势2号","") -> 产业趋势2号 | B26: =IFERROR(INDEX($A$53:$A$76,MATCH(4,O$53:O$76,0)),"") -> 017489.OF | C26: =IFERROR(INDEX($B$53:$B$76,MATCH(4,O$53:O$76,0)),"") -> 嘉实信息产业C | D26: =IFERROR(INDEX($E$53:$E$76,MATCH(4,O$53:O$76,0)),"") -> 主动 | E26: =IFERROR(INDEX(I$53:I$76,MATCH(4,O$53:O$76,0)),"") -> 0.18121513 | F26: =IF(B26="","",IF(D26<>"主动","不适用",IF(E26>$L$2,"超限","正常"))) -> 正常 | G26: =IF(B26<>"",I$84,"") -> 46213
A27: =IF(B27<>"","产业趋势2号","") -> 产业趋势2号 | B27: =IFERROR(INDEX($A$53:$A$76,MATCH(5,O$53:O$76,0)),"") -> 017612.OF | C27: =IFERROR(INDEX($B$53:$B$76,MATCH(5,O$53:O$76,0)),"") -> 宏利复兴伟业C | D27: =IFERROR(INDEX($E$53:$E$76,MATCH(5,O$53:O$76,0)),"") -> 主动 | E27: =IFERROR(INDEX(I$53:I$76,MATCH(5,O$53:O$76,0)),"") -> 0.17412307 | F27: =IF(B27="","",IF(D27<>"主动","不适用",IF(E27>$L$2,"超限","正常"))) -> 正常 | G27: =IF(B27<>"",I$84,"") -> 46213
A28: =IF(B28<>"","产业趋势2号","") -> 产业趋势2号 | B28: =IFERROR(INDEX($A$53:$A$76,MATCH(6,O$53:O$76,0)),"") -> 019633.OF | C28: =IFERROR(INDEX($B$53:$B$76,MATCH(6,O$53:O$76,0)),"") -> 国泰半导体材料设备C | D28: =IFERROR(INDEX($E$53:$E$76,MATCH(6,O$53:O$76,0)),"") -> 指数 | E28: =IFERROR(INDEX(I$53:I$76,MATCH(6,O$53:O$76,0)),"") -> 0.11969925 | F28: =IF(B28="","",IF(D28<>"主动","不适用",IF(E28>$L$2,"超限","正常"))) -> 不适用 | G28: =IF(B28<>"",I$84,"") -> 46213
A29: =IF(B29<>"","产业趋势2号","") -> 产业趋势2号 | B29: =IFERROR(INDEX($A$53:$A$76,MATCH(7,O$53:O$76,0)),"") -> 162214.OF | C29: =IFERROR(INDEX($B$53:$B$76,MATCH(7,O$53:O$76,0)),"") -> 宏利领先中小盘混合 | D29: =IFERROR(INDEX($E$53:$E$76,MATCH(7,O$53:O$76,0)),"") -> 主动 | E29: =IFERROR(INDEX(I$53:I$76,MATCH(7,O$53:O$76,0)),"") -> 0.066698258 | F29: =IF(B29="","",IF(D29<>"主动","不适用",IF(E29>$L$2,"超限","正常"))) -> 正常 | G29: =IF(B29<>"",I$84,"") -> 46213
A30: =IF(B30<>"","产业趋势2号","") | B30: =IFERROR(INDEX($A$53:$A$76,MATCH(8,O$53:O$76,0)),"") | C30: =IFERROR(INDEX($B$53:$B$76,MATCH(8,O$53:O$76,0)),"") | D30: =IFERROR(INDEX($E$53:$E$76,MATCH(8,O$53:O$76,0)),"") | E30: =IFERROR(INDEX(I$53:I$76,MATCH(8,O$53:O$76,0)),"") | F30: =IF(B30="","",IF(D30<>"主动","不适用",IF(E30>$L$2,"超限","正常"))) | G30: =IF(B30<>"",I$84,"")
A31: 约束口径：仅“主动”基金适用单只20%上限；主题指数、指增、货币、债券及保障基金不纳入该上限。超限基金整行标红。
A33: 2. 组合内部增值 / 生息配比偏离（10-90/30-70） | G33: 数据截止日 | H33: =$B$82 -> 46280
A34: 组合 | B34: 增值目标 | C34: 增值当前 | D34: 偏离度 | E34: 生息目标 | F34: 生息当前 | G34: 偏离度 | H34: 调仓生效日
A35: 10-90 | B35: 0.1 | C35: =SUMIF($C$53:$C$76,"增值",J$53:J$76) -> 0.10105706 | D35: =C35-B35 -> 0.0010570634 | E35: =1-B35 -> 0.9 | F35: =SUMIF($C$53:$C$76,"生息",J$53:J$76) -> 0.89894294 | G35: =F35-E35 -> -0.0010570634 | H35: =J$84 -> 46220
A36: 10-90基石 | B36: 0.1 | C36: =SUMIF($C$53:$C$76,"增值",K$53:K$76) -> 0.10364141 | D36: =C36-B36 -> 0.0036414085 | E36: =1-B36 -> 0.9 | F36: =SUMIF($C$53:$C$76,"生息",K$53:K$76) -> 0.89635859 | G36: =F36-E36 -> -0.0036414085 | H36: =K$84 -> 46220
A37: 30-70 | B37: 0.3 | C37: =SUMIF($C$53:$C$76,"增值",L$53:L$76) -> 0.30680311 | D37: =C37-B37 -> 0.0068031089 | E37: =1-B37 -> 0.7 | F37: =SUMIF($C$53:$C$76,"生息",L$53:L$76) -> 0.69319689 | G37: =F37-E37 -> -0.0068031089 | H37: =L$84 -> 46220
A38: 生息含债券、货币及保障类基金；默认预警阈值为±2个百分点，可在J2直接修改。偏离度=当前配比−目标配比。
A40: 3. 增值部分内部产业趋势 / 指增当前配比 | D40: 数据截止日 | E40: =$B$82 -> 46280
A41: 组合 | B41: 产业趋势当前权重 | C41: 指增部分当前权重 | D41: 增值部分总权重 | E41: 调仓生效日
A42: 10-90 | B42: =IFERROR(SUMIF($D$53:$D$76,"产业趋势",J$53:J$76)/SUMIF($C$53:$C$76,"增值",J$53:J$76),0) -> 0.49958385 | C42: =IFERROR(SUMIF($D$53:$D$76,"指增",J$53:J$76)/SUMIF($C$53:$C$76,"增值",J$53:J$76),0) -> 0.50041615 | D42: =SUMIF($C$53:$C$76,"增值",J$53:J$76) -> 0.10105706 | E42: =J$84 -> 46220
A43: 10-90基石 | B43: =IFERROR(SUMIF($D$53:$D$76,"产业趋势",K$53:K$76)/SUMIF($C$53:$C$76,"增值",K$53:K$76),0) -> 0.50785175 | C43: =IFERROR(SUMIF($D$53:$D$76,"指增",K$53:K$76)/SUMIF($C$53:$C$76,"增值",K$53:K$76),0) -> 0.49214825 | D43: =SUMIF($C$53:$C$76,"增值",K$53:K$76) -> 0.10364141 | E43: =K$84 -> 46220
A44: 30-70 | B44: =IFERROR(SUMIF($D$53:$D$76,"产业趋势",L$53:L$76)/SUMIF($C$53:$C$76,"增值",L$53:L$76),0) -> 0.50341845 | C44: =IFERROR(SUMIF($D$53:$D$76,"指增",L$53:L$76)/SUMIF($C$53:$C$76,"增值",L$53:L$76),0) -> 0.49658155 | D44: =SUMIF($C$53:$C$76,"增值",L$53:L$76) -> 0.30680311 | E44: =L$84 -> 46220
A45: 产业趋势与指增的当前权重均以“增值部分总权重”为分母。
A47: 核验：原模板8月10日当日行仅货币基金先更新，最大混频差为0.00044个百分点；改用2026-08-07完整净值后，与系统导出最大残差降至0.00010个百分点（约0.01bp，仅为6位小数舍入）。
A50: 分类映射与自动计算明细（维护区）
A51: 分类参考《增值_生息+产业趋势_指增.xlsx》；A/C份额继承同一基金分类。000917、009993及部分C份额为现持仓补充映射。
A52: 基金代码 | B52: 基金简称 | C52: 大类 | D52: 增值细分 | E52: 管理方式 | F52: 分类依据 | G52: 产业趋势 | H52: 产业趋势基石 | I52: 产业趋势2号 | J52: 10-90 | K52: 10-90基石 | L52: 30-70
A53: 000216.OF | B53: 华安黄金ETF联接A | C53: 生息 | D53: - | E53: 保障 | F53: 债券&保障池子（保障） | G53: =IFERROR(INDEX(分期持仓明细!$B$5:$Y$200,G$82-4,MATCH(LEFT($A53,6),分期持仓明细!$B$3:$Y$3,0))*INDEX('实盘净值数据(iFinD公式)'!$B$5:$Y$1000,$B$81,MATCH($A53,'实盘净值数据(iFinD公式)'!$B$3:$Y$3,0))/INDEX('实盘净值数据(iFinD公式)'!$B$5:$Y$1000,MATCH(G$84,'实盘净值数据(iFinD公式)'!$A$5:$A$1000,0),MATCH($A53,'实盘净值数据(iFinD公式)'!$B$3:$Y$3,0))/G$85,G89) -> 0 | H53: =IFERROR(INDEX(分期持仓明细!$B$5:$Y$200,H$82-4,MATCH(LEFT($A53,6),分期持仓明细!$B$3:$Y$3,0))*INDEX('实盘净值数据(iFinD公式)'!$B$5:$Y$1000,$B$81,MATCH($A53,'实盘净值数据(iFinD公式)'!$B$3:$Y$3,0))/INDEX('实盘净值数据(iFinD公式)'!$B$5:$Y$1000,MATCH(H$84,'实盘净值数据(iFinD公式)'!$A$5:$A$1000,0),MATCH($A53,'实盘净值数据(iFinD公式)'!$B$3:$Y$3,0))/H$85,H89) -> 0 | I53: =IFERROR(INDEX(分期持仓明细!$B$5:$Y$200,I$82-4,MATCH(LEFT($A53,6),分期持仓明细!$B$3:$Y$3,0))*INDEX('实盘净值数据(iFinD公式)'!$B$5:$Y$1000,$B$81,MATCH($A53,'实盘净值数据(iFinD公式)'!$B$3:$Y$3,0))/INDEX('实盘净值数据(iFinD公式)'!$B$5:$Y$1000,MATCH(I$84,'实盘净值数据(iFinD公式)'!$A$5:$A$1000,0),MATCH($A53,'实盘净值数据(iFinD公式)'!$B$3:$Y$3,0))/I$85,I89) -> 0 | J53: =IFERROR(INDEX(分期持仓明细!$B$5:$Y$200,J$82-4,MATCH(LEFT($A53,6),分期持仓明细!$B$3:$Y$3,0))*INDEX('实盘净值数据(iFinD公式)'!$B$5:$Y$1000,$B$81,MATCH($A53,'实盘净值数据(iFinD公式)'!$B$3:$Y$3,0))/INDEX('实盘净值数据(iFinD公式)'!$B$5:$Y$1000,MATCH(J$84,'实盘净值数据(iFinD公式)'!$A$5:$A$1000,0),MATCH($A53,'实盘净值数据(iFinD公式)'!$B$3:$Y$3,0))/J$85,J89) -> 0.054070111 | K53: =IFERROR(INDEX(分期持仓明细!$B$5:$Y$200,K$82-4,MATCH(LEFT($A53,6),分期持仓明细!$B$3:$Y$3,0))*INDEX('实盘净值数据(iFinD公式)'!$B$5:$Y$1000,$B$81,MATCH($A53,'实盘净值数据(iFinD公式)'!$B$3:$Y$3,0))/INDEX('实盘净值数据(iFinD公式)'!$B$5:$Y$1000,MATCH(K$84,'实盘净值数据(iFinD公式)'!$A$5:$A$1000,0),MATCH($A53,'实盘净值数据(iFinD公式)'!$B$3:$Y$3,0))/K$85,K89) -> 0.051649537 | L53: =IFERROR(INDEX(分期持仓明细!$B$5:$Y$200,L$82-4,MATCH(LEFT($A53,6),分期持仓明细!$B$3:$Y$3,0))*INDEX('实盘净值数据(iFinD公式)'!$B$5:$Y$1000,$B$81,MATCH($A53,'实盘净值数据(iFinD公式)'!$B$3:$Y$3,0))/INDEX('实盘净值数据(iFinD公式)'!$B$5:$Y$1000,MATCH(L$84,'实盘净值数据(iFinD公式)'!$A$5:$A$1000,0),MATCH($A53,'实盘净值数据(iFinD公式)'!$B$3:$Y$3,0))/L$85,L89) -> 0.10859684 | M53: =IF(G53>0,COUNTIF(G$53:G53,">0"),"") | N53: =IF(H53>0,COUNTIF(H$53:H53,">0"),"") | O53: =IF(I53>0,COUNTIF(I$53:I53,">0"),"") | P53: =IF(J53>0,COUNTIF(J$53:J53,">0"),"") -> 1 | Q53: =IF(K53>0,COUNTIF(K$53:K53,">0"),"") -> 1 | R53: =IF(L53>0,COUNTIF(L$53:L53,">0"),"") -> 1
A54: 000917.OF | B54: 嘉实快线货币A | C54: 生息 | D54: - | E54: 货币 | F54: 现持仓补充 | G54: =IFERROR(INDEX(分期持仓明细!$B$5:$Y$200,G$82-4,MATCH(LEFT($A54,6),分期持仓明细!$B$3:$Y$3,0))*INDEX('实盘净值数据(iFinD公式)'!$B$5:$Y$1000,$B$81,MATCH($A54,'实盘净值数据(iFinD公式)'!$B$3:$Y$3,0))/INDEX('实盘净值数据(iFinD公式)'!$B$5:$Y$1000,MATCH(G$84,'实盘净值数据(iFinD公式)'!$A$5:$A$1000,0),MATCH($A54,'实盘净值数据(iFinD公式)'!$B$3:$Y$3,0))/G$85,G90) -> 0.055345911 | H54: =IFERROR(INDEX(分期持仓明细!$B$5:$Y$200,H$82-4,MATCH(LEFT($A54,6),分期持仓明细!$B$3:$Y$3,0))*INDEX('实盘净值数据(iFinD公式)'!$B$5:$Y$1000,$B$81,MATCH($A54,'实盘净值数据(iFinD公式)'!$B$3:$Y$3,0))/INDEX('实盘净值数据(iFinD公式)'!$B$5:$Y$1000,MATCH(H$84,'实盘净值数据(iFinD公式)'!$A$5:$A$1000,0),MATCH($A54,'实盘净值数据(iFinD公式)'!$B$3:$Y$3,0))/H$85,H90) -> 0.054112297 | I54: =IFERROR(INDEX(分期持仓明细!$B$5:$Y$200,I$82-4,MATCH(LEFT($A54,6),分期持仓明细!$B$3:$Y$3,0))*INDEX('实盘净值数据(iFinD公式)'!$B$5:$Y$1000,$B$81,MATCH($A54,'实盘净值数据(iFinD公式)'!$B$3:$Y$3,0))/INDEX('实盘净值数据(iFinD公式)'!$B$5:$Y$1000,MATCH(I$84,'实盘净值数据(iFinD公式)'!$A$5:$A$1000,0),MATCH($A54,'实盘净值数据(iFinD公式)'!$B$3:$Y$3,0))/I$85,I90) -> 0.053785099 | J54: =IFERROR(INDEX(分期持仓明细!$B$5:$Y$200,J$82-4,MATCH(LEFT($A54,6),分期持仓明细!$B$3:$Y$3,0))*INDEX('实盘净值数据(iFinD公式)'!$B$5:$Y$1000,$B$81,MATCH($A54,'实盘净值数据(iFinD公式)'!$B$3:$Y$3,0))/INDEX('实盘净值数据(iFinD公式)'!$B$5:$Y$1000,MATCH(J$84,'实盘净值数据(iFinD公式)'!$A$5:$A$1000,0),MATCH($A54,'实盘净值数据(iFinD公式)'!$B$3:$Y$3,0))/J$85,J90) -> 0.044054102 | K54: =IFERROR(INDEX(分期持仓明细!$B$5:$Y$200,K$82-4,MATCH(LEFT($A54,6),分期持仓明细!$B$3:$Y$3,0))*INDEX('实盘净值数据(iFinD公式)'!$B$5:$Y$1000,$B$81,MATCH($A54,'实盘净值数据(iFinD公式)'!$B$3:$Y$3,0))/INDEX('实盘净值数据(iFinD公式)'!$B$5:$Y$1000,MATCH(K$84,'实盘净值数据(iFinD公式)'!$A$5:$A$1000,0),MATCH($A54,'实盘净值数据(iFinD公式)'!$B$3:$Y$3,0))/K$85,K90) -> 0.044020292 | L54: =IFERROR(INDEX(分期持仓明细!$B$5:$Y$200,L$82-4,MATCH(LEFT($A54,6),分期持仓明细!$B$3:$Y$3,0))*INDEX('实盘净值数据(iFinD公式)'!$B$5:$Y$1000,$B$81,MATCH($A54,'实盘净值数据(iFinD公式)'!$B$3:$Y$3,0))/INDEX('实盘净值数据(iFinD公式)'!$B$5:$Y$1000,MATCH(L$84,'实盘净值数据(iFinD公式)'!$A$5:$A$1000,0),MATCH($A54,'实盘净值数据(iFinD公式)'!$B$3:$Y$3,0))/L$85,L90) -> 0.086266051 | M54: =IF(G54>0,COUNTIF(G$53:G54,">0"),"") -> 1 | N54: =IF(H54>0,COUNTIF(H$53:H54,">0"),"") -> 1 | O54: =IF(I54>0,COUNTIF(I$53:I54,">0"),"") -> 1 | P54: =IF(J54>0,COUNTIF(J$53:J54,">0"),"") -> 2 | Q54: =IF(K54>0,COUNTIF(K$53:K54,">0"),"") -> 2 | R54: =IF(L54>0,COUNTIF(L$53:L54,">0"),"") -> 2
A55: 001170.OF | B55: 宏利复兴混合A | C55: 增值 | D55: 产业趋势 | E55: 主动 | F55: 产业趋势产品池 | G55: =IFERROR(INDEX(分期持仓明细!$B$5:$Y$200,G$82-4,MATCH(LEFT($A55,6),分期持仓明细!$B$3:$Y$3,0))*INDEX('实盘净值数据(iFinD公式)'!$B$5:$Y$1000,$B$81,MATCH($A55,'实盘净值数据(iFinD公式)'!$B$3:$Y$3,0))/INDEX('实盘净值数据(iFinD公式)'!$B$5:$Y$1000,MATCH(G$84,'实盘净值数据(iFinD公式)'!$A$5:$A$1000,0),MATCH($A55,'实盘净值数据(iFinD公式)'!$B$3:$Y$3,0))/G$85,G91) -> 0.16994286 | H55: =IFERROR(INDEX(分期持仓明细!$B$5:$Y$200,H$82-4,MATCH(LEFT($A55,6),分期持仓明细!$B$3:$Y$3,0))*INDEX('实盘净值数据(iFinD公式)'!$B$5:$Y$1000,$B$81,MATCH($A55,'实盘净值数据(iFinD公式)'!$B$3:$Y$3,0))/INDEX('实盘净值数据(iFinD公式)'!$B$5:$Y$1000,MATCH(H$84,'实盘净值数据(iFinD公式)'!$A$5:$A$1000,0),MATCH($A55,'实盘净值数据(iFinD公式)'!$B$3:$Y$3,0))/H$85,H91) -> 0.17151718 | I55: =IFERROR(INDEX(分期持仓明细!$B$5:$Y$200,I$82-4,MATCH(LEFT($A55,6),分期持仓明细!$B$3:$Y$3,0))*INDEX('实盘净值数据(iFinD公式)'!$B$5:$Y$1000,$B$81,MATCH($A55,'实盘净值数据(iFinD公式)'!$B$3:$Y$3,0))/INDEX('实盘净值数据(iFinD公式)'!$B$5:$Y$1000,MATCH(I$84,'实盘净值数据(iFinD公式)'!$A$5:$A$1000,0),MATCH($A55,'实盘净值数据(iFinD公式)'!$B$3:$Y$3,0))/I$85,I91) -> 0 | J55: =IFERROR(INDEX(分期持仓明细!$B$5:$Y$200,J$82-4,MATCH(LEFT($A55,6),分期持仓明细!$B$3:$Y$3,0))*INDEX('实盘净值数据(iFinD公式)'!$B$5:$Y$1000,$B$81,MATCH($A55,'实盘净值数据(iFinD公式)'!$B$3:$Y$3,0))/INDEX('实盘净值数据(iFinD公式)'!$B$5:$Y$1000,MATCH(J$84,'实盘净值数据(iFinD公式)'!$A$5:$A$1000,0),MATCH($A55,'实盘净值数据(iFinD公式)'!$B$3:$Y$3,0))/J$85,J91) -> 0 | K55: =IFERROR(INDEX(分期持仓明细!$B$5:$Y$200,K$82-4,MATCH(LEFT($A55,6),分期持仓明细!$B$3:$Y$3,0))*INDEX('实盘净值数据(iFinD公式)'!$B$5:$Y$1000,$B$81,MATCH($A55,'实盘净值数据(iFinD公式)'!$B$3:$Y$3,0))/INDEX('实盘净值数据(iFinD公式)'!$B$5:$Y$1000,MATCH(K$84,'实盘净值数据(iFinD公式)'!$A$5:$A$1000,0),MATCH($A55,'实盘净值数据(iFinD公式)'!$B$3:$Y$3,0))/K$85,K91) -> 0.0086825413 | L55: =IFERROR(INDEX(分期持仓明细!$B$5:$Y$200,L$82-4,MATCH(LEFT($A55,6),分期持仓明细!$B$3:$Y$3,0))*INDEX('实盘净值数据(iFinD公式)'!$B$5:$Y$1000,$B$81,MATCH($A55,'实盘净值数据(iFinD公式)'!$B$3:$Y$3,0))/INDEX('实盘净值数据(iFinD公式)'!$B$5:$Y$1000,MATCH(L$84,'实盘净值数据(iFinD公式)'!$A$5:$A$1000,0),MATCH($A55,'实盘净值数据(iFinD公式)'!$B$3:$Y$3,0))/L$85,L91) -> 0 | M55: =IF(G55>0,COUNTIF(G$53:G55,">0"),"") -> 2 | N55: =IF(H55>0,COUNTIF(H$53:H55,">0"),"") -> 2 | O55: =IF(I55>0,COUNTIF(I$53:I55,">0"),"") | P55: =IF(J55>0,COUNTIF(J$53:J55,">0"),"") | Q55: =IF(K55>0,COUNTIF(K$53:K55,">0"),"") -> 3 | R55: =IF(L55>0,COUNTIF(L$53:L55,">0"),"")
A56: 007044.OF | B56: 博道沪深300增强A | C56: 增值 | D56: 指增 | E56: 指增 | F56: 宽基&指增池 | G56: =IFERROR(INDEX(分期持仓明细!$B$5:$Y$200,G$82-4,MATCH(LEFT($A56,6),分期持仓明细!$B$3:$Y$3,0))*INDEX('实盘净值数据(iFinD公式)'!$B$5:$Y$1000,$B$81,MATCH($A56,'实盘净值数据(iFinD公式)'!$B$3:$Y$3,0))/INDEX('实盘净值数据(iFinD公式)'!$B$5:$Y$1000,MATCH(G$84,'实盘净值数据(iFinD公式)'!$A$5:$A$1000,0),MATCH($A56,'实盘净值数据(iFinD公式)'!$B$3:$Y$3,0))/G$85,G92) -> 0 | H56: =IFERROR(INDEX(分期持仓明细!$B$5:$Y$200,H$82-4,MATCH(LEFT($A56,6),分期持仓明细!$B$3:$Y$3,0))*INDEX('实盘净值数据(iFinD公式)'!$B$5:$Y$1000,$B$81,MATCH($A56,'实盘净值数据(iFinD公式)'!$B$3:$Y$3,0))/INDEX('实盘净值数据(iFinD公式)'!$B$5:$Y$1000,MATCH(H$84,'实盘净值数据(iFinD公式)'!$A$5:$A$1000,0),MATCH($A56,'实盘净值数据(iFinD公式)'!$B$3:$Y$3,0))/H$85,H92) -> 0 | I56: =IFERROR(INDEX(分期持仓明细!$B$5:$Y$200,I$82-4,MATCH(LEFT($A56,6),分期持仓明细!$B$3:$Y$3,0))*INDEX('实盘净值数据(iFinD公式)'!$B$5:$Y$1000,$B$81,MATCH($A56,'实盘净值数据(iFinD公式)'!$B$3:$Y$3,0))/INDEX('实盘净值数据(iFinD公式)'!$B$5:$Y$1000,MATCH(I$84,'实盘净值数据(iFinD公式)'!$A$5:$A$1000,0),MATCH($A56,'实盘净值数据(iFinD公式)'!$B$3:$Y$3,0))/I$85,I92) -> 0 | J56: =IFERROR(INDEX(分期持仓明细!$B$5:$Y$200,J$82-4,MATCH(LEFT($A56,6),分期持仓明细!$B$3:$Y$3,0))*INDEX('实盘净值数据(iFinD公式)'!$B$5:$Y$1000,$B$81,MATCH($A56,'实盘净值数据(iFinD公式)'!$B$3:$Y$3,0))/INDEX('实盘净值数据(iFinD公式)'!$B$5:$Y$1000,MATCH(J$84,'实盘净值数据(iFinD公式)'!$A$5:$A$1000,0),MATCH($A56,'实盘净值数据(iFinD公式)'!$B$3:$Y$3,0))/J$85,J92) -> 0 | K56: =IFERROR(INDEX(分期持仓明细!$B$5:$Y$200,K$82-4,MATCH(LEFT($A56,6),分期持仓明细!$B$3:$Y$3,0))*INDEX('实盘净值数据(iFinD公式)'!$B$5:$Y$1000,$B$81,MATCH($A56,'实盘净值数据(iFinD公式)'!$B$3:$Y$3,0))/INDEX('实盘净值数据(iFinD公式)'!$B$5:$Y$1000,MATCH(K$84,'实盘净值数据(iFinD公式)'!$A$5:$A$1000,0),MATCH($A56,'实盘净值数据(iFinD公式)'!$B$3:$Y$3,0))/K$85,K92) -> 0.012673982 | L56: =IFERROR(INDEX(分期持仓明细!$B$5:$Y$200,L$82-4,MATCH(LEFT($A56,6),分期持仓明细!$B$3:$Y$3,0))*INDEX('实盘净值数据(iFinD公式)'!$B$5:$Y$1000,$B$81,MATCH($A56,'实盘净值数据(iFinD公式)'!$B$3:$Y$3,0))/INDEX('实盘净值数据(iFinD公式)'!$B$5:$Y$1000,MATCH(L$84,'实盘净值数据(iFinD公式)'!$A$5:$A$1000,0),MATCH($A56,'实盘净值数据(iFinD公式)'!$B$3:$Y$3,0))/L$85,L92) -> 0 | M56: =IF(G56>0,COUNTIF(G$53:G56,">0"),"") | N56: =IF(H56>0,COUNTIF(H$53:H56,">0"),"") | O56: =IF(I56>0,COUNTIF(I$53:I56,">0"),"") | P56: =IF(J56>0,COUNTIF(J$53:J56,">0"),"") | Q56: =IF(K56>0,COUNTIF(K$53:K56,">0"),"") -> 4 | R56: =IF(L56>0,COUNTIF(L$53:L56,">0"),"")
A57: 007045.OF | B57: 博道沪深300指增C | C57: 增值 | D57: 指增 | E57: 指增 | F57: 同基金A/C | G57: =IFERROR(INDEX(分期持仓明细!$B$5:$Y$200,G$82-4,MATCH(LEFT($A57,6),分期持仓明细!$B$3:$Y$3,0))*INDEX('实盘净值数据(iFinD公式)'!$B$5:$Y$1000,$B$81,MATCH($A57,'实盘净值数据(iFinD公式)'!$B$3:$Y$3,0))/INDEX('实盘净值数据(iFinD公式)'!$B$5:$Y$1000,MATCH(G$84,'实盘净值数据(iFinD公式)'!$A$5:$A$1000,0),MATCH($A57,'实盘净值数据(iFinD公式)'!$B$3:$Y$3,0))/G$85,G93) -> 0 | H57: =IFERROR(INDEX(分期持仓明细!$B$5:$Y$200,H$82-4,MATCH(LEFT($A57,6),分期持仓明细!$B$3:$Y$3,0))*INDEX('实盘净值数据(iFinD公式)'!$B$5:$Y$1000,$B$81,MATCH($A57,'实盘净值数据(iFinD公式)'!$B$3:$Y$3,0))/INDEX('实盘净值数据(iFinD公式)'!$B$5:$Y$1000,MATCH(H$84,'实盘净值数据(iFinD公式)'!$A$5:$A$1000,0),MATCH($A57,'实盘净值数据(iFinD公式)'!$B$3:$Y$3,0))/H$85,H93) -> 0 | I57: =IFERROR(INDEX(分期持仓明细!$B$5:$Y$200,I$82-4,MATCH(LEFT($A57,6),分期持仓明细!$B$3:$Y$3,0))*INDEX('实盘净值数据(iFinD公式)'!$B$5:$Y$1000,$B$81,MATCH($A57,'实盘净值数据(iFinD公式)'!$B$3:$Y$3,0))/INDEX('实盘净值数据(iFinD公式)'!$B$5:$Y$1000,MATCH(I$84,'实盘净值数据(iFinD公式)'!$A$5:$A$1000,0),MATCH($A57,'实盘净值数据(iFinD公式)'!$B$3:$Y$3,0))/I$85,I93) -> 0 | J57: =IFERROR(INDEX(分期持仓明细!$B$5:$Y$200,J$82-4,MATCH(LEFT($A57,6),分期持仓明细!$B$3:$Y$3,0))*INDEX('实盘净值数据(iFinD公式)'!$B$5:$Y$1000,$B$81,MATCH($A57,'实盘净值数据(iFinD公式)'!$B$3:$Y$3,0))/INDEX('实盘净值数据(iFinD公式)'!$B$5:$Y$1000,MATCH(J$84,'实盘净值数据(iFinD公式)'!$A$5:$A$1000,0),MATCH($A57,'实盘净值数据(iFinD公式)'!$B$3:$Y$3,0))/J$85,J93) -> 0.012645746 | K57: =IFERROR(INDEX(分期持仓明细!$B$5:$Y$200,K$82-4,MATCH(LEFT($A57,6),分期持仓明细!$B$3:$Y$3,0))*INDEX('实盘净值数据(iFinD公式)'!$B$5:$Y$1000,$B$81,MATCH($A57,'实盘净值数据(iFinD公式)'!$B$3:$Y$3,0))/INDEX('实盘净值数据(iFinD公式)'!$B$5:$Y$1000,MATCH(K$84,'实盘净值数据(iFinD公式)'!$A$5:$A$1000,0),MATCH($A57,'实盘净值数据(iFinD公式)'!$B$3:$Y$3,0))/K$85,K93) -> 0 | L57: =IFERROR(INDEX(分期持仓明细!$B$5:$Y$200,L$82-4,MATCH(LEFT($A57,6),分期持仓明细!$B$3:$Y$3,0))*INDEX('实盘净值数据(iFinD公式)'!$B$5:$Y$1000,$B$81,MATCH($A57,'实盘净值数据(iFinD公式)'!$B$3:$Y$3,0))/INDEX('实盘净值数据(iFinD公式)'!$B$5:$Y$1000,MATCH(L$84,'实盘净值数据(iFinD公式)'!$A$5:$A$1000,0),MATCH($A57,'实盘净值数据(iFinD公式)'!$B$3:$Y$3,0))/L$85,L93) -> 0.038096506 | M57: =IF(G57>0,COUNTIF(G$53:G57,">0"),"") | N57: =IF(H57>0,COUNTIF(H$53:H57,">0"),"") | O57: =IF(I57>0,COUNTIF(I$53:I57,">0"),"") | P57: =IF(J57>0,COUNTIF(J$53:J57,">0"),"") -> 3 | Q57: =IF(K57>0,COUNTIF(K$53:K57,">0"),"") | R57: =IF(L57>0,COUNTIF(L$53:L57,">0"),"") -> 3
A58: 007817.OF | B58: 国泰通信设备ETF联接A | C58: 增值 | D58: 产业趋势 | E58: 指数 | F58: 产业趋势产品池 | G58: =IFERROR(INDEX(分期持仓明细!$B$5:$Y$200,G$82-4,MATCH(LEFT($A58,6),分期持仓明细!$B$3:$Y$3,0))*INDEX('实盘净值数据(iFinD公式)'!$B$5:$Y$1000,$B$81,MATCH($A58,'实盘净值数据(iFinD公式)'!$B$3:$Y$3,0))/INDEX('实盘净值数据(iFinD公式)'!$B$5:$Y$1000,MATCH(G$84,'实盘净值数据(iFinD公式)'!$A$5:$A$1000,0),MATCH($A58,'实盘净值数据(iFinD公式)'!$B$3:$Y$3,0))/G$85,G94) -> 0 | H58: =IFERROR(INDEX(分期持仓明细!$B$5:$Y$200,H$82-4,MATCH(LEFT($A58,6),分期持仓明细!$B$3:$Y$3,0))*INDEX('实盘净值数据(iFinD公式)'!$B$5:$Y$1000,$B$81,MATCH($A58,'实盘净值数据(iFinD公式)'!$B$3:$Y$3,0))/INDEX('实盘净值数据(iFinD公式)'!$B$5:$Y$1000,MATCH(H$84,'实盘净值数据(iFinD公式)'!$A$5:$A$1000,0),MATCH($A58,'实盘净值数据(iFinD公式)'!$B$3:$Y$3,0))/H$85,H94) -> 0 | I58: =IFERROR(INDEX(分期持仓明细!$B$5:$Y$200,I$82-4,MATCH(LEFT($A58,6),分期持仓明细!$B$3:$Y$3,0))*INDEX('实盘净值数据(iFinD公式)'!$B$5:$Y$1000,$B$81,MATCH($A58,'实盘净值数据(iFinD公式)'!$B$3:$Y$3,0))/INDEX('实盘净值数据(iFinD公式)'!$B$5:$Y$1000,MATCH(I$84,'实盘净值数据(iFinD公式)'!$A$5:$A$1000,0),MATCH($A58,'实盘净值数据(iFinD公式)'!$B$3:$Y$3,0))/I$85,I94) -> 0 | J58: =IFERROR(INDEX(分期持仓明细!$B$5:$Y$200,J$82-4,MATCH(LEFT($A58,6),分期持仓明细!$B$3:$Y$3,0))*INDEX('实盘净值数据(iFinD公式)'!$B$5:$Y$1000,$B$81,MATCH($A58,'实盘净值数据(iFinD公式)'!$B$3:$Y$3,0))/INDEX('实盘净值数据(iFinD公式)'!$B$5:$Y$1000,MATCH(J$84,'实盘净值数据(iFinD公式)'!$A$5:$A$1000,0),MATCH($A58,'实盘净值数据(iFinD公式)'!$B$3:$Y$3,0))/J$85,J94) -> 0 | K58: =IFERROR(INDEX(分期持仓明细!$B$5:$Y$200,K$82-4,MATCH(LEFT($A58,6),分期持仓明细!$B$3:$Y$3,0))*INDEX('实盘净值数据(iFinD公式)'!$B$5:$Y$1000,$B$81,MATCH($A58,'实盘净值数据(iFinD公式)'!$B$3:$Y$3,0))/INDEX('实盘净值数据(iFinD公式)'!$B$5:$Y$1000,MATCH(K$84,'实盘净值数据(iFinD公式)'!$A$5:$A$1000,0),MATCH($A58,'实盘净值数据(iFinD公式)'!$B$3:$Y$3,0))/K$85,K94) -> 0 | L58: =IFERROR(INDEX(分期持仓明细!$B$5:$Y$200,L$82-4,MATCH(LEFT($A58,6),分期持仓明细!$B$3:$Y$3,0))*INDEX('实盘净值数据(iFinD公式)'!$B$5:$Y$1000,$B$81,MATCH($A58,'实盘净值数据(iFinD公式)'!$B$3:$Y$3,0))/INDEX('实盘净值数据(iFinD公式)'!$B$5:$Y$1000,MATCH(L$84,'实盘净值数据(iFinD公式)'!$A$5:$A$1000,0),MATCH($A58,'实盘净值数据(iFinD公式)'!$B$3:$Y$3,0))/L$85,L94) -> 0 | M58: =IF(G58>0,COUNTIF(G$53:G58,">0"),"") | N58: =IF(H58>0,COUNTIF(H$53:H58,">0"),"") | O58: =IF(I58>0,COUNTIF(I$53:I58,">0"),"") | P58: =IF(J58>0,COUNTIF(J$53:J58,">0"),"") | Q58: =IF(K58>0,COUNTIF(K$53:K58,">0"),"") | R58: =IF(L58>0,COUNTIF(L$53:L58,">0"),"")
A59: 007818.OF | B59: 国泰通信设备C | C59: 增值 | D59: 产业趋势 | E59: 指数 | F59: 同基金A/C | G59: =IFERROR(INDEX(分期持仓明细!$B$5:$Y$200,G$82-4,MATCH(LEFT($A59,6),分期持仓明细!$B$3:$Y$3,0))*INDEX('实盘净值数据(iFinD公式)'!$B$5:$Y$1000,$B$81,MATCH($A59,'实盘净值数据(iFinD公式)'!$B$3:$Y$3,0))/INDEX('实盘净值数据(iFinD公式)'!$B$5:$Y$1000,MATCH(G$84,'实盘净值数据(iFinD公式)'!$A$5:$A$1000,0),MATCH($A59,'实盘净值数据(iFinD公式)'!$B$3:$Y$3,0))/G$85,G95) -> 0 | H59: =IFERROR(INDEX(分期持仓明细!$B$5:$Y$200,H$82-4,MATCH(LEFT($A59,6),分期持仓明细!$B$3:$Y$3,0))*INDEX('实盘净值数据(iFinD公式)'!$B$5:$Y$1000,$B$81,MATCH($A59,'实盘净值数据(iFinD公式)'!$B$3:$Y$3,0))/INDEX('实盘净值数据(iFinD公式)'!$B$5:$Y$1000,MATCH(H$84,'实盘净值数据(iFinD公式)'!$A$5:$A$1000,0),MATCH($A59,'实盘净值数据(iFinD公式)'!$B$3:$Y$3,0))/H$85,H95) -> 0 | I59: =IFERROR(INDEX(分期持仓明细!$B$5:$Y$200,I$82-4,MATCH(LEFT($A59,6),分期持仓明细!$B$3:$Y$3,0))*INDEX('实盘净值数据(iFinD公式)'!$B$5:$Y$1000,$B$81,MATCH($A59,'实盘净值数据(iFinD公式)'!$B$3:$Y$3,0))/INDEX('实盘净值数据(iFinD公式)'!$B$5:$Y$1000,MATCH(I$84,'实盘净值数据(iFinD公式)'!$A$5:$A$1000,0),MATCH($A59,'实盘净值数据(iFinD公式)'!$B$3:$Y$3,0))/I$85,I95) -> 0 | J59: =IFERROR(INDEX(分期持仓明细!$B$5:$Y$200,J$82-4,MATCH(LEFT($A59,6),分期持仓明细!$B$3:$Y$3,0))*INDEX('实盘净值数据(iFinD公式)'!$B$5:$Y$1000,$B$81,MATCH($A59,'实盘净值数据(iFinD公式)'!$B$3:$Y$3,0))/INDEX('实盘净值数据(iFinD公式)'!$B$5:$Y$1000,MATCH(J$84,'实盘净值数据(iFinD公式)'!$A$5:$A$1000,0),MATCH($A59,'实盘净值数据(iFinD公式)'!$B$3:$Y$3,0))/J$85,J95) -> 0 | K59: =IFERROR(INDEX(分期持仓明细!$B$5:$Y$200,K$82-4,MATCH(LEFT($A59,6),分期持仓明细!$B$3:$Y$3,0))*INDEX('实盘净值数据(iFinD公式)'!$B$5:$Y$1000,$B$81,MATCH($A59,'实盘净值数据(iFinD公式)'!$B$3:$Y$3,0))/INDEX('实盘净值数据(iFinD公式)'!$B$5:$Y$1000,MATCH(K$84,'实盘净值数据(iFinD公式)'!$A$5:$A$1000,0),MATCH($A59,'实盘净值数据(iFinD公式)'!$B$3:$Y$3,0))/K$85,K95) -> 0 | L59: =IFERROR(INDEX(分期持仓明细!$B$5:$Y$200,L$82-4,MATCH(LEFT($A59,6),分期持仓明细!$B$3:$Y$3,0))*INDEX('实盘净值数据(iFinD公式)'!$B$5:$Y$1000,$B$81,MATCH($A59,'实盘净值数据(iFinD公式)'!$B$3:$Y$3,0))/INDEX('实盘净值数据(iFinD公式)'!$B$5:$Y$1000,MATCH(L$84,'实盘净值数据(iFinD公式)'!$A$5:$A$1000,0),MATCH($A59,'实盘净值数据(iFinD公式)'!$B$3:$Y$3,0))/L$85,L95) -> 0 | M59: =IF(G59>0,COUNTIF(G$53:G59,">0"),"") | N59: =IF(H59>0,COUNTIF(H$53:H59,">0"),"") | O59: =IF(I59>0,COUNTIF(I$53:I59,">0"),"") | P59: =IF(J59>0,COUNTIF(J$53:J59,">0"),"") | Q59: =IF(K59>0,COUNTIF(K$53:K59,">0"),"") | R59: =IF(L59>0,COUNTIF(L$53:L59,">0"),"")
A60: 009993.OF | B60: 嘉实前沿科技创新 | C60: 增值 | D60: 产业趋势 | E60: 主动 | F60: 现持仓补充 | G60: =IFERROR(INDEX(分期持仓明细!$B$5:$Y$200,G$82-4,MATCH(LEFT($A60,6),分期持仓明细!$B$3:$Y$3,0))*INDEX('实盘净值数据(iFinD公式)'!$B$5:$Y$1000,$B$81,MATCH($A60,'实盘净值数据(iFinD公式)'!$B$3:$Y$3,0))/INDEX('实盘净值数据(iFinD公式)'!$B$5:$Y$1000,MATCH(G$84,'实盘净值数据(iFinD公式)'!$A$5:$A$1000,0),MATCH($A60,'实盘净值数据(iFinD公式)'!$B$3:$Y$3,0))/G$85,G96) -> 0 | H60: =IFERROR(INDEX(分期持仓明细!$B$5:$Y$200,H$82-4,MATCH(LEFT($A60,6),分期持仓明细!$B$3:$Y$3,0))*INDEX('实盘净值数据(iFinD公式)'!$B$5:$Y$1000,$B$81,MATCH($A60,'实盘净值数据(iFinD公式)'!$B$3:$Y$3,0))/INDEX('实盘净值数据(iFinD公式)'!$B$5:$Y$1000,MATCH(H$84,'实盘净值数据(iFinD公式)'!$A$5:$A$1000,0),MATCH($A60,'实盘净值数据(iFinD公式)'!$B$3:$Y$3,0))/H$85,H96) -> 0 | I60: =IFERROR(INDEX(分期持仓明细!$B$5:$Y$200,I$82-4,MATCH(LEFT($A60,6),分期持仓明细!$B$3:$Y$3,0))*INDEX('实盘净值数据(iFinD公式)'!$B$5:$Y$1000,$B$81,MATCH($A60,'实盘净值数据(iFinD公式)'!$B$3:$Y$3,0))/INDEX('实盘净值数据(iFinD公式)'!$B$5:$Y$1000,MATCH(I$84,'实盘净值数据(iFinD公式)'!$A$5:$A$1000,0),MATCH($A60,'实盘净值数据(iFinD公式)'!$B$3:$Y$3,0))/I$85,I96) -> 0.18323181 | J60: =IFERROR(INDEX(分期持仓明细!$B$5:$Y$200,J$82-4,MATCH(LEFT($A60,6),分期持仓明细!$B$3:$Y$3,0))*INDEX('实盘净值数据(iFinD公式)'!$B$5:$Y$1000,$B$81,MATCH($A60,'实盘净值数据(iFinD公式)'!$B$3:$Y$3,0))/INDEX('实盘净值数据(iFinD公式)'!$B$5:$Y$1000,MATCH(J$84,'实盘净值数据(iFinD公式)'!$A$5:$A$1000,0),MATCH($A60,'实盘净值数据(iFinD公式)'!$B$3:$Y$3,0))/J$85,J96) -> 0.0090505353 | K60: =IFERROR(INDEX(分期持仓明细!$B$5:$Y$200,K$82-4,MATCH(LEFT($A60,6),分期持仓明细!$B$3:$Y$3,0))*INDEX('实盘净值数据(iFinD公式)'!$B$5:$Y$1000,$B$81,MATCH($A60,'实盘净值数据(iFinD公式)'!$B$3:$Y$3,0))/INDEX('实盘净值数据(iFinD公式)'!$B$5:$Y$1000,MATCH(K$84,'实盘净值数据(iFinD公式)'!$A$5:$A$1000,0),MATCH($A60,'实盘净值数据(iFinD公式)'!$B$3:$Y$3,0))/K$85,K96) -> 0 | L60: =IFERROR(INDEX(分期持仓明细!$B$5:$Y$200,L$82-4,MATCH(LEFT($A60,6),分期持仓明细!$B$3:$Y$3,0))*INDEX('实盘净值数据(iFinD公式)'!$B$5:$Y$1000,$B$81,MATCH($A60,'实盘净值数据(iFinD公式)'!$B$3:$Y$3,0))/INDEX('实盘净值数据(iFinD公式)'!$B$5:$Y$1000,MATCH(L$84,'实盘净值数据(iFinD公式)'!$A$5:$A$1000,0),MATCH($A60,'实盘净值数据(iFinD公式)'!$B$3:$Y$3,0))/L$85,L96) -> 0.02726627 | M60: =IF(G60>0,COUNTIF(G$53:G60,">0"),"") | N60: =IF(H60>0,COUNTIF(H$53:H60,">0"),"") | O60: =IF(I60>0,COUNTIF(I$53:I60,">0"),"") -> 2 | P60: =IF(J60>0,COUNTIF(J$53:J60,">0"),"") -> 4 | Q60: =IF(K60>0,COUNTIF(K$53:K60,">0"),"") | R60: =IF(L60>0,COUNTIF(L$53:L60,">0"),"") -> 4
A61: 013840.OF | B61: 银华集成电路混合A | C61: 增值 | D61: 产业趋势 | E61: 主动 | F61: 产业趋势产品池 | G61: =IFERROR(INDEX(分期持仓明细!$B$5:$Y$200,G$82-4,MATCH(LEFT($A61,6),分期持仓明细!$B$3:$Y$3,0))*INDEX('实盘净值数据(iFinD公式)'!$B$5:$Y$1000,$B$81,MATCH($A61,'实盘净值数据(iFinD公式)'!$B$3:$Y$3,0))/INDEX('实盘净值数据(iFinD公式)'!$B$5:$Y$1000,MATCH(G$84,'实盘净值数据(iFinD公式)'!$A$5:$A$1000,0),MATCH($A61,'实盘净值数据(iFinD公式)'!$B$3:$Y$3,0))/G$85,G97) -> 0.22700998 | H61: =IFERROR(INDEX(分期持仓明细!$B$5:$Y$200,H$82-4,MATCH(LEFT($A61,6),分期持仓明细!$B$3:$Y$3,0))*INDEX('实盘净值数据(iFinD公式)'!$B$5:$Y$1000,$B$81,MATCH($A61,'实盘净值数据(iFinD公式)'!$B$3:$Y$3,0))/INDEX('实盘净值数据(iFinD公式)'!$B$5:$Y$1000,MATCH(H$84,'实盘净值数据(iFinD公式)'!$A$5:$A$1000,0),MATCH($A61,'实盘净值数据(iFinD公式)'!$B$3:$Y$3,0))/H$85,H97) -> 0.22538931 | I61: =IFERROR(INDEX(分期持仓明细!$B$5:$Y$200,I$82-4,MATCH(LEFT($A61,6),分期持仓明细!$B$3:$Y$3,0))*INDEX('实盘净值数据(iFinD公式)'!$B$5:$Y$1000,$B$81,MATCH($A61,'实盘净值数据(iFinD公式)'!$B$3:$Y$3,0))/INDEX('实盘净值数据(iFinD公式)'!$B$5:$Y$1000,MATCH(I$84,'实盘净值数据(iFinD公式)'!$A$5:$A$1000,0),MATCH($A61,'实盘净值数据(iFinD公式)'!$B$3:$Y$3,0))/I$85,I97) -> 0 | J61: =IFERROR(INDEX(分期持仓明细!$B$5:$Y$200,J$82-4,MATCH(LEFT($A61,6),分期持仓明细!$B$3:$Y$3,0))*INDEX('实盘净值数据(iFinD公式)'!$B$5:$Y$1000,$B$81,MATCH($A61,'实盘净值数据(iFinD公式)'!$B$3:$Y$3,0))/INDEX('实盘净值数据(iFinD公式)'!$B$5:$Y$1000,MATCH(J$84,'实盘净值数据(iFinD公式)'!$A$5:$A$1000,0),MATCH($A61,'实盘净值数据(iFinD公式)'!$B$3:$Y$3,0))/J$85,J97) -> 0 | K61: =IFERROR(INDEX(分期持仓明细!$B$5:$Y$200,K$82-4,MATCH(LEFT($A61,6),分期持仓明细!$B$3:$Y$3,0))*INDEX('实盘净值数据(iFinD公式)'!$B$5:$Y$1000,$B$81,MATCH($A61,'实盘净值数据(iFinD公式)'!$B$3:$Y$3,0))/INDEX('实盘净值数据(iFinD公式)'!$B$5:$Y$1000,MATCH(K$84,'实盘净值数据(iFinD公式)'!$A$5:$A$1000,0),MATCH($A61,'实盘净值数据(iFinD公式)'!$B$3:$Y$3,0))/K$85,K97) -> 0.011101546 | L61: =IFERROR(INDEX(分期持仓明细!$B$5:$Y$200,L$82-4,MATCH(LEFT($A61,6),分期持仓明细!$B$3:$Y$3,0))*INDEX('实盘净值数据(iFinD公式)'!$B$5:$Y$1000,$B$81,MATCH($A61,'实盘净值数据(iFinD公式)'!$B$3:$Y$3,0))/INDEX('实盘净值数据(iFinD公式)'!$B$5:$Y$1000,MATCH(L$84,'实盘净值数据(iFinD公式)'!$A$5:$A$1000,0),MATCH($A61,'实盘净值数据(iFinD公式)'!$B$3:$Y$3,0))/L$85,L97) -> 0 | M61: =IF(G61>0,COUNTIF(G$53:G61,">0"),"") -> 3 | N61: =IF(H61>0,COUNTIF(H$53:H61,">0"),"") -> 3 | O61: =IF(I61>0,COUNTIF(I$53:I61,">0"),"") | P61: =IF(J61>0,COUNTIF(J$53:J61,">0"),"") | Q61: =IF(K61>0,COUNTIF(K$53:K61,">0"),"") -> 5 | R61: =IF(L61>0,COUNTIF(L$53:L61,">0"),"")
A62: 013841.OF | B62: 银华集成电路混合C | C62: 增值 | D62: 产业趋势 | E62: 主动 | F62: 同基金A/C | G62: =IFERROR(INDEX(分期持仓明细!$B$5:$Y$200,G$82-4,MATCH(LEFT($A62,6),分期持仓明细!$B$3:$Y$3,0))*INDEX('实盘净值数据(iFinD公式)'!$B$5:$Y$1000,$B$81,MATCH($A62,'实盘净值数据(iFinD公式)'!$B$3:$Y$3,0))/INDEX('实盘净值数据(iFinD公式)'!$B$5:$Y$1000,MATCH(G$84,'实盘净值数据(iFinD公式)'!$A$5:$A$1000,0),MATCH($A62,'实盘净值数据(iFinD公式)'!$B$3:$Y$3,0))/G$85,G98) -> 0 | H62: =IFERROR(INDEX(分期持仓明细!$B$5:$Y$200,H$82-4,MATCH(LEFT($A62,6),分期持仓明细!$B$3:$Y$3,0))*INDEX('实盘净值数据(iFinD公式)'!$B$5:$Y$1000,$B$81,MATCH($A62,'实盘净值数据(iFinD公式)'!$B$3:$Y$3,0))/INDEX('实盘净值数据(iFinD公式)'!$B$5:$Y$1000,MATCH(H$84,'实盘净值数据(iFinD公式)'!$A$5:$A$1000,0),MATCH($A62,'实盘净值数据(iFinD公式)'!$B$3:$Y$3,0))/H$85,H98) -> 0 | I62: =IFERROR(INDEX(分期持仓明细!$B$5:$Y$200,I$82-4,MATCH(LEFT($A62,6),分期持仓明细!$B$3:$Y$3,0))*INDEX('实盘净值数据(iFinD公式)'!$B$5:$Y$1000,$B$81,MATCH($A62,'实盘净值数据(iFinD公式)'!$B$3:$Y$3,0))/INDEX('实盘净值数据(iFinD公式)'!$B$5:$Y$1000,MATCH(I$84,'实盘净值数据(iFinD公式)'!$A$5:$A$1000,0),MATCH($A62,'实盘净值数据(iFinD公式)'!$B$3:$Y$3,0))/I$85,I98) -> 0.22124738 | J62: =IFERROR(INDEX(分期持仓明细!$B$5:$Y$200,J$82-4,MATCH(LEFT($A62,6),分期持仓明细!$B$3:$Y$3,0))*INDEX('实盘净值数据(iFinD公式)'!$B$5:$Y$1000,$B$81,MATCH($A62,'实盘净值数据(iFinD公式)'!$B$3:$Y$3,0))/INDEX('实盘净值数据(iFinD公式)'!$B$5:$Y$1000,MATCH(J$84,'实盘净值数据(iFinD公式)'!$A$5:$A$1000,0),MATCH($A62,'实盘净值数据(iFinD公式)'!$B$3:$Y$3,0))/J$85,J98) -> 0.010028902 | K62: =IFERROR(INDEX(分期持仓明细!$B$5:$Y$200,K$82-4,MATCH(LEFT($A62,6),分期持仓明细!$B$3:$Y$3,0))*INDEX('实盘净值数据(iFinD公式)'!$B$5:$Y$1000,$B$81,MATCH($A62,'实盘净值数据(iFinD公式)'!$B$3:$Y$3,0))/INDEX('实盘净值数据(iFinD公式)'!$B$5:$Y$1000,MATCH(K$84,'实盘净值数据(iFinD公式)'!$A$5:$A$1000,0),MATCH($A62,'实盘净值数据(iFinD公式)'!$B$3:$Y$3,0))/K$85,K98) -> 0 | L62: =IFERROR(INDEX(分期持仓明细!$B$5:$Y$200,L$82-4,MATCH(LEFT($A62,6),分期持仓明细!$B$3:$Y$3,0))*INDEX('实盘净值数据(iFinD公式)'!$B$5:$Y$1000,$B$81,MATCH($A62,'实盘净值数据(iFinD公式)'!$B$3:$Y$3,0))/INDEX('实盘净值数据(iFinD公式)'!$B$5:$Y$1000,MATCH(L$84,'实盘净值数据(iFinD公式)'!$A$5:$A$1000,0),MATCH($A62,'实盘净值数据(iFinD公式)'!$B$3:$Y$3,0))/L$85,L98) -> 0.030212747 | M62: =IF(G62>0,COUNTIF(G$53:G62,">0"),"") | N62: =IF(H62>0,COUNTIF(H$53:H62,">0"),"") | O62: =IF(I62>0,COUNTIF(I$53:I62,">0"),"") -> 3 | P62: =IF(J62>0,COUNTIF(J$53:J62,">0"),"") -> 5 | Q62: =IF(K62>0,COUNTIF(K$53:K62,">0"),"") | R62: =IF(L62>0,COUNTIF(L$53:L62,">0"),"") -> 5
A63: 014201.OF | B63: 天弘中证1000指增A | C63: 增值 | D63: 指增 | E63: 指增 | F63: 宽基&指增池 | G63: =IFERROR(INDEX(分期持仓明细!$B$5:$Y$200,G$82-4,MATCH(LEFT($A63,6),分期持仓明细!$B$3:$Y$3,0))*INDEX('实盘净值数据(iFinD公式)'!$B$5:$Y$1000,$B$81,MATCH($A63,'实盘净值数据(iFinD公式)'!$B$3:$Y$3,0))/INDEX('实盘净值数据(iFinD公式)'!$B$5:$Y$1000,MATCH(G$84,'实盘净值数据(iFinD公式)'!$A$5:$A$1000,0),MATCH($A63,'实盘净值数据(iFinD公式)'!$B$3:$Y$3,0))/G$85,G99) -> 0 | H63: =IFERROR(INDEX(分期持仓明细!$B$5:$Y$200,H$82-4,MATCH(LEFT($A63,6),分期持仓明细!$B$3:$Y$3,0))*INDEX('实盘净值数据(iFinD公式)'!$B$5:$Y$1000,$B$81,MATCH($A63,'实盘净值数据(iFinD公式)'!$B$3:$Y$3,0))/INDEX('实盘净值数据(iFinD公式)'!$B$5:$Y$1000,MATCH(H$84,'实盘净值数据(iFinD公式)'!$A$5:$A$1000,0),MATCH($A63,'实盘净值数据(iFinD公式)'!$B$3:$Y$3,0))/H$85,H99) -> 0 | I63: =IFERROR(INDEX(分期持仓明细!$B$5:$Y$200,I$82-4,MATCH(LEFT($A63,6),分期持仓明细!$B$3:$Y$3,0))*INDEX('实盘净值数据(iFinD公式)'!$B$5:$Y$1000,$B$81,MATCH($A63,'实盘净值数据(iFinD公式)'!$B$3:$Y$3,0))/INDEX('实盘净值数据(iFinD公式)'!$B$5:$Y$1000,MATCH(I$84,'实盘净值数据(iFinD公式)'!$A$5:$A$1000,0),MATCH($A63,'实盘净值数据(iFinD公式)'!$B$3:$Y$3,0))/I$85,I99) -> 0 | J63: =IFERROR(INDEX(分期持仓明细!$B$5:$Y$200,J$82-4,MATCH(LEFT($A63,6),分期持仓明细!$B$3:$Y$3,0))*INDEX('实盘净值数据(iFinD公式)'!$B$5:$Y$1000,$B$81,MATCH($A63,'实盘净值数据(iFinD公式)'!$B$3:$Y$3,0))/INDEX('实盘净值数据(iFinD公式)'!$B$5:$Y$1000,MATCH(J$84,'实盘净值数据(iFinD公式)'!$A$5:$A$1000,0),MATCH($A63,'实盘净值数据(iFinD公式)'!$B$3:$Y$3,0))/J$85,J99) -> 0 | K63: =IFERROR(INDEX(分期持仓明细!$B$5:$Y$200,K$82-4,MATCH(LEFT($A63,6),分期持仓明细!$B$3:$Y$3,0))*INDEX('实盘净值数据(iFinD公式)'!$B$5:$Y$1000,$B$81,MATCH($A63,'实盘净值数据(iFinD公式)'!$B$3:$Y$3,0))/INDEX('实盘净值数据(iFinD公式)'!$B$5:$Y$1000,MATCH(K$84,'实盘净值数据(iFinD公式)'!$A$5:$A$1000,0),MATCH($A63,'实盘净值数据(iFinD公式)'!$B$3:$Y$3,0))/K$85,K99) -> 0.012731073 | L63: =IFERROR(INDEX(分期持仓明细!$B$5:$Y$200,L$82-4,MATCH(LEFT($A63,6),分期持仓明细!$B$3:$Y$3,0))*INDEX('实盘净值数据(iFinD公式)'!$B$5:$Y$1000,$B$81,MATCH($A63,'实盘净值数据(iFinD公式)'!$B$3:$Y$3,0))/INDEX('实盘净值数据(iFinD公式)'!$B$5:$Y$1000,MATCH(L$84,'实盘净值数据(iFinD公式)'!$A$5:$A$1000,0),MATCH($A63,'实盘净值数据(iFinD公式)'!$B$3:$Y$3,0))/L$85,L99) -> 0 | M63: =IF(G63>0,COUNTIF(G$53:G63,">0"),"") | N63: =IF(H63>0,COUNTIF(H$53:H63,">0"),"") | O63: =IF(I63>0,COUNTIF(I$53:I63,">0"),"") | P63: =IF(J63>0,COUNTIF(J$53:J63,">0"),"") | Q63: =IF(K63>0,COUNTIF(K$53:K63,">0"),"") -> 6 | R63: =IF(L63>0,COUNTIF(L$53:L63,">0"),"")
A64: 014202.OF | B64: 天弘中证1000指增C | C64: 增值 | D64: 指增 | E64: 指增 | F64: 同基金A/C | G64: =IFERROR(INDEX(分期持仓明细!$B$5:$Y$200,G$82-4,MATCH(LEFT($A64,6),分期持仓明细!$B$3:$Y$3,0))*INDEX('实盘净值数据(iFinD公式)'!$B$5:$Y$1000,$B$81,MATCH($A64,'实盘净值数据(iFinD公式)'!$B$3:$Y$3,0))/INDEX('实盘净值数据(iFinD公式)'!$B$5:$Y$1000,MATCH(G$84,'实盘净值数据(iFinD公式)'!$A$5:$A$1000,0),MATCH($A64,'实盘净值数据(iFinD公式)'!$B$3:$Y$3,0))/G$85,G100) -> 0 | H64: =IFERROR(INDEX(分期持仓明细!$B$5:$Y$200,H$82-4,MATCH(LEFT($A64,6),分期持仓明细!$B$3:$Y$3,0))*INDEX('实盘净值数据(iFinD公式)'!$B$5:$Y$1000,$B$81,MATCH($A64,'实盘净值数据(iFinD公式)'!$B$3:$Y$3,0))/INDEX('实盘净值数据(iFinD公式)'!$B$5:$Y$1000,MATCH(H$84,'实盘净值数据(iFinD公式)'!$A$5:$A$1000,0),MATCH($A64,'实盘净值数据(iFinD公式)'!$B$3:$Y$3,0))/H$85,H100) -> 0 | I64: =IFERROR(INDEX(分期持仓明细!$B$5:$Y$200,I$82-4,MATCH(LEFT($A64,6),分期持仓明细!$B$3:$Y$3,0))*INDEX('实盘净值数据(iFinD公式)'!$B$5:$Y$1000,$B$81,MATCH($A64,'实盘净值数据(iFinD公式)'!$B$3:$Y$3,0))/INDEX('实盘净值数据(iFinD公式)'!$B$5:$Y$1000,MATCH(I$84,'实盘净值数据(iFinD公式)'!$A$5:$A$1000,0),MATCH($A64,'实盘净值数据(iFinD公式)'!$B$3:$Y$3,0))/I$85,I100) -> 0 | J64: =IFERROR(INDEX(分期持仓明细!$B$5:$Y$200,J$82-4,MATCH(LEFT($A64,6),分期持仓明细!$B$3:$Y$3,0))*INDEX('实盘净值数据(iFinD公式)'!$B$5:$Y$1000,$B$81,MATCH($A64,'实盘净值数据(iFinD公式)'!$B$3:$Y$3,0))/INDEX('实盘净值数据(iFinD公式)'!$B$5:$Y$1000,MATCH(J$84,'实盘净值数据(iFinD公式)'!$A$5:$A$1000,0),MATCH($A64,'实盘净值数据(iFinD公式)'!$B$3:$Y$3,0))/J$85,J100) -> 0.012572776 | K64: =IFERROR(INDEX(分期持仓明细!$B$5:$Y$200,K$82-4,MATCH(LEFT($A64,6),分期持仓明细!$B$3:$Y$3,0))*INDEX('实盘净值数据(iFinD公式)'!$B$5:$Y$1000,$B$81,MATCH($A64,'实盘净值数据(iFinD公式)'!$B$3:$Y$3,0))/INDEX('实盘净值数据(iFinD公式)'!$B$5:$Y$1000,MATCH(K$84,'实盘净值数据(iFinD公式)'!$A$5:$A$1000,0),MATCH($A64,'实盘净值数据(iFinD公式)'!$B$3:$Y$3,0))/K$85,K100) -> 0 | L64: =IFERROR(INDEX(分期持仓明细!$B$5:$Y$200,L$82-4,MATCH(LEFT($A64,6),分期持仓明细!$B$3:$Y$3,0))*INDEX('实盘净值数据(iFinD公式)'!$B$5:$Y$1000,$B$81,MATCH($A64,'实盘净值数据(iFinD公式)'!$B$3:$Y$3,0))/INDEX('实盘净值数据(iFinD公式)'!$B$5:$Y$1000,MATCH(L$84,'实盘净值数据(iFinD公式)'!$A$5:$A$1000,0),MATCH($A64,'实盘净值数据(iFinD公式)'!$B$3:$Y$3,0))/L$85,L100) -> 0.037879307 | M64: =IF(G64>0,COUNTIF(G$53:G64,">0"),"") | N64: =IF(H64>0,COUNTIF(H$53:H64,">0"),"") | O64: =IF(I64>0,COUNTIF(I$53:I64,">0"),"") | P64: =IF(J64>0,COUNTIF(J$53:J64,">0"),"") -> 6 | Q64: =IF(K64>0,COUNTIF(K$53:K64,">0"),"") | R64: =IF(L64>0,COUNTIF(L$53:L64,">0"),"") -> 6
... A76: 162214.OF | B76: 宏利领先中小盘混合 | C76: 增值 | D76: 产业趋势 | E76: 主动 | F76: 产业趋势产品池 | G76: =IFERROR(INDEX(分期持仓明细!$B$5:$Y$200,G$82-4,MATCH(LEFT($A76,6),分期持仓明细!$B$3:$Y$3,0))*INDEX('实盘净值数据(iFinD公式)'!$B$5:$Y$1000,$B$81,MATCH($A76,'实盘净值数据(iFinD公式)'!$B$3:$Y$3,0))/INDEX('实盘净值数据(iFinD公式)'!$B$5:$Y$1000,MATCH(G$84,'实盘净值数据(iFinD公式)'!$A$5:$A$1000,0),MATCH($A76,'实盘净值数据(iFinD公式)'!$B$3:$Y$3,0))/G$85,G112) -> 0.064849866 | H76: =IFERROR(INDEX(分期持仓明细!$B$5:$Y$200,H$82-4,MATCH(LEFT($A76,6),分期持仓明细!$B$3:$Y$3,0))*INDEX('实盘净值数据(iFinD公式)'!$B$5:$Y$1000,$B$81,MATCH($A76,'实盘净值数据(iFinD公式)'!$B$3:$Y$3,0))/INDEX('实盘净值数据(iFinD公式)'!$B$5:$Y$1000,MATCH(H$84,'实盘净值数据(iFinD公式)'!$A$5:$A$1000,0),MATCH($A76,'实盘净值数据(iFinD公式)'!$B$3:$Y$3,0))/H$85,H112) -> 0.064852493 | I76: =IFERROR(INDEX(分期持仓明细!$B$5:$Y$200,I$82-4,MATCH(LEFT($A76,6),分期持仓明细!$B$3:$Y$3,0))*INDEX('实盘净值数据(iFinD公式)'!$B$5:$Y$1000,$B$81,MATCH($A76,'实盘净值数据(iFinD公式)'!$B$3:$Y$3,0))/INDEX('实盘净值数据(iFinD公式)'!$B$5:$Y$1000,MATCH(I$84,'实盘净值数据(iFinD公式)'!$A$5:$A$1000,0),MATCH($A76,'实盘净值数据(iFinD公式)'!$B$3:$Y$3,0))/I$85,I112) -> 0.066698258 | J76: =IFERROR(INDEX(分期持仓明细!$B$5:$Y$200,J$82-4,MATCH(LEFT($A76,6),分期持仓明细!$B$3:$Y$3,0))*INDEX('实盘净值数据(iFinD公式)'!$B$5:$Y$1000,$B$81,MATCH($A76,'实盘净值数据(iFinD公式)'!$B$3:$Y$3,0))/INDEX('实盘净值数据(iFinD公式)'!$B$5:$Y$1000,MATCH(J$84,'实盘净值数据(iFinD公式)'!$A$5:$A$1000,0),MATCH($A76,'实盘净值数据(iFinD公式)'!$B$3:$Y$3,0))/J$85,J112) -> 0.008870735 | K76: =IFERROR(INDEX(分期持仓明细!$B$5:$Y$200,K$82-4,MATCH(LEFT($A76,6),分期持仓明细!$B$3:$Y$3,0))*INDEX('实盘净值数据(iFinD公式)'!$B$5:$Y$1000,$B$81,MATCH($A76,'实盘净值数据(iFinD公式)'!$B$3:$Y$3,0))/INDEX('实盘净值数据(iFinD公式)'!$B$5:$Y$1000,MATCH(K$84,'实盘净值数据(iFinD公式)'!$A$5:$A$1000,0),MATCH($A76,'实盘净值数据(iFinD公式)'!$B$3:$Y$3,0))/K$85,K112) -> 0.0088698403 | L76: =IFERROR(INDEX(分期持仓明细!$B$5:$Y$200,L$82-4,MATCH(LEFT($A76,6),分期持仓明细!$B$3:$Y$3,0))*INDEX('实盘净值数据(iFinD公式)'!$B$5:$Y$1000,$B$81,MATCH($A76,'实盘净值数据(iFinD公式)'!$B$3:$Y$3,0))/INDEX('实盘净值数据(iFinD公式)'!$B$5:$Y$1000,MATCH(L$84,'实盘净值数据(iFinD公式)'!$A$5:$A$1000,0),MATCH($A76,'实盘净值数据(iFinD公式)'!$B$3:$Y$3,0))/L$85,L112) -> 0.029074573 | M76: =IF(G76>0,COUNTIF(G$53:G76,">0"),"") -> 7 | N76: =IF(H76>0,COUNTIF(H$53:H76,">0"),"") -> 7 | O76: =IF(I76>0,COUNTIF(I$53:I76,">0"),"") -> 7 | P76: =IF(J76>0,COUNTIF(J$53:J76,">0"),"") -> 13 | Q76: =IF(K76>0,COUNTIF(K$53:K76,">0"),"") -> 13 | R76: =IF(L76>0,COUNTIF(L$53:L76,">0"),"") -> 13
A77: 合计 | G77: =SUM(G53:G76) -> 1 | H77: =SUM(H53:H76) -> 1 | I77: =SUM(I53:I76) -> 1 | J77: =SUM(J53:J76) -> 1 | K77: =SUM(K53:K76) -> 1 | L77: =SUM(L53:L76) -> 1
A80: 自动计算参数（公式区）
A81: 最新完整净值行(相对A5) | B81: =IFERROR(MATCH(TODAY()-1,'实盘净值数据(iFinD公式)'!$A$5:$A$1000,1),0) -> 63 | G81: 产业趋势 | H81: 产业趋势基石 | I81: 产业趋势2号 | J81: 10-90 | K81: 10-90基石 | L81: 30-70
A82: 最新完整净值日期 | B82: =IF($B$81=0,"",INDEX('实盘净值数据(iFinD公式)'!$A$5:$A$1000,$B$81)) -> 46280 | F82: 最新阶段行 | G82: =IFERROR(MAX(M$86:M$281),0) -> 17 | H82: =IFERROR(MAX(N$86:N$281),0) -> 18 | I82: =IFERROR(MAX(O$86:O$281),0) -> 19 | J82: =IFERROR(MAX(P$86:P$281),0) -> 20 | K82: =IFERROR(MAX(Q$86:Q$281),0) -> 21 | L82: =IFERROR(MAX(R$86:R$281),0) -> 22
F83: 阶段标签 | G83: =IF(G$82=0,"",INDEX(分期持仓明细!$A$5:$A$200,G$82-4)) -> 产业趋势 · P1(7/10调仓后) | H83: =IF(H$82=0,"",INDEX(分期持仓明细!$A$5:$A$200,H$82-4)) -> 产业趋势基石 · P1(7/10调仓后) | I83: =IF(I$82=0,"",INDEX(分期持仓明细!$A$5:$A$200,I$82-4)) -> 产业趋势2号 · P1(7/10调仓后) | J83: =IF(J$82=0,"",INDEX(分期持仓明细!$A$5:$A$200,J$82-4)) -> 10-90 · P3(7/17调仓后) | K83: =IF(K$82=0,"",INDEX(分期持仓明细!$A$5:$A$200,K$82-4)) -> 10-90基石 · P3(7/17调仓后) | L83: =IF(L$82=0,"",INDEX(分期持仓明细!$A$5:$A$200,L$82-4)) -> 30-70 · P3(7/17调仓后)
F84: 生效日 | G84: =IF(G$82=0,"",INDEX(分期持仓明细!$AA$5:$AA$200,G$82-4)) -> 46213 | H84: =IF(H$82=0,"",INDEX(分期持仓明细!$AA$5:$AA$200,H$82-4)) -> 46213 | I84: =IF(I$82=0,"",INDEX(分期持仓明细!$AA$5:$AA$200,I$82-4)) -> 46213 | J84: =IF(J$82=0,"",INDEX(分期持仓明细!$AA$5:$AA$200,J$82-4)) -> 46220 | K84: =IF(K$82=0,"",INDEX(分期持仓明细!$AA$5:$AA$200,K$82-4)) -> 46220 | L84: =IF(L$82=0,"",INDEX(分期持仓明细!$AA$5:$AA$200,L$82-4)) -> 46220
F85: 归一化因子 | G85: =IFERROR(SUMPRODUCT(INDEX(分期持仓明细!$B$5:$Y$200,G$82-4,0),INDEX('实盘净值数据(iFinD公式)'!$B$5:$Y$1000,$B$81,0)/INDEX('实盘净值数据(iFinD公式)'!$B$5:$Y$1000,MATCH(G$84,'实盘净值数据(iFinD公式)'!$A$5:$A$1000,0),0)),0) -> 0.83894597 | H85: =IFERROR(SUMPRODUCT(INDEX(分期持仓明细!$B$5:$Y$200,H$82-4,0),INDEX('实盘净值数据(iFinD公式)'!$B$5:$Y$1000,$B$81,0)/INDEX('实盘净值数据(iFinD公式)'!$B$5:$Y$1000,MATCH(H$84,'实盘净值数据(iFinD公式)'!$A$5:$A$1000,0),0)),0) -> 0.83890541 | I85: =IFERROR(SUMPRODUCT(INDEX(分期持仓明细!$B$5:$Y$200,I$82-4,0),INDEX('实盘净值数据(iFinD公式)'!$B$5:$Y$1000,$B$81,0)/INDEX('实盘净值数据(iFinD公式)'!$B$5:$Y$1000,MATCH(I$84,'实盘净值数据(iFinD公式)'!$A$5:$A$1000,0),0)),0) -> 0.81568751 | J85: =IFERROR(SUMPRODUCT(INDEX(分期持仓明细!$B$5:$Y$200,J$82-4,0),INDEX('实盘净值数据(iFinD公式)'!$B$5:$Y$1000,$B$81,0)/INDEX('实盘净值数据(iFinD公式)'!$B$5:$Y$1000,MATCH(J$84,'实盘净值数据(iFinD公式)'!$A$5:$A$1000,0),0)),0) -> 1.0100136 | K85: =IFERROR(SUMPRODUCT(INDEX(分期持仓明细!$B$5:$Y$200,K$82-4,0),INDEX('实盘净值数据(iFinD公式)'!$B$5:$Y$1000,$B$81,0)/INDEX('实盘净值数据(iFinD公式)'!$B$5:$Y$1000,MATCH(K$84,'实盘净值数据(iFinD公式)'!$A$5:$A$1000,0),0)),0) -> 1.0112219 | L85: =IFERROR(SUMPRODUCT(INDEX(分期持仓明细!$B$5:$Y$200,L$82-4,0),INDEX('实盘净值数据(iFinD公式)'!$B$5:$Y$1000,$B$81,0)/INDEX('实盘净值数据(iFinD公式)'!$B$5:$Y$1000,MATCH(L$84,'实盘净值数据(iFinD公式)'!$A$5:$A$1000,0),0)),0) -> 1.0125675
M86: =IF(LEFT(分期持仓明细!$A$5,LEN(G$81)+2)=G$81&" ·",ROW(分期持仓明细!$A$5),0) -> 5 | N86: =IF(LEFT(分期持仓明细!$A$5,LEN(H$81)+2)=H$81&" ·",ROW(分期持仓明细!$A$5),0) -> 0 | O86: =IF(LEFT(分期持仓明细!$A$5,LEN(I$81)+2)=I$81&" ·",ROW(分期持仓明细!$A$5),0) -> 0 | P86: =IF(LEFT(分期持仓明细!$A$5,LEN(J$81)+2)=J$81&" ·",ROW(分期持仓明细!$A$5),0) -> 0 | Q86: =IF(LEFT(分期持仓明细!$A$5,LEN(K$81)+2)=K$81&" ·",ROW(分期持仓明细!$A$5),0) -> 0 | R86: =IF(LEFT(分期持仓明细!$A$5,LEN(L$81)+2)=L$81&" ·",ROW(分期持仓明细!$A$5),0) -> 0
M87: =IF(LEFT(分期持仓明细!$A$6,LEN(G$81)+2)=G$81&" ·",ROW(分期持仓明细!$A$6),0) -> 0 | N87: =IF(LEFT(分期持仓明细!$A$6,LEN(H$81)+2)=H$81&" ·",ROW(分期持仓明细!$A$6),0) -> 6 | O87: =IF(LEFT(分期持仓明细!$A$6,LEN(I$81)+2)=I$81&" ·",ROW(分期持仓明细!$A$6),0) -> 0 | P87: =IF(LEFT(分期持仓明细!$A$6,LEN(J$81)+2)=J$81&" ·",ROW(分期持仓明细!$A$6),0) -> 0 | Q87: =IF(LEFT(分期持仓明细!$A$6,LEN(K$81)+2)=K$81&" ·",ROW(分期持仓明细!$A$6),0) -> 0 | R87: =IF(LEFT(分期持仓明细!$A$6,LEN(L$81)+2)=L$81&" ·",ROW(分期持仓明细!$A$6),0) -> 0
A88: 最近完整快照（2026-08-07，由模板净值和分期持仓重算；非系统导入） | G88: 产业趋势 | H88: 产业趋势基石 | I88: 产业趋势2号 | J88: 10-90 | K88: 10-90基石 | L88: 30-70 | M88: =IF(LEFT(分期持仓明细!$A$7,LEN(G$81)+2)=G$81&" ·",ROW(分期持仓明细!$A$7),0) -> 0 | N88: =IF(LEFT(分期持仓明细!$A$7,LEN(H$81)+2)=H$81&" ·",ROW(分期持仓明细!$A$7),0) -> 0 | O88: =IF(LEFT(分期持仓明细!$A$7,LEN(I$81)+2)=I$81&" ·",ROW(分期持仓明细!$A$7),0) -> 7 | P88: =IF(LEFT(分期持仓明细!$A$7,LEN(J$81)+2)=J$81&" ·",ROW(分期持仓明细!$A$7),0) -> 0 | Q88: =IF(LEFT(分期持仓明细!$A$7,LEN(K$81)+2)=K$81&" ·",ROW(分期持仓明细!$A$7),0) -> 0 | R88: =IF(LEFT(分期持仓明细!$A$7,LEN(L$81)+2)=L$81&" ·",ROW(分期持仓明细!$A$7),0) -> 0
A89: 000216.OF | B89: 华安黄金ETF联接A | C89: 生息 | D89: - | E89: 保障 | F89: 债券&保障池子（保障） | G89: 0 | H89: 0 | I89: 0 | J89: 0.054143474 | K89: 0.051794494 | L89: 0.1078506 | M89: =IF(LEFT(分期持仓明细!$A$8,LEN(G$81)+2)=G$81&" ·",ROW(分期持仓明细!$A$8),0) -> 0 | N89: =IF(LEFT(分期持仓明细!$A$8,LEN(H$81)+2)=H$81&" ·",ROW(分期持仓明细!$A$8),0) -> 0 | O89: =IF(LEFT(分期持仓明细!$A$8,LEN(I$81)+2)=I$81&" ·",ROW(分期持仓明细!$A$8),0) -> 0 | P89: =IF(LEFT(分期持仓明细!$A$8,LEN(J$81)+2)=J$81&" ·",ROW(分期持仓明细!$A$8),0) -> 8 | Q89: =IF(LEFT(分期持仓明细!$A$8,LEN(K$81)+2)=K$81&" ·",ROW(分期持仓明细!$A$8),0) -> 0 | R89: =IF(LEFT(分期持仓明细!$A$8,LEN(L$81)+2)=L$81&" ·",ROW(分期持仓明细!$A$8),0) -> 0
A90: 000917.OF | B90: 嘉实快线货币A | C90: 生息 | D90: - | E90: 货币 | F90: 现持仓补充 | G90: 0.054338346 | H90: 0.053133033 | I90: 0.051280128 | J90: 0.043923929 | K90: 0.043953761 | L90: 0.085304372 | M90: =IF(LEFT(分期持仓明细!$A$9,LEN(G$81)+2)=G$81&" ·",ROW(分期持仓明细!$A$9),0) -> 0 | N90: =IF(LEFT(分期持仓明细!$A$9,LEN(H$81)+2)=H$81&" ·",ROW(分期持仓明细!$A$9),0) -> 0 | O90: =IF(LEFT(分期持仓明细!$A$9,LEN(I$81)+2)=I$81&" ·",ROW(分期持仓明细!$A$9),0) -> 0 | P90: =IF(LEFT(分期持仓明细!$A$9,LEN(J$81)+2)=J$81&" ·",ROW(分期持仓明细!$A$9),0) -> 9 | Q90: =IF(LEFT(分期持仓明细!$A$9,LEN(K$81)+2)=K$81&" ·",ROW(分期持仓明细!$A$9),0) -> 0 | R90: =IF(LEFT(分期持仓明细!$A$9,LEN(L$81)+2)=L$81&" ·",ROW(分期持仓明细!$A$9),0) -> 0
A91: 001170.OF | B91: 宏利复兴混合A | C91: 增值 | D91: 产业趋势 | E91: 主动 | F91: 产业趋势产品池 | G91: 0.16814799 | H91: 0.16972434 | I91: 0 | J91: 0 | K91: 0.0087369099 | L91: 0 | M91: =IF(LEFT(分期持仓明细!$A$10,LEN(G$81)+2)=G$81&" ·",ROW(分期持仓明细!$A$10),0) -> 0 | N91: =IF(LEFT(分期持仓明细!$A$10,LEN(H$81)+2)=H$81&" ·",ROW(分期持仓明细!$A$10),0) -> 0 | O91: =IF(LEFT(分期持仓明细!$A$10,LEN(I$81)+2)=I$81&" ·",ROW(分期持仓明细!$A$10),0) -> 0 | P91: =IF(LEFT(分期持仓明细!$A$10,LEN(J$81)+2)=J$81&" ·",ROW(分期持仓明细!$A$10),0) -> 0 | Q91: =IF(LEFT(分期持仓明细!$A$10,LEN(K$81)+2)=K$81&" ·",ROW(分期持仓明细!$A$10),0) -> 10 | R91: =IF(LEFT(分期持仓明细!$A$10,LEN(L$81)+2)=L$81&" ·",ROW(分期持仓明细!$A$10),0) -> 0
A92: 007044.OF | B92: 博道沪深300增强A | C92: 增值 | D92: 指增 | E92: 指增 | F92: 宽基&指增池 | G92: 0 | H92: 0 | I92: 0 | J92: 0 | K92: 0.01289755 | L92: 0 | M92: =IF(LEFT(分期持仓明细!$A$11,LEN(G$81)+2)=G$81&" ·",ROW(分期持仓明细!$A$11),0) -> 0 | N92: =IF(LEFT(分期持仓明细!$A$11,LEN(H$81)+2)=H$81&" ·",ROW(分期持仓明细!$A$11),0) -> 0 | O92: =IF(LEFT(分期持仓明细!$A$11,LEN(I$81)+2)=I$81&" ·",ROW(分期持仓明细!$A$11),0) -> 0 | P92: =IF(LEFT(分期持仓明细!$A$11,LEN(J$81)+2)=J$81&" ·",ROW(分期持仓明细!$A$11),0) -> 0 | Q92: =IF(LEFT(分期持仓明细!$A$11,LEN(K$81)+2)=K$81&" ·",ROW(分期持仓明细!$A$11),0) -> 11 | R92: =IF(LEFT(分期持仓明细!$A$11,LEN(L$81)+2)=L$81&" ·",ROW(分期持仓明细!$A$11),0) -> 0
A93: 007045.OF | B93: 博道沪深300指增C | C93: 增值 | D93: 指增 | E93: 指增 | F93: 同基金A/C | G93: 0 | H93: 0 | I93: 0 | J93: 0.012855558 | K93: 0 | L93: 0.038410341 | M93: =IF(LEFT(分期持仓明细!$A$12,LEN(G$81)+2)=G$81&" ·",ROW(分期持仓明细!$A$12),0) -> 0 | N93: =IF(LEFT(分期持仓明细!$A$12,LEN(H$81)+2)=H$81&" ·",ROW(分期持仓明细!$A$12),0) -> 0 | O93: =IF(LEFT(分期持仓明细!$A$12,LEN(I$81)+2)=I$81&" ·",ROW(分期持仓明细!$A$12),0) -> 0 | P93: =IF(LEFT(分期持仓明细!$A$12,LEN(J$81)+2)=J$81&" ·",ROW(分期持仓明细!$A$12),0) -> 0 | Q93: =IF(LEFT(分期持仓明细!$A$12,LEN(K$81)+2)=K$81&" ·",ROW(分期持仓明细!$A$12),0) -> 0 | R93: =IF(LEFT(分期持仓明细!$A$12,LEN(L$81)+2)=L$81&" ·",ROW(分期持仓明细!$A$12),0) -> 12
A94: 007817.OF | B94: 国泰通信设备ETF联接A | C94: 增值 | D94: 产业趋势 | E94: 指数 | F94: 产业趋势产品池 | G94: 0 | H94: 0 | I94: 0 | J94: 0 | K94: 0 | L94: 0 | M94: =IF(LEFT(分期持仓明细!$A$13,LEN(G$81)+2)=G$81&" ·",ROW(分期持仓明细!$A$13),0) -> 0 | N94: =IF(LEFT(分期持仓明细!$A$13,LEN(H$81)+2)=H$81&" ·",ROW(分期持仓明细!$A$13),0) -> 0 | O94: =IF(LEFT(分期持仓明细!$A$13,LEN(I$81)+2)=I$81&" ·",ROW(分期持仓明细!$A$13),0) -> 0 | P94: =IF(LEFT(分期持仓明细!$A$13,LEN(J$81)+2)=J$81&" ·",ROW(分期持仓明细!$A$13),0) -> 0 | Q94: =IF(LEFT(分期持仓明细!$A$13,LEN(K$81)+2)=K$81&" ·",ROW(分期持仓明细!$A$13),0) -> 0 | R94: =IF(LEFT(分期持仓明细!$A$13,LEN(L$81)+2)=L$81&" ·",ROW(分期持仓明细!$A$13),0) -> 13
A95: 007818.OF | B95: 国泰通信设备C | C95: 增值 | D95: 产业趋势 | E95: 指数 | F95: 同基金A/C | G95: 0 | H95: 0 | I95: 0 | J95: 0 | K95: 0 | L95: 0 | M95: =IF(LEFT(分期持仓明细!$A$14,LEN(G$81)+2)=G$81&" ·",ROW(分期持仓明细!$A$14),0) -> 0 | N95: =IF(LEFT(分期持仓明细!$A$14,LEN(H$81)+2)=H$81&" ·",ROW(分期持仓明细!$A$14),0) -> 0 | O95: =IF(LEFT(分期持仓明细!$A$14,LEN(I$81)+2)=I$81&" ·",ROW(分期持仓明细!$A$14),0) -> 0 | P95: =IF(LEFT(分期持仓明细!$A$14,LEN(J$81)+2)=J$81&" ·",ROW(分期持仓明细!$A$14),0) -> 14 | Q95: =IF(LEFT(分期持仓明细!$A$14,LEN(K$81)+2)=K$81&" ·",ROW(分期持仓明细!$A$14),0) -> 0 | R95: =IF(LEFT(分期持仓明细!$A$14,LEN(L$81)+2)=L$81&" ·",ROW(分期持仓明细!$A$14),0) -> 0
A96: 009993.OF | B96: 嘉实前沿科技创新 | C96: 增值 | D96: 产业趋势 | E96: 主动 | F96: 现持仓补充 | G96: 0 | H96: 0 | I96: 0.1864346 | J96: 0.0096300295 | K96: 0 | L96: 0.028773694 | M96: =IF(LEFT(分期持仓明细!$A$15,LEN(G$81)+2)=G$81&" ·",ROW(分期持仓明细!$A$15),0) -> 0 | N96: =IF(LEFT(分期持仓明细!$A$15,LEN(H$81)+2)=H$81&" ·",ROW(分期持仓明细!$A$15),0) -> 0 | O96: =IF(LEFT(分期持仓明细!$A$15,LEN(I$81)+2)=I$81&" ·",ROW(分期持仓明细!$A$15),0) -> 0 | P96: =IF(LEFT(分期持仓明细!$A$15,LEN(J$81)+2)=J$81&" ·",ROW(分期持仓明细!$A$15),0) -> 0 | Q96: =IF(LEFT(分期持仓明细!$A$15,LEN(K$81)+2)=K$81&" ·",ROW(分期持仓明细!$A$15),0) -> 15 | R96: =IF(LEFT(分期持仓明细!$A$15,LEN(L$81)+2)=L$81&" ·",ROW(分期持仓明细!$A$15),0) -> 0
A97: 013840.OF | B97: 银华集成电路混合A | C97: 增值 | D97: 产业趋势 | E97: 主动 | F97: 产业趋势产品池 | G97: 0.24648997 | H97: 0.24475714 | I97: 0 | J97: 0 | K97: 0.01225914 | L97: 0 | M97: =IF(LEFT(分期持仓明细!$A$16,LEN(G$81)+2)=G$81&" ·",ROW(分期持仓明细!$A$16),0) -> 0 | N97: =IF(LEFT(分期持仓明细!$A$16,LEN(H$81)+2)=H$81&" ·",ROW(分期持仓明细!$A$16),0) -> 0 | O97: =IF(LEFT(分期持仓明细!$A$16,LEN(I$81)+2)=I$81&" ·",ROW(分期持仓明细!$A$16),0) -> 0 | P97: =IF(LEFT(分期持仓明细!$A$16,LEN(J$81)+2)=J$81&" ·",ROW(分期持仓明细!$A$16),0) -> 0 | Q97: =IF(LEFT(分期持仓明细!$A$16,LEN(K$81)+2)=K$81&" ·",ROW(分期持仓明细!$A$16),0) -> 0 | R97: =IF(LEFT(分期持仓明细!$A$16,LEN(L$81)+2)=L$81&" ·",ROW(分期持仓明细!$A$16),0) -> 16
A98: 013841.OF | B98: 银华集成电路混合C | C98: 增值 | D98: 产业趋势 | E98: 主动 | F98: 同基金A/C | G98: 0 | H98: 0 | I98: 0.23333425 | J98: 0.01106067 | K98: 0 | L98: 0.033047211 | M98: =IF(LEFT(分期持仓明细!$A$17,LEN(G$81)+2)=G$81&" ·",ROW(分期持仓明细!$A$17),0) -> 17 | N98: =IF(LEFT(分期持仓明细!$A$17,LEN(H$81)+2)=H$81&" ·",ROW(分期持仓明细!$A$17),0) -> 0 | O98: =IF(LEFT(分期持仓明细!$A$17,LEN(I$81)+2)=I$81&" ·",ROW(分期持仓明细!$A$17),0) -> 0 | P98: =IF(LEFT(分期持仓明细!$A$17,LEN(J$81)+2)=J$81&" ·",ROW(分期持仓明细!$A$17),0) -> 0 | Q98: =IF(LEFT(分期持仓明细!$A$17,LEN(K$81)+2)=K$81&" ·",ROW(分期持仓明细!$A$17),0) -> 0 | R98: =IF(LEFT(分期持仓明细!$A$17,LEN(L$81)+2)=L$81&" ·",ROW(分期持仓明细!$A$17),0) -> 0
A99: 014201.OF | B99: 天弘中证1000指增A | C99: 增值 | D99: 指增 | E99: 指增 | F99: 宽基&指增池 | G99: 0 | H99: 0 | I99: 0 | J99: 0 | K99: 0.013058112 | L99: 0 | M99: =IF(LEFT(分期持仓明细!$A$18,LEN(G$81)+2)=G$81&" ·",ROW(分期持仓明细!$A$18),0) -> 0 | N99: =IF(LEFT(分期持仓明细!$A$18,LEN(H$81)+2)=H$81&" ·",ROW(分期持仓明细!$A$18),0) -> 18 | O99: =IF(LEFT(分期持仓明细!$A$18,LEN(I$81)+2)=I$81&" ·",ROW(分期持仓明细!$A$18),0) -> 0 | P99: =IF(LEFT(分期持仓明细!$A$18,LEN(J$81)+2)=J$81&" ·",ROW(分期持仓明细!$A$18),0) -> 0 | Q99: =IF(LEFT(分期持仓明细!$A$18,LEN(K$81)+2)=K$81&" ·",ROW(分期持仓明细!$A$18),0) -> 0 | R99: =IF(LEFT(分期持仓明细!$A$18,LEN(L$81)+2)=L$81&" ·",ROW(分期持仓明细!$A$18),0) -> 0
A100: 014202.OF | B100: 天弘中证1000指增C | C100: 增值 | D100: 指增 | E100: 指增 | F100: 同基金A/C | G100: 0 | H100: 0 | I100: 0 | J100: 0.012881708 | K100: 0 | L100: 0.038491146 | M100: =IF(LEFT(分期持仓明细!$A$19,LEN(G$81)+2)=G$81&" ·",ROW(分期持仓明细!$A$19),0) -> 0 | N100: =IF(LEFT(分期持仓明细!$A$19,LEN(H$81)+2)=H$81&" ·",ROW(分期持仓明细!$A$19),0) -> 0 | O100: =IF(LEFT(分期持仓明细!$A$19,LEN(I$81)+2)=I$81&" ·",ROW(分期持仓明细!$A$19),0) -> 19 | P100: =IF(LEFT(分期持仓明细!$A$19,LEN(J$81)+2)=J$81&" ·",ROW(分期持仓明细!$A$19),0) -> 0 | Q100: =IF(LEFT(分期持仓明细!$A$19,LEN(K$81)+2)=K$81&" ·",ROW(分期持仓明细!$A$19),0) -> 0 | R100: =IF(LEFT(分期持仓明细!$A$19,LEN(L$81)+2)=L$81&" ·",ROW(分期持仓明细!$A$19),0) -> 0
A101: 015453.OF | B101: 中欧中证500指增A | C101: 增值 | D101: 指增 | E101: 指增 | F101: 宽基&指增池 | G101: 0 | H101: 0 | I101: 0 | J101: 0 | K101: 0.013311356 | L101: 0 | M101: =IF(LEFT(分期持仓明细!$A$20,LEN(G$81)+2)=G$81&" ·",ROW(分期持仓明细!$A$20),0) -> 0 | N101: =IF(LEFT(分期持仓明细!$A$20,LEN(H$81)+2)=H$81&" ·",ROW(分期持仓明细!$A$20),0) -> 0 | O101: =IF(LEFT(分期持仓明细!$A$20,LEN(I$81)+2)=I$81&" ·",ROW(分期持仓明细!$A$20),0) -> 0 | P101: =IF(LEFT(分期持仓明细!$A$20,LEN(J$81)+2)=J$81&" ·",ROW(分期持仓明细!$A$20),0) -> 20 | Q101: =IF(LEFT(分期持仓明细!$A$20,LEN(K$81)+2)=K$81&" ·",ROW(分期持仓明细!$A$20),0) -> 0 | R101: =IF(LEFT(分期持仓明细!$A$20,LEN(L$81)+2)=L$81&" ·",ROW(分期持仓明细!$A$20),0) -> 0
A102: 015454.OF | B102: 中欧中证500指增C | C102: 增值 | D102: 指增 | E102: 指增 | F102: 同基金A/C | G102: 0 | H102: 0 | I102: 0 | J102: 0.013008999 | K102: 0 | L102: 0.038868618 | M102: =IF(LEFT(分期持仓明细!$A$21,LEN(G$81)+2)=G$81&" ·",ROW(分期持仓明细!$A$21),0) -> 0 | N102: =IF(LEFT(分期持仓明细!$A$21,LEN(H$81)+2)=H$81&" ·",ROW(分期持仓明细!$A$21),0) -> 0 | O102: =IF(LEFT(分期持仓明细!$A$21,LEN(I$81)+2)=I$81&" ·",ROW(分期持仓明细!$A$21),0) -> 0 | P102: =IF(LEFT(分期持仓明细!$A$21,LEN(J$81)+2)=J$81&" ·",ROW(分期持仓明细!$A$21),0) -> 0 | Q102: =IF(LEFT(分期持仓明细!$A$21,LEN(K$81)+2)=K$81&" ·",ROW(分期持仓明细!$A$21),0) -> 21 | R102: =IF(LEFT(分期持仓明细!$A$21,LEN(L$81)+2)=L$81&" ·",ROW(分期持仓明细!$A$21),0) -> 0
A103: 016370.OF | B103: 信澳业绩驱动A | C103: 增值 | D103: 产业趋势 | E103: 主动 | F103: 产业趋势产品池 | G103: 0.15912488 | H103: 0.15902508 | I103: 0 | J103: 0 | K103: 0.0084098558 | L103: 0 | M103: =IF(LEFT(分期持仓明细!$A$22,LEN(G$81)+2)=G$81&" ·",ROW(分期持仓明细!$A$22),0) -> 0 | N103: =IF(LEFT(分期持仓明细!$A$22,LEN(H$81)+2)=H$81&" ·",ROW(分期持仓明细!$A$22),0) -> 0 | O103: =IF(LEFT(分期持仓明细!$A$22,LEN(I$81)+2)=I$81&" ·",ROW(分期持仓明细!$A$22),0) -> 0 | P103: =IF(LEFT(分期持仓明细!$A$22,LEN(J$81)+2)=J$81&" ·",ROW(分期持仓明细!$A$22),0) -> 0 | Q103: =IF(LEFT(分期持仓明细!$A$22,LEN(K$81)+2)=K$81&" ·",ROW(分期持仓明细!$A$22),0) -> 0 | R103: =IF(LEFT(分期持仓明细!$A$22,LEN(L$81)+2)=L$81&" ·",ROW(分期持仓明细!$A$22),0) -> 22
A104: 017488.OF | B104: 嘉实信息产业A | C104: 增值 | D104: 产业趋势 | E104: 主动 | F104: 产业趋势产品池 | G104: 0.17230499 | H104: 0.17310992 | I104: 0 | J104: 0 | K104: 0.0089801807 | L104: 0 | M104: =IF(LEFT(分期持仓明细!$A$23,LEN(G$81)+2)=G$81&" ·",ROW(分期持仓明细!$A$23),0) -> 0 | N104: =IF(LEFT(分期持仓明细!$A$23,LEN(H$81)+2)=H$81&" ·",ROW(分期持仓明细!$A$23),0) -> 0 | O104: =IF(LEFT(分期持仓明细!$A$23,LEN(I$81)+2)=I$81&" ·",ROW(分期持仓明细!$A$23),0) -> 0 | P104: =IF(LEFT(分期持仓明细!$A$23,LEN(J$81)+2)=J$81&" ·",ROW(分期持仓明细!$A$23),0) -> 0 | Q104: =IF(LEFT(分期持仓明细!$A$23,LEN(K$81)+2)=K$81&" ·",ROW(分期持仓明细!$A$23),0) -> 0 | R104: =IF(LEFT(分期持仓明细!$A$23,LEN(L$81)+2)=L$81&" ·",ROW(分期持仓明细!$A$23),0) -> 0
A105: 017489.OF | B105: 嘉实信息产业C | C105: 增值 | D105: 产业趋势 | E105: 主动 | F105: 同基金A/C | G105: 0 | H105: 0 | I105: 0.16814228 | J105: 0.008713692 | K105: 0 | L105: 0.02603645 | M105: =IF(LEFT(分期持仓明细!$A$24,LEN(G$81)+2)=G$81&" ·",ROW(分期持仓明细!$A$24),0) -> 0 | N105: =IF(LEFT(分期持仓明细!$A$24,LEN(H$81)+2)=H$81&" ·",ROW(分期持仓明细!$A$24),0) -> 0 | O105: =IF(LEFT(分期持仓明细!$A$24,LEN(I$81)+2)=I$81&" ·",ROW(分期持仓明细!$A$24),0) -> 0 | P105: =IF(LEFT(分期持仓明细!$A$24,LEN(J$81)+2)=J$81&" ·",ROW(分期持仓明细!$A$24),0) -> 0 | Q105: =IF(LEFT(分期持仓明细!$A$24,LEN(K$81)+2)=K$81&" ·",ROW(分期持仓明细!$A$24),0) -> 0 | R105: =IF(LEFT(分期持仓明细!$A$24,LEN(L$81)+2)=L$81&" ·",ROW(分期持仓明细!$A$24),0) -> 0
A106: 017612.OF | B106: 宏利复兴伟业C | C106: 增值 | D106: 产业趋势 | E106: 主动 | F106: 同基金A/C | G106: 0 | H106: 0 | I106: 0.16735538 | J106: 0.0086456671 | K106: 0 | L106: 0.02583405 | M106: =IF(LEFT(分期持仓明细!$A$25,LEN(G$81)+2)=G$81&" ·",ROW(分期持仓明细!$A$25),0) -> 0 | N106: =IF(LEFT(分期持仓明细!$A$25,LEN(H$81)+2)=H$81&" ·",ROW(分期持仓明细!$A$25),0) -> 0 | O106: =IF(LEFT(分期持仓明细!$A$25,LEN(I$81)+2)=I$81&" ·",ROW(分期持仓明细!$A$25),0) -> 0 | P106: =IF(LEFT(分期持仓明细!$A$25,LEN(J$81)+2)=J$81&" ·",ROW(分期持仓明细!$A$25),0) -> 0 | Q106: =IF(LEFT(分期持仓明细!$A$25,LEN(K$81)+2)=K$81&" ·",ROW(分期持仓明细!$A$25),0) -> 0 | R106: =IF(LEFT(分期持仓明细!$A$25,LEN(L$81)+2)=L$81&" ·",ROW(分期持仓明细!$A$25),0) -> 0
A107: 019632.OF | B107: 国泰半导体材料设备ETF联接A | C107: 增值 | D107: 产业趋势 | E107: 指数 | F107: 产业趋势产品池 | G107: 0.13112866 | H107: 0.13177501 | I107: 0 | J107: 0 | K107: 0.0058560968 | L107: 0 | M107: =IF(LEFT(分期持仓明细!$A$26,LEN(G$81)+2)=G$81&" ·",ROW(分期持仓明细!$A$26),0) -> 0 | N107: =IF(LEFT(分期持仓明细!$A$26,LEN(H$81)+2)=H$81&" ·",ROW(分期持仓明细!$A$26),0) -> 0 | O107: =IF(LEFT(分期持仓明细!$A$26,LEN(I$81)+2)=I$81&" ·",ROW(分期持仓明细!$A$26),0) -> 0 | P107: =IF(LEFT(分期持仓明细!$A$26,LEN(J$81)+2)=J$81&" ·",ROW(分期持仓明细!$A$26),0) -> 0 | Q107: =IF(LEFT(分期持仓明细!$A$26,LEN(K$81)+2)=K$81&" ·",ROW(分期持仓明细!$A$26),0) -> 0 | R107: =IF(LEFT(分期持仓明细!$A$26,LEN(L$81)+2)=L$81&" ·",ROW(分期持仓明细!$A$26),0) -> 0
A108: 019633.OF | B108: 国泰半导体材料设备C | C108: 增值 | D108: 产业趋势 | E108: 指数 | F108: 同基金A/C | G108: 0 | H108: 0 | I108: 0.12507142 | J108: 0.0054133908 | K108: 0 | L108: 0.016174801 | M108: =IF(LEFT(分期持仓明细!$A$27,LEN(G$81)+2)=G$81&" ·",ROW(分期持仓明细!$A$27),0) -> 0 | N108: =IF(LEFT(分期持仓明细!$A$27,LEN(H$81)+2)=H$81&" ·",ROW(分期持仓明细!$A$27),0) -> 0 | O108: =IF(LEFT(分期持仓明细!$A$27,LEN(I$81)+2)=I$81&" ·",ROW(分期持仓明细!$A$27),0) -> 0 | P108: =IF(LEFT(分期持仓明细!$A$27,LEN(J$81)+2)=J$81&" ·",ROW(分期持仓明细!$A$27),0) -> 0 | Q108: =IF(LEFT(分期持仓明细!$A$27,LEN(K$81)+2)=K$81&" ·",ROW(分期持仓明细!$A$27),0) -> 0 | R108: =IF(LEFT(分期持仓明细!$A$27,LEN(L$81)+2)=L$81&" ·",ROW(分期持仓明细!$A$27),0) -> 0
A109: 019923.OF | B109: 华泰柏瑞中证2000指增A | C109: 增值 | D109: 指增 | E109: 指增 | F109: 宽基&指增池 | G109: 0 | H109: 0 | I109: 0 | J109: 0 | K109: 0.012743978 | L109: 0 | M109: =IF(LEFT(分期持仓明细!$A$28,LEN(G$81)+2)=G$81&" ·",ROW(分期持仓明细!$A$28),0) -> 0 | N109: =IF(LEFT(分期持仓明细!$A$28,LEN(H$81)+2)=H$81&" ·",ROW(分期持仓明细!$A$28),0) -> 0 | O109: =IF(LEFT(分期持仓明细!$A$28,LEN(I$81)+2)=I$81&" ·",ROW(分期持仓明细!$A$28),0) -> 0 | P109: =IF(LEFT(分期持仓明细!$A$28,LEN(J$81)+2)=J$81&" ·",ROW(分期持仓明细!$A$28),0) -> 0 | Q109: =IF(LEFT(分期持仓明细!$A$28,LEN(K$81)+2)=K$81&" ·",ROW(分期持仓明细!$A$28),0) -> 0 | R109: =IF(LEFT(分期持仓明细!$A$28,LEN(L$81)+2)=L$81&" ·",ROW(分期持仓明细!$A$28),0) -> 0
A110: 019924.OF | B110: 华泰柏瑞中证2000指增C | C110: 增值 | D110: 指增 | E110: 指增 | F110: 同基金A/C | G110: 0 | H110: 0 | I110: 0 | J110: 0.012762049 | K110: 0 | L110: 0.038132571 | M110: =IF(LEFT(分期持仓明细!$A$29,LEN(G$81)+2)=G$81&" ·",ROW(分期持仓明细!$A$29),0) -> 0 | N110: =IF(LEFT(分期持仓明细!$A$29,LEN(H$81)+2)=H$81&" ·",ROW(分期持仓明细!$A$29),0) -> 0 | O110: =IF(LEFT(分期持仓明细!$A$29,LEN(I$81)+2)=I$81&" ·",ROW(分期持仓明细!$A$29),0) -> 0 | P110: =IF(LEFT(分期持仓明细!$A$29,LEN(J$81)+2)=J$81&" ·",ROW(分期持仓明细!$A$29),0) -> 0 | Q110: =IF(LEFT(分期持仓明细!$A$29,LEN(K$81)+2)=K$81&" ·",ROW(分期持仓明细!$A$29),0) -> 0 | R110: =IF(LEFT(分期持仓明细!$A$29,LEN(L$81)+2)=L$81&" ·",ROW(分期持仓明细!$A$29),0) -> 0
A111: 161119.OF | B111: 易方达中债新综指LOFA | C111: 生息 | D111: - | E111: 债券 | F111: 债券&保障池子（生息） | G111: 0 | H111: 0 | I111: 0 | J111: 0.7974501 | K111: 0.79847502 | L111: 0.49216006 | M111: =IF(LEFT(分期持仓明细!$A$30,LEN(G$81)+2)=G$81&" ·",ROW(分期持仓明细!$A$30),0) -> 0 | N111: =IF(LEFT(分期持仓明细!$A$30,LEN(H$81)+2)=H$81&" ·",ROW(分期持仓明细!$A$30),0) -> 0 | O111: =IF(LEFT(分期持仓明细!$A$30,LEN(I$81)+2)=I$81&" ·",ROW(分期持仓明细!$A$30),0) -> 0 | P111: =IF(LEFT(分期持仓明细!$A$30,LEN(J$81)+2)=J$81&" ·",ROW(分期持仓明细!$A$30),0) -> 0 | Q111: =IF(LEFT(分期持仓明细!$A$30,LEN(K$81)+2)=K$81&" ·",ROW(分期持仓明细!$A$30),0) -> 0 | R111: =IF(LEFT(分期持仓明细!$A$30,LEN(L$81)+2)=L$81&" ·",ROW(分期持仓明细!$A$30),0) -> 0
A112: 162214.OF | B112: 宏利领先中小盘混合 | C112: 增值 | D112: 产业趋势 | E112: 主动 | F112: 产业趋势产品池 | G112: 0.068465171 | H112: 0.068475476 | I112: 0.068381932 | J112: 0.0095107369 | K112: 0.0095235457 | L112: 0.030916082 | M112: =IF(LEFT(分期持仓明细!$A$31,LEN(G$81)+2)=G$81&" ·",ROW(分期持仓明细!$A$31),0) -> 0 | N112: =IF(LEFT(分期持仓明细!$A$31,LEN(H$81)+2)=H$81&" ·",ROW(分期持仓明细!$A$31),0) -> 0 | O112: =IF(LEFT(分期持仓明细!$A$31,LEN(I$81)+2)=I$81&" ·",ROW(分期持仓明细!$A$31),0) -> 0 | P112: =IF(LEFT(分期持仓明细!$A$31,LEN(J$81)+2)=J$81&" ·",ROW(分期持仓明细!$A$31),0) -> 0 | Q112: =IF(LEFT(分期持仓明细!$A$31,LEN(K$81)+2)=K$81&" ·",ROW(分期持仓明细!$A$31),0) -> 0 | R112: =IF(LEFT(分期持仓明细!$A$31,LEN(L$81)+2)=L$81&" ·",ROW(分期持仓明细!$A$31),0) -> 0
M113: =IF(LEFT(分期持仓明细!$A$32,LEN(G$81)+2)=G$81&" ·",ROW(分期持仓明细!$A$32),0) -> 0 | N113: =IF(LEFT(分期持仓明细!$A$32,LEN(H$81)+2)=H$81&" ·",ROW(分期持仓明细!$A$32),0) -> 0 | O113: =IF(LEFT(分期持仓明细!$A$32,LEN(I$81)+2)=I$81&" ·",ROW(分期持仓明细!$A$32),0) -> 0 | P113: =IF(LEFT(分期持仓明细!$A$32,LEN(J$81)+2)=J$81&" ·",ROW(分期持仓明细!$A$32),0) -> 0 | Q113: =IF(LEFT(分期持仓明细!$A$32,LEN(K$81)+2)=K$81&" ·",ROW(分期持仓明细!$A$32),0) -> 0 | R113: =IF(LEFT(分期持仓明细!$A$32,LEN(L$81)+2)=L$81&" ·",ROW(分期持仓明细!$A$32),0) -> 0
M114: =IF(LEFT(分期持仓明细!$A$33,LEN(G$81)+2)=G$81&" ·",ROW(分期持仓明细!$A$33),0) -> 0 | N114: =IF(LEFT(分期持仓明细!$A$33,LEN(H$81)+2)=H$81&" ·",ROW(分期持仓明细!$A$33),0) -> 0 | O114: =IF(LEFT(分期持仓明细!$A$33,LEN(I$81)+2)=I$81&" ·",ROW(分期持仓明细!$A$33),0) -> 0 | P114: =IF(LEFT(分期持仓明细!$A$33,LEN(J$81)+2)=J$81&" ·",ROW(分期持仓明细!$A$33),0) -> 0 | Q114: =IF(LEFT(分期持仓明细!$A$33,LEN(K$81)+2)=K$81&" ·",ROW(分期持仓明细!$A$33),0) -> 0 | R114: =IF(LEFT(分期持仓明细!$A$33,LEN(L$81)+2)=L$81&" ·",ROW(分期持仓明细!$A$33),0) -> 0
M115: =IF(LEFT(分期持仓明细!$A$34,LEN(G$81)+2)=G$81&" ·",ROW(分期持仓明细!$A$34),0) -> 0 | N115: =IF(LEFT(分期持仓明细!$A$34,LEN(H$81)+2)=H$81&" ·",ROW(分期持仓明细!$A$34),0) -> 0 | O115: =IF(LEFT(分期持仓明细!$A$34,LEN(I$81)+2)=I$81&" ·",ROW(分期持仓明细!$A$34),0) -> 0 | P115: =IF(LEFT(分期持仓明细!$A$34,LEN(J$81)+2)=J$81&" ·",ROW(分期持仓明细!$A$34),0) -> 0 | Q115: =IF(LEFT(分期持仓明细!$A$34,LEN(K$81)+2)=K$81&" ·",ROW(分期持仓明细!$A$34),0) -> 0 | R115: =IF(LEFT(分期持仓明细!$A$34,LEN(L$81)+2)=L$81&" ·",ROW(分期持仓明细!$A$34),0) -> 0
M116: =IF(LEFT(分期持仓明细!$A$35,LEN(G$81)+2)=G$81&" ·",ROW(分期持仓明细!$A$35),0) -> 0 | N116: =IF(LEFT(分期持仓明细!$A$35,LEN(H$81)+2)=H$81&" ·",ROW(分期持仓明细!$A$35),0) -> 0 | O116: =IF(LEFT(分期持仓明细!$A$35,LEN(I$81)+2)=I$81&" ·",ROW(分期持仓明细!$A$35),0) -> 0 | P116: =IF(LEFT(分期持仓明细!$A$35,LEN(J$81)+2)=J$81&" ·",ROW(分期持仓明细!$A$35),0) -> 0 | Q116: =IF(LEFT(分期持仓明细!$A$35,LEN(K$81)+2)=K$81&" ·",ROW(分期持仓明细!$A$35),0) -> 0 | R116: =IF(LEFT(分期持仓明细!$A$35,LEN(L$81)+2)=L$81&" ·",ROW(分期持仓明细!$A$35),0) -> 0
M117: =IF(LEFT(分期持仓明细!$A$36,LEN(G$81)+2)=G$81&" ·",ROW(分期持仓明细!$A$36),0) -> 0 | N117: =IF(LEFT(分期持仓明细!$A$36,LEN(H$81)+2)=H$81&" ·",ROW(分期持仓明细!$A$36),0) -> 0 | O117: =IF(LEFT(分期持仓明细!$A$36,LEN(I$81)+2)=I$81&" ·",ROW(分期持仓明细!$A$36),0) -> 0 | P117: =IF(LEFT(分期持仓明细!$A$36,LEN(J$81)+2)=J$81&" ·",ROW(分期持仓明细!$A$36),0) -> 0 | Q117: =IF(LEFT(分期持仓明细!$A$36,LEN(K$81)+2)=K$81&" ·",ROW(分期持仓明细!$A$36),0) -> 0 | R117: =IF(LEFT(分期持仓明细!$A$36,LEN(L$81)+2)=L$81&" ·",ROW(分期持仓明细!$A$36),0) -> 0
M118: =IF(LEFT(分期持仓明细!$A$37,LEN(G$81)+2)=G$81&" ·",ROW(分期持仓明细!$A$37),0) -> 0 | N118: =IF(LEFT(分期持仓明细!$A$37,LEN(H$81)+2)=H$81&" ·",ROW(分期持仓明细!$A$37),0) -> 0 | O118: =IF(LEFT(分期持仓明细!$A$37,LEN(I$81)+2)=I$81&" ·",ROW(分期持仓明细!$A$37),0) -> 0 | P118: =IF(LEFT(分期持仓明细!$A$37,LEN(J$81)+2)=J$81&" ·",ROW(分期持仓明细!$A$37),0) -> 0 | Q118: =IF(LEFT(分期持仓明细!$A$37,LEN(K$81)+2)=K$81&" ·",ROW(分期持仓明细!$A$37),0) -> 0 | R118: =IF(LEFT(分期持仓明细!$A$37,LEN(L$81)+2)=L$81&" ·",ROW(分期持仓明细!$A$37),0) -> 0
M119: =IF(LEFT(分期持仓明细!$A$38,LEN(G$81)+2)=G$81&" ·",ROW(分期持仓明细!$A$38),0) -> 0 | N119: =IF(LEFT(分期持仓明细!$A$38,LEN(H$81)+2)=H$81&" ·",ROW(分期持仓明细!$A$38),0) -> 0 | O119: =IF(LEFT(分期持仓明细!$A$38,LEN(I$81)+2)=I$81&" ·",ROW(分期持仓明细!$A$38),0) -> 0 | P119: =IF(LEFT(分期持仓明细!$A$38,LEN(J$81)+2)=J$81&" ·",ROW(分期持仓明细!$A$38),0) -> 0 | Q119: =IF(LEFT(分期持仓明细!$A$38,LEN(K$81)+2)=K$81&" ·",ROW(分期持仓明细!$A$38),0) -> 0 | R119: =IF(LEFT(分期持仓明细!$A$38,LEN(L$81)+2)=L$81&" ·",ROW(分期持仓明细!$A$38),0) -> 0
...

Sheet vs固收+对比（模拟数据）
E1: =VLOOKUP(E3,实盘组合净值!$A:$P,14) -> 0.99372212 | F1: =VLOOKUP(F3,实盘组合净值!$A:$P,14) -> 1 | G1: =VLOOKUP(G3,实盘组合净值!$A:$P,14) -> 1 | H1: =VLOOKUP(H3,实盘组合净值!$A:$P,14) -> 0.97719837
E2: =VLOOKUP(E5,实盘组合净值!$A:$P,14) -> 0.99508534 | F2: =VLOOKUP(F5,实盘组合净值!$A:$P,14) -> 0.99128882 | G2: =VLOOKUP(G5,实盘组合净值!$A:$P,14) -> 0.97390321 | H2: =VLOOKUP(H5,实盘组合净值!$A:$P,14) -> 0.99128882
E3: =E5-7 -> 46248 | F3: 46191 | G3: 46191 | H3: 46234
E4: =E5-5 -> 46250 | F4: 46195 | G4: 46195 | H4: 46237
E5: 46255 | F5: =偏离度监控!B2 -> 46280 | G5: 46233 | H5: =F5 -> 46280
C6: 公募固收+规模前十（2026Q2）基金表现
A7: 序号 | B7: 基金代码 | C7: 产品/基金名称 | D7: 26Q2规模（亿元） | E7: 上周 | F7: 上线以来 | G7: 6/22-7/30 | H7: 7.31至今 | I7: 最大回撤（上线以来）
A8: 组合 | C8: 10/90基石投顾组合 | E8: =E$2/E$1-1 -> 0.0013718321 | F8: =F$2/F$1-1 -> -0.0087111772 | G8: =G$2/G$1-1 -> -0.02609679 | H8: =H$2/H$1-1 -> 0.014419232 | I8: ='看板-10-90基石'!$F$7 -> -0.028729069
A9: 1 | B9: 003504.OF | C9: 景顺长城景颐丰利债券 | D9: 712 | E9: =[1]!thsiFinD("ths_adjustment_nvg_ratio_fund",$B9,E$4,E$5,101)/100 -> -0.0037683097 | F9: =[1]!thsiFinD("ths_adjustment_nvg_ratio_fund",$B9,F$4,F$5,101)/100 -> -0.055824818 | G9: =[1]!thsiFinD("ths_adjustment_nvg_ratio_fund",$B9,G$4,G$5,101)/100 -> -0.07340146 | H9: =[1]!thsiFinD("ths_adjustment_nvg_ratio_fund",$B9,H$4,H$5,101)/100 -> 0.009489917 | I9: =-[1]!thsiFinD("ths_max_retrace_rate_all_fund",$B9,F$3,F$5)/100 -> -0.078192169
A10: 2 | B10: 000143.OF | C10: 鹏华双债加利债券 | D10: 584 | E10: =[1]!thsiFinD("ths_adjustment_nvg_ratio_fund",$B10,E$4,E$5,101)/100 -> 0.00049961394 | F10: =[1]!thsiFinD("ths_adjustment_nvg_ratio_fund",$B10,F$4,F$5,101)/100 -> -0.033482044 | G10: =[1]!thsiFinD("ths_adjustment_nvg_ratio_fund",$B10,G$4,G$5,101)/100 -> -0.051945757 | H10: =[1]!thsiFinD("ths_adjustment_nvg_ratio_fund",$B10,H$4,H$5,101)/100 -> 0.012306269 | I10: =-[1]!thsiFinD("ths_max_retrace_rate_all_fund",$B10,F$3,F$5)/100 -> -0.06090571
A11: 3 | B11: 000385.OF | C11: 景顺长城景颐双利债券 | D11: 576 | E11: =[1]!thsiFinD("ths_adjustment_nvg_ratio_fund",$B11,E$4,E$5,101)/100 -> 0.00052714815 | F11: =[1]!thsiFinD("ths_adjustment_nvg_ratio_fund",$B11,F$4,F$5,101)/100 -> -0.012585212 | G11: =[1]!thsiFinD("ths_adjustment_nvg_ratio_fund",$B11,G$4,G$5,101)/100 -> -0.01363398 | H11: =[1]!thsiFinD("ths_adjustment_nvg_ratio_fund",$B11,H$4,H$5,101)/100 -> -0.00053078558 | I11: =-[1]!thsiFinD("ths_max_retrace_rate_all_fund",$B11,F$3,F$5)/100 -> -0.024530271
A12: 4 | B12: 002065.OF | C12: 景顺长城景盛双息收益债券 | D12: 393 | E12: =[1]!thsiFinD("ths_adjustment_nvg_ratio_fund",$B12,E$4,E$5,101)/100 -> 0.0031128404 | F12: =[1]!thsiFinD("ths_adjustment_nvg_ratio_fund",$B12,F$4,F$5,101)/100 -> 0.0207502 | G12: =[1]!thsiFinD("ths_adjustment_nvg_ratio_fund",$B12,G$4,G$5,101)/100 -> 0.015961692 | H12: =[1]!thsiFinD("ths_adjustment_nvg_ratio_fund",$B12,H$4,H$5,101)/100 -> 0.0023510972 | I12: =-[1]!thsiFinD("ths_max_retrace_rate_all_fund",$B12,F$3,F$5)/100 -> -0.019857029
A13: 5 | B13: 002969.OF | C13: 易方达丰和债券 | D13: 391 | E13: =[1]!thsiFinD("ths_adjustment_nvg_ratio_fund",$B13,E$4,E$5,101)/100 -> -0.003457526 | F13: =[1]!thsiFinD("ths_adjustment_nvg_ratio_fund",$B13,F$4,F$5,101)/100 -> -0.027175501 | G13: =[1]!thsiFinD("ths_adjustment_nvg_ratio_fund",$B13,G$4,G$5,101)/100 -> -0.056454912 | H13: =[1]!thsiFinD("ths_adjustment_nvg_ratio_fund",$B13,H$4,H$5,101)/100 -> 0.021791173 | I13: =-[1]!thsiFinD("ths_max_retrace_rate_all_fund",$B13,F$3,F$5)/100 -> -0.070577399
A14: 6 | B14: 014088.OF | C14: 永赢稳健增强债券 | D14: 365 | E14: =[1]!thsiFinD("ths_adjustment_nvg_ratio_fund",$B14,E$4,E$5,101)/100 -> 0.001478318 | F14: =[1]!thsiFinD("ths_adjustment_nvg_ratio_fund",$B14,F$4,F$5,101)/100 -> -0.036440814 | G14: =[1]!thsiFinD("ths_adjustment_nvg_ratio_fund",$B14,G$4,G$5,101)/100 -> -0.039484222 | H14: =[1]!thsiFinD("ths_adjustment_nvg_ratio_fund",$B14,H$4,H$5,101)/100 -> -0.0021564237 | I14: =-[1]!thsiFinD("ths_max_retrace_rate_all_fund",$B14,F$3,F$5)/100 -> -0.045758396
A15: 7 | B15: 001751.OF | C15: 华商信用增强债券 | D15: 361 | E15: =[1]!thsiFinD("ths_adjustment_nvg_ratio_fund",$B15,E$4,E$5,101)/100 -> -0.010653753 | F15: =[1]!thsiFinD("ths_adjustment_nvg_ratio_fund",$B15,F$4,F$5,101)/100 -> -0.016553067 | G15: =[1]!thsiFinD("ths_adjustment_nvg_ratio_fund",$B15,G$4,G$5,101)/100 -> -0.02872444 | H15: =[1]!thsiFinD("ths_adjustment_nvg_ratio_fund",$B15,H$4,H$5,101)/100 -> 0.0039761431 | I15: =-[1]!thsiFinD("ths_max_retrace_rate_all_fund",$B15,F$3,F$5)/100 -> -0.052405908
A16: 8 | B16: 014846.OF | C16: 博时恒乐债券 | D16: 359 | E16: =[1]!thsiFinD("ths_adjustment_nvg_ratio_fund",$B16,E$4,E$5,101)/100 -> -0.0009668842 | F16: =[1]!thsiFinD("ths_adjustment_nvg_ratio_fund",$B16,F$4,F$5,101)/100 -> -0.017577348 | G16: =[1]!thsiFinD("ths_adjustment_nvg_ratio_fund",$B16,G$4,G$5,101)/100 -> -0.016463851 | H16: =[1]!thsiFinD("ths_adjustment_nvg_ratio_fund",$B16,H$4,H$5,101)/100 -> -0.002100501 | I16: =-[1]!thsiFinD("ths_max_retrace_rate_all_fund",$B16,F$3,F$5)/100 -> -0.032053291
A17: 9 | B17: 000171.OF | C17: 易方达裕丰回报债券 | D17: 342 | E17: =[1]!thsiFinD("ths_adjustment_nvg_ratio_fund",$B17,E$4,E$5,101)/100 -> -0.0047732697 | F17: =[1]!thsiFinD("ths_adjustment_nvg_ratio_fund",$B17,F$4,F$5,101)/100 -> -0.040417633 | G17: =[1]!thsiFinD("ths_adjustment_nvg_ratio_fund",$B17,G$4,G$5,101)/100 -> -0.048259861 | H17: =[1]!thsiFinD("ths_adjustment_nvg_ratio_fund",$B17,H$4,H$5,101)/100 -> 0.0028612997 | I17: =-[1]!thsiFinD("ths_max_retrace_rate_all_fund",$B17,F$3,F$5)/100 -> -0.06347032
A18: 10 | B18: 202101.OF | C18: 南方宝元债券 | D18: 314 | E18: =[1]!thsiFinD("ths_adjustment_nvg_ratio_fund",$B18,E$4,E$5,101)/100 -> -0.0008965208 | F18: =[1]!thsiFinD("ths_adjustment_nvg_ratio_fund",$B18,F$4,F$5,101)/100 -> -0.0090595935 | G18: =[1]!thsiFinD("ths_adjustment_nvg_ratio_fund",$B18,G$4,G$5,101)/100 -> -0.00072338959 | H18: =[1]!thsiFinD("ths_adjustment_nvg_ratio_fund",$B18,H$4,H$5,101)/100 -> -0.0087181254 | I18: =-[1]!thsiFinD("ths_max_retrace_rate_all_fund",$B18,F$3,F$5)/100 -> -0.026377751
C21: 公募固收+Q2规模增长前十基金表现
A22: =表3[[#Headers],[序号]] -> 序号 | B22: =表3[[#Headers],[基金代码]] -> 基金代码 | C22: =表3[[#Headers],[产品/基金名称]] -> 产品/基金名称 | D22: =表3[[#Headers],[26Q2规模（亿元）]] -> 26Q2规模（亿元） | E22: =表3[[#Headers],[上周]] -> 上周 | F22: =表3[[#Headers],[上线以来]] -> 上线以来 | G22: =表3[[#Headers],[6/22-7/30]] -> 6/22-7/30 | H22: =表3[[#Headers],[7.31至今]] -> 7.31至今 | I22: =表3[[#Headers],[最大回撤（上线以来）]] -> 最大回撤（上线以来）
A23: 组合 | C23: =C8 -> 10/90基石投顾组合 | E23: =E$2/E$1-1 -> 0.0013718321 | F23: =F$2/F$1-1 -> -0.0087111772 | G23: =G$2/G$1-1 -> -0.02609679 | H23: =H$2/H$1-1 -> 0.014419232 | I23: ='看板-10-90基石'!$F$7 -> -0.028729069
A24: 1 | B24: 003504.OF | C24: 景顺长城景颐丰利债券 | D24: 391 | E24: =[1]!thsiFinD("ths_adjustment_nvg_ratio_fund",$B24,E$4,E$5,101)/100 -> -0.0037683097 | F24: =[1]!thsiFinD("ths_adjustment_nvg_ratio_fund",$B24,F$4,F$5,101)/100 -> -0.055824818 | G24: =[1]!thsiFinD("ths_adjustment_nvg_ratio_fund",$B24,G$4,G$5,101)/100 -> -0.07340146 | H24: =[1]!thsiFinD("ths_adjustment_nvg_ratio_fund",$B24,H$4,H$5,101)/100 -> 0.009489917 | I24: =-[1]!thsiFinD("ths_max_retrace_rate_all_fund",$B24,F$3,F$5)/100 -> -0.078192169
A25: 2 | B25: 002969.OF | C25: 易方达丰和债券 | D25: 347 | E25: =[1]!thsiFinD("ths_adjustment_nvg_ratio_fund",$B25,E$4,E$5,101)/100 -> -0.003457526 | F25: =[1]!thsiFinD("ths_adjustment_nvg_ratio_fund",$B25,F$4,F$5,101)/100 -> -0.027175501 | G25: =[1]!thsiFinD("ths_adjustment_nvg_ratio_fund",$B25,G$4,G$5,101)/100 -> -0.056454912 | H25: =[1]!thsiFinD("ths_adjustment_nvg_ratio_fund",$B25,H$4,H$5,101)/100 -> 0.021791173 | I25: =-[1]!thsiFinD("ths_max_retrace_rate_all_fund",$B25,F$3,F$5)/100 -> -0.070577399
A26: 3 | B26: 470010.OF | C26: 汇添富多元收益债券 | D26: 255 | E26: =[1]!thsiFinD("ths_adjustment_nvg_ratio_fund",$B26,E$4,E$5,101)/100 -> -0.0042573006 | F26: =[1]!thsiFinD("ths_adjustment_nvg_ratio_fund",$B26,F$4,F$5,101)/100 -> -0.053498206 | G26: =[1]!thsiFinD("ths_adjustment_nvg_ratio_fund",$B26,G$4,G$5,101)/100 -> -0.053754485 | H26: =[1]!thsiFinD("ths_adjustment_nvg_ratio_fund",$B26,H$4,H$5,101)/100 -> -0.0063227282 | I26: =-[1]!thsiFinD("ths_max_retrace_rate_all_fund",$B26,F$3,F$5)/100 -> -0.066641376
A27: 4 | B27: 000143.OF | C27: 鹏华双债加利债券 | D27: 228 | E27: =[1]!thsiFinD("ths_adjustment_nvg_ratio_fund",$B27,E$4,E$5,101)/100 -> 0.00049961394 | F27: =[1]!thsiFinD("ths_adjustment_nvg_ratio_fund",$B27,F$4,F$5,101)/100 -> -0.033482044 | G27: =[1]!thsiFinD("ths_adjustment_nvg_ratio_fund",$B27,G$4,G$5,101)/100 -> -0.051945757 | H27: =[1]!thsiFinD("ths_adjustment_nvg_ratio_fund",$B27,H$4,H$5,101)/100 -> 0.012306269 | I27: =-[1]!thsiFinD("ths_max_retrace_rate_all_fund",$B27,F$3,F$5)/100 -> -0.06090571
A28: 5 | B28: 000406.OF | C28: 汇添富双利增强债券 | D28: 172 | E28: =[1]!thsiFinD("ths_adjustment_nvg_ratio_fund",$B28,E$4,E$5,101)/100 -> -0.0073800738 | F28: =[1]!thsiFinD("ths_adjustment_nvg_ratio_fund",$B28,F$4,F$5,101)/100 -> -0.026144735 | G28: =[1]!thsiFinD("ths_adjustment_nvg_ratio_fund",$B28,G$4,G$5,101)/100 -> -0.04058934 | H28: =[1]!thsiFinD("ths_adjustment_nvg_ratio_fund",$B28,H$4,H$5,101)/100 -> 0.01330127 | I28: =-[1]!thsiFinD("ths_max_retrace_rate_all_fund",$B28,F$3,F$5)/100 -> -0.050897344
A29: 6 | B29: 000171.OF | C29: 易方达裕丰回报债券 | D29: 146 | E29: =[1]!thsiFinD("ths_adjustment_nvg_ratio_fund",$B29,E$4,E$5,101)/100 -> -0.0047732697 | F29: =[1]!thsiFinD("ths_adjustment_nvg_ratio_fund",$B29,F$4,F$5,101)/100 -> -0.040417633 | G29: =[1]!thsiFinD("ths_adjustment_nvg_ratio_fund",$B29,G$4,G$5,101)/100 -> -0.048259861 | H29: =[1]!thsiFinD("ths_adjustment_nvg_ratio_fund",$B29,H$4,H$5,101)/100 -> 0.0028612997 | I29: =-[1]!thsiFinD("ths_max_retrace_rate_all_fund",$B29,F$3,F$5)/100 -> -0.06347032
A30: 7 | B30: 018595.OF | C30: 华商利欣回报债券 | D30: 130 | E30: =[1]!thsiFinD("ths_adjustment_nvg_ratio_fund",$B30,E$4,E$5,101)/100 -> -0.00861259 | F30: =[1]!thsiFinD("ths_adjustment_nvg_ratio_fund",$B30,F$4,F$5,101)/100 -> -0.0034865293 | G30: =[1]!thsiFinD("ths_adjustment_nvg_ratio_fund",$B30,G$4,G$5,101)/100 -> -0.022028526 | H30: =[1]!thsiFinD("ths_adjustment_nvg_ratio_fund",$B30,H$4,H$5,101)/100 -> 0.01239736 | I30: =-[1]!thsiFinD("ths_max_retrace_rate_all_fund",$B30,F$3,F$5)/100 -> -0.04644491
A31: 8 | B31: 001751.OF | C31: 华商信用增强债券 | D31: 123 | E31: =[1]!thsiFinD("ths_adjustment_nvg_ratio_fund",$B31,E$4,E$5,101)/100 -> -0.010653753 | F31: =[1]!thsiFinD("ths_adjustment_nvg_ratio_fund",$B31,F$4,F$5,101)/100 -> -0.016553067 | G31: =[1]!thsiFinD("ths_adjustment_nvg_ratio_fund",$B31,G$4,G$5,101)/100 -> -0.02872444 | H31: =[1]!thsiFinD("ths_adjustment_nvg_ratio_fund",$B31,H$4,H$5,101)/100 -> 0.0039761431 | I31: =-[1]!thsiFinD("ths_max_retrace_rate_all_fund",$B31,F$3,F$5)/100 -> -0.052405908
A32: 9 | B32: 020218.OF | C32: 万家锦利债券发起式 | D32: 120 | E32: =[1]!thsiFinD("ths_adjustment_nvg_ratio_fund",$B32,E$4,E$5,101)/100 -> -0.0015971755 | F32: =[1]!thsiFinD("ths_adjustment_nvg_ratio_fund",$B32,F$4,F$5,101)/100 -> -0.044244195 | G32: =[1]!thsiFinD("ths_adjustment_nvg_ratio_fund",$B32,G$4,G$5,101)/100 -> -0.047978568 | H32: =[1]!thsiFinD("ths_adjustment_nvg_ratio_fund",$B32,H$4,H$5,101)/100 -> -8.4932903e-05 | I32: =-[1]!thsiFinD("ths_max_retrace_rate_all_fund",$B32,F$3,F$5)/100 -> -0.057478667
A33: 10 | B33: 014846.OF | C33: 博时恒乐债券 | D33: 114 | E33: =[1]!thsiFinD("ths_adjustment_nvg_ratio_fund",$B33,E$4,E$5,101)/100 -> -0.0009668842 | F33: =[1]!thsiFinD("ths_adjustment_nvg_ratio_fund",$B33,F$4,F$5,101)/100 -> -0.017577348 | G33: =[1]!thsiFinD("ths_adjustment_nvg_ratio_fund",$B33,G$4,G$5,101)/100 -> -0.016463851 | H33: =[1]!thsiFinD("ths_adjustment_nvg_ratio_fund",$B33,H$4,H$5,101)/100 -> -0.002100501 | I33: =-[1]!thsiFinD("ths_max_retrace_rate_all_fund",$B33,F$3,F$5)/100 -> -0.032053291
C36: 公司公募固收+保有前十基金表现（2026Q2）
A37: =A22 -> 序号 | B37: =B22 -> 基金代码 | C37: =C22 -> 产品/基金名称 | D37: 公司固收加保有前十（万元） | E37: =E22 -> 上周 | F37: =F22 -> 上线以来 | G37: =G22 -> 6/22-7/30 | H37: =H22 -> 7.31至今 | I37: =I22 -> 最大回撤（上线以来）
A38: 组合 | C38: =C8 -> 10/90基石投顾组合 | E38: =E$2/E$1-1 -> 0.0013718321 | F38: =F$2/F$1-1 -> -0.0087111772 | G38: =G$2/G$1-1 -> -0.02609679 | H38: =H$2/H$1-1 -> 0.014419232 | I38: ='看板-10-90基石'!$F$7 -> -0.028729069
A39: 1 | B39: 009355.OF | C39: 宏利泰和稳健养老目标一年持有期混合(FOF) | D39: 5265 | E39: =[1]!thsiFinD("ths_adjustment_nvg_ratio_fund",$B39,E$4,E$5,101)/100 -> -0.00044835012 | F39: =[1]!thsiFinD("ths_adjustment_nvg_ratio_fund",$B39,F$4,F$5,101)/100 -> -0.011066054 | G39: =[1]!thsiFinD("ths_adjustment_nvg_ratio_fund",$B39,G$4,G$5,101)/100 -> -0.018110759 | H39: =[1]!thsiFinD("ths_adjustment_nvg_ratio_fund",$B39,H$4,H$5,101)/100 -> 0.0035290924 | I39: =-[1]!thsiFinD("ths_max_retrace_rate_all_fund",$B39,F$3,F$5)/100 -> -0.018873622
A40: 2 | B40: 024057.OF | C40: 宏利鼎森稳健3个月持有期混合(FOF) | D40: 896 | E40: =[1]!thsiFinD("ths_adjustment_nvg_ratio_fund",$B40,E$4,E$5,101)/100 -> -0.00029460866 | F40: =[1]!thsiFinD("ths_adjustment_nvg_ratio_fund",$B40,F$4,F$5,101)/100 -> -0.001377546 | G40: =[1]!thsiFinD("ths_adjustment_nvg_ratio_fund",$B40,G$4,G$5,101)/100 -> -0.012397914 | H40: =[1]!thsiFinD("ths_adjustment_nvg_ratio_fund",$B40,H$4,H$5,101)/100 -> 0.0081454256 | I40: =-[1]!thsiFinD("ths_max_retrace_rate_all_fund",$B40,F$3,F$5)/100 -> -0.013283479
A41: 3 | B41: 011168.OF | C41: 嘉实睿享安久双利18个月持有期债券 | D41: 239 | E41: =[1]!thsiFinD("ths_adjustment_nvg_ratio_fund",$B41,E$4,E$5,101)/100 -> 0.00016557662 | F41: =[1]!thsiFinD("ths_adjustment_nvg_ratio_fund",$B41,F$4,F$5,101)/100 -> -0.026790063 | G41: =[1]!thsiFinD("ths_adjustment_nvg_ratio_fund",$B41,G$4,G$5,101)/100 -> -0.026627699 | H41: =[1]!thsiFinD("ths_adjustment_nvg_ratio_fund",$B41,H$4,H$5,101)/100 -> -0.0021641418 | I41: =-[1]!thsiFinD("ths_max_retrace_rate_all_fund",$B41,F$3,F$5)/100 -> -0.04941999
A42: 4 | B42: 002969.OF | C42: 易方达丰和债券 | D42: 225 | E42: =[1]!thsiFinD("ths_adjustment_nvg_ratio_fund",$B42,E$4,E$5,101)/100 -> -0.003457526 | F42: =[1]!thsiFinD("ths_adjustment_nvg_ratio_fund",$B42,F$4,F$5,101)/100 -> -0.027175501 | G42: =[1]!thsiFinD("ths_adjustment_nvg_ratio_fund",$B42,G$4,G$5,101)/100 -> -0.056454912 | H42: =[1]!thsiFinD("ths_adjustment_nvg_ratio_fund",$B42,H$4,H$5,101)/100 -> 0.021791173 | I42: =-[1]!thsiFinD("ths_max_retrace_rate_all_fund",$B42,F$3,F$5)/100 -> -0.070577399
A43: 5 | B43: 014738.OF | C43: 广发恒祥债券 | D43: 205 | E43: =[1]!thsiFinD("ths_adjustment_nvg_ratio_fund",$B43,E$4,E$5,101)/100 -> -0.0033681971 | F43: =[1]!thsiFinD("ths_adjustment_nvg_ratio_fund",$B43,F$4,F$5,101)/100 -> -0.042895212 | G43: =[1]!thsiFinD("ths_adjustment_nvg_ratio_fund",$B43,G$4,G$5,101)/100 -> -0.029313161 | H43: =[1]!thsiFinD("ths_adjustment_nvg_ratio_fund",$B43,H$4,H$5,101)/100 -> -0.011892084 | I43: =-[1]!thsiFinD("ths_max_retrace_rate_all_fund",$B43,F$3,F$5)/100 -> -0.06586123
A44: 6 | B44: 006307.OF | C44: 嘉实养老目标日期2040五年持有期混合(FOF) | D44: 190 | E44: =[1]!thsiFinD("ths_adjustment_nvg_ratio_fund",$B44,E$4,E$5,101)/100 -> -0.0047773418 | F44: =[1]!thsiFinD("ths_adjustment_nvg_ratio_fund",$B44,F$4,F$5,101)/100 -> -0.058161866 | G44: =[1]!thsiFinD("ths_adjustment_nvg_ratio_fund",$B44,G$4,G$5,101)/100 -> -0.093443073 | H44: =[1]!thsiFinD("ths_adjustment_nvg_ratio_fund",$B44,H$4,H$5,101)/100 -> 0.026860493 | I44: =-[1]!thsiFinD("ths_max_retrace_rate_all_fund",$B44,F$3,F$5)/100 -> -0.11736738
A45: 7 | B45: 003458.OF | C45: 嘉实稳宏债券 | D45: 189 | E45: =[1]!thsiFinD("ths_adjustment_nvg_ratio_fund",$B45,E$4,E$5,101)/100 -> 0 | F45: =[1]!thsiFinD("ths_adjustment_nvg_ratio_fund",$B45,F$4,F$5,101)/100 -> -0.1043956 | G45: =[1]!thsiFinD("ths_adjustment_nvg_ratio_fund",$B45,G$4,G$5,101)/100 -> -0.12207792 | H45: =[1]!thsiFinD("ths_adjustment_nvg_ratio_fund",$B45,H$4,H$5,101)/100 -> 0.0083797312 | I45: =-[1]!thsiFinD("ths_max_retrace_rate_all_fund",$B45,F$3,F$5)/100 -> -0.148707
A46: 8 | B46: 110027.OF | C46: 易方达安心回报债券 | D46: 184 | E46: =[1]!thsiFinD("ths_adjustment_nvg_ratio_fund",$B46,E$4,E$5,101)/100 -> -0.0052772731 | F46: =[1]!thsiFinD("ths_adjustment_nvg_ratio_fund",$B46,F$4,F$5,101)/100 -> -0.047272574 | G46: =[1]!thsiFinD("ths_adjustment_nvg_ratio_fund",$B46,G$4,G$5,101)/100 -> -0.045842621 | H46: =[1]!thsiFinD("ths_adjustment_nvg_ratio_fund",$B46,H$4,H$5,101)/100 -> -0.0085346639 | I46: =-[1]!thsiFinD("ths_max_retrace_rate_all_fund",$B46,F$3,F$5)/100 -> -0.065808475
A47: 9 | B47: 005221.OF | C47: 宏利全能优选混合(FOF) | D47: 174 | E47: =[1]!thsiFinD("ths_adjustment_nvg_ratio_fund",$B47,E$4,E$5,101)/100 -> -0.00052854123 | F47: =[1]!thsiFinD("ths_adjustment_nvg_ratio_fund",$B47,F$4,F$5,101)/100 -> 0.0015911502 | G47: =[1]!thsiFinD("ths_adjustment_nvg_ratio_fund",$B47,G$4,G$5,101)/100 -> -0.0024246098 | H47: =[1]!thsiFinD("ths_adjustment_nvg_ratio_fund",$B47,H$4,H$5,101)/100 -> 0.0025786879 | I47: =-[1]!thsiFinD("ths_max_retrace_rate_all_fund",$B47,F$3,F$5)/100 -> -0.0043188362
A48: 10 | B48: 160718.OF | C48: 嘉实多利收益债券 | D48: 170 | E48: =[1]!thsiFinD("ths_adjustment_nvg_ratio_fund",$B48,E$4,E$5,101)/100 -> -0.00058668228 | F48: =[1]!thsiFinD("ths_adjustment_nvg_ratio_fund",$B48,F$4,F$5,101)/100 -> -0.044870584 | G48: =[1]!thsiFinD("ths_adjustment_nvg_ratio_fund",$B48,G$4,G$5,101)/100 -> -0.068297752 | H48: =[1]!thsiFinD("ths_adjustment_nvg_ratio_fund",$B48,H$4,H$5,101)/100 -> 0.016180905 | I48: =-[1]!thsiFinD("ths_max_retrace_rate_all_fund",$B48,F$3,F$5)/100 -> -0.079686479
A50: 说明：基金收益率按复权单位净值计算；1090净值通过公式直接链接实盘净值数据
A51: 最大回撤按页首“上线以来”起止日计算；日期参数需选择净值明细中存在的日期，否则相应收益率留空。
A52: 数据源：同花顺 iFinD；基金净值明细覆盖 2026-06-18 至 2026-08-10。

Sheet vs固收+对比（实盘数据）
E1: =VLOOKUP(E3,恒生净值!$A:$C,2) -> 0.9935801 | F1: =VLOOKUP(F3,恒生净值!$A:$C,2) -> 1 | G1: =VLOOKUP(G3,恒生净值!$A:$C,2) -> 1 | H1: =VLOOKUP(H3,恒生净值!$A:$C,2) -> 0.97705802
E2: =VLOOKUP(E5,恒生净值!$A:$C,2) -> 0.99494352 | F2: =VLOOKUP(F5,恒生净值!$A:$C,2) -> 0 | G2: =VLOOKUP(G5,恒生净值!$A:$C,2) -> 0.97376326 | H2: =VLOOKUP(H5,恒生净值!$A:$C,2) -> 0
E3: =E5-7 -> 46248 | F3: 46191 | G3: 46191 | H3: 46234
E4: =E5-5 -> 46250 | F4: 46195 | G4: 46195 | H4: 46237
E5: 46255 | F5: =偏离度监控!B2 -> 46280 | G5: 46233 | H5: =F5 -> 46280
C6: 公募固收+规模前十（2026Q2）基金表现
A7: 序号 | B7: 基金代码 | C7: 产品/基金名称 | D7: 26Q2规模（亿元） | E7: 上周 | F7: 上线以来 | G7: 6/22-7/30 | H7: 7.31至今 | I7: 最大回撤（上线以来）
A8: 组合 | C8: 10/90基石投顾组合 | E8: =E$2/E$1-1 -> 0.0013722296 | F8: =F$2/F$1-1 -> -1 | G8: =G$2/G$1-1 -> -0.02623674 | H8: =H$2/H$1-1 -> -1 | I8: =恒生净值!S25 -> -0.0289
A9: 1 | B9: 003504.OF | C9: 景顺长城景颐丰利债券 | D9: 712 | E9: =[1]!thsiFinD("ths_adjustment_nvg_ratio_fund",$B9,E$4,E$5,101)/100 -> -0.0037683097 | F9: =[1]!thsiFinD("ths_adjustment_nvg_ratio_fund",$B9,F$4,F$5,101)/100 -> -0.055824818 | G9: =[1]!thsiFinD("ths_adjustment_nvg_ratio_fund",$B9,G$4,G$5,101)/100 -> -0.07340146 | H9: =[1]!thsiFinD("ths_adjustment_nvg_ratio_fund",$B9,H$4,H$5,101)/100 -> 0.009489917 | I9: =-[1]!thsiFinD("ths_max_retrace_rate_all_fund",$B9,F$3,F$5)/100 -> -0.078192169
A10: 2 | B10: 000143.OF | C10: 鹏华双债加利债券 | D10: 584 | E10: =[1]!thsiFinD("ths_adjustment_nvg_ratio_fund",$B10,E$4,E$5,101)/100 -> 0.00049961394 | F10: =[1]!thsiFinD("ths_adjustment_nvg_ratio_fund",$B10,F$4,F$5,101)/100 -> -0.033482044 | G10: =[1]!thsiFinD("ths_adjustment_nvg_ratio_fund",$B10,G$4,G$5,101)/100 -> -0.051945757 | H10: =[1]!thsiFinD("ths_adjustment_nvg_ratio_fund",$B10,H$4,H$5,101)/100 -> 0.012306269 | I10: =-[1]!thsiFinD("ths_max_retrace_rate_all_fund",$B10,F$3,F$5)/100 -> -0.06090571
A11: 3 | B11: 000385.OF | C11: 景顺长城景颐双利债券 | D11: 576 | E11: =[1]!thsiFinD("ths_adjustment_nvg_ratio_fund",$B11,E$4,E$5,101)/100 -> 0.00052714815 | F11: =[1]!thsiFinD("ths_adjustment_nvg_ratio_fund",$B11,F$4,F$5,101)/100 -> -0.012585212 | G11: =[1]!thsiFinD("ths_adjustment_nvg_ratio_fund",$B11,G$4,G$5,101)/100 -> -0.01363398 | H11: =[1]!thsiFinD("ths_adjustment_nvg_ratio_fund",$B11,H$4,H$5,101)/100 -> -0.00053078558 | I11: =-[1]!thsiFinD("ths_max_retrace_rate_all_fund",$B11,F$3,F$5)/100 -> -0.024530271
A12: 4 | B12: 002065.OF | C12: 景顺长城景盛双息收益债券 | D12: 393 | E12: =[1]!thsiFinD("ths_adjustment_nvg_ratio_fund",$B12,E$4,E$5,101)/100 -> 0.0031128404 | F12: =[1]!thsiFinD("ths_adjustment_nvg_ratio_fund",$B12,F$4,F$5,101)/100 -> 0.0207502 | G12: =[1]!thsiFinD("ths_adjustment_nvg_ratio_fund",$B12,G$4,G$5,101)/100 -> 0.015961692 | H12: =[1]!thsiFinD("ths_adjustment_nvg_ratio_fund",$B12,H$4,H$5,101)/100 -> 0.0023510972 | I12: =-[1]!thsiFinD("ths_max_retrace_rate_all_fund",$B12,F$3,F$5)/100 -> -0.019857029
A13: 5 | B13: 002969.OF | C13: 易方达丰和债券 | D13: 391 | E13: =[1]!thsiFinD("ths_adjustment_nvg_ratio_fund",$B13,E$4,E$5,101)/100 -> -0.003457526 | F13: =[1]!thsiFinD("ths_adjustment_nvg_ratio_fund",$B13,F$4,F$5,101)/100 -> -0.027175501 | G13: =[1]!thsiFinD("ths_adjustment_nvg_ratio_fund",$B13,G$4,G$5,101)/100 -> -0.056454912 | H13: =[1]!thsiFinD("ths_adjustment_nvg_ratio_fund",$B13,H$4,H$5,101)/100 -> 0.021791173 | I13: =-[1]!thsiFinD("ths_max_retrace_rate_all_fund",$B13,F$3,F$5)/100 -> -0.070577399
A14: 6 | B14: 014088.OF | C14: 永赢稳健增强债券 | D14: 365 | E14: =[1]!thsiFinD("ths_adjustment_nvg_ratio_fund",$B14,E$4,E$5,101)/100 -> 0.001478318 | F14: =[1]!thsiFinD("ths_adjustment_nvg_ratio_fund",$B14,F$4,F$5,101)/100 -> -0.036440814 | G14: =[1]!thsiFinD("ths_adjustment_nvg_ratio_fund",$B14,G$4,G$5,101)/100 -> -0.039484222 | H14: =[1]!thsiFinD("ths_adjustment_nvg_ratio_fund",$B14,H$4,H$5,101)/100 -> -0.0021564237 | I14: =-[1]!thsiFinD("ths_max_retrace_rate_all_fund",$B14,F$3,F$5)/100 -> -0.045758396
A15: 7 | B15: 001751.OF | C15: 华商信用增强债券 | D15: 361 | E15: =[1]!thsiFinD("ths_adjustment_nvg_ratio_fund",$B15,E$4,E$5,101)/100 -> -0.010653753 | F15: =[1]!thsiFinD("ths_adjustment_nvg_ratio_fund",$B15,F$4,F$5,101)/100 -> -0.016553067 | G15: =[1]!thsiFinD("ths_adjustment_nvg_ratio_fund",$B15,G$4,G$5,101)/100 -> -0.02872444 | H15: =[1]!thsiFinD("ths_adjustment_nvg_ratio_fund",$B15,H$4,H$5,101)/100 -> 0.0039761431 | I15: =-[1]!thsiFinD("ths_max_retrace_rate_all_fund",$B15,F$3,F$5)/100 -> -0.052405908
A16: 8 | B16: 014846.OF | C16: 博时恒乐债券 | D16: 359 | E16: =[1]!thsiFinD("ths_adjustment_nvg_ratio_fund",$B16,E$4,E$5,101)/100 -> -0.0009668842 | F16: =[1]!thsiFinD("ths_adjustment_nvg_ratio_fund",$B16,F$4,F$5,101)/100 -> -0.017577348 | G16: =[1]!thsiFinD("ths_adjustment_nvg_ratio_fund",$B16,G$4,G$5,101)/100 -> -0.016463851 | H16: =[1]!thsiFinD("ths_adjustment_nvg_ratio_fund",$B16,H$4,H$5,101)/100 -> -0.002100501 | I16: =-[1]!thsiFinD("ths_max_retrace_rate_all_fund",$B16,F$3,F$5)/100 -> -0.032053291
A17: 9 | B17: 000171.OF | C17: 易方达裕丰回报债券 | D17: 342 | E17: =[1]!thsiFinD("ths_adjustment_nvg_ratio_fund",$B17,E$4,E$5,101)/100 -> -0.0047732697 | F17: =[1]!thsiFinD("ths_adjustment_nvg_ratio_fund",$B17,F$4,F$5,101)/100 -> -0.040417633 | G17: =[1]!thsiFinD("ths_adjustment_nvg_ratio_fund",$B17,G$4,G$5,101)/100 -> -0.048259861 | H17: =[1]!thsiFinD("ths_adjustment_nvg_ratio_fund",$B17,H$4,H$5,101)/100 -> 0.0028612997 | I17: =-[1]!thsiFinD("ths_max_retrace_rate_all_fund",$B17,F$3,F$5)/100 -> -0.06347032
A18: 10 | B18: 202101.OF | C18: 南方宝元债券 | D18: 314 | E18: =[1]!thsiFinD("ths_adjustment_nvg_ratio_fund",$B18,E$4,E$5,101)/100 -> -0.0008965208 | F18: =[1]!thsiFinD("ths_adjustment_nvg_ratio_fund",$B18,F$4,F$5,101)/100 -> -0.0090595935 | G18: =[1]!thsiFinD("ths_adjustment_nvg_ratio_fund",$B18,G$4,G$5,101)/100 -> -0.00072338959 | H18: =[1]!thsiFinD("ths_adjustment_nvg_ratio_fund",$B18,H$4,H$5,101)/100 -> -0.0087181254 | I18: =-[1]!thsiFinD("ths_max_retrace_rate_all_fund",$B18,F$3,F$5)/100 -> -0.026377751
C21: 公募固收+Q2规模增长前十基金表现
A22: =表3_2[[#Headers],[序号]] -> 序号 | B22: =表3_2[[#Headers],[基金代码]] -> 基金代码 | C22: =表3_2[[#Headers],[产品/基金名称]] -> 产品/基金名称 | D22: =表3_2[[#Headers],[26Q2规模（亿元）]] -> 26Q2规模（亿元） | E22: =表3_2[[#Headers],[上周]] -> 上周 | F22: =表3_2[[#Headers],[上线以来]] -> 上线以来 | G22: =表3_2[[#Headers],[6/22-7/30]] -> 6/22-7/30 | H22: =表3_2[[#Headers],[7.31至今]] -> 7.31至今 | I22: =表3_2[[#Headers],[最大回撤（上线以来）]] -> 最大回撤（上线以来）
A23: 组合 | C23: =C8 -> 10/90基石投顾组合 | E23: =E$2/E$1-1 -> 0.0013722296 | F23: =F$2/F$1-1 -> -1 | G23: =G$2/G$1-1 -> -0.02623674 | H23: =H$2/H$1-1 -> -1 | I23: =I8 -> -0.0289
A24: 1 | B24: 003504.OF | C24: 景顺长城景颐丰利债券 | D24: 391 | E24: =[1]!thsiFinD("ths_adjustment_nvg_ratio_fund",$B24,E$4,E$5,101)/100 -> -0.0037683097 | F24: =[1]!thsiFinD("ths_adjustment_nvg_ratio_fund",$B24,F$4,F$5,101)/100 -> -0.055824818 | G24: =[1]!thsiFinD("ths_adjustment_nvg_ratio_fund",$B24,G$4,G$5,101)/100 -> -0.07340146 | H24: =[1]!thsiFinD("ths_adjustment_nvg_ratio_fund",$B24,H$4,H$5,101)/100 -> 0.009489917 | I24: =-[1]!thsiFinD("ths_max_retrace_rate_all_fund",$B24,F$3,F$5)/100 -> -0.078192169
A25: 2 | B25: 002969.OF | C25: 易方达丰和债券 | D25: 347 | E25: =[1]!thsiFinD("ths_adjustment_nvg_ratio_fund",$B25,E$4,E$5,101)/100 -> -0.003457526 | F25: =[1]!thsiFinD("ths_adjustment_nvg_ratio_fund",$B25,F$4,F$5,101)/100 -> -0.027175501 | G25: =[1]!thsiFinD("ths_adjustment_nvg_ratio_fund",$B25,G$4,G$5,101)/100 -> -0.056454912 | H25: =[1]!thsiFinD("ths_adjustment_nvg_ratio_fund",$B25,H$4,H$5,101)/100 -> 0.021791173 | I25: =-[1]!thsiFinD("ths_max_retrace_rate_all_fund",$B25,F$3,F$5)/100 -> -0.070577399
A26: 3 | B26: 470010.OF | C26: 汇添富多元收益债券 | D26: 255 | E26: =[1]!thsiFinD("ths_adjustment_nvg_ratio_fund",$B26,E$4,E$5,101)/100 -> -0.0042573006 | F26: =[1]!thsiFinD("ths_adjustment_nvg_ratio_fund",$B26,F$4,F$5,101)/100 -> -0.053498206 | G26: =[1]!thsiFinD("ths_adjustment_nvg_ratio_fund",$B26,G$4,G$5,101)/100 -> -0.053754485 | H26: =[1]!thsiFinD("ths_adjustment_nvg_ratio_fund",$B26,H$4,H$5,101)/100 -> -0.0063227282 | I26: =-[1]!thsiFinD("ths_max_retrace_rate_all_fund",$B26,F$3,F$5)/100 -> -0.066641376
A27: 4 | B27: 000143.OF | C27: 鹏华双债加利债券 | D27: 228 | E27: =[1]!thsiFinD("ths_adjustment_nvg_ratio_fund",$B27,E$4,E$5,101)/100 -> 0.00049961394 | F27: =[1]!thsiFinD("ths_adjustment_nvg_ratio_fund",$B27,F$4,F$5,101)/100 -> -0.033482044 | G27: =[1]!thsiFinD("ths_adjustment_nvg_ratio_fund",$B27,G$4,G$5,101)/100 -> -0.051945757 | H27: =[1]!thsiFinD("ths_adjustment_nvg_ratio_fund",$B27,H$4,H$5,101)/100 -> 0.012306269 | I27: =-[1]!thsiFinD("ths_max_retrace_rate_all_fund",$B27,F$3,F$5)/100 -> -0.06090571
A28: 5 | B28: 000406.OF | C28: 汇添富双利增强债券 | D28: 172 | E28: =[1]!thsiFinD("ths_adjustment_nvg_ratio_fund",$B28,E$4,E$5,101)/100 -> -0.0073800738 | F28: =[1]!thsiFinD("ths_adjustment_nvg_ratio_fund",$B28,F$4,F$5,101)/100 -> -0.026144735 | G28: =[1]!thsiFinD("ths_adjustment_nvg_ratio_fund",$B28,G$4,G$5,101)/100 -> -0.04058934 | H28: =[1]!thsiFinD("ths_adjustment_nvg_ratio_fund",$B28,H$4,H$5,101)/100 -> 0.01330127 | I28: =-[1]!thsiFinD("ths_max_retrace_rate_all_fund",$B28,F$3,F$5)/100 -> -0.050897344
A29: 6 | B29: 000171.OF | C29: 易方达裕丰回报债券 | D29: 146 | E29: =[1]!thsiFinD("ths_adjustment_nvg_ratio_fund",$B29,E$4,E$5,101)/100 -> -0.0047732697 | F29: =[1]!thsiFinD("ths_adjustment_nvg_ratio_fund",$B29,F$4,F$5,101)/100 -> -0.040417633 | G29: =[1]!thsiFinD("ths_adjustment_nvg_ratio_fund",$B29,G$4,G$5,101)/100 -> -0.048259861 | H29: =[1]!thsiFinD("ths_adjustment_nvg_ratio_fund",$B29,H$4,H$5,101)/100 -> 0.0028612997 | I29: =-[1]!thsiFinD("ths_max_retrace_rate_all_fund",$B29,F$3,F$5)/100 -> -0.06347032
A30: 7 | B30: 018595.OF | C30: 华商利欣回报债券 | D30: 130 | E30: =[1]!thsiFinD("ths_adjustment_nvg_ratio_fund",$B30,E$4,E$5,101)/100 -> -0.00861259 | F30: =[1]!thsiFinD("ths_adjustment_nvg_ratio_fund",$B30,F$4,F$5,101)/100 -> -0.0034865293 | G30: =[1]!thsiFinD("ths_adjustment_nvg_ratio_fund",$B30,G$4,G$5,101)/100 -> -0.022028526 | H30: =[1]!thsiFinD("ths_adjustment_nvg_ratio_fund",$B30,H$4,H$5,101)/100 -> 0.01239736 | I30: =-[1]!thsiFinD("ths_max_retrace_rate_all_fund",$B30,F$3,F$5)/100 -> -0.04644491
A31: 8 | B31: 001751.OF | C31: 华商信用增强债券 | D31: 123 | E31: =[1]!thsiFinD("ths_adjustment_nvg_ratio_fund",$B31,E$4,E$5,101)/100 -> -0.010653753 | F31: =[1]!thsiFinD("ths_adjustment_nvg_ratio_fund",$B31,F$4,F$5,101)/100 -> -0.016553067 | G31: =[1]!thsiFinD("ths_adjustment_nvg_ratio_fund",$B31,G$4,G$5,101)/100 -> -0.02872444 | H31: =[1]!thsiFinD("ths_adjustment_nvg_ratio_fund",$B31,H$4,H$5,101)/100 -> 0.0039761431 | I31: =-[1]!thsiFinD("ths_max_retrace_rate_all_fund",$B31,F$3,F$5)/100 -> -0.052405908
A32: 9 | B32: 020218.OF | C32: 万家锦利债券发起式 | D32: 120 | E32: =[1]!thsiFinD("ths_adjustment_nvg_ratio_fund",$B32,E$4,E$5,101)/100 -> -0.0015971755 | F32: =[1]!thsiFinD("ths_adjustment_nvg_ratio_fund",$B32,F$4,F$5,101)/100 -> -0.044244195 | G32: =[1]!thsiFinD("ths_adjustment_nvg_ratio_fund",$B32,G$4,G$5,101)/100 -> -0.047978568 | H32: =[1]!thsiFinD("ths_adjustment_nvg_ratio_fund",$B32,H$4,H$5,101)/100 -> -8.4932903e-05 | I32: =-[1]!thsiFinD("ths_max_retrace_rate_all_fund",$B32,F$3,F$5)/100 -> -0.057478667
A33: 10 | B33: 014846.OF | C33: 博时恒乐债券 | D33: 114 | E33: =[1]!thsiFinD("ths_adjustment_nvg_ratio_fund",$B33,E$4,E$5,101)/100 -> -0.0009668842 | F33: =[1]!thsiFinD("ths_adjustment_nvg_ratio_fund",$B33,F$4,F$5,101)/100 -> -0.017577348 | G33: =[1]!thsiFinD("ths_adjustment_nvg_ratio_fund",$B33,G$4,G$5,101)/100 -> -0.016463851 | H33: =[1]!thsiFinD("ths_adjustment_nvg_ratio_fund",$B33,H$4,H$5,101)/100 -> -0.002100501 | I33: =-[1]!thsiFinD("ths_max_retrace_rate_all_fund",$B33,F$3,F$5)/100 -> -0.032053291
C36: 公司公募固收+保有前十基金表现（2026Q2）
A37: =A22 -> 序号 | B37: =B22 -> 基金代码 | C37: =C22 -> 产品/基金名称 | D37: 公司固收加保有前十（万元） | E37: =E22 -> 上周 | F37: =F22 -> 上线以来 | G37: =G22 -> 6/22-7/30 | H37: =H22 -> 7.31至今 | I37: =I22 -> 最大回撤（上线以来）
A38: 组合 | C38: =C8 -> 10/90基石投顾组合 | E38: =E$2/E$1-1 -> 0.0013722296 | F38: =F$2/F$1-1 -> -1 | G38: =G$2/G$1-1 -> -0.02623674 | H38: =H$2/H$1-1 -> -1 | I38: =I8 -> -0.0289
A39: 1 | B39: 009355.OF | C39: 宏利泰和稳健养老目标一年持有期混合(FOF) | D39: 5265 | E39: =[1]!thsiFinD("ths_adjustment_nvg_ratio_fund",$B39,E$4,E$5,101)/100 -> -0.00044835012 | F39: =[1]!thsiFinD("ths_adjustment_nvg_ratio_fund",$B39,F$4,F$5,101)/100 -> -0.011066054 | G39: =[1]!thsiFinD("ths_adjustment_nvg_ratio_fund",$B39,G$4,G$5,101)/100 -> -0.018110759 | H39: =[1]!thsiFinD("ths_adjustment_nvg_ratio_fund",$B39,H$4,H$5,101)/100 -> 0.0035290924 | I39: =-[1]!thsiFinD("ths_max_retrace_rate_all_fund",$B39,F$3,F$5)/100 -> -0.018873622
A40: 2 | B40: 024057.OF | C40: 宏利鼎森稳健3个月持有期混合(FOF) | D40: 896 | E40: =[1]!thsiFinD("ths_adjustment_nvg_ratio_fund",$B40,E$4,E$5,101)/100 -> -0.00029460866 | F40: =[1]!thsiFinD("ths_adjustment_nvg_ratio_fund",$B40,F$4,F$5,101)/100 -> -0.001377546 | G40: =[1]!thsiFinD("ths_adjustment_nvg_ratio_fund",$B40,G$4,G$5,101)/100 -> -0.012397914 | H40: =[1]!thsiFinD("ths_adjustment_nvg_ratio_fund",$B40,H$4,H$5,101)/100 -> 0.0081454256 | I40: =-[1]!thsiFinD("ths_max_retrace_rate_all_fund",$B40,F$3,F$5)/100 -> -0.013283479
A41: 3 | B41: 011168.OF | C41: 嘉实睿享安久双利18个月持有期债券 | D41: 239 | E41: =[1]!thsiFinD("ths_adjustment_nvg_ratio_fund",$B41,E$4,E$5,101)/100 -> 0.00016557662 | F41: =[1]!thsiFinD("ths_adjustment_nvg_ratio_fund",$B41,F$4,F$5,101)/100 -> -0.026790063 | G41: =[1]!thsiFinD("ths_adjustment_nvg_ratio_fund",$B41,G$4,G$5,101)/100 -> -0.026627699 | H41: =[1]!thsiFinD("ths_adjustment_nvg_ratio_fund",$B41,H$4,H$5,101)/100 -> -0.0021641418 | I41: =-[1]!thsiFinD("ths_max_retrace_rate_all_fund",$B41,F$3,F$5)/100 -> -0.04941999
A42: 4 | B42: 002969.OF | C42: 易方达丰和债券 | D42: 225 | E42: =[1]!thsiFinD("ths_adjustment_nvg_ratio_fund",$B42,E$4,E$5,101)/100 -> -0.003457526 | F42: =[1]!thsiFinD("ths_adjustment_nvg_ratio_fund",$B42,F$4,F$5,101)/100 -> -0.027175501 | G42: =[1]!thsiFinD("ths_adjustment_nvg_ratio_fund",$B42,G$4,G$5,101)/100 -> -0.056454912 | H42: =[1]!thsiFinD("ths_adjustment_nvg_ratio_fund",$B42,H$4,H$5,101)/100 -> 0.021791173 | I42: =-[1]!thsiFinD("ths_max_retrace_rate_all_fund",$B42,F$3,F$5)/100 -> -0.070577399
A43: 5 | B43: 014738.OF | C43: 广发恒祥债券 | D43: 205 | E43: =[1]!thsiFinD("ths_adjustment_nvg_ratio_fund",$B43,E$4,E$5,101)/100 -> -0.0033681971 | F43: =[1]!thsiFinD("ths_adjustment_nvg_ratio_fund",$B43,F$4,F$5,101)/100 -> -0.042895212 | G43: =[1]!thsiFinD("ths_adjustment_nvg_ratio_fund",$B43,G$4,G$5,101)/100 -> -0.029313161 | H43: =[1]!thsiFinD("ths_adjustment_nvg_ratio_fund",$B43,H$4,H$5,101)/100 -> -0.011892084 | I43: =-[1]!thsiFinD("ths_max_retrace_rate_all_fund",$B43,F$3,F$5)/100 -> -0.06586123
A44: 6 | B44: 006307.OF | C44: 嘉实养老目标日期2040五年持有期混合(FOF) | D44: 190 | E44: =[1]!thsiFinD("ths_adjustment_nvg_ratio_fund",$B44,E$4,E$5,101)/100 -> -0.0047773418 | F44: =[1]!thsiFinD("ths_adjustment_nvg_ratio_fund",$B44,F$4,F$5,101)/100 -> -0.058161866 | G44: =[1]!thsiFinD("ths_adjustment_nvg_ratio_fund",$B44,G$4,G$5,101)/100 -> -0.093443073 | H44: =[1]!thsiFinD("ths_adjustment_nvg_ratio_fund",$B44,H$4,H$5,101)/100 -> 0.026860493 | I44: =-[1]!thsiFinD("ths_max_retrace_rate_all_fund",$B44,F$3,F$5)/100 -> -0.11736738
A45: 7 | B45: 003458.OF | C45: 嘉实稳宏债券 | D45: 189 | E45: =[1]!thsiFinD("ths_adjustment_nvg_ratio_fund",$B45,E$4,E$5,101)/100 -> 0 | F45: =[1]!thsiFinD("ths_adjustment_nvg_ratio_fund",$B45,F$4,F$5,101)/100 -> -0.1043956 | G45: =[1]!thsiFinD("ths_adjustment_nvg_ratio_fund",$B45,G$4,G$5,101)/100 -> -0.12207792 | H45: =[1]!thsiFinD("ths_adjustment_nvg_ratio_fund",$B45,H$4,H$5,101)/100 -> 0.0083797312 | I45: =-[1]!thsiFinD("ths_max_retrace_rate_all_fund",$B45,F$3,F$5)/100 -> -0.148707
A46: 8 | B46: 110027.OF | C46: 易方达安心回报债券 | D46: 184 | E46: =[1]!thsiFinD("ths_adjustment_nvg_ratio_fund",$B46,E$4,E$5,101)/100 -> -0.0052772731 | F46: =[1]!thsiFinD("ths_adjustment_nvg_ratio_fund",$B46,F$4,F$5,101)/100 -> -0.047272574 | G46: =[1]!thsiFinD("ths_adjustment_nvg_ratio_fund",$B46,G$4,G$5,101)/100 -> -0.045842621 | H46: =[1]!thsiFinD("ths_adjustment_nvg_ratio_fund",$B46,H$4,H$5,101)/100 -> -0.0085346639 | I46: =-[1]!thsiFinD("ths_max_retrace_rate_all_fund",$B46,F$3,F$5)/100 -> -0.065808475
A47: 9 | B47: 005221.OF | C47: 宏利全能优选混合(FOF) | D47: 174 | E47: =[1]!thsiFinD("ths_adjustment_nvg_ratio_fund",$B47,E$4,E$5,101)/100 -> -0.00052854123 | F47: =[1]!thsiFinD("ths_adjustment_nvg_ratio_fund",$B47,F$4,F$5,101)/100 -> 0.0015911502 | G47: =[1]!thsiFinD("ths_adjustment_nvg_ratio_fund",$B47,G$4,G$5,101)/100 -> -0.0024246098 | H47: =[1]!thsiFinD("ths_adjustment_nvg_ratio_fund",$B47,H$4,H$5,101)/100 -> 0.0025786879 | I47: =-[1]!thsiFinD("ths_max_retrace_rate_all_fund",$B47,F$3,F$5)/100 -> -0.0043188362
A48: 10 | B48: 160718.OF | C48: 嘉实多利收益债券 | D48: 170 | E48: =[1]!thsiFinD("ths_adjustment_nvg_ratio_fund",$B48,E$4,E$5,101)/100 -> -0.00058668228 | F48: =[1]!thsiFinD("ths_adjustment_nvg_ratio_fund",$B48,F$4,F$5,101)/100 -> -0.044870584 | G48: =[1]!thsiFinD("ths_adjustment_nvg_ratio_fund",$B48,G$4,G$5,101)/100 -> -0.068297752 | H48: =[1]!thsiFinD("ths_adjustment_nvg_ratio_fund",$B48,H$4,H$5,101)/100 -> 0.016180905 | I48: =-[1]!thsiFinD("ths_max_retrace_rate_all_fund",$B48,F$3,F$5)/100 -> -0.079686479
A50: 说明：基金收益率按复权单位净值计算；1090净值通过公式直接链接实盘净值数据
A51: 最大回撤按页首“上线以来”起止日计算；日期参数需选择净值明细中存在的日期，否则相应收益率留空。
A52: 数据源：同花顺 iFinD；基金净值明细覆盖 2026-06-18 至 2026-08-10。

Sheet 恒生净值
A1: =[1]!HX_AutoDate(1,"2026-06-18",偏离度监控!B82,-1,-1,0,1,0,0,0,"SSE",63,0) -> 日期 | B1: 1090基石 | C1: 1090
A2: 46191 | B2: 1
A3: 46195 | B3: 1.0008957
A4: 46196 | B4: 0.99782281
A5: 46197 | B5: 0.9997708 | C5: ='[2]1090账户投顾组合-数据视图-20260825'!B3 -> 1.00000000 | G5: 粘系统最新净值序列与绩效表
A6: 46198 | B6: 1.0012783 | C6: ='[2]1090账户投顾组合-数据视图-20260825'!B4 -> 1.00141431
A7: 46199 | B7: 0.99893009 | C7: ='[2]1090账户投顾组合-数据视图-20260825'!B5 -> 0.99948240
A8: 46202 | B8: 1.0005215 | C8: ='[2]1090账户投顾组合-数据视图-20260825'!B6 -> 1.00138192
A9: 46203 | B9: 1.0027107 | C9: ='[2]1090账户投顾组合-数据视图-20260825'!B7 -> 1.00327268
A10: 46204 | B10: 0.99998488 | C10: ='[2]1090账户投顾组合-数据视图-20260825'!B8 -> 1.00086493
A11: 46205 | B11: 0.99402933 | C11: ='[2]1090账户投顾组合-数据视图-20260825'!B9 -> 0.99528176
A12: 46206 | B12: 0.99491237 | C12: ='[2]1090账户投顾组合-数据视图-20260825'!B10 -> 0.99645158
A13: 46209 | B13: 0.99396984 | C13: ='[2]1090账户投顾组合-数据视图-20260825'!B11 -> 0.99563225
A14: 46210 | B14: 0.99336489 | C14: ='[2]1090账户投顾组合-数据视图-20260825'!B12 -> 0.99480363
A15: 46211 | B15: 0.99351509 | C15: ='[2]1090账户投顾组合-数据视图-20260825'!B13 -> 0.99491291
A16: 46212 | B16: 0.99860982 | C16: ='[2]1090账户投顾组合-数据视图-20260825'!B14 -> 0.99993265
A17: 46213 | B17: 0.99488466 | C17: ='[2]1090账户投顾组合-数据视图-20260825'!B15 -> 0.99608736
A18: 46216 | B18: 0.98970134 | C18: ='[2]1090账户投顾组合-数据视图-20260825'!B16 -> 0.99082824
A19: 46217 | B19: 0.99245271 | C19: ='[2]1090账户投顾组合-数据视图-20260825'!B17 -> 0.99325571 | G19: 指标名称 | H19: 本周 | I19: 本月 | J19: 本季度 | K19: 本年 | L19: 近1周 | M19: 近1月 | N19: 近3月 | O19: 近6月 | P19: 近1年 | Q19: 近3年 | R19: 近5年 | S19: 成立至今 | T19: 选择区间
A20: 46218 | B20: 0.99005834 | C20: ='[2]1090账户投顾组合-数据视图-20260825'!B18 -> 0.99062576 | G20: 累计收益率 | H20: -0.030252% | I20: 1.799740% | J20: -0.804632% | K20: -0.535747% | L20: -0.387552% | M20: 1.335983% | N20: -0.535747% | O20: -0.535747% | P20: -0.535747% | Q20: -0.535747% | R20: -0.535747% | S20: -0.535747% | T20: -0.535747%
A21: 46219 | B21: 0.98597556 | C21: ='[2]1090账户投顾组合-数据视图-20260825'!B19 -> 0.98667073 | G21: 基准收益率 | H21: -0.028625% | I21: 0.963579% | J21: -0.045171% | K21: 0.236847% | L21: -0.218682% | M21: 0.933315% | N21: 0.236847% | O21: 0.236847% | P21: 0.236847% | Q21: 0.236847% | R21: 0.236847% | S21: 0.236847% | T21: 0.236847%
A22: 46220 | B22: 0.97886372 | C22: ='[2]1090账户投顾组合-数据视图-20260825'!B20 -> 0.98008903 | G22: 年化收益率 | H22: -10.455690% | I22: 31.163777% | J22: -5.220241% | K22: -2.842259% | L22: -18.329155% | M22: 16.912980% | N22: -2.842259% | O22: -2.842259% | P22: -2.842259% | Q22: -2.842259% | R22: -2.842259% | S22: -2.842259% | T22: -2.842259%
A23: 46223 | B23: 0.9753755 | C23: ='[2]1090账户投顾组合-数据视图-20260825'!B21 -> 0.97683759 | G23: 基准年化收益率 | H23: -9.922182% | I23: 15.701421% | J23: -0.299392% | K23: 1.277906% | L23: -10.787738% | M23: 11.558700% | N23: 1.277906% | O23: 1.277906% | P23: 1.277906% | Q23: 1.277906% | R23: 1.277906% | S23: 1.277906% | T23: 1.277906%
A24: 46224 | B24: 0.98437008 | C24: ='[2]1090账户投顾组合-数据视图-20260825'!B22 -> 0.98586080 | G24: 回撤率 | H24: -0.030252% | I24: -0.472383% | J24: -0.804632% | K24: -0.804632% | L24: -0.472383% | M24: -0.472383% | N24: -0.804632% | O24: -0.804632% | P24: -0.804632% | Q24: -0.804632% | R24: -0.804632% | S24: -0.804632% | T24: -0.804632%
A25: 46225 | B25: 0.98402324 | C25: ='[2]1090账户投顾组合-数据视图-20260825'!B23 -> 0.98570780 | G25: 最大回撤 | H25: -0.030252% | I25: -0.771982% | J25: -2.886915% | K25: -2.886915% | L25: -0.771982% | M25: -1.157256% | N25: -2.886915% | O25: -2.886915% | P25: -2.886915% | Q25: -2.886915% | R25: -2.886915% | S25: -0.0289 | T25: -2.886915%
A26: 46226 | B26: 0.98279921 | C26: ='[2]1090账户投顾组合-数据视图-20260825'!B24 -> 0.98438731 | G26: 区间最大涨幅 | H26: 0.000000% | I26: 2.282907% | J26: 0.000000% | K26: 0.271066% | L26: 0.000000% | M26: 1.816949% | N26: 0.271066% | O26: 0.271066% | P26: 0.271066% | Q26: 0.271066% | R26: 0.271066% | S26: 0.271066% | T26: 0.271066%
A27: 46227 | B27: 0.98152946 | C27: ='[2]1090账户投顾组合-数据视图-20260825'!B25 -> 0.98336003 | G27: 回撤最长修复时间 | H27: 3* | I27: 4 | J27: 55* | K27: 5 | L27: 6* | M27: 10 | N27: 5 | O27: 5 | P27: 5 | Q27: 5 | R27: 5 | S27: 5 | T27: 5
A28: 46230 | B28: 0.98516413 | C28: ='[2]1090账户投顾组合-数据视图-20260825'!B26 -> 0.98687417 | G28: 最大回撤修复时间 | H28: 未修复 | I28: 未修复 | J28: 未修复 | K28: 未修复 | L28: 未修复 | M28: 7 | N28: 未修复 | O28: 未修复 | P28: 未修复 | Q28: 未修复 | R28: 未修复 | S28: 未修复 | T28: 未修复
A29: 46231 | B29: 0.97865577 | C29: ='[2]1090账户投顾组合-数据视图-20260825'!B27 -> 0.98060895 | G29: 基准回撤率 | H29: -0.028625% | I29: -0.252567% | J29: -0.252567% | K29: -0.252567% | L29: -0.252567% | M29: -0.252567% | N29: -0.252567% | O29: -0.252567% | P29: -0.252567% | Q29: -0.252567% | R29: -0.252567% | S29: -0.252567% | T29: -0.252567%
A30: 46232 | B30: 0.97811843 | C30: ='[2]1090账户投顾组合-数据视图-20260825'!B28 -> 0.98017950 | G30: 基准最大回撤 | H30: -0.028625% | I30: -0.444646% | J30: -1.357488% | K30: -1.357488% | L30: -0.444646% | M30: -0.470584% | N30: -1.357488% | O30: -1.357488% | P30: -1.357488% | Q30: -1.357488% | R30: -1.357488% | S30: -1.357488% | T30: -1.357488%
A31: 46233 | B31: 0.97376326 | C31: ='[2]1090账户投顾组合-数据视图-20260825'!B29 -> 0.97603230 | G31: 波动率 | H31: -- | I31: 0.321241% | J31: 0.383270% | K31: 0.357635% | L31: 0.397820% | M31: 0.357248% | N31: 0.357635% | O31: 0.357635% | P31: 0.357635% | Q31: 0.357635% | R31: 0.357635% | S31: 0.357635% | T31: 0.357635%
A32: 46234 | B32: 0.97705802 | C32: ='[2]1090账户投顾组合-数据视图-20260825'!B30 -> 0.97918283 | G32: 基准波动率 | H32: -- | I32: 0.184951% | J32: 0.220195% | K32: 0.217573% | L32: 0.233125% | M32: 0.198592% | N32: 0.217573% | O32: 0.217573% | P32: 0.217573% | Q32: 0.217573% | R32: 0.217573% | S32: 0.217573% | T32: 0.217573%
A33: 46237 | B33: 0.97469599 | C33: ='[2]1090账户投顾组合-数据视图-20260825'!B31 -> 0.97636941 | G33: 年化波动率 | H33: -- | I33: 5.099549% | J33: 6.084215% | K33: 5.677277% | L33: 6.315191% | M33: 5.671142% | N33: 5.677277% | O33: 5.677277% | P33: 5.677277% | Q33: 5.677277% | R33: 5.677277% | S33: 5.677277% | T33: 5.677277%
A34: 46238 | B34: 0.97954497 | C34: ='[2]1090账户投顾组合-数据视图-20260825'!B32 -> 0.98084157 | G34: 基准年化波动率 | H34: -- | I34: 2.935999% | J34: 3.495492% | K34: 3.453859% | L34: 3.700744% | M34: 3.152554% | N34: 3.453859% | O34: 3.453859% | P34: 3.453859% | Q34: 3.453859% | R34: 3.453859% | S34: 3.453859% | T34: 3.453859%
A35: 46239 | B35: 0.98421564 | C35: ='[2]1090账户投顾组合-数据视图-20260825'!B33 -> 0.98566565 | G35: 夏普比率 | H35: -- | I35: 5.91628799 | J35: -1.10453702 | K35: -0.76484890 | L35: -3.13991383 | M35: 2.76570661 | N35: -0.76484890 | O35: -0.76484890 | P35: -0.76484890 | Q35: -0.76484890 | R35: -0.76484890 | S35: -0.76484890 | T35: -0.76484890
A36: 46240 | B36: 0.98658983 | C36: ='[2]1090账户投顾组合-数据视图-20260825'!B34 -> 0.98799038 | G36: 基准夏普比率 | H36: -- | I36: 4.90073388 | J36: -0.51477497 | K36: -0.06430301 | L36: -3.32034300 | M36: 3.13216255 | N36: -0.06430301 | O36: -0.06430301 | P36: -0.06430301 | Q36: -0.06430301 | R36: -0.06430301 | S36: -0.06430301 | T36: -0.06430301
A37: 46241 | B37: 0.9897759 | C37: ='[2]1090账户投顾组合-数据视图-20260825'!B35 -> 0.99109277 | G37: 卡玛比率 | H37: -34561.950050% | I37: 4036.851361% | J37: -180.824209% | K37: -98.453165% | L37: -2374.297336% | M37: 1461.472250% | N37: -98.453165% | O37: -98.453165% | P37: -98.453165% | Q37: -98.453165% | R37: -98.453165% | S37: -98.453165% | T37: -98.453165%
... A42: 46248 | B42: 0.9935801 | C42: ='[2]1090账户投顾组合-数据视图-20260825'!B40 -> 0.99402653 | G42: 季度正收益 | H42: -- | I42: -- | J42: 0.000000% | K42: 50.000000% | L42: -- | M42: -- | N42: 50.000000% | O42: 50.000000% | P42: 50.000000% | Q42: 50.000000% | R42: 50.000000% | S42: 50.000000% | T42: 50.000000%
A43: 46251 | B43: 0.99851228 | C43: ='[2]1090账户投顾组合-数据视图-20260825'!B41 -> 0.99886999
A44: 46252 | B44: 0.99936335 | C44: ='[2]1090账户投顾组合-数据视图-20260825'!B42 -> 0.99969241
A45: 46253 | B45: 0.99164844 | C45: ='[2]1090账户投顾组合-数据视图-20260825'!B43 -> 0.99205678
A46: 46254 | B46: 0.99370515 | C46: ='[2]1090账户投顾组合-数据视图-20260825'!B44 -> 0.99394669
A47: 46255 | B47: 0.99494352 | C47: ='[2]1090账户投顾组合-数据视图-20260825'!B45 -> 0.99530294
A48: 46258 | B48: 0.99464253 | C48: ='[2]1090账户投顾组合-数据视图-20260825'!B46 -> 0.99503994
A49: 46259
A50: 46260
A51: 46261
A52: 46262
A53: 46265
A54: 46266
A55: 46267
A56: 46268
A57: 46269
A58: 46272
A59: 46273
A60: 46274
... A64: 46280

Sheet 实盘净值数据(iFinD公式)
A1: 净值数据 * 实盘
A2: =TODAY() -> 46281
A3: 基金代码→ | B3: =实盘持仓初始配置!B3 -> 000216.OF | C3: =实盘持仓初始配置!C3 -> 000917.OF | D3: =实盘持仓初始配置!D3 -> 001170.OF | E3: =实盘持仓初始配置!E3 -> 007044.OF | F3: =实盘持仓初始配置!F3 -> 007045.OF | G3: =实盘持仓初始配置!G3 -> 007817.OF | H3: =实盘持仓初始配置!H3 -> 007818.OF | I3: =实盘持仓初始配置!I3 -> 009993.OF | ... X3: =实盘持仓初始配置!X3 -> 161119.OF | Y3: 162214.OF
A4: =[1]!HX_AutoDate(1,"2026-06-18",A2,-1,-1,0,0,0,0,0,"SSE",64,0) -> 日期 | B4: 华安黄金ETF联接A | C4: 嘉实快线货币A | D4: 宏利复兴混合A | E4: 博道沪深300增强A | F4: 博道沪深300指增C | G4: 国泰通信设备ETF联接A | H4: 国泰通信设备C | I4: 嘉实前沿科技创新 | J4: 银华集成电路混合A | K4: 银华集成电路混合C | L4: 天弘中证1000指增A | M4: 天弘中证1000指增C | N4: 中欧中证500指增A | O4: 中欧中证500指增C | P4: 信澳业绩驱动A | Q4: 嘉实信息产业A | R4: 嘉实信息产业C | S4: 宏利复兴伟业C | T4: 国泰半导体材料设备ETF联接A | U4: 国泰半导体材料设备C | V4: 华泰柏瑞中证2000指增A | W4: 华泰柏瑞中证2000指增C | X4: 易方达中债新综指LOFA | Y4: 宏利领先中小盘混合
A5: 46191 | B5: =IF($A5="","",[1]!thsiFinD("ths_adjustment_nv_fund",B$3,$A5)) -> 3.2441 | C5: =IF($A5="","",[1]!thsiFinD("ths_adjustment_nv_fund",C$3,$A5)) -> 1.3172785 | D5: =IF($A5="","",[1]!thsiFinD("ths_adjustment_nv_fund",D$3,$A5)) -> 6.062 | E5: =IF($A5="","",[1]!thsiFinD("ths_adjustment_nv_fund",E$3,$A5)) -> 1.9904 | F5: =IF($A5="","",[1]!thsiFinD("ths_adjustment_nv_fund",F$3,$A5)) -> 1.9344 | G5: =IF($A5="","",[1]!thsiFinD("ths_adjustment_nv_fund",G$3,$A5)) -> 5.0275 | H5: =IF($A5="","",[1]!thsiFinD("ths_adjustment_nv_fund",H$3,$A5)) -> 4.9215 | I5: =IF($A5="","",[1]!thsiFinD("ths_adjustment_nv_fund",I$3,$A5)) -> 2.9226 | ... Y5: =IF($A5="","",[1]!thsiFinD("ths_adjustment_nv_fund",Y$3,$A5)) -> 2.39
A6: 46195 | B6: =IF($A6="","",[1]!thsiFinD("ths_adjustment_nv_fund",B$3,$A6)) -> 3.168 | C6: =IF($A6="","",[1]!thsiFinD("ths_adjustment_nv_fund",C$3,$A6)) -> 1.3174604 | D6: =IF($A6="","",[1]!thsiFinD("ths_adjustment_nv_fund",D$3,$A6)) -> 6.259 | E6: =IF($A6="","",[1]!thsiFinD("ths_adjustment_nv_fund",E$3,$A6)) -> 2.0345 | F6: =IF($A6="","",[1]!thsiFinD("ths_adjustment_nv_fund",F$3,$A6)) -> 1.9772 | G6: =IF($A6="","",[1]!thsiFinD("ths_adjustment_nv_fund",G$3,$A6)) -> 5.1121 | H6: =IF($A6="","",[1]!thsiFinD("ths_adjustment_nv_fund",H$3,$A6)) -> 5.0042 | I6: =IF($A6="","",[1]!thsiFinD("ths_adjustment_nv_fund",I$3,$A6)) -> 2.9905 | ... Y6: =IF($A6="","",[1]!thsiFinD("ths_adjustment_nv_fund",Y$3,$A6)) -> 2.428
A7: 46196 | B7: =IF($A7="","",[1]!thsiFinD("ths_adjustment_nv_fund",B$3,$A7)) -> 3.116 | C7: =IF($A7="","",[1]!thsiFinD("ths_adjustment_nv_fund",C$3,$A7)) -> 1.3175125 | D7: =IF($A7="","",[1]!thsiFinD("ths_adjustment_nv_fund",D$3,$A7)) -> 5.996 | E7: =IF($A7="","",[1]!thsiFinD("ths_adjustment_nv_fund",E$3,$A7)) -> 1.9837 | F7: =IF($A7="","",[1]!thsiFinD("ths_adjustment_nv_fund",F$3,$A7)) -> 1.9278 | G7: =IF($A7="","",[1]!thsiFinD("ths_adjustment_nv_fund",G$3,$A7)) -> 4.9665 | H7: =IF($A7="","",[1]!thsiFinD("ths_adjustment_nv_fund",H$3,$A7)) -> 4.8616 | I7: =IF($A7="","",[1]!thsiFinD("ths_adjustment_nv_fund",I$3,$A7)) -> 2.9276 | ... Y7: =IF($A7="","",[1]!thsiFinD("ths_adjustment_nv_fund",Y$3,$A7)) -> 2.458
A8: 46197 | B8: =IF($A8="","",[1]!thsiFinD("ths_adjustment_nv_fund",B$3,$A8)) -> 3.0984 | C8: =IF($A8="","",[1]!thsiFinD("ths_adjustment_nv_fund",C$3,$A8)) -> 1.3175573 | D8: =IF($A8="","",[1]!thsiFinD("ths_adjustment_nv_fund",D$3,$A8)) -> 6.113 | E8: =IF($A8="","",[1]!thsiFinD("ths_adjustment_nv_fund",E$3,$A8)) -> 1.9931 | F8: =IF($A8="","",[1]!thsiFinD("ths_adjustment_nv_fund",F$3,$A8)) -> 1.9369 | G8: =IF($A8="","",[1]!thsiFinD("ths_adjustment_nv_fund",G$3,$A8)) -> 5.0423 | H8: =IF($A8="","",[1]!thsiFinD("ths_adjustment_nv_fund",H$3,$A8)) -> 4.9357 | I8: =IF($A8="","",[1]!thsiFinD("ths_adjustment_nv_fund",I$3,$A8)) -> 3.0529 | ... Y8: =IF($A8="","",[1]!thsiFinD("ths_adjustment_nv_fund",Y$3,$A8)) -> 2.633
A9: 46198 | B9: =IF($A9="","",[1]!thsiFinD("ths_adjustment_nv_fund",B$3,$A9)) -> 3.0309 | C9: =IF($A9="","",[1]!thsiFinD("ths_adjustment_nv_fund",C$3,$A9)) -> 1.3176051 | D9: =IF($A9="","",[1]!thsiFinD("ths_adjustment_nv_fund",D$3,$A9)) -> 6.312 | E9: =IF($A9="","",[1]!thsiFinD("ths_adjustment_nv_fund",E$3,$A9)) -> 2.0205 | F9: =IF($A9="","",[1]!thsiFinD("ths_adjustment_nv_fund",F$3,$A9)) -> 1.9635 | G9: =IF($A9="","",[1]!thsiFinD("ths_adjustment_nv_fund",G$3,$A9)) -> 5.1945 | H9: =IF($A9="","",[1]!thsiFinD("ths_adjustment_nv_fund",H$3,$A9)) -> 5.0848 | I9: =IF($A9="","",[1]!thsiFinD("ths_adjustment_nv_fund",I$3,$A9)) -> 3.1735 | ... Y9: =IF($A9="","",[1]!thsiFinD("ths_adjustment_nv_fund",Y$3,$A9)) -> 2.692
A10: 46199 | B10: =IF($A10="","",[1]!thsiFinD("ths_adjustment_nv_fund",B$3,$A10)) -> 3.0598 | C10: =IF($A10="","",[1]!thsiFinD("ths_adjustment_nv_fund",C$3,$A10)) -> 1.3176497 | D10: =IF($A10="","",[1]!thsiFinD("ths_adjustment_nv_fund",D$3,$A10)) -> 5.99 | E10: =IF($A10="","",[1]!thsiFinD("ths_adjustment_nv_fund",E$3,$A10)) -> 1.9618 | F10: =IF($A10="","",[1]!thsiFinD("ths_adjustment_nv_fund",F$3,$A10)) -> 1.9065 | G10: =IF($A10="","",[1]!thsiFinD("ths_adjustment_nv_fund",G$3,$A10)) -> 4.8685 | H10: =IF($A10="","",[1]!thsiFinD("ths_adjustment_nv_fund",H$3,$A10)) -> 4.7655 | I10: =IF($A10="","",[1]!thsiFinD("ths_adjustment_nv_fund",I$3,$A10)) -> 3.0956 | ... Y10: =IF($A10="","",[1]!thsiFinD("ths_adjustment_nv_fund",Y$3,$A10)) -> 2.767
A11: 46202 | B11: =IF($A11="","",[1]!thsiFinD("ths_adjustment_nv_fund",B$3,$A11)) -> 3.0723 | C11: =IF($A11="","",[1]!thsiFinD("ths_adjustment_nv_fund",C$3,$A11)) -> 1.3177908 | D11: =IF($A11="","",[1]!thsiFinD("ths_adjustment_nv_fund",D$3,$A11)) -> 5.795 | E11: =IF($A11="","",[1]!thsiFinD("ths_adjustment_nv_fund",E$3,$A11)) -> 1.9811 | F11: =IF($A11="","",[1]!thsiFinD("ths_adjustment_nv_fund",F$3,$A11)) -> 1.9252 | G11: =IF($A11="","",[1]!thsiFinD("ths_adjustment_nv_fund",G$3,$A11)) -> 4.7592 | H11: =IF($A11="","",[1]!thsiFinD("ths_adjustment_nv_fund",H$3,$A11)) -> 4.6585 | I11: =IF($A11="","",[1]!thsiFinD("ths_adjustment_nv_fund",I$3,$A11)) -> 3.1442 | ... Y11: =IF($A11="","",[1]!thsiFinD("ths_adjustment_nv_fund",Y$3,$A11)) -> 2.968
A12: 46203 | B12: =IF($A12="","",[1]!thsiFinD("ths_adjustment_nv_fund",B$3,$A12)) -> 3.0429 | C12: =IF($A12="","",[1]!thsiFinD("ths_adjustment_nv_fund",C$3,$A12)) -> 1.3178318 | D12: =IF($A12="","",[1]!thsiFinD("ths_adjustment_nv_fund",D$3,$A12)) -> 6.024 | E12: =IF($A12="","",[1]!thsiFinD("ths_adjustment_nv_fund",E$3,$A12)) -> 2.0032 | F12: =IF($A12="","",[1]!thsiFinD("ths_adjustment_nv_fund",F$3,$A12)) -> 1.9466 | G12: =IF($A12="","",[1]!thsiFinD("ths_adjustment_nv_fund",G$3,$A12)) -> 4.9737 | H12: =IF($A12="","",[1]!thsiFinD("ths_adjustment_nv_fund",H$3,$A12)) -> 4.8684 | I12: =IF($A12="","",[1]!thsiFinD("ths_adjustment_nv_fund",I$3,$A12)) -> 3.2499 | ... Y12: =IF($A12="","",[1]!thsiFinD("ths_adjustment_nv_fund",Y$3,$A12)) -> 3.087
A13: 46204 | B13: =IF($A13="","",[1]!thsiFinD("ths_adjustment_nv_fund",B$3,$A13)) -> 3.0102 | C13: =IF($A13="","",[1]!thsiFinD("ths_adjustment_nv_fund",C$3,$A13)) -> 1.3178766 | D13: =IF($A13="","",[1]!thsiFinD("ths_adjustment_nv_fund",D$3,$A13)) -> 5.777 | E13: =IF($A13="","",[1]!thsiFinD("ths_adjustment_nv_fund",E$3,$A13)) -> 1.9953 | F13: =IF($A13="","",[1]!thsiFinD("ths_adjustment_nv_fund",F$3,$A13)) -> 1.9389 | G13: =IF($A13="","",[1]!thsiFinD("ths_adjustment_nv_fund",G$3,$A13)) -> 4.77 | H13: =IF($A13="","",[1]!thsiFinD("ths_adjustment_nv_fund",H$3,$A13)) -> 4.6689 | I13: =IF($A13="","",[1]!thsiFinD("ths_adjustment_nv_fund",I$3,$A13)) -> 3.1869 | ... Y13: =IF($A13="","",[1]!thsiFinD("ths_adjustment_nv_fund",Y$3,$A13)) -> 3.037
A14: 46205 | B14: =IF($A14="","",[1]!thsiFinD("ths_adjustment_nv_fund",B$3,$A14)) -> 3.0728 | C14: =IF($A14="","",[1]!thsiFinD("ths_adjustment_nv_fund",C$3,$A14)) -> 1.3179215 | D14: =IF($A14="","",[1]!thsiFinD("ths_adjustment_nv_fund",D$3,$A14)) -> 5.363 | E14: =IF($A14="","",[1]!thsiFinD("ths_adjustment_nv_fund",E$3,$A14)) -> 1.9341 | F14: =IF($A14="","",[1]!thsiFinD("ths_adjustment_nv_fund",F$3,$A14)) -> 1.8795 | G14: =IF($A14="","",[1]!thsiFinD("ths_adjustment_nv_fund",G$3,$A14)) -> 4.4049 | H14: =IF($A14="","",[1]!thsiFinD("ths_adjustment_nv_fund",H$3,$A14)) -> 4.3115 | I14: =IF($A14="","",[1]!thsiFinD("ths_adjustment_nv_fund",I$3,$A14)) -> 2.9271 | ... Y14: =IF($A14="","",[1]!thsiFinD("ths_adjustment_nv_fund",Y$3,$A14)) -> 2.777
A15: 46206 | B15: =IF($A15="","",[1]!thsiFinD("ths_adjustment_nv_fund",B$3,$A15)) -> 3.1547 | C15: =IF($A15="","",[1]!thsiFinD("ths_adjustment_nv_fund",C$3,$A15)) -> 1.3179685 | D15: =IF($A15="","",[1]!thsiFinD("ths_adjustment_nv_fund",D$3,$A15)) -> 5.405 | E15: =IF($A15="","",[1]!thsiFinD("ths_adjustment_nv_fund",E$3,$A15)) -> 1.9475 | F15: =IF($A15="","",[1]!thsiFinD("ths_adjustment_nv_fund",F$3,$A15)) -> 1.8924 | G15: =IF($A15="","",[1]!thsiFinD("ths_adjustment_nv_fund",G$3,$A15)) -> 4.4033 | H15: =IF($A15="","",[1]!thsiFinD("ths_adjustment_nv_fund",H$3,$A15)) -> 4.3099 | I15: =IF($A15="","",[1]!thsiFinD("ths_adjustment_nv_fund",I$3,$A15)) -> 2.9794 | ... Y15: =IF($A15="","",[1]!thsiFinD("ths_adjustment_nv_fund",Y$3,$A15)) -> 2.741
A16: 46209 | B16: =IF($A16="","",[1]!thsiFinD("ths_adjustment_nv_fund",B$3,$A16)) -> 3.145 | C16: =IF($A16="","",[1]!thsiFinD("ths_adjustment_nv_fund",C$3,$A16)) -> 1.3181065 | D16: =IF($A16="","",[1]!thsiFinD("ths_adjustment_nv_fund",D$3,$A16)) -> 5.234 | E16: =IF($A16="","",[1]!thsiFinD("ths_adjustment_nv_fund",E$3,$A16)) -> 1.9455 | F16: =IF($A16="","",[1]!thsiFinD("ths_adjustment_nv_fund",F$3,$A16)) -> 1.8904 | G16: =IF($A16="","",[1]!thsiFinD("ths_adjustment_nv_fund",G$3,$A16)) -> 4.2539 | H16: =IF($A16="","",[1]!thsiFinD("ths_adjustment_nv_fund",H$3,$A16)) -> 4.1636 | I16: =IF($A16="","",[1]!thsiFinD("ths_adjustment_nv_fund",I$3,$A16)) -> 2.9168 | ... Y16: =IF($A16="","",[1]!thsiFinD("ths_adjustment_nv_fund",Y$3,$A16)) -> 2.759
... A68: 46281 | B68: =IF($A68="","",[1]!thsiFinD("ths_adjustment_nv_fund",B$3,$A68)) -> 3.2103 | C68: =IF($A68="","",[1]!thsiFinD("ths_adjustment_nv_fund",C$3,$A68)) -> 1.3212497 | D68: =IF($A68="","",[1]!thsiFinD("ths_adjustment_nv_fund",D$3,$A68)) -> 4.477 | E68: =IF($A68="","",[1]!thsiFinD("ths_adjustment_nv_fund",E$3,$A68)) -> 1.8591 | F68: =IF($A68="","",[1]!thsiFinD("ths_adjustment_nv_fund",F$3,$A68)) -> 1.8051 | G68: =IF($A68="","",[1]!thsiFinD("ths_adjustment_nv_fund",G$3,$A68)) -> 3.719 | H68: =IF($A68="","",[1]!thsiFinD("ths_adjustment_nv_fund",H$3,$A68)) -> 3.6379 | I68: =IF($A68="","",[1]!thsiFinD("ths_adjustment_nv_fund",I$3,$A68)) -> 2.263 | ... Y68: =IF($A68="","",[1]!thsiFinD("ths_adjustment_nv_fund",Y$3,$A68)) -> 2.313
B69: =IF($A69="","",[1]!thsiFinD("ths_adjustment_nv_fund",B$3,$A69)) | C69: =IF($A69="","",[1]!thsiFinD("ths_adjustment_nv_fund",C$3,$A69)) | D69: =IF($A69="","",[1]!thsiFinD("ths_adjustment_nv_fund",D$3,$A69)) | E69: =IF($A69="","",[1]!thsiFinD("ths_adjustment_nv_fund",E$3,$A69)) | F69: =IF($A69="","",[1]!thsiFinD("ths_adjustment_nv_fund",F$3,$A69)) | G69: =IF($A69="","",[1]!thsiFinD("ths_adjustment_nv_fund",G$3,$A69)) | H69: =IF($A69="","",[1]!thsiFinD("ths_adjustment_nv_fund",H$3,$A69)) | I69: =IF($A69="","",[1]!thsiFinD("ths_adjustment_nv_fund",I$3,$A69)) | ... Y69: =IF($A69="","",[1]!thsiFinD("ths_adjustment_nv_fund",Y$3,$A69))
B70: =IF($A70="","",[1]!thsiFinD("ths_adjustment_nv_fund",B$3,$A70)) | C70: =IF($A70="","",[1]!thsiFinD("ths_adjustment_nv_fund",C$3,$A70)) | D70: =IF($A70="","",[1]!thsiFinD("ths_adjustment_nv_fund",D$3,$A70)) | E70: =IF($A70="","",[1]!thsiFinD("ths_adjustment_nv_fund",E$3,$A70)) | F70: =IF($A70="","",[1]!thsiFinD("ths_adjustment_nv_fund",F$3,$A70)) | G70: =IF($A70="","",[1]!thsiFinD("ths_adjustment_nv_fund",G$3,$A70)) | H70: =IF($A70="","",[1]!thsiFinD("ths_adjustment_nv_fund",H$3,$A70)) | I70: =IF($A70="","",[1]!thsiFinD("ths_adjustment_nv_fund",I$3,$A70)) | ... Y70: =IF($A70="","",[1]!thsiFinD("ths_adjustment_nv_fund",Y$3,$A70))
B71: =IF($A71="","",[1]!thsiFinD("ths_adjustment_nv_fund",B$3,$A71)) | C71: =IF($A71="","",[1]!thsiFinD("ths_adjustment_nv_fund",C$3,$A71)) | D71: =IF($A71="","",[1]!thsiFinD("ths_adjustment_nv_fund",D$3,$A71)) | E71: =IF($A71="","",[1]!thsiFinD("ths_adjustment_nv_fund",E$3,$A71)) | F71: =IF($A71="","",[1]!thsiFinD("ths_adjustment_nv_fund",F$3,$A71)) | G71: =IF($A71="","",[1]!thsiFinD("ths_adjustment_nv_fund",G$3,$A71)) | H71: =IF($A71="","",[1]!thsiFinD("ths_adjustment_nv_fund",H$3,$A71)) | I71: =IF($A71="","",[1]!thsiFinD("ths_adjustment_nv_fund",I$3,$A71)) | ... Y71: =IF($A71="","",[1]!thsiFinD("ths_adjustment_nv_fund",Y$3,$A71))
B72: =IF($A72="","",[1]!thsiFinD("ths_adjustment_nv_fund",B$3,$A72)) | C72: =IF($A72="","",[1]!thsiFinD("ths_adjustment_nv_fund",C$3,$A72)) | D72: =IF($A72="","",[1]!thsiFinD("ths_adjustment_nv_fund",D$3,$A72)) | E72: =IF($A72="","",[1]!thsiFinD("ths_adjustment_nv_fund",E$3,$A72)) | F72: =IF($A72="","",[1]!thsiFinD("ths_adjustment_nv_fund",F$3,$A72)) | G72: =IF($A72="","",[1]!thsiFinD("ths_adjustment_nv_fund",G$3,$A72)) | H72: =IF($A72="","",[1]!thsiFinD("ths_adjustment_nv_fund",H$3,$A72)) | I72: =IF($A72="","",[1]!thsiFinD("ths_adjustment_nv_fund",I$3,$A72)) | ... Y72: =IF($A72="","",[1]!thsiFinD("ths_adjustment_nv_fund",Y$3,$A72))
B73: =IF($A73="","",[1]!thsiFinD("ths_adjustment_nv_fund",B$3,$A73)) | C73: =IF($A73="","",[1]!thsiFinD("ths_adjustment_nv_fund",C$3,$A73)) | D73: =IF($A73="","",[1]!thsiFinD("ths_adjustment_nv_fund",D$3,$A73)) | E73: =IF($A73="","",[1]!thsiFinD("ths_adjustment_nv_fund",E$3,$A73)) | F73: =IF($A73="","",[1]!thsiFinD("ths_adjustment_nv_fund",F$3,$A73)) | G73: =IF($A73="","",[1]!thsiFinD("ths_adjustment_nv_fund",G$3,$A73)) | H73: =IF($A73="","",[1]!thsiFinD("ths_adjustment_nv_fund",H$3,$A73)) | I73: =IF($A73="","",[1]!thsiFinD("ths_adjustment_nv_fund",I$3,$A73)) | ... Y73: =IF($A73="","",[1]!thsiFinD("ths_adjustment_nv_fund",Y$3,$A73))
B74: =IF($A74="","",[1]!thsiFinD("ths_adjustment_nv_fund",B$3,$A74)) | C74: =IF($A74="","",[1]!thsiFinD("ths_adjustment_nv_fund",C$3,$A74)) | D74: =IF($A74="","",[1]!thsiFinD("ths_adjustment_nv_fund",D$3,$A74)) | E74: =IF($A74="","",[1]!thsiFinD("ths_adjustment_nv_fund",E$3,$A74)) | F74: =IF($A74="","",[1]!thsiFinD("ths_adjustment_nv_fund",F$3,$A74)) | G74: =IF($A74="","",[1]!thsiFinD("ths_adjustment_nv_fund",G$3,$A74)) | H74: =IF($A74="","",[1]!thsiFinD("ths_adjustment_nv_fund",H$3,$A74)) | I74: =IF($A74="","",[1]!thsiFinD("ths_adjustment_nv_fund",I$3,$A74)) | ... Y74: =IF($A74="","",[1]!thsiFinD("ths_adjustment_nv_fund",Y$3,$A74))
B75: =IF($A75="","",[1]!thsiFinD("ths_adjustment_nv_fund",B$3,$A75)) | C75: =IF($A75="","",[1]!thsiFinD("ths_adjustment_nv_fund",C$3,$A75)) | D75: =IF($A75="","",[1]!thsiFinD("ths_adjustment_nv_fund",D$3,$A75)) | E75: =IF($A75="","",[1]!thsiFinD("ths_adjustment_nv_fund",E$3,$A75)) | F75: =IF($A75="","",[1]!thsiFinD("ths_adjustment_nv_fund",F$3,$A75)) | G75: =IF($A75="","",[1]!thsiFinD("ths_adjustment_nv_fund",G$3,$A75)) | H75: =IF($A75="","",[1]!thsiFinD("ths_adjustment_nv_fund",H$3,$A75)) | I75: =IF($A75="","",[1]!thsiFinD("ths_adjustment_nv_fund",I$3,$A75)) | ... Y75: =IF($A75="","",[1]!thsiFinD("ths_adjustment_nv_fund",Y$3,$A75))
B76: =IF($A76="","",[1]!thsiFinD("ths_adjustment_nv_fund",B$3,$A76)) | C76: =IF($A76="","",[1]!thsiFinD("ths_adjustment_nv_fund",C$3,$A76)) | D76: =IF($A76="","",[1]!thsiFinD("ths_adjustment_nv_fund",D$3,$A76)) | E76: =IF($A76="","",[1]!thsiFinD("ths_adjustment_nv_fund",E$3,$A76)) | F76: =IF($A76="","",[1]!thsiFinD("ths_adjustment_nv_fund",F$3,$A76)) | G76: =IF($A76="","",[1]!thsiFinD("ths_adjustment_nv_fund",G$3,$A76)) | H76: =IF($A76="","",[1]!thsiFinD("ths_adjustment_nv_fund",H$3,$A76)) | I76: =IF($A76="","",[1]!thsiFinD("ths_adjustment_nv_fund",I$3,$A76)) | ... Y76: =IF($A76="","",[1]!thsiFinD("ths_adjustment_nv_fund",Y$3,$A76))
B77: =IF($A77="","",[1]!thsiFinD("ths_adjustment_nv_fund",B$3,$A77)) | C77: =IF($A77="","",[1]!thsiFinD("ths_adjustment_nv_fund",C$3,$A77)) | D77: =IF($A77="","",[1]!thsiFinD("ths_adjustment_nv_fund",D$3,$A77)) | E77: =IF($A77="","",[1]!thsiFinD("ths_adjustment_nv_fund",E$3,$A77)) | F77: =IF($A77="","",[1]!thsiFinD("ths_adjustment_nv_fund",F$3,$A77)) | G77: =IF($A77="","",[1]!thsiFinD("ths_adjustment_nv_fund",G$3,$A77)) | H77: =IF($A77="","",[1]!thsiFinD("ths_adjustment_nv_fund",H$3,$A77)) | I77: =IF($A77="","",[1]!thsiFinD("ths_adjustment_nv_fund",I$3,$A77)) | ... Y77: =IF($A77="","",[1]!thsiFinD("ths_adjustment_nv_fund",Y$3,$A77))
B78: =IF($A78="","",[1]!thsiFinD("ths_adjustment_nv_fund",B$3,$A78)) | C78: =IF($A78="","",[1]!thsiFinD("ths_adjustment_nv_fund",C$3,$A78)) | D78: =IF($A78="","",[1]!thsiFinD("ths_adjustment_nv_fund",D$3,$A78)) | E78: =IF($A78="","",[1]!thsiFinD("ths_adjustment_nv_fund",E$3,$A78)) | F78: =IF($A78="","",[1]!thsiFinD("ths_adjustment_nv_fund",F$3,$A78)) | G78: =IF($A78="","",[1]!thsiFinD("ths_adjustment_nv_fund",G$3,$A78)) | H78: =IF($A78="","",[1]!thsiFinD("ths_adjustment_nv_fund",H$3,$A78)) | I78: =IF($A78="","",[1]!thsiFinD("ths_adjustment_nv_fund",I$3,$A78)) | ... Y78: =IF($A78="","",[1]!thsiFinD("ths_adjustment_nv_fund",Y$3,$A78))
B79: =IF($A79="","",[1]!thsiFinD("ths_adjustment_nv_fund",B$3,$A79)) | C79: =IF($A79="","",[1]!thsiFinD("ths_adjustment_nv_fund",C$3,$A79)) | D79: =IF($A79="","",[1]!thsiFinD("ths_adjustment_nv_fund",D$3,$A79)) | E79: =IF($A79="","",[1]!thsiFinD("ths_adjustment_nv_fund",E$3,$A79)) | F79: =IF($A79="","",[1]!thsiFinD("ths_adjustment_nv_fund",F$3,$A79)) | G79: =IF($A79="","",[1]!thsiFinD("ths_adjustment_nv_fund",G$3,$A79)) | H79: =IF($A79="","",[1]!thsiFinD("ths_adjustment_nv_fund",H$3,$A79)) | I79: =IF($A79="","",[1]!thsiFinD("ths_adjustment_nv_fund",I$3,$A79)) | ... Y79: =IF($A79="","",[1]!thsiFinD("ths_adjustment_nv_fund",Y$3,$A79))
B80: =IF($A80="","",[1]!thsiFinD("ths_adjustment_nv_fund",B$3,$A80)) | C80: =IF($A80="","",[1]!thsiFinD("ths_adjustment_nv_fund",C$3,$A80)) | D80: =IF($A80="","",[1]!thsiFinD("ths_adjustment_nv_fund",D$3,$A80)) | E80: =IF($A80="","",[1]!thsiFinD("ths_adjustment_nv_fund",E$3,$A80)) | F80: =IF($A80="","",[1]!thsiFinD("ths_adjustment_nv_fund",F$3,$A80)) | G80: =IF($A80="","",[1]!thsiFinD("ths_adjustment_nv_fund",G$3,$A80)) | H80: =IF($A80="","",[1]!thsiFinD("ths_adjustment_nv_fund",H$3,$A80)) | I80: =IF($A80="","",[1]!thsiFinD("ths_adjustment_nv_fund",I$3,$A80)) | ... Y80: =IF($A80="","",[1]!thsiFinD("ths_adjustment_nv_fund",Y$3,$A80))
... B133: =IF($A133="","",[1]!thsiFinD("ths_adjustment_nv_fund",B$3,$A133)) | C133: =IF($A133="","",[1]!thsiFinD("ths_adjustment_nv_fund",C$3,$A133)) | D133: =IF($A133="","",[1]!thsiFinD("ths_adjustment_nv_fund",D$3,$A133)) | E133: =IF($A133="","",[1]!thsiFinD("ths_adjustment_nv_fund",E$3,$A133)) | F133: =IF($A133="","",[1]!thsiFinD("ths_adjustment_nv_fund",F$3,$A133)) | G133: =IF($A133="","",[1]!thsiFinD("ths_adjustment_nv_fund",G$3,$A133)) | H133: =IF($A133="","",[1]!thsiFinD("ths_adjustment_nv_fund",H$3,$A133)) | I133: =IF($A133="","",[1]!thsiFinD("ths_adjustment_nv_fund",I$3,$A133)) | ... Y133: =IF($A133="","",[1]!thsiFinD("ths_adjustment_nv_fund",Y$3,$A133))

Sheet 实盘组合净值
A1: 组合净值
B3: 组合 产业趋势 | E3: 组合 产业趋势基石 | H3: 组合 产业趋势2号 | K3: 组合 10-90 | N3: 组合 10-90基石 | Q3: 组合 30-70
A4: 日期 | B4: 净值 | C4: 日收益 | D4: 回撤 | E4: 净值 | F4: 日收益 | G4: 回撤 | H4: 净值 | I4: 日收益 | J4: 回撤 | K4: 净值 | L4: 日收益 | M4: 回撤 | N4: 净值 | O4: 日收益 | P4: 回撤 | Q4: 净值 | R4: 日收益 | S4: 回撤
A5: =IF('实盘净值数据(iFinD公式)'!A5="","",'实盘净值数据(iFinD公式)'!A5) -> 46191 | B5: =IF(OR((ROW()-1)<6,'实盘净值数据(iFinD公式)'!$A5="",'实盘净值数据(iFinD公式)'!$B5=""),"",SUMPRODUCT(实盘持仓初始配置!$B$4:$X$4,'实盘净值数据(iFinD公式)'!$B5:$X5/'实盘净值数据(iFinD公式)'!$B$6:$X$6)*(1-实盘持仓初始配置!$Z$4)^(('实盘净值数据(iFinD公式)'!$A5-'实盘净值数据(iFinD公式)'!$A$6)/365)) | D5: =IF(B5="","",B5/MAX(B$5:B5)-1) | E5: 1 | G5: =IF(E5="","",E5/MAX(E$5:E5)-1) -> 0 | H5: =IF(OR((ROW()-1)<7,'实盘净值数据(iFinD公式)'!$A5="",'实盘净值数据(iFinD公式)'!$B5=""),"",SUMPRODUCT(实盘持仓初始配置!$B$6:$X$6,'实盘净值数据(iFinD公式)'!$B5:$X5/'实盘净值数据(iFinD公式)'!$B$7:$X$7)*(1-实盘持仓初始配置!$Z$6)^(('实盘净值数据(iFinD公式)'!$A5-'实盘净值数据(iFinD公式)'!$A$7)/365)) | J5: =IF(H5="","",H5/MAX(H$5:H5)-1) | K5: =IF(OR((ROW()-1)<8,'实盘净值数据(iFinD公式)'!$A5="",'实盘净值数据(iFinD公式)'!$B5=""),"",SUMPRODUCT(实盘持仓初始配置!$B$7:$X$7,'实盘净值数据(iFinD公式)'!$B5:$X5/'实盘净值数据(iFinD公式)'!$B$8:$X$8)*(1-实盘持仓初始配置!$Z$7)^(('实盘净值数据(iFinD公式)'!$A5-'实盘净值数据(iFinD公式)'!$A$8)/365)) | M5: =IF(K5="","",K5/MAX(K$5:K5)-1) | N5: 1 | P5: =IF(N5="","",N5/MAX(N$5:N5)-1) -> 0 | Q5: =IF(OR((ROW()-1)<8,'实盘净值数据(iFinD公式)'!$A5="",'实盘净值数据(iFinD公式)'!$B5=""),"",SUMPRODUCT(实盘持仓初始配置!$B$9:$X$9,'实盘净值数据(iFinD公式)'!$B5:$X5/'实盘净值数据(iFinD公式)'!$B$8:$X$8)*(1-实盘持仓初始配置!$Z$9)^(('实盘净值数据(iFinD公式)'!$A5-'实盘净值数据(iFinD公式)'!$A$8)/365)) | S5: =IF(Q5="","",Q5/MAX(Q$5:Q5)-1)
A6: =IF('实盘净值数据(iFinD公式)'!A6="","",'实盘净值数据(iFinD公式)'!A6) -> 46195 | B6: 1 | C6: =IF(OR(B5="",'实盘净值数据(iFinD公式)'!$A6="",'实盘净值数据(iFinD公式)'!$B6=""),"",(SUMPRODUCT(实盘持仓初始配置!$B$4:$X$4,'实盘净值数据(iFinD公式)'!$B5:$X5/'实盘净值数据(iFinD公式)'!$B$6:$X$6,'实盘净值数据(iFinD公式)'!$B6:$X6/'实盘净值数据(iFinD公式)'!$B5:$X5)/SUMPRODUCT(实盘持仓初始配置!$B$4:$X$4,'实盘净值数据(iFinD公式)'!$B5:$X5/'实盘净值数据(iFinD公式)'!$B$6:$X$6))*(1-实盘持仓初始配置!$Z$4)^(('实盘净值数据(iFinD公式)'!$A6-'实盘净值数据(iFinD公式)'!$A5)/365)-1) | D6: =IF(B6="","",B6/MAX(B$5:B6)-1) -> 0 | E6: =IF(OR((ROW()-1)<5,'实盘净值数据(iFinD公式)'!$A6="",'实盘净值数据(iFinD公式)'!$B6=""),"",SUMPRODUCT(实盘持仓初始配置!$B$5:$X$5,'实盘净值数据(iFinD公式)'!$B6:$X6/'实盘净值数据(iFinD公式)'!$B$5:$X$5)*(1-实盘持仓初始配置!$Z$5)^(('实盘净值数据(iFinD公式)'!$A6-'实盘净值数据(iFinD公式)'!$A$5)/365)) -> 1.0234375 | F6: =IF(OR(E5="",'实盘净值数据(iFinD公式)'!$A6="",'实盘净值数据(iFinD公式)'!$B6=""),"",(SUMPRODUCT(实盘持仓初始配置!$B$5:$X$5,'实盘净值数据(iFinD公式)'!$B5:$X5/'实盘净值数据(iFinD公式)'!$B$5:$X$5,'实盘净值数据(iFinD公式)'!$B6:$X6/'实盘净值数据(iFinD公式)'!$B5:$X5)/SUMPRODUCT(实盘持仓初始配置!$B$5:$X$5,'实盘净值数据(iFinD公式)'!$B5:$X5/'实盘净值数据(iFinD公式)'!$B$5:$X$5))*(1-实盘持仓初始配置!$Z$5)^(('实盘净值数据(iFinD公式)'!$A6-'实盘净值数据(iFinD公式)'!$A5)/365)-1) -> 0.023437473 | G6: =IF(E6="","",E6/MAX(E$5:E6)-1) -> 0 | H6: =IF(OR((ROW()-1)<7,'实盘净值数据(iFinD公式)'!$A6="",'实盘净值数据(iFinD公式)'!$B6=""),"",SUMPRODUCT(实盘持仓初始配置!$B$6:$X$6,'实盘净值数据(iFinD公式)'!$B6:$X6/'实盘净值数据(iFinD公式)'!$B$7:$X$7)*(1-实盘持仓初始配置!$Z$6)^(('实盘净值数据(iFinD公式)'!$A6-'实盘净值数据(iFinD公式)'!$A$7)/365)) | I6: =IF(OR(H5="",'实盘净值数据(iFinD公式)'!$A6="",'实盘净值数据(iFinD公式)'!$B6=""),"",(SUMPRODUCT(实盘持仓初始配置!$B$6:$X$6,'实盘净值数据(iFinD公式)'!$B5:$X5/'实盘净值数据(iFinD公式)'!$B$7:$X$7,'实盘净值数据(iFinD公式)'!$B6:$X6/'实盘净值数据(iFinD公式)'!$B5:$X5)/SUMPRODUCT(实盘持仓初始配置!$B$6:$X$6,'实盘净值数据(iFinD公式)'!$B5:$X5/'实盘净值数据(iFinD公式)'!$B$7:$X$7))*(1-实盘持仓初始配置!$Z$6)^(('实盘净值数据(iFinD公式)'!$A6-'实盘净值数据(iFinD公式)'!$A5)/365)-1) | J6: =IF(H6="","",H6/MAX(H$5:H6)-1) | K6: =IF(OR((ROW()-1)<8,'实盘净值数据(iFinD公式)'!$A6="",'实盘净值数据(iFinD公式)'!$B6=""),"",SUMPRODUCT(实盘持仓初始配置!$B$7:$X$7,'实盘净值数据(iFinD公式)'!$B6:$X6/'实盘净值数据(iFinD公式)'!$B$8:$X$8)*(1-实盘持仓初始配置!$Z$7)^(('实盘净值数据(iFinD公式)'!$A6-'实盘净值数据(iFinD公式)'!$A$8)/365)) | L6: =IF(OR(K5="",'实盘净值数据(iFinD公式)'!$A6="",'实盘净值数据(iFinD公式)'!$B6=""),"",(SUMPRODUCT(实盘持仓初始配置!$B$7:$X$7,'实盘净值数据(iFinD公式)'!$B5:$X5/'实盘净值数据(iFinD公式)'!$B$8:$X$8,'实盘净值数据(iFinD公式)'!$B6:$X6/'实盘净值数据(iFinD公式)'!$B5:$X5)/SUMPRODUCT(实盘持仓初始配置!$B$7:$X$7,'实盘净值数据(iFinD公式)'!$B5:$X5/'实盘净值数据(iFinD公式)'!$B$8:$X$8))*(1-实盘持仓初始配置!$Z$7)^(('实盘净值数据(iFinD公式)'!$A6-'实盘净值数据(iFinD公式)'!$A5)/365)-1) | M6: =IF(K6="","",K6/MAX(K$5:K6)-1) | N6: =IF(OR((ROW()-1)<5,'实盘净值数据(iFinD公式)'!$A6="",'实盘净值数据(iFinD公式)'!$B6=""),"",SUMPRODUCT(实盘持仓初始配置!$B$8:$X$8,'实盘净值数据(iFinD公式)'!$B6:$X6/'实盘净值数据(iFinD公式)'!$B$5:$X$5)*(1-实盘持仓初始配置!$Z$8)^(('实盘净值数据(iFinD公式)'!$A6-'实盘净值数据(iFinD公式)'!$A$5)/365)) -> 1.0008955 | O6: =IF(OR(N5="",'实盘净值数据(iFinD公式)'!$A6="",'实盘净值数据(iFinD公式)'!$B6=""),"",(SUMPRODUCT(实盘持仓初始配置!$B$8:$X$8,'实盘净值数据(iFinD公式)'!$B5:$X5/'实盘净值数据(iFinD公式)'!$B$5:$X$5,'实盘净值数据(iFinD公式)'!$B6:$X6/'实盘净值数据(iFinD公式)'!$B5:$X5)/SUMPRODUCT(实盘持仓初始配置!$B$8:$X$8,'实盘净值数据(iFinD公式)'!$B5:$X5/'实盘净值数据(iFinD公式)'!$B$5:$X$5))*(1-实盘持仓初始配置!$Z$8)^(('实盘净值数据(iFinD公式)'!$A6-'实盘净值数据(iFinD公式)'!$A5)/365)-1) -> 0.00089553164 | P6: =IF(N6="","",N6/MAX(N$5:N6)-1) -> 0 | Q6: =IF(OR((ROW()-1)<8,'实盘净值数据(iFinD公式)'!$A6="",'实盘净值数据(iFinD公式)'!$B6=""),"",SUMPRODUCT(实盘持仓初始配置!$B$9:$X$9,'实盘净值数据(iFinD公式)'!$B6:$X6/'实盘净值数据(iFinD公式)'!$B$8:$X$8)*(1-实盘持仓初始配置!$Z$9)^(('实盘净值数据(iFinD公式)'!$A6-'实盘净值数据(iFinD公式)'!$A$8)/365)) | R6: =IF(OR(Q5="",'实盘净值数据(iFinD公式)'!$A6="",'实盘净值数据(iFinD公式)'!$B6=""),"",(SUMPRODUCT(实盘持仓初始配置!$B$9:$X$9,'实盘净值数据(iFinD公式)'!$B5:$X5/'实盘净值数据(iFinD公式)'!$B$8:$X$8,'实盘净值数据(iFinD公式)'!$B6:$X6/'实盘净值数据(iFinD公式)'!$B5:$X5)/SUMPRODUCT(实盘持仓初始配置!$B$9:$X$9,'实盘净值数据(iFinD公式)'!$B5:$X5/'实盘净值数据(iFinD公式)'!$B$8:$X$8))*(1-实盘持仓初始配置!$Z$9)^(('实盘净值数据(iFinD公式)'!$A6-'实盘净值数据(iFinD公式)'!$A5)/365)-1) | S6: =IF(Q6="","",Q6/MAX(Q$5:Q6)-1)
A7: =IF('实盘净值数据(iFinD公式)'!A7="","",'实盘净值数据(iFinD公式)'!A7) -> 46196 | B7: =IF(OR((ROW()-1)<6,'实盘净值数据(iFinD公式)'!$A7="",'实盘净值数据(iFinD公式)'!$B7=""),"",SUMPRODUCT(实盘持仓初始配置!$B$4:$X$4,'实盘净值数据(iFinD公式)'!$B7:$X7/'实盘净值数据(iFinD公式)'!$B$6:$X$6)*(1-实盘持仓初始配置!$Z$4)^(('实盘净值数据(iFinD公式)'!$A7-'实盘净值数据(iFinD公式)'!$A$6)/365)) -> 0.98042319 | C7: =IF(OR(B6="",'实盘净值数据(iFinD公式)'!$A7="",'实盘净值数据(iFinD公式)'!$B7=""),"",(SUMPRODUCT(实盘持仓初始配置!$B$4:$X$4,'实盘净值数据(iFinD公式)'!$B6:$X6/'实盘净值数据(iFinD公式)'!$B$6:$X$6,'实盘净值数据(iFinD公式)'!$B7:$X7/'实盘净值数据(iFinD公式)'!$B6:$X6)/SUMPRODUCT(实盘持仓初始配置!$B$4:$X$4,'实盘净值数据(iFinD公式)'!$B6:$X6/'实盘净值数据(iFinD公式)'!$B$6:$X$6))*(1-实盘持仓初始配置!$Z$4)^(('实盘净值数据(iFinD公式)'!$A7-'实盘净值数据(iFinD公式)'!$A6)/365)-1) -> -0.019576812 | D7: =IF(B7="","",B7/MAX(B$5:B7)-1) -> -0.019576812 | E7: =IF(OR((ROW()-1)<5,'实盘净值数据(iFinD公式)'!$A7="",'实盘净值数据(iFinD公式)'!$B7=""),"",SUMPRODUCT(实盘持仓初始配置!$B$5:$X$5,'实盘净值数据(iFinD公式)'!$B7:$X7/'实盘净值数据(iFinD公式)'!$B$5:$X$5)*(1-实盘持仓初始配置!$Z$5)^(('实盘净值数据(iFinD公式)'!$A7-'实盘净值数据(iFinD公式)'!$A$5)/365)) -> 1.0033379 | F7: =IF(OR(E6="",'实盘净值数据(iFinD公式)'!$A7="",'实盘净值数据(iFinD公式)'!$B7=""),"",(SUMPRODUCT(实盘持仓初始配置!$B$5:$X$5,'实盘净值数据(iFinD公式)'!$B6:$X6/'实盘净值数据(iFinD公式)'!$B$5:$X$5,'实盘净值数据(iFinD公式)'!$B7:$X7/'实盘净值数据(iFinD公式)'!$B6:$X6)/SUMPRODUCT(实盘持仓初始配置!$B$5:$X$5,'实盘净值数据(iFinD公式)'!$B6:$X6/'实盘净值数据(iFinD公式)'!$B$5:$X$5))*(1-实盘持仓初始配置!$Z$5)^(('实盘净值数据(iFinD公式)'!$A7-'实盘净值数据(iFinD公式)'!$A6)/365)-1) -> -0.019639287 | G7: =IF(E7="","",E7/MAX(E$5:E7)-1) -> -0.019639287 | H7: 1 | I7: =IF(OR(H6="",'实盘净值数据(iFinD公式)'!$A7="",'实盘净值数据(iFinD公式)'!$B7=""),"",(SUMPRODUCT(实盘持仓初始配置!$B$6:$X$6,'实盘净值数据(iFinD公式)'!$B6:$X6/'实盘净值数据(iFinD公式)'!$B$7:$X$7,'实盘净值数据(iFinD公式)'!$B7:$X7/'实盘净值数据(iFinD公式)'!$B6:$X6)/SUMPRODUCT(实盘持仓初始配置!$B$6:$X$6,'实盘净值数据(iFinD公式)'!$B6:$X6/'实盘净值数据(iFinD公式)'!$B$7:$X$7))*(1-实盘持仓初始配置!$Z$6)^(('实盘净值数据(iFinD公式)'!$A7-'实盘净值数据(iFinD公式)'!$A6)/365)-1) | J7: =IF(H7="","",H7/MAX(H$5:H7)-1) -> 0 | K7: =IF(OR((ROW()-1)<8,'实盘净值数据(iFinD公式)'!$A7="",'实盘净值数据(iFinD公式)'!$B7=""),"",SUMPRODUCT(实盘持仓初始配置!$B$7:$X$7,'实盘净值数据(iFinD公式)'!$B7:$X7/'实盘净值数据(iFinD公式)'!$B$8:$X$8)*(1-实盘持仓初始配置!$Z$7)^(('实盘净值数据(iFinD公式)'!$A7-'实盘净值数据(iFinD公式)'!$A$8)/365)) | L7: =IF(OR(K6="",'实盘净值数据(iFinD公式)'!$A7="",'实盘净值数据(iFinD公式)'!$B7=""),"",(SUMPRODUCT(实盘持仓初始配置!$B$7:$X$7,'实盘净值数据(iFinD公式)'!$B6:$X6/'实盘净值数据(iFinD公式)'!$B$8:$X$8,'实盘净值数据(iFinD公式)'!$B7:$X7/'实盘净值数据(iFinD公式)'!$B6:$X6)/SUMPRODUCT(实盘持仓初始配置!$B$7:$X$7,'实盘净值数据(iFinD公式)'!$B6:$X6/'实盘净值数据(iFinD公式)'!$B$8:$X$8))*(1-实盘持仓初始配置!$Z$7)^(('实盘净值数据(iFinD公式)'!$A7-'实盘净值数据(iFinD公式)'!$A6)/365)-1) | M7: =IF(K7="","",K7/MAX(K$5:K7)-1) | N7: =IF(OR((ROW()-1)<5,'实盘净值数据(iFinD公式)'!$A7="",'实盘净值数据(iFinD公式)'!$B7=""),"",SUMPRODUCT(实盘持仓初始配置!$B$8:$X$8,'实盘净值数据(iFinD公式)'!$B7:$X7/'实盘净值数据(iFinD公式)'!$B$5:$X$5)*(1-实盘持仓初始配置!$Z$8)^(('实盘净值数据(iFinD公式)'!$A7-'实盘净值数据(iFinD公式)'!$A$5)/365)) -> 0.99782264 | O7: =IF(OR(N6="",'实盘净值数据(iFinD公式)'!$A7="",'实盘净值数据(iFinD公式)'!$B7=""),"",(SUMPRODUCT(实盘持仓初始配置!$B$8:$X$8,'实盘净值数据(iFinD公式)'!$B6:$X6/'实盘净值数据(iFinD公式)'!$B$5:$X$5,'实盘净值数据(iFinD公式)'!$B7:$X7/'实盘净值数据(iFinD公式)'!$B6:$X6)/SUMPRODUCT(实盘持仓初始配置!$B$8:$X$8,'实盘净值数据(iFinD公式)'!$B6:$X6/'实盘净值数据(iFinD公式)'!$B$5:$X$5))*(1-实盘持仓初始配置!$Z$8)^(('实盘净值数据(iFinD公式)'!$A7-'实盘净值数据(iFinD公式)'!$A6)/365)-1) -> -0.0030701438 | P7: =IF(N7="","",N7/MAX(N$5:N7)-1) -> -0.0030701438 | Q7: =IF(OR((ROW()-1)<8,'实盘净值数据(iFinD公式)'!$A7="",'实盘净值数据(iFinD公式)'!$B7=""),"",SUMPRODUCT(实盘持仓初始配置!$B$9:$X$9,'实盘净值数据(iFinD公式)'!$B7:$X7/'实盘净值数据(iFinD公式)'!$B$8:$X$8)*(1-实盘持仓初始配置!$Z$9)^(('实盘净值数据(iFinD公式)'!$A7-'实盘净值数据(iFinD公式)'!$A$8)/365)) | R7: =IF(OR(Q6="",'实盘净值数据(iFinD公式)'!$A7="",'实盘净值数据(iFinD公式)'!$B7=""),"",(SUMPRODUCT(实盘持仓初始配置!$B$9:$X$9,'实盘净值数据(iFinD公式)'!$B6:$X6/'实盘净值数据(iFinD公式)'!$B$8:$X$8,'实盘净值数据(iFinD公式)'!$B7:$X7/'实盘净值数据(iFinD公式)'!$B6:$X6)/SUMPRODUCT(实盘持仓初始配置!$B$9:$X$9,'实盘净值数据(iFinD公式)'!$B6:$X6/'实盘净值数据(iFinD公式)'!$B$8:$X$8))*(1-实盘持仓初始配置!$Z$9)^(('实盘净值数据(iFinD公式)'!$A7-'实盘净值数据(iFinD公式)'!$A6)/365)-1) | S7: =IF(Q7="","",Q7/MAX(Q$5:Q7)-1)
A8: =IF('实盘净值数据(iFinD公式)'!A8="","",'实盘净值数据(iFinD公式)'!A8) -> 46197 | B8: =IF(OR((ROW()-1)<6,'实盘净值数据(iFinD公式)'!$A8="",'实盘净值数据(iFinD公式)'!$B8=""),"",SUMPRODUCT(实盘持仓初始配置!$B$4:$X$4,'实盘净值数据(iFinD公式)'!$B8:$X8/'实盘净值数据(iFinD公式)'!$B$6:$X$6)*(1-实盘持仓初始配置!$Z$4)^(('实盘净值数据(iFinD公式)'!$A8-'实盘净值数据(iFinD公式)'!$A$6)/365)) -> 1.0160197 | C8: =IF(OR(B7="",'实盘净值数据(iFinD公式)'!$A8="",'实盘净值数据(iFinD公式)'!$B8=""),"",(SUMPRODUCT(实盘持仓初始配置!$B$4:$X$4,'实盘净值数据(iFinD公式)'!$B7:$X7/'实盘净值数据(iFinD公式)'!$B$6:$X$6,'实盘净值数据(iFinD公式)'!$B8:$X8/'实盘净值数据(iFinD公式)'!$B7:$X7)/SUMPRODUCT(实盘持仓初始配置!$B$4:$X$4,'实盘净值数据(iFinD公式)'!$B7:$X7/'实盘净值数据(iFinD公式)'!$B$6:$X$6))*(1-实盘持仓初始配置!$Z$4)^(('实盘净值数据(iFinD公式)'!$A8-'实盘净值数据(iFinD公式)'!$A7)/365)-1) -> 0.036307314 | D8: =IF(B8="","",B8/MAX(B$5:B8)-1) -> 0 | E8: =IF(OR((ROW()-1)<5,'实盘净值数据(iFinD公式)'!$A8="",'实盘净值数据(iFinD公式)'!$B8=""),"",SUMPRODUCT(实盘持仓初始配置!$B$5:$X$5,'实盘净值数据(iFinD公式)'!$B8:$X8/'实盘净值数据(iFinD公式)'!$B$5:$X$5)*(1-实盘持仓初始配置!$Z$5)^(('实盘净值数据(iFinD公式)'!$A8-'实盘净值数据(iFinD公式)'!$A$5)/365)) -> 1.0397127 | F8: =IF(OR(E7="",'实盘净值数据(iFinD公式)'!$A8="",'实盘净值数据(iFinD公式)'!$B8=""),"",(SUMPRODUCT(实盘持仓初始配置!$B$5:$X$5,'实盘净值数据(iFinD公式)'!$B7:$X7/'实盘净值数据(iFinD公式)'!$B$5:$X$5,'实盘净值数据(iFinD公式)'!$B8:$X8/'实盘净值数据(iFinD公式)'!$B7:$X7)/SUMPRODUCT(实盘持仓初始配置!$B$5:$X$5,'实盘净值数据(iFinD公式)'!$B7:$X7/'实盘净值数据(iFinD公式)'!$B$5:$X$5))*(1-实盘持仓初始配置!$Z$5)^(('实盘净值数据(iFinD公式)'!$A8-'实盘净值数据(iFinD公式)'!$A7)/365)-1) -> 0.036253775 | G8: =IF(E8="","",E8/MAX(E$5:E8)-1) -> 0 | H8: =IF(OR((ROW()-1)<7,'实盘净值数据(iFinD公式)'!$A8="",'实盘净值数据(iFinD公式)'!$B8=""),"",SUMPRODUCT(实盘持仓初始配置!$B$6:$X$6,'实盘净值数据(iFinD公式)'!$B8:$X8/'实盘净值数据(iFinD公式)'!$B$7:$X$7)*(1-实盘持仓初始配置!$Z$6)^(('实盘净值数据(iFinD公式)'!$A8-'实盘净值数据(iFinD公式)'!$A$7)/365)) -> 1.039203 | I8: =IF(OR(H7="",'实盘净值数据(iFinD公式)'!$A8="",'实盘净值数据(iFinD公式)'!$B8=""),"",(SUMPRODUCT(实盘持仓初始配置!$B$6:$X$6,'实盘净值数据(iFinD公式)'!$B7:$X7/'实盘净值数据(iFinD公式)'!$B$7:$X$7,'实盘净值数据(iFinD公式)'!$B8:$X8/'实盘净值数据(iFinD公式)'!$B7:$X7)/SUMPRODUCT(实盘持仓初始配置!$B$6:$X$6,'实盘净值数据(iFinD公式)'!$B7:$X7/'实盘净值数据(iFinD公式)'!$B$7:$X$7))*(1-实盘持仓初始配置!$Z$6)^(('实盘净值数据(iFinD公式)'!$A8-'实盘净值数据(iFinD公式)'!$A7)/365)-1) -> 0.039202963 | J8: =IF(H8="","",H8/MAX(H$5:H8)-1) -> 0 | K8: 1 | L8: =IF(OR(K7="",'实盘净值数据(iFinD公式)'!$A8="",'实盘净值数据(iFinD公式)'!$B8=""),"",(SUMPRODUCT(实盘持仓初始配置!$B$7:$X$7,'实盘净值数据(iFinD公式)'!$B7:$X7/'实盘净值数据(iFinD公式)'!$B$8:$X$8,'实盘净值数据(iFinD公式)'!$B8:$X8/'实盘净值数据(iFinD公式)'!$B7:$X7)/SUMPRODUCT(实盘持仓初始配置!$B$7:$X$7,'实盘净值数据(iFinD公式)'!$B7:$X7/'实盘净值数据(iFinD公式)'!$B$8:$X$8))*(1-实盘持仓初始配置!$Z$7)^(('实盘净值数据(iFinD公式)'!$A8-'实盘净值数据(iFinD公式)'!$A7)/365)-1) | M8: =IF(K8="","",K8/MAX(K$5:K8)-1) -> 0 | N8: =IF(OR((ROW()-1)<5,'实盘净值数据(iFinD公式)'!$A8="",'实盘净值数据(iFinD公式)'!$B8=""),"",SUMPRODUCT(实盘持仓初始配置!$B$8:$X$8,'实盘净值数据(iFinD公式)'!$B8:$X8/'实盘净值数据(iFinD公式)'!$B$5:$X$5)*(1-实盘持仓初始配置!$Z$8)^(('实盘净值数据(iFinD公式)'!$A8-'实盘净值数据(iFinD公式)'!$A$5)/365)) -> 0.99977057 | O8: =IF(OR(N7="",'实盘净值数据(iFinD公式)'!$A8="",'实盘净值数据(iFinD公式)'!$B8=""),"",(SUMPRODUCT(实盘持仓初始配置!$B$8:$X$8,'实盘净值数据(iFinD公式)'!$B7:$X7/'实盘净值数据(iFinD公式)'!$B$5:$X$5,'实盘净值数据(iFinD公式)'!$B8:$X8/'实盘净值数据(iFinD公式)'!$B7:$X7)/SUMPRODUCT(实盘持仓初始配置!$B$8:$X$8,'实盘净值数据(iFinD公式)'!$B7:$X7/'实盘净值数据(iFinD公式)'!$B$5:$X$5))*(1-实盘持仓初始配置!$Z$8)^(('实盘净值数据(iFinD公式)'!$A8-'实盘净值数据(iFinD公式)'!$A7)/365)-1) -> 0.001952181 | P8: =IF(N8="","",N8/MAX(N$5:N8)-1) -> -0.0011239563 | Q8: 1 | R8: =IF(OR(Q7="",'实盘净值数据(iFinD公式)'!$A8="",'实盘净值数据(iFinD公式)'!$B8=""),"",(SUMPRODUCT(实盘持仓初始配置!$B$9:$X$9,'实盘净值数据(iFinD公式)'!$B7:$X7/'实盘净值数据(iFinD公式)'!$B$8:$X$8,'实盘净值数据(iFinD公式)'!$B8:$X8/'实盘净值数据(iFinD公式)'!$B7:$X7)/SUMPRODUCT(实盘持仓初始配置!$B$9:$X$9,'实盘净值数据(iFinD公式)'!$B7:$X7/'实盘净值数据(iFinD公式)'!$B$8:$X$8))*(1-实盘持仓初始配置!$Z$9)^(('实盘净值数据(iFinD公式)'!$A8-'实盘净值数据(iFinD公式)'!$A7)/365)-1) | S8: =IF(Q8="","",Q8/MAX(Q$5:Q8)-1) -> 0
A9: =IF('实盘净值数据(iFinD公式)'!A9="","",'实盘净值数据(iFinD公式)'!A9) -> 46198 | B9: =IF(OR((ROW()-1)<6,'实盘净值数据(iFinD公式)'!$A9="",'实盘净值数据(iFinD公式)'!$B9=""),"",SUMPRODUCT(实盘持仓初始配置!$B$4:$X$4,'实盘净值数据(iFinD公式)'!$B9:$X9/'实盘净值数据(iFinD公式)'!$B$6:$X$6)*(1-实盘持仓初始配置!$Z$4)^(('实盘净值数据(iFinD公式)'!$A9-'实盘净值数据(iFinD公式)'!$A$6)/365)) -> 1.0494432 | C9: =IF(OR(B8="",'实盘净值数据(iFinD公式)'!$A9="",'实盘净值数据(iFinD公式)'!$B9=""),"",(SUMPRODUCT(实盘持仓初始配置!$B$4:$X$4,'实盘净值数据(iFinD公式)'!$B8:$X8/'实盘净值数据(iFinD公式)'!$B$6:$X$6,'实盘净值数据(iFinD公式)'!$B9:$X9/'实盘净值数据(iFinD公式)'!$B8:$X8)/SUMPRODUCT(实盘持仓初始配置!$B$4:$X$4,'实盘净值数据(iFinD公式)'!$B8:$X8/'实盘净值数据(iFinD公式)'!$B$6:$X$6))*(1-实盘持仓初始配置!$Z$4)^(('实盘净值数据(iFinD公式)'!$A9-'实盘净值数据(iFinD公式)'!$A8)/365)-1) -> 0.032896442 | D9: =IF(B9="","",B9/MAX(B$5:B9)-1) -> 0 | E9: =IF(OR((ROW()-1)<5,'实盘净值数据(iFinD公式)'!$A9="",'实盘净值数据(iFinD公式)'!$B9=""),"",SUMPRODUCT(实盘持仓初始配置!$B$5:$X$5,'实盘净值数据(iFinD公式)'!$B9:$X9/'实盘净值数据(iFinD公式)'!$B$5:$X$5)*(1-实盘持仓初始配置!$Z$5)^(('实盘净值数据(iFinD公式)'!$A9-'实盘净值数据(iFinD公式)'!$A$5)/365)) -> 1.0739445 | F9: =IF(OR(E8="",'实盘净值数据(iFinD公式)'!$A9="",'实盘净值数据(iFinD公式)'!$B9=""),"",(SUMPRODUCT(实盘持仓初始配置!$B$5:$X$5,'实盘净值数据(iFinD公式)'!$B8:$X8/'实盘净值数据(iFinD公式)'!$B$5:$X$5,'实盘净值数据(iFinD公式)'!$B9:$X9/'实盘净值数据(iFinD公式)'!$B8:$X8)/SUMPRODUCT(实盘持仓初始配置!$B$5:$X$5,'实盘净值数据(iFinD公式)'!$B8:$X8/'实盘净值数据(iFinD公式)'!$B$5:$X$5))*(1-实盘持仓初始配置!$Z$5)^(('实盘净值数据(iFinD公式)'!$A9-'实盘净值数据(iFinD公式)'!$A8)/365)-1) -> 0.032924343 | G9: =IF(E9="","",E9/MAX(E$5:E9)-1) -> 0 | H9: =IF(OR((ROW()-1)<7,'实盘净值数据(iFinD公式)'!$A9="",'实盘净值数据(iFinD公式)'!$B9=""),"",SUMPRODUCT(实盘持仓初始配置!$B$6:$X$6,'实盘净值数据(iFinD公式)'!$B9:$X9/'实盘净值数据(iFinD公式)'!$B$7:$X$7)*(1-实盘持仓初始配置!$Z$6)^(('实盘净值数据(iFinD公式)'!$A9-'实盘净值数据(iFinD公式)'!$A$7)/365)) -> 1.0741076 | I9: =IF(OR(H8="",'实盘净值数据(iFinD公式)'!$A9="",'实盘净值数据(iFinD公式)'!$B9=""),"",(SUMPRODUCT(实盘持仓初始配置!$B$6:$X$6,'实盘净值数据(iFinD公式)'!$B8:$X8/'实盘净值数据(iFinD公式)'!$B$7:$X$7,'实盘净值数据(iFinD公式)'!$B9:$X9/'实盘净值数据(iFinD公式)'!$B8:$X8)/SUMPRODUCT(实盘持仓初始配置!$B$6:$X$6,'实盘净值数据(iFinD公式)'!$B8:$X8/'实盘净值数据(iFinD公式)'!$B$7:$X$7))*(1-实盘持仓初始配置!$Z$6)^(('实盘净值数据(iFinD公式)'!$A9-'实盘净值数据(iFinD公式)'!$A8)/365)-1) -> 0.033587935 | J9: =IF(H9="","",H9/MAX(H$5:H9)-1) -> 0 | K9: =IF(OR((ROW()-1)<8,'实盘净值数据(iFinD公式)'!$A9="",'实盘净值数据(iFinD公式)'!$B9=""),"",SUMPRODUCT(实盘持仓初始配置!$B$7:$X$7,'实盘净值数据(iFinD公式)'!$B9:$X9/'实盘净值数据(iFinD公式)'!$B$8:$X$8)*(1-实盘持仓初始配置!$Z$7)^(('实盘净值数据(iFinD公式)'!$A9-'实盘净值数据(iFinD公式)'!$A$8)/365)) -> 1.0014142 | L9: =IF(OR(K8="",'实盘净值数据(iFinD公式)'!$A9="",'实盘净值数据(iFinD公式)'!$B9=""),"",(SUMPRODUCT(实盘持仓初始配置!$B$7:$X$7,'实盘净值数据(iFinD公式)'!$B8:$X8/'实盘净值数据(iFinD公式)'!$B$8:$X$8,'实盘净值数据(iFinD公式)'!$B9:$X9/'实盘净值数据(iFinD公式)'!$B8:$X8)/SUMPRODUCT(实盘持仓初始配置!$B$7:$X$7,'实盘净值数据(iFinD公式)'!$B8:$X8/'实盘净值数据(iFinD公式)'!$B$8:$X$8))*(1-实盘持仓初始配置!$Z$7)^(('实盘净值数据(iFinD公式)'!$A9-'实盘净值数据(iFinD公式)'!$A8)/365)-1) -> 0.0014141946 | M9: =IF(K9="","",K9/MAX(K$5:K9)-1) -> 0 | N9: =IF(OR((ROW()-1)<5,'实盘净值数据(iFinD公式)'!$A9="",'实盘净值数据(iFinD公式)'!$B9=""),"",SUMPRODUCT(实盘持仓初始配置!$B$8:$X$8,'实盘净值数据(iFinD公式)'!$B9:$X9/'实盘净值数据(iFinD公式)'!$B$5:$X$5)*(1-实盘持仓初始配置!$Z$8)^(('实盘净值数据(iFinD公式)'!$A9-'实盘净值数据(iFinD公式)'!$A$5)/365)) -> 1.001278 | O9: =IF(OR(N8="",'实盘净值数据(iFinD公式)'!$A9="",'实盘净值数据(iFinD公式)'!$B9=""),"",(SUMPRODUCT(实盘持仓初始配置!$B$8:$X$8,'实盘净值数据(iFinD公式)'!$B8:$X8/'实盘净值数据(iFinD公式)'!$B$5:$X$5,'实盘净值数据(iFinD公式)'!$B9:$X9/'实盘净值数据(iFinD公式)'!$B8:$X8)/SUMPRODUCT(实盘持仓初始配置!$B$8:$X$8,'实盘净值数据(iFinD公式)'!$B8:$X8/'实盘净值数据(iFinD公式)'!$B$5:$X$5))*(1-实盘持仓初始配置!$Z$8)^(('实盘净值数据(iFinD公式)'!$A9-'实盘净值数据(iFinD公式)'!$A8)/365)-1) -> 0.0015077592 | P9: =IF(N9="","",N9/MAX(N$5:N9)-1) -> 0 | Q9: =IF(OR((ROW()-1)<8,'实盘净值数据(iFinD公式)'!$A9="",'实盘净值数据(iFinD公式)'!$B9=""),"",SUMPRODUCT(实盘持仓初始配置!$B$9:$X$9,'实盘净值数据(iFinD公式)'!$B9:$X9/'实盘净值数据(iFinD公式)'!$B$8:$X$8)*(1-实盘持仓初始配置!$Z$9)^(('实盘净值数据(iFinD公式)'!$A9-'实盘净值数据(iFinD公式)'!$A$8)/365)) -> 1.0039732 | R9: =IF(OR(Q8="",'实盘净值数据(iFinD公式)'!$A9="",'实盘净值数据(iFinD公式)'!$B9=""),"",(SUMPRODUCT(实盘持仓初始配置!$B$9:$X$9,'实盘净值数据(iFinD公式)'!$B8:$X8/'实盘净值数据(iFinD公式)'!$B$8:$X$8,'实盘净值数据(iFinD公式)'!$B9:$X9/'实盘净值数据(iFinD公式)'!$B8:$X8)/SUMPRODUCT(实盘持仓初始配置!$B$9:$X$9,'实盘净值数据(iFinD公式)'!$B8:$X8/'实盘净值数据(iFinD公式)'!$B$8:$X$8))*(1-实盘持仓初始配置!$Z$9)^(('实盘净值数据(iFinD公式)'!$A9-'实盘净值数据(iFinD公式)'!$A8)/365)-1) -> 0.0039732082 | S9: =IF(Q9="","",Q9/MAX(Q$5:Q9)-1) -> 0
A10: =IF('实盘净值数据(iFinD公式)'!A10="","",'实盘净值数据(iFinD公式)'!A10) -> 46199 | B10: =IF(OR((ROW()-1)<6,'实盘净值数据(iFinD公式)'!$A10="",'实盘净值数据(iFinD公式)'!$B10=""),"",SUMPRODUCT(实盘持仓初始配置!$B$4:$X$4,'实盘净值数据(iFinD公式)'!$B10:$X10/'实盘净值数据(iFinD公式)'!$B$6:$X$6)*(1-实盘持仓初始配置!$Z$4)^(('实盘净值数据(iFinD公式)'!$A10-'实盘净值数据(iFinD公式)'!$A$6)/365)) -> 1.0194457 | C10: =IF(OR(B9="",'实盘净值数据(iFinD公式)'!$A10="",'实盘净值数据(iFinD公式)'!$B10=""),"",(SUMPRODUCT(实盘持仓初始配置!$B$4:$X$4,'实盘净值数据(iFinD公式)'!$B9:$X9/'实盘净值数据(iFinD公式)'!$B$6:$X$6,'实盘净值数据(iFinD公式)'!$B10:$X10/'实盘净值数据(iFinD公式)'!$B9:$X9)/SUMPRODUCT(实盘持仓初始配置!$B$4:$X$4,'实盘净值数据(iFinD公式)'!$B9:$X9/'实盘净值数据(iFinD公式)'!$B$6:$X$6))*(1-实盘持仓初始配置!$Z$4)^(('实盘净值数据(iFinD公式)'!$A10-'实盘净值数据(iFinD公式)'!$A9)/365)-1) -> -0.028584129 | D10: =IF(B10="","",B10/MAX(B$5:B10)-1) -> -0.028584129 | E10: =IF(OR((ROW()-1)<5,'实盘净值数据(iFinD公式)'!$A10="",'实盘净值数据(iFinD公式)'!$B10=""),"",SUMPRODUCT(实盘持仓初始配置!$B$5:$X$5,'实盘净值数据(iFinD公式)'!$B10:$X10/'实盘净值数据(iFinD公式)'!$B$5:$X$5)*(1-实盘持仓初始配置!$Z$5)^(('实盘净值数据(iFinD公式)'!$A10-'实盘净值数据(iFinD公式)'!$A$5)/365)) -> 1.0431452 | F10: =IF(OR(E9="",'实盘净值数据(iFinD公式)'!$A10="",'实盘净值数据(iFinD公式)'!$B10=""),"",(SUMPRODUCT(实盘持仓初始配置!$B$5:$X$5,'实盘净值数据(iFinD公式)'!$B9:$X9/'实盘净值数据(iFinD公式)'!$B$5:$X$5,'实盘净值数据(iFinD公式)'!$B10:$X10/'实盘净值数据(iFinD公式)'!$B9:$X9)/SUMPRODUCT(实盘持仓初始配置!$B$5:$X$5,'实盘净值数据(iFinD公式)'!$B9:$X9/'实盘净值数据(iFinD公式)'!$B$5:$X$5))*(1-实盘持仓初始配置!$Z$5)^(('实盘净值数据(iFinD公式)'!$A10-'实盘净值数据(iFinD公式)'!$A9)/365)-1) -> -0.028678715 | G10: =IF(E10="","",E10/MAX(E$5:E10)-1) -> -0.028678715 | H10: =IF(OR((ROW()-1)<7,'实盘净值数据(iFinD公式)'!$A10="",'实盘净值数据(iFinD公式)'!$B10=""),"",SUMPRODUCT(实盘持仓初始配置!$B$6:$X$6,'实盘净值数据(iFinD公式)'!$B10:$X10/'实盘净值数据(iFinD公式)'!$B$7:$X$7)*(1-实盘持仓初始配置!$Z$6)^(('实盘净值数据(iFinD公式)'!$A10-'实盘净值数据(iFinD公式)'!$A$7)/365)) -> 1.0506457 | I10: =IF(OR(H9="",'实盘净值数据(iFinD公式)'!$A10="",'实盘净值数据(iFinD公式)'!$B10=""),"",(SUMPRODUCT(实盘持仓初始配置!$B$6:$X$6,'实盘净值数据(iFinD公式)'!$B9:$X9/'实盘净值数据(iFinD公式)'!$B$7:$X$7,'实盘净值数据(iFinD公式)'!$B10:$X10/'实盘净值数据(iFinD公式)'!$B9:$X9)/SUMPRODUCT(实盘持仓初始配置!$B$6:$X$6,'实盘净值数据(iFinD公式)'!$B9:$X9/'实盘净值数据(iFinD公式)'!$B$7:$X$7))*(1-实盘持仓初始配置!$Z$6)^(('实盘净值数据(iFinD公式)'!$A10-'实盘净值数据(iFinD公式)'!$A9)/365)-1) -> -0.021843224 | J10: =IF(H10="","",H10/MAX(H$5:H10)-1) -> -0.021843224 | K10: =IF(OR((ROW()-1)<8,'实盘净值数据(iFinD公式)'!$A10="",'实盘净值数据(iFinD公式)'!$B10=""),"",SUMPRODUCT(实盘持仓初始配置!$B$7:$X$7,'实盘净值数据(iFinD公式)'!$B10:$X10/'实盘净值数据(iFinD公式)'!$B$8:$X$8)*(1-实盘持仓初始配置!$Z$7)^(('实盘净值数据(iFinD公式)'!$A10-'实盘净值数据(iFinD公式)'!$A$8)/365)) -> 0.99948223 | L10: =IF(OR(K9="",'实盘净值数据(iFinD公式)'!$A10="",'实盘净值数据(iFinD公式)'!$B10=""),"",(SUMPRODUCT(实盘持仓初始配置!$B$7:$X$7,'实盘净值数据(iFinD公式)'!$B9:$X9/'实盘净值数据(iFinD公式)'!$B$8:$X$8,'实盘净值数据(iFinD公式)'!$B10:$X10/'实盘净值数据(iFinD公式)'!$B9:$X9)/SUMPRODUCT(实盘持仓初始配置!$B$7:$X$7,'实盘净值数据(iFinD公式)'!$B9:$X9/'实盘净值数据(iFinD公式)'!$B$8:$X$8))*(1-实盘持仓初始配置!$Z$7)^(('实盘净值数据(iFinD公式)'!$A10-'实盘净值数据(iFinD公式)'!$A9)/365)-1) -> -0.0019292328 | M10: =IF(K10="","",K10/MAX(K$5:K10)-1) -> -0.0019292328 | N10: =IF(OR((ROW()-1)<5,'实盘净值数据(iFinD公式)'!$A10="",'实盘净值数据(iFinD公式)'!$B10=""),"",SUMPRODUCT(实盘持仓初始配置!$B$8:$X$8,'实盘净值数据(iFinD公式)'!$B10:$X10/'实盘净值数据(iFinD公式)'!$B$5:$X$5)*(1-实盘持仓初始配置!$Z$8)^(('实盘净值数据(iFinD公式)'!$A10-'实盘净值数据(iFinD公式)'!$A$5)/365)) -> 0.9989298 | O10: =IF(OR(N9="",'实盘净值数据(iFinD公式)'!$A10="",'实盘净值数据(iFinD公式)'!$B10=""),"",(SUMPRODUCT(实盘持仓初始配置!$B$8:$X$8,'实盘净值数据(iFinD公式)'!$B9:$X9/'实盘净值数据(iFinD公式)'!$B$5:$X$5,'实盘净值数据(iFinD公式)'!$B10:$X10/'实盘净值数据(iFinD公式)'!$B9:$X9)/SUMPRODUCT(实盘持仓初始配置!$B$8:$X$8,'实盘净值数据(iFinD公式)'!$B9:$X9/'实盘净值数据(iFinD公式)'!$B$5:$X$5))*(1-实盘持仓初始配置!$Z$8)^(('实盘净值数据(iFinD公式)'!$A10-'实盘净值数据(iFinD公式)'!$A9)/365)-1) -> -0.0023451843 | P10: =IF(N10="","",N10/MAX(N$5:N10)-1) -> -0.0023451843 | Q10: =IF(OR((ROW()-1)<8,'实盘净值数据(iFinD公式)'!$A10="",'实盘净值数据(iFinD公式)'!$B10=""),"",SUMPRODUCT(实盘持仓初始配置!$B$9:$X$9,'实盘净值数据(iFinD公式)'!$B10:$X10/'实盘净值数据(iFinD公式)'!$B$8:$X$8)*(1-实盘持仓初始配置!$Z$9)^(('实盘净值数据(iFinD公式)'!$A10-'实盘净值数据(iFinD公式)'!$A$8)/365)) -> 0.99720804 | R10: =IF(OR(Q9="",'实盘净值数据(iFinD公式)'!$A10="",'实盘净值数据(iFinD公式)'!$B10=""),"",(SUMPRODUCT(实盘持仓初始配置!$B$9:$X$9,'实盘净值数据(iFinD公式)'!$B9:$X9/'实盘净值数据(iFinD公式)'!$B$8:$X$8,'实盘净值数据(iFinD公式)'!$B10:$X10/'实盘净值数据(iFinD公式)'!$B9:$X9)/SUMPRODUCT(实盘持仓初始配置!$B$9:$X$9,'实盘净值数据(iFinD公式)'!$B9:$X9/'实盘净值数据(iFinD公式)'!$B$8:$X$8))*(1-实盘持仓初始配置!$Z$9)^(('实盘净值数据(iFinD公式)'!$A10-'实盘净值数据(iFinD公式)'!$A9)/365)-1) -> -0.0067383921 | S10: =IF(Q10="","",Q10/MAX(Q$5:Q10)-1) -> -0.0067383921
A11: =IF('实盘净值数据(iFinD公式)'!A11="","",'实盘净值数据(iFinD公式)'!A11) -> 46202 | B11: =IF(OR((ROW()-1)<6,'实盘净值数据(iFinD公式)'!$A11="",'实盘净值数据(iFinD公式)'!$B11=""),"",SUMPRODUCT(实盘持仓初始配置!$B$4:$X$4,'实盘净值数据(iFinD公式)'!$B11:$X11/'实盘净值数据(iFinD公式)'!$B$6:$X$6)*(1-实盘持仓初始配置!$Z$4)^(('实盘净值数据(iFinD公式)'!$A11-'实盘净值数据(iFinD公式)'!$A$6)/365)) -> 1.0294387 | C11: =IF(OR(B10="",'实盘净值数据(iFinD公式)'!$A11="",'实盘净值数据(iFinD公式)'!$B11=""),"",(SUMPRODUCT(实盘持仓初始配置!$B$4:$X$4,'实盘净值数据(iFinD公式)'!$B10:$X10/'实盘净值数据(iFinD公式)'!$B$6:$X$6,'实盘净值数据(iFinD公式)'!$B11:$X11/'实盘净值数据(iFinD公式)'!$B10:$X10)/SUMPRODUCT(实盘持仓初始配置!$B$4:$X$4,'实盘净值数据(iFinD公式)'!$B10:$X10/'实盘净值数据(iFinD公式)'!$B$6:$X$6))*(1-实盘持仓初始配置!$Z$4)^(('实盘净值数据(iFinD公式)'!$A11-'实盘净值数据(iFinD公式)'!$A10)/365)-1) -> 0.0098023153 | D11: =IF(B11="","",B11/MAX(B$5:B11)-1) -> -0.019062005 | E11: =IF(OR((ROW()-1)<5,'实盘净值数据(iFinD公式)'!$A11="",'实盘净值数据(iFinD公式)'!$B11=""),"",SUMPRODUCT(实盘持仓初始配置!$B$5:$X$5,'实盘净值数据(iFinD公式)'!$B11:$X11/'实盘净值数据(iFinD公式)'!$B$5:$X$5)*(1-实盘持仓初始配置!$Z$5)^(('实盘净值数据(iFinD公式)'!$A11-'实盘净值数据(iFinD公式)'!$A$5)/365)) -> 1.0532584 | F11: =IF(OR(E10="",'实盘净值数据(iFinD公式)'!$A11="",'实盘净值数据(iFinD公式)'!$B11=""),"",(SUMPRODUCT(实盘持仓初始配置!$B$5:$X$5,'实盘净值数据(iFinD公式)'!$B10:$X10/'实盘净值数据(iFinD公式)'!$B$5:$X$5,'实盘净值数据(iFinD公式)'!$B11:$X11/'实盘净值数据(iFinD公式)'!$B10:$X10)/SUMPRODUCT(实盘持仓初始配置!$B$5:$X$5,'实盘净值数据(iFinD公式)'!$B10:$X10/'实盘净值数据(iFinD公式)'!$B$5:$X$5))*(1-实盘持仓初始配置!$Z$5)^(('实盘净值数据(iFinD公式)'!$A11-'实盘净值数据(iFinD公式)'!$A10)/365)-1) -> 0.0096949189 | G11: =IF(E11="","",E11/MAX(E$5:E11)-1) -> -0.019261834 | H11: =IF(OR((ROW()-1)<7,'实盘净值数据(iFinD公式)'!$A11="",'实盘净值数据(iFinD公式)'!$B11=""),"",SUMPRODUCT(实盘持仓初始配置!$B$6:$X$6,'实盘净值数据(iFinD公式)'!$B11:$X11/'实盘净值数据(iFinD公式)'!$B$7:$X$7)*(1-实盘持仓初始配置!$Z$6)^(('实盘净值数据(iFinD公式)'!$A11-'实盘净值数据(iFinD公式)'!$A$7)/365)) -> 1.0685099 | I11: =IF(OR(H10="",'实盘净值数据(iFinD公式)'!$A11="",'实盘净值数据(iFinD公式)'!$B11=""),"",(SUMPRODUCT(实盘持仓初始配置!$B$6:$X$6,'实盘净值数据(iFinD公式)'!$B10:$X10/'实盘净值数据(iFinD公式)'!$B$7:$X$7,'实盘净值数据(iFinD公式)'!$B11:$X11/'实盘净值数据(iFinD公式)'!$B10:$X10)/SUMPRODUCT(实盘持仓初始配置!$B$6:$X$6,'实盘净值数据(iFinD公式)'!$B10:$X10/'实盘净值数据(iFinD公式)'!$B$7:$X$7))*(1-实盘持仓初始配置!$Z$6)^(('实盘净值数据(iFinD公式)'!$A11-'实盘净值数据(iFinD公式)'!$A10)/365)-1) -> 0.017003074 | J11: =IF(H11="","",H11/MAX(H$5:H11)-1) -> -0.0052115523 | K11: =IF(OR((ROW()-1)<8,'实盘净值数据(iFinD公式)'!$A11="",'实盘净值数据(iFinD公式)'!$B11=""),"",SUMPRODUCT(实盘持仓初始配置!$B$7:$X$7,'实盘净值数据(iFinD公式)'!$B11:$X11/'实盘净值数据(iFinD公式)'!$B$8:$X$8)*(1-实盘持仓初始配置!$Z$7)^(('实盘净值数据(iFinD公式)'!$A11-'实盘净值数据(iFinD公式)'!$A$8)/365)) -> 1.0013814 | L11: =IF(OR(K10="",'实盘净值数据(iFinD公式)'!$A11="",'实盘净值数据(iFinD公式)'!$B11=""),"",(SUMPRODUCT(实盘持仓初始配置!$B$7:$X$7,'实盘净值数据(iFinD公式)'!$B10:$X10/'实盘净值数据(iFinD公式)'!$B$8:$X$8,'实盘净值数据(iFinD公式)'!$B11:$X11/'实盘净值数据(iFinD公式)'!$B10:$X10)/SUMPRODUCT(实盘持仓初始配置!$B$7:$X$7,'实盘净值数据(iFinD公式)'!$B10:$X10/'实盘净值数据(iFinD公式)'!$B$8:$X$8))*(1-实盘持仓初始配置!$Z$7)^(('实盘净值数据(iFinD公式)'!$A11-'实盘净值数据(iFinD公式)'!$A10)/365)-1) -> 0.0019001106 | M11: =IF(K11="","",K11/MAX(K$5:K11)-1) -> -3.2787891e-05 | N11: =IF(OR((ROW()-1)<5,'实盘净值数据(iFinD公式)'!$A11="",'实盘净值数据(iFinD公式)'!$B11=""),"",SUMPRODUCT(实盘持仓初始配置!$B$8:$X$8,'实盘净值数据(iFinD公式)'!$B11:$X11/'实盘净值数据(iFinD公式)'!$B$5:$X$5)*(1-实盘持仓初始配置!$Z$8)^(('实盘净值数据(iFinD公式)'!$A11-'实盘净值数据(iFinD公式)'!$A$5)/365)) -> 1.000521 | O11: =IF(OR(N10="",'实盘净值数据(iFinD公式)'!$A11="",'实盘净值数据(iFinD公式)'!$B11=""),"",(SUMPRODUCT(实盘持仓初始配置!$B$8:$X$8,'实盘净值数据(iFinD公式)'!$B10:$X10/'实盘净值数据(iFinD公式)'!$B$5:$X$5,'实盘净值数据(iFinD公式)'!$B11:$X11/'实盘净值数据(iFinD公式)'!$B10:$X10)/SUMPRODUCT(实盘持仓初始配置!$B$8:$X$8,'实盘净值数据(iFinD公式)'!$B10:$X10/'实盘净值数据(iFinD公式)'!$B$5:$X$5))*(1-实盘持仓初始配置!$Z$8)^(('实盘净值数据(iFinD公式)'!$A11-'实盘净值数据(iFinD公式)'!$A10)/365)-1) -> 0.0015929539 | P11: =IF(N11="","",N11/MAX(N$5:N11)-1) -> -0.00075596623 | Q11: =IF(OR((ROW()-1)<8,'实盘净值数据(iFinD公式)'!$A11="",'实盘净值数据(iFinD公式)'!$B11=""),"",SUMPRODUCT(实盘持仓初始配置!$B$9:$X$9,'实盘净值数据(iFinD公式)'!$B11:$X11/'实盘净值数据(iFinD公式)'!$B$8:$X$8)*(1-实盘持仓初始配置!$Z$9)^(('实盘净值数据(iFinD公式)'!$A11-'实盘净值数据(iFinD公式)'!$A$8)/365)) -> 1.0009806 | R11: =IF(OR(Q10="",'实盘净值数据(iFinD公式)'!$A11="",'实盘净值数据(iFinD公式)'!$B11=""),"",(SUMPRODUCT(实盘持仓初始配置!$B$9:$X$9,'实盘净值数据(iFinD公式)'!$B10:$X10/'实盘净值数据(iFinD公式)'!$B$8:$X$8,'实盘净值数据(iFinD公式)'!$B11:$X11/'实盘净值数据(iFinD公式)'!$B10:$X10)/SUMPRODUCT(实盘持仓初始配置!$B$9:$X$9,'实盘净值数据(iFinD公式)'!$B10:$X10/'实盘净值数据(iFinD公式)'!$B$8:$X$8))*(1-实盘持仓初始配置!$Z$9)^(('实盘净值数据(iFinD公式)'!$A11-'实盘净值数据(iFinD公式)'!$A10)/365)-1) -> 0.0037831247 | S11: =IF(Q11="","",Q11/MAX(Q$5:Q11)-1) -> -0.0029807597
A12: =IF('实盘净值数据(iFinD公式)'!A12="","",'实盘净值数据(iFinD公式)'!A12) -> 46203 | B12: =IF(OR((ROW()-1)<6,'实盘净值数据(iFinD公式)'!$A12="",'实盘净值数据(iFinD公式)'!$B12=""),"",SUMPRODUCT(实盘持仓初始配置!$B$4:$X$4,'实盘净值数据(iFinD公式)'!$B12:$X12/'实盘净值数据(iFinD公式)'!$B$6:$X$6)*(1-实盘持仓初始配置!$Z$4)^(('实盘净值数据(iFinD公式)'!$A12-'实盘净值数据(iFinD公式)'!$A$6)/365)) -> 1.0748479 | C12: =IF(OR(B11="",'实盘净值数据(iFinD公式)'!$A12="",'实盘净值数据(iFinD公式)'!$B12=""),"",(SUMPRODUCT(实盘持仓初始配置!$B$4:$X$4,'实盘净值数据(iFinD公式)'!$B11:$X11/'实盘净值数据(iFinD公式)'!$B$6:$X$6,'实盘净值数据(iFinD公式)'!$B12:$X12/'实盘净值数据(iFinD公式)'!$B11:$X11)/SUMPRODUCT(实盘持仓初始配置!$B$4:$X$4,'实盘净值数据(iFinD公式)'!$B11:$X11/'实盘净值数据(iFinD公式)'!$B$6:$X$6))*(1-实盘持仓初始配置!$Z$4)^(('实盘净值数据(iFinD公式)'!$A12-'实盘净值数据(iFinD公式)'!$A11)/365)-1) -> 0.044110687 | D12: =IF(B12="","",B12/MAX(B$5:B12)-1) -> 0 | E12: =IF(OR((ROW()-1)<5,'实盘净值数据(iFinD公式)'!$A12="",'实盘净值数据(iFinD公式)'!$B12=""),"",SUMPRODUCT(实盘持仓初始配置!$B$5:$X$5,'实盘净值数据(iFinD公式)'!$B12:$X12/'实盘净值数据(iFinD公式)'!$B$5:$X$5)*(1-实盘持仓初始配置!$Z$5)^(('实盘净值数据(iFinD公式)'!$A12-'实盘净值数据(iFinD公式)'!$A$5)/365)) -> 1.0997369 | F12: =IF(OR(E11="",'实盘净值数据(iFinD公式)'!$A12="",'实盘净值数据(iFinD公式)'!$B12=""),"",(SUMPRODUCT(实盘持仓初始配置!$B$5:$X$5,'实盘净值数据(iFinD公式)'!$B11:$X11/'实盘净值数据(iFinD公式)'!$B$5:$X$5,'实盘净值数据(iFinD公式)'!$B12:$X12/'实盘净值数据(iFinD公式)'!$B11:$X11)/SUMPRODUCT(实盘持仓初始配置!$B$5:$X$5,'实盘净值数据(iFinD公式)'!$B11:$X11/'实盘净值数据(iFinD公式)'!$B$5:$X$5))*(1-实盘持仓初始配置!$Z$5)^(('实盘净值数据(iFinD公式)'!$A12-'实盘净值数据(iFinD公式)'!$A11)/365)-1) -> 0.044128278 | G12: =IF(E12="","",E12/MAX(E$5:E12)-1) -> 0 | H12: =IF(OR((ROW()-1)<7,'实盘净值数据(iFinD公式)'!$A12="",'实盘净值数据(iFinD公式)'!$B12=""),"",SUMPRODUCT(实盘持仓初始配置!$B$6:$X$6,'实盘净值数据(iFinD公式)'!$B12:$X12/'实盘净值数据(iFinD公式)'!$B$7:$X$7)*(1-实盘持仓初始配置!$Z$6)^(('实盘净值数据(iFinD公式)'!$A12-'实盘净值数据(iFinD公式)'!$A$7)/365)) -> 1.1117067 | I12: =IF(OR(H11="",'实盘净值数据(iFinD公式)'!$A12="",'实盘净值数据(iFinD公式)'!$B12=""),"",(SUMPRODUCT(实盘持仓初始配置!$B$6:$X$6,'实盘净值数据(iFinD公式)'!$B11:$X11/'实盘净值数据(iFinD公式)'!$B$7:$X$7,'实盘净值数据(iFinD公式)'!$B12:$X12/'实盘净值数据(iFinD公式)'!$B11:$X11)/SUMPRODUCT(实盘持仓初始配置!$B$6:$X$6,'实盘净值数据(iFinD公式)'!$B11:$X11/'实盘净值数据(iFinD公式)'!$B$7:$X$7))*(1-实盘持仓初始配置!$Z$6)^(('实盘净值数据(iFinD公式)'!$A12-'实盘净值数据(iFinD公式)'!$A11)/365)-1) -> 0.04042716 | J12: =IF(H12="","",H12/MAX(H$5:H12)-1) -> 0 | K12: =IF(OR((ROW()-1)<8,'实盘净值数据(iFinD公式)'!$A12="",'实盘净值数据(iFinD公式)'!$B12=""),"",SUMPRODUCT(实盘持仓初始配置!$B$7:$X$7,'实盘净值数据(iFinD公式)'!$B12:$X12/'实盘净值数据(iFinD公式)'!$B$8:$X$8)*(1-实盘持仓初始配置!$Z$7)^(('实盘净值数据(iFinD公式)'!$A12-'实盘净值数据(iFinD公式)'!$A$8)/365)) -> 1.003272 | L12: =IF(OR(K11="",'实盘净值数据(iFinD公式)'!$A12="",'实盘净值数据(iFinD公式)'!$B12=""),"",(SUMPRODUCT(实盘持仓初始配置!$B$7:$X$7,'实盘净值数据(iFinD公式)'!$B11:$X11/'实盘净值数据(iFinD公式)'!$B$8:$X$8,'实盘净值数据(iFinD公式)'!$B12:$X12/'实盘净值数据(iFinD公式)'!$B11:$X11)/SUMPRODUCT(实盘持仓初始配置!$B$7:$X$7,'实盘净值数据(iFinD公式)'!$B11:$X11/'实盘净值数据(iFinD公式)'!$B$8:$X$8))*(1-实盘持仓初始配置!$Z$7)^(('实盘净值数据(iFinD公式)'!$A12-'实盘净值数据(iFinD公式)'!$A11)/365)-1) -> 0.0018880252 | M12: =IF(K12="","",K12/MAX(K$5:K12)-1) -> 0 | N12: =IF(OR((ROW()-1)<5,'实盘净值数据(iFinD公式)'!$A12="",'实盘净值数据(iFinD公式)'!$B12=""),"",SUMPRODUCT(实盘持仓初始配置!$B$8:$X$8,'实盘净值数据(iFinD公式)'!$B12:$X12/'实盘净值数据(iFinD公式)'!$B$5:$X$5)*(1-实盘持仓初始配置!$Z$8)^(('实盘净值数据(iFinD公式)'!$A12-'实盘净值数据(iFinD公式)'!$A$5)/365)) -> 1.0027101 | O12: =IF(OR(N11="",'实盘净值数据(iFinD公式)'!$A12="",'实盘净值数据(iFinD公式)'!$B12=""),"",(SUMPRODUCT(实盘持仓初始配置!$B$8:$X$8,'实盘净值数据(iFinD公式)'!$B11:$X11/'实盘净值数据(iFinD公式)'!$B$5:$X$5,'实盘净值数据(iFinD公式)'!$B12:$X12/'实盘净值数据(iFinD公式)'!$B11:$X11)/SUMPRODUCT(实盘持仓初始配置!$B$8:$X$8,'实盘净值数据(iFinD公式)'!$B11:$X11/'实盘净值数据(iFinD公式)'!$B$5:$X$5))*(1-实盘持仓初始配置!$Z$8)^(('实盘净值数据(iFinD公式)'!$A12-'实盘净值数据(iFinD公式)'!$A11)/365)-1) -> 0.0021879494 | P12: =IF(N12="","",N12/MAX(N$5:N12)-1) -> 0 | Q12: =IF(OR((ROW()-1)<8,'实盘净值数据(iFinD公式)'!$A12="",'实盘净值数据(iFinD公式)'!$B12=""),"",SUMPRODUCT(实盘持仓初始配置!$B$9:$X$9,'实盘净值数据(iFinD公式)'!$B12:$X12/'实盘净值数据(iFinD公式)'!$B$8:$X$8)*(1-实盘持仓初始配置!$Z$9)^(('实盘净值数据(iFinD公式)'!$A12-'实盘净值数据(iFinD公式)'!$A$8)/365)) -> 1.0087619 | R12: =IF(OR(Q11="",'实盘净值数据(iFinD公式)'!$A12="",'实盘净值数据(iFinD公式)'!$B12=""),"",(SUMPRODUCT(实盘持仓初始配置!$B$9:$X$9,'实盘净值数据(iFinD公式)'!$B11:$X11/'实盘净值数据(iFinD公式)'!$B$8:$X$8,'实盘净值数据(iFinD公式)'!$B12:$X12/'实盘净值数据(iFinD公式)'!$B11:$X11)/SUMPRODUCT(实盘持仓初始配置!$B$9:$X$9,'实盘净值数据(iFinD公式)'!$B11:$X11/'实盘净值数据(iFinD公式)'!$B$8:$X$8))*(1-实盘持仓初始配置!$Z$9)^(('实盘净值数据(iFinD公式)'!$A12-'实盘净值数据(iFinD公式)'!$A11)/365)-1) -> 0.0077736429 | S12: =IF(Q12="","",Q12/MAX(Q$5:Q12)-1) -> 0
A13: =IF('实盘净值数据(iFinD公式)'!A13="","",'实盘净值数据(iFinD公式)'!A13) -> 46204 | B13: =IF(OR((ROW()-1)<6,'实盘净值数据(iFinD公式)'!$A13="",'实盘净值数据(iFinD公式)'!$B13=""),"",SUMPRODUCT(实盘持仓初始配置!$B$4:$X$4,'实盘净值数据(iFinD公式)'!$B13:$X13/'实盘净值数据(iFinD公式)'!$B$6:$X$6)*(1-实盘持仓初始配置!$Z$4)^(('实盘净值数据(iFinD公式)'!$A13-'实盘净值数据(iFinD公式)'!$A$6)/365)) -> 1.0416673 | C13: =IF(OR(B12="",'实盘净值数据(iFinD公式)'!$A13="",'实盘净值数据(iFinD公式)'!$B13=""),"",(SUMPRODUCT(实盘持仓初始配置!$B$4:$X$4,'实盘净值数据(iFinD公式)'!$B12:$X12/'实盘净值数据(iFinD公式)'!$B$6:$X$6,'实盘净值数据(iFinD公式)'!$B13:$X13/'实盘净值数据(iFinD公式)'!$B12:$X12)/SUMPRODUCT(实盘持仓初始配置!$B$4:$X$4,'实盘净值数据(iFinD公式)'!$B12:$X12/'实盘净值数据(iFinD公式)'!$B$6:$X$6))*(1-实盘持仓初始配置!$Z$4)^(('实盘净值数据(iFinD公式)'!$A13-'实盘净值数据(iFinD公式)'!$A12)/365)-1) -> -0.030870027 | D13: =IF(B13="","",B13/MAX(B$5:B13)-1) -> -0.030870027 | E13: =IF(OR((ROW()-1)<5,'实盘净值数据(iFinD公式)'!$A13="",'实盘净值数据(iFinD公式)'!$B13=""),"",SUMPRODUCT(实盘持仓初始配置!$B$5:$X$5,'实盘净值数据(iFinD公式)'!$B13:$X13/'实盘净值数据(iFinD公式)'!$B$5:$X$5)*(1-实盘持仓初始配置!$Z$5)^(('实盘净值数据(iFinD公式)'!$A13-'实盘净值数据(iFinD公式)'!$A$5)/365)) -> 1.0657543 | F13: =IF(OR(E12="",'实盘净值数据(iFinD公式)'!$A13="",'实盘净值数据(iFinD公式)'!$B13=""),"",(SUMPRODUCT(实盘持仓初始配置!$B$5:$X$5,'实盘净值数据(iFinD公式)'!$B12:$X12/'实盘净值数据(iFinD公式)'!$B$5:$X$5,'实盘净值数据(iFinD公式)'!$B13:$X13/'实盘净值数据(iFinD公式)'!$B12:$X12)/SUMPRODUCT(实盘持仓初始配置!$B$5:$X$5,'实盘净值数据(iFinD公式)'!$B12:$X12/'实盘净值数据(iFinD公式)'!$B$5:$X$5))*(1-实盘持仓初始配置!$Z$5)^(('实盘净值数据(iFinD公式)'!$A13-'实盘净值数据(iFinD公式)'!$A12)/365)-1) -> -0.030900613 | G13: =IF(E13="","",E13/MAX(E$5:E13)-1) -> -0.030900613 | H13: =IF(OR((ROW()-1)<7,'实盘净值数据(iFinD公式)'!$A13="",'实盘净值数据(iFinD公式)'!$B13=""),"",SUMPRODUCT(实盘持仓初始配置!$B$6:$X$6,'实盘净值数据(iFinD公式)'!$B13:$X13/'实盘净值数据(iFinD公式)'!$B$7:$X$7)*(1-实盘持仓初始配置!$Z$6)^(('实盘净值数据(iFinD公式)'!$A13-'实盘净值数据(iFinD公式)'!$A$7)/365)) -> 1.0836175 | I13: =IF(OR(H12="",'实盘净值数据(iFinD公式)'!$A13="",'实盘净值数据(iFinD公式)'!$B13=""),"",(SUMPRODUCT(实盘持仓初始配置!$B$6:$X$6,'实盘净值数据(iFinD公式)'!$B12:$X12/'实盘净值数据(iFinD公式)'!$B$7:$X$7,'实盘净值数据(iFinD公式)'!$B13:$X13/'实盘净值数据(iFinD公式)'!$B12:$X12)/SUMPRODUCT(实盘持仓初始配置!$B$6:$X$6,'实盘净值数据(iFinD公式)'!$B12:$X12/'实盘净值数据(iFinD公式)'!$B$7:$X$7))*(1-实盘持仓初始配置!$Z$6)^(('实盘净值数据(iFinD公式)'!$A13-'实盘净值数据(iFinD公式)'!$A12)/365)-1) -> -0.025266743 | J13: =IF(H13="","",H13/MAX(H$5:H13)-1) -> -0.025266743 | K13: =IF(OR((ROW()-1)<8,'实盘净值数据(iFinD公式)'!$A13="",'实盘净值数据(iFinD公式)'!$B13=""),"",SUMPRODUCT(实盘持仓初始配置!$B$7:$X$7,'实盘净值数据(iFinD公式)'!$B13:$X13/'实盘净值数据(iFinD公式)'!$B$8:$X$8)*(1-实盘持仓初始配置!$Z$7)^(('实盘净值数据(iFinD公式)'!$A13-'实盘净值数据(iFinD公式)'!$A$8)/365)) -> 1.0008642 | L13: =IF(OR(K12="",'实盘净值数据(iFinD公式)'!$A13="",'实盘净值数据(iFinD公式)'!$B13=""),"",(SUMPRODUCT(实盘持仓初始配置!$B$7:$X$7,'实盘净值数据(iFinD公式)'!$B12:$X12/'实盘净值数据(iFinD公式)'!$B$8:$X$8,'实盘净值数据(iFinD公式)'!$B13:$X13/'实盘净值数据(iFinD公式)'!$B12:$X12)/SUMPRODUCT(实盘持仓初始配置!$B$7:$X$7,'实盘净值数据(iFinD公式)'!$B12:$X12/'实盘净值数据(iFinD公式)'!$B$8:$X$8))*(1-实盘持仓初始配置!$Z$7)^(('实盘净值数据(iFinD公式)'!$A13-'实盘净值数据(iFinD公式)'!$A12)/365)-1) -> -0.0023999339 | M13: =IF(K13="","",K13/MAX(K$5:K13)-1) -> -0.0023999339 | N13: =IF(OR((ROW()-1)<5,'实盘净值数据(iFinD公式)'!$A13="",'实盘净值数据(iFinD公式)'!$B13=""),"",SUMPRODUCT(实盘持仓初始配置!$B$8:$X$8,'实盘净值数据(iFinD公式)'!$B13:$X13/'实盘净值数据(iFinD公式)'!$B$5:$X$5)*(1-实盘持仓初始配置!$Z$8)^(('实盘净值数据(iFinD公式)'!$A13-'实盘净值数据(iFinD公式)'!$A$5)/365)) -> 0.99998437 | O13: =IF(OR(N12="",'实盘净值数据(iFinD公式)'!$A13="",'实盘净值数据(iFinD公式)'!$B13=""),"",(SUMPRODUCT(实盘持仓初始配置!$B$8:$X$8,'实盘净值数据(iFinD公式)'!$B12:$X12/'实盘净值数据(iFinD公式)'!$B$5:$X$5,'实盘净值数据(iFinD公式)'!$B13:$X13/'实盘净值数据(iFinD公式)'!$B12:$X12)/SUMPRODUCT(实盘持仓初始配置!$B$8:$X$8,'实盘净值数据(iFinD公式)'!$B12:$X12/'实盘净值数据(iFinD公式)'!$B$5:$X$5))*(1-实盘持仓初始配置!$Z$8)^(('实盘净值数据(iFinD公式)'!$A13-'实盘净值数据(iFinD公式)'!$A12)/365)-1) -> -0.0027184046 | P13: =IF(N13="","",N13/MAX(N$5:N13)-1) -> -0.0027184046 | Q13: =IF(OR((ROW()-1)<8,'实盘净值数据(iFinD公式)'!$A13="",'实盘净值数据(iFinD公式)'!$B13=""),"",SUMPRODUCT(实盘持仓初始配置!$B$9:$X$9,'实盘净值数据(iFinD公式)'!$B13:$X13/'实盘净值数据(iFinD公式)'!$B$8:$X$8)*(1-实盘持仓初始配置!$Z$9)^(('实盘净值数据(iFinD公式)'!$A13-'实盘净值数据(iFinD公式)'!$A$8)/365)) -> 1.0039155 | R13: =IF(OR(Q12="",'实盘净值数据(iFinD公式)'!$A13="",'实盘净值数据(iFinD公式)'!$B13=""),"",(SUMPRODUCT(实盘持仓初始配置!$B$9:$X$9,'实盘净值数据(iFinD公式)'!$B12:$X12/'实盘净值数据(iFinD公式)'!$B$8:$X$8,'实盘净值数据(iFinD公式)'!$B13:$X13/'实盘净值数据(iFinD公式)'!$B12:$X12)/SUMPRODUCT(实盘持仓初始配置!$B$9:$X$9,'实盘净值数据(iFinD公式)'!$B12:$X12/'实盘净值数据(iFinD公式)'!$B$8:$X$8))*(1-实盘持仓初始配置!$Z$9)^(('实盘净值数据(iFinD公式)'!$A13-'实盘净值数据(iFinD公式)'!$A12)/365)-1) -> -0.0048042295 | S13: =IF(Q13="","",Q13/MAX(Q$5:Q13)-1) -> -0.0048042295
A14: =IF('实盘净值数据(iFinD公式)'!A14="","",'实盘净值数据(iFinD公式)'!A14) -> 46205 | B14: =IF(OR((ROW()-1)<6,'实盘净值数据(iFinD公式)'!$A14="",'实盘净值数据(iFinD公式)'!$B14=""),"",SUMPRODUCT(实盘持仓初始配置!$B$4:$X$4,'实盘净值数据(iFinD公式)'!$B14:$X14/'实盘净值数据(iFinD公式)'!$B$6:$X$6)*(1-实盘持仓初始配置!$Z$4)^(('实盘净值数据(iFinD公式)'!$A14-'实盘净值数据(iFinD公式)'!$A$6)/365)) -> 0.95024005 | C14: =IF(OR(B13="",'实盘净值数据(iFinD公式)'!$A14="",'实盘净值数据(iFinD公式)'!$B14=""),"",(SUMPRODUCT(实盘持仓初始配置!$B$4:$X$4,'实盘净值数据(iFinD公式)'!$B13:$X13/'实盘净值数据(iFinD公式)'!$B$6:$X$6,'实盘净值数据(iFinD公式)'!$B14:$X14/'实盘净值数据(iFinD公式)'!$B13:$X13)/SUMPRODUCT(实盘持仓初始配置!$B$4:$X$4,'实盘净值数据(iFinD公式)'!$B13:$X13/'实盘净值数据(iFinD公式)'!$B$6:$X$6))*(1-实盘持仓初始配置!$Z$4)^(('实盘净值数据(iFinD公式)'!$A14-'实盘净值数据(iFinD公式)'!$A13)/365)-1) -> -0.087770129 | D14: =IF(B14="","",B14/MAX(B$5:B14)-1) -> -0.11593069 | E14: =IF(OR((ROW()-1)<5,'实盘净值数据(iFinD公式)'!$A14="",'实盘净值数据(iFinD公式)'!$B14=""),"",SUMPRODUCT(实盘持仓初始配置!$B$5:$X$5,'实盘净值数据(iFinD公式)'!$B14:$X14/'实盘净值数据(iFinD公式)'!$B$5:$X$5)*(1-实盘持仓初始配置!$Z$5)^(('实盘净值数据(iFinD公式)'!$A14-'实盘净值数据(iFinD公式)'!$A$5)/365)) -> 0.97222777 | F14: =IF(OR(E13="",'实盘净值数据(iFinD公式)'!$A14="",'实盘净值数据(iFinD公式)'!$B14=""),"",(SUMPRODUCT(实盘持仓初始配置!$B$5:$X$5,'实盘净值数据(iFinD公式)'!$B13:$X13/'实盘净值数据(iFinD公式)'!$B$5:$X$5,'实盘净值数据(iFinD公式)'!$B14:$X14/'实盘净值数据(iFinD公式)'!$B13:$X13)/SUMPRODUCT(实盘持仓初始配置!$B$5:$X$5,'实盘净值数据(iFinD公式)'!$B13:$X13/'实盘净值数据(iFinD公式)'!$B$5:$X$5))*(1-实盘持仓初始配置!$Z$5)^(('实盘净值数据(iFinD公式)'!$A14-'实盘净值数据(iFinD公式)'!$A13)/365)-1) -> -0.087756207 | G14: =IF(E14="","",E14/MAX(E$5:E14)-1) -> -0.1159451 | H14: =IF(OR((ROW()-1)<7,'实盘净值数据(iFinD公式)'!$A14="",'实盘净值数据(iFinD公式)'!$B14=""),"",SUMPRODUCT(实盘持仓初始配置!$B$6:$X$6,'实盘净值数据(iFinD公式)'!$B14:$X14/'实盘净值数据(iFinD公式)'!$B$7:$X$7)*(1-实盘持仓初始配置!$Z$6)^(('实盘净值数据(iFinD公式)'!$A14-'实盘净值数据(iFinD公式)'!$A$7)/365)) -> 0.99175225 | I14: =IF(OR(H13="",'实盘净值数据(iFinD公式)'!$A14="",'实盘净值数据(iFinD公式)'!$B14=""),"",(SUMPRODUCT(实盘持仓初始配置!$B$6:$X$6,'实盘净值数据(iFinD公式)'!$B13:$X13/'实盘净值数据(iFinD公式)'!$B$7:$X$7,'实盘净值数据(iFinD公式)'!$B14:$X14/'实盘净值数据(iFinD公式)'!$B13:$X13)/SUMPRODUCT(实盘持仓初始配置!$B$6:$X$6,'实盘净值数据(iFinD公式)'!$B13:$X13/'实盘净值数据(iFinD公式)'!$B$7:$X$7))*(1-实盘持仓初始配置!$Z$6)^(('实盘净值数据(iFinD公式)'!$A14-'实盘净值数据(iFinD公式)'!$A13)/365)-1) -> -0.084776442 | J14: =IF(H14="","",H14/MAX(H$5:H14)-1) -> -0.10790116 | K14: =IF(OR('实盘净值数据(iFinD公式)'!$A14="",'实盘净值数据(iFinD公式)'!$B14=""),"",分期持仓明细!$AB$9*SUMPRODUCT(分期持仓明细!$B$9:$Y$9,'实盘净值数据(iFinD公式)'!$B14:$Y14/'实盘净值数据(iFinD公式)'!$B$13:$Y$13)*(1-实盘持仓初始配置!$Z$7)^(('实盘净值数据(iFinD公式)'!$A14-'实盘净值数据(iFinD公式)'!$A$8)/365)) -> 0.99536945 | L14: =IF(OR(K13="",K14=""),"",K14/K13-1) -> -0.0054900155 | M14: =IF(K14="","",K14/MAX(K$5:K14)-1) -> -0.0078767738 | N14: =IF(OR('实盘净值数据(iFinD公式)'!$A14="",'实盘净值数据(iFinD公式)'!$B14=""),"",分期持仓明细!$AB$11*SUMPRODUCT(分期持仓明细!$B$11:$Y$11,'实盘净值数据(iFinD公式)'!$B14:$Y14/'实盘净值数据(iFinD公式)'!$B$13:$Y$13)*(1-实盘持仓初始配置!$Z$8)^(('实盘净值数据(iFinD公式)'!$A14-'实盘净值数据(iFinD公式)'!$A$5)/365)) -> 0.9941528 | O14: =IF(OR(N13="",N14=""),"",N14/N13-1) -> -0.0058316624 | P14: =IF(N14="","",N14/MAX(N$5:N14)-1) -> -0.0085342141 | Q14: =IF(OR('实盘净值数据(iFinD公式)'!$A14="",'实盘净值数据(iFinD公式)'!$B14=""),"",分期持仓明细!$AB$13*SUMPRODUCT(分期持仓明细!$B$13:$Y$13,'实盘净值数据(iFinD公式)'!$B14:$Y14/'实盘净值数据(iFinD公式)'!$B$13:$Y$13)*(1-实盘持仓初始配置!$Z$9)^(('实盘净值数据(iFinD公式)'!$A14-'实盘净值数据(iFinD公式)'!$A$8)/365)) -> 0.98752211 | R14: =IF(OR(Q13="",Q14=""),"",Q14/Q13-1) -> -0.016329495 | S14: =IF(Q14="","",Q14/MAX(Q$5:Q14)-1) -> -0.021055274
A15: =IF('实盘净值数据(iFinD公式)'!A15="","",'实盘净值数据(iFinD公式)'!A15) -> 46206 | B15: =IF(OR((ROW()-1)<6,'实盘净值数据(iFinD公式)'!$A15="",'实盘净值数据(iFinD公式)'!$B15=""),"",SUMPRODUCT(实盘持仓初始配置!$B$4:$X$4,'实盘净值数据(iFinD公式)'!$B15:$X15/'实盘净值数据(iFinD公式)'!$B$6:$X$6)*(1-实盘持仓初始配置!$Z$4)^(('实盘净值数据(iFinD公式)'!$A15-'实盘净值数据(iFinD公式)'!$A$6)/365)) -> 0.943219 | C15: =IF(OR(B14="",'实盘净值数据(iFinD公式)'!$A15="",'实盘净值数据(iFinD公式)'!$B15=""),"",(SUMPRODUCT(实盘持仓初始配置!$B$4:$X$4,'实盘净值数据(iFinD公式)'!$B14:$X14/'实盘净值数据(iFinD公式)'!$B$6:$X$6,'实盘净值数据(iFinD公式)'!$B15:$X15/'实盘净值数据(iFinD公式)'!$B14:$X14)/SUMPRODUCT(实盘持仓初始配置!$B$4:$X$4,'实盘净值数据(iFinD公式)'!$B14:$X14/'实盘净值数据(iFinD公式)'!$B$6:$X$6))*(1-实盘持仓初始配置!$Z$4)^(('实盘净值数据(iFinD公式)'!$A15-'实盘净值数据(iFinD公式)'!$A14)/365)-1) -> -0.0073887185 | D15: =IF(B15="","",B15/MAX(B$5:B15)-1) -> -0.12246283 | E15: =IF(OR((ROW()-1)<5,'实盘净值数据(iFinD公式)'!$A15="",'实盘净值数据(iFinD公式)'!$B15=""),"",SUMPRODUCT(实盘持仓初始配置!$B$5:$X$5,'实盘净值数据(iFinD公式)'!$B15:$X15/'实盘净值数据(iFinD公式)'!$B$5:$X$5)*(1-实盘持仓初始配置!$Z$5)^(('实盘净值数据(iFinD公式)'!$A15-'实盘净值数据(iFinD公式)'!$A$5)/365)) -> 0.96507649 | F15: =IF(OR(E14="",'实盘净值数据(iFinD公式)'!$A15="",'实盘净值数据(iFinD公式)'!$B15=""),"",(SUMPRODUCT(实盘持仓初始配置!$B$5:$X$5,'实盘净值数据(iFinD公式)'!$B14:$X14/'实盘净值数据(iFinD公式)'!$B$5:$X$5,'实盘净值数据(iFinD公式)'!$B15:$X15/'实盘净值数据(iFinD公式)'!$B14:$X14)/SUMPRODUCT(实盘持仓初始配置!$B$5:$X$5,'实盘净值数据(iFinD公式)'!$B14:$X14/'实盘净值数据(iFinD公式)'!$B$5:$X$5))*(1-实盘持仓初始配置!$Z$5)^(('实盘净值数据(iFinD公式)'!$A15-'实盘净值数据(iFinD公式)'!$A14)/365)-1) -> -0.007355563 | G15: =IF(E15="","",E15/MAX(E$5:E15)-1) -> -0.12244782 | H15: =IF(OR((ROW()-1)<7,'实盘净值数据(iFinD公式)'!$A15="",'实盘净值数据(iFinD公式)'!$B15=""),"",SUMPRODUCT(实盘持仓初始配置!$B$6:$X$6,'实盘净值数据(iFinD公式)'!$B15:$X15/'实盘净值数据(iFinD公式)'!$B$7:$X$7)*(1-实盘持仓初始配置!$Z$6)^(('实盘净值数据(iFinD公式)'!$A15-'实盘净值数据(iFinD公式)'!$A$7)/365)) -> 0.98876259 | I15: =IF(OR(H14="",'实盘净值数据(iFinD公式)'!$A15="",'实盘净值数据(iFinD公式)'!$B15=""),"",(SUMPRODUCT(实盘持仓初始配置!$B$6:$X$6,'实盘净值数据(iFinD公式)'!$B14:$X14/'实盘净值数据(iFinD公式)'!$B$7:$X$7,'实盘净值数据(iFinD公式)'!$B15:$X15/'实盘净值数据(iFinD公式)'!$B14:$X14)/SUMPRODUCT(实盘持仓初始配置!$B$6:$X$6,'实盘净值数据(iFinD公式)'!$B14:$X14/'实盘净值数据(iFinD公式)'!$B$7:$X$7))*(1-实盘持仓初始配置!$Z$6)^(('实盘净值数据(iFinD公式)'!$A15-'实盘净值数据(iFinD公式)'!$A14)/365)-1) -> -0.0030145263 | J15: =IF(H15="","",H15/MAX(H$5:H15)-1) -> -0.11059042 | K15: =IF(OR('实盘净值数据(iFinD公式)'!$A15="",'实盘净值数据(iFinD公式)'!$B15=""),"",分期持仓明细!$AB$9*SUMPRODUCT(分期持仓明细!$B$9:$Y$9,'实盘净值数据(iFinD公式)'!$B15:$Y15/'实盘净值数据(iFinD公式)'!$B$13:$Y$13)*(1-实盘持仓初始配置!$Z$7)^(('实盘净值数据(iFinD公式)'!$A15-'实盘净值数据(iFinD公式)'!$A$8)/365)) -> 0.99652455 | L15: =IF(OR(K14="",K15=""),"",K15/K14-1) -> 0.0011604738 | M15: =IF(K15="","",K15/MAX(K$5:K15)-1) -> -0.0067254408 | N15: =IF(OR('实盘净值数据(iFinD公式)'!$A15="",'实盘净值数据(iFinD公式)'!$B15=""),"",分期持仓明细!$AB$11*SUMPRODUCT(分期持仓明细!$B$11:$Y$11,'实盘净值数据(iFinD公式)'!$B15:$Y15/'实盘净值数据(iFinD公式)'!$B$13:$Y$13)*(1-实盘持仓初始配置!$Z$8)^(('实盘净值数据(iFinD公式)'!$A15-'实盘净值数据(iFinD公式)'!$A$5)/365)) -> 0.99502663 | O15: =IF(OR(N14="",N15=""),"",N15/N14-1) -> 0.00087897091 | P15: =IF(N15="","",N15/MAX(N$5:N15)-1) -> -0.0076627445 | Q15: =IF(OR('实盘净值数据(iFinD公式)'!$A15="",'实盘净值数据(iFinD公式)'!$B15=""),"",分期持仓明细!$AB$13*SUMPRODUCT(分期持仓明细!$B$13:$Y$13,'实盘净值数据(iFinD公式)'!$B15:$Y15/'实盘净值数据(iFinD公式)'!$B$13:$Y$13)*(1-实盘持仓初始配置!$Z$9)^(('实盘净值数据(iFinD公式)'!$A15-'实盘净值数据(iFinD公式)'!$A$8)/365)) -> 0.99030294 | R15: =IF(OR(Q14="",Q15=""),"",Q15/Q14-1) -> 0.0028159611 | S15: =IF(Q15="","",Q15/MAX(Q$5:Q15)-1) -> -0.018298604
A16: =IF('实盘净值数据(iFinD公式)'!A16="","",'实盘净值数据(iFinD公式)'!A16) -> 46209 | B16: =IF(OR((ROW()-1)<6,'实盘净值数据(iFinD公式)'!$A16="",'实盘净值数据(iFinD公式)'!$B16=""),"",SUMPRODUCT(实盘持仓初始配置!$B$4:$X$4,'实盘净值数据(iFinD公式)'!$B16:$X16/'实盘净值数据(iFinD公式)'!$B$6:$X$6)*(1-实盘持仓初始配置!$Z$4)^(('实盘净值数据(iFinD公式)'!$A16-'实盘净值数据(iFinD公式)'!$A$6)/365)) -> 0.92459185 | C16: =IF(OR(B15="",'实盘净值数据(iFinD公式)'!$A16="",'实盘净值数据(iFinD公式)'!$B16=""),"",(SUMPRODUCT(实盘持仓初始配置!$B$4:$X$4,'实盘净值数据(iFinD公式)'!$B15:$X15/'实盘净值数据(iFinD公式)'!$B$6:$X$6,'实盘净值数据(iFinD公式)'!$B16:$X16/'实盘净值数据(iFinD公式)'!$B15:$X15)/SUMPRODUCT(实盘持仓初始配置!$B$4:$X$4,'实盘净值数据(iFinD公式)'!$B15:$X15/'实盘净值数据(iFinD公式)'!$B$6:$X$6))*(1-实盘持仓初始配置!$Z$4)^(('实盘净值数据(iFinD公式)'!$A16-'实盘净值数据(iFinD公式)'!$A15)/365)-1) -> -0.019748483 | D16: =IF(B16="","",B16/MAX(B$5:B16)-1) -> -0.13979286 | E16: =IF(OR((ROW()-1)<5,'实盘净值数据(iFinD公式)'!$A16="",'实盘净值数据(iFinD公式)'!$B16=""),"",SUMPRODUCT(实盘持仓初始配置!$B$5:$X$5,'实盘净值数据(iFinD公式)'!$B16:$X16/'实盘净值数据(iFinD公式)'!$B$5:$X$5)*(1-实盘持仓初始配置!$Z$5)^(('实盘净值数据(iFinD公式)'!$A16-'实盘净值数据(iFinD公式)'!$A$5)/365)) -> 0.94597776 | F16: =IF(OR(E15="",'实盘净值数据(iFinD公式)'!$A16="",'实盘净值数据(iFinD公式)'!$B16=""),"",(SUMPRODUCT(实盘持仓初始配置!$B$5:$X$5,'实盘净值数据(iFinD公式)'!$B15:$X15/'实盘净值数据(iFinD公式)'!$B$5:$X$5,'实盘净值数据(iFinD公式)'!$B16:$X16/'实盘净值数据(iFinD公式)'!$B15:$X15)/SUMPRODUCT(实盘持仓初始配置!$B$5:$X$5,'实盘净值数据(iFinD公式)'!$B15:$X15/'实盘净值数据(iFinD公式)'!$B$5:$X$5))*(1-实盘持仓初始配置!$Z$5)^(('实盘净值数据(iFinD公式)'!$A16-'实盘净值数据(iFinD公式)'!$A15)/365)-1) -> -0.019789862 | G16: =IF(E16="","",E16/MAX(E$5:E16)-1) -> -0.13981446 | H16: =IF(OR((ROW()-1)<7,'实盘净值数据(iFinD公式)'!$A16="",'实盘净值数据(iFinD公式)'!$B16=""),"",SUMPRODUCT(实盘持仓初始配置!$B$6:$X$6,'实盘净值数据(iFinD公式)'!$B16:$X16/'实盘净值数据(iFinD公式)'!$B$7:$X$7)*(1-实盘持仓初始配置!$Z$6)^(('实盘净值数据(iFinD公式)'!$A16-'实盘净值数据(iFinD公式)'!$A$7)/365)) -> 0.97195202 | I16: =IF(OR(H15="",'实盘净值数据(iFinD公式)'!$A16="",'实盘净值数据(iFinD公式)'!$B16=""),"",(SUMPRODUCT(实盘持仓初始配置!$B$6:$X$6,'实盘净值数据(iFinD公式)'!$B15:$X15/'实盘净值数据(iFinD公式)'!$B$7:$X$7,'实盘净值数据(iFinD公式)'!$B16:$X16/'实盘净值数据(iFinD公式)'!$B15:$X15)/SUMPRODUCT(实盘持仓初始配置!$B$6:$X$6,'实盘净值数据(iFinD公式)'!$B15:$X15/'实盘净值数据(iFinD公式)'!$B$7:$X$7))*(1-实盘持仓初始配置!$Z$6)^(('实盘净值数据(iFinD公式)'!$A16-'实盘净值数据(iFinD公式)'!$A15)/365)-1) -> -0.017001619 | J16: =IF(H16="","",H16/MAX(H$5:H16)-1) -> -0.12571182 | K16: =IF(OR('实盘净值数据(iFinD公式)'!$A16="",'实盘净值数据(iFinD公式)'!$B16=""),"",分期持仓明细!$AB$9*SUMPRODUCT(分期持仓明细!$B$9:$Y$9,'实盘净值数据(iFinD公式)'!$B16:$Y16/'实盘净值数据(iFinD公式)'!$B$13:$Y$13)*(1-实盘持仓初始配置!$Z$7)^(('实盘净值数据(iFinD公式)'!$A16-'实盘净值数据(iFinD公式)'!$A$8)/365)) -> 0.99573237 | L16: =IF(OR(K15="",K16=""),"",K16/K15-1) -> -0.00079494372 | M16: =IF(K16="","",K16/MAX(K$5:K16)-1) -> -0.0075150382 | N16: =IF(OR('实盘净值数据(iFinD公式)'!$A16="",'实盘净值数据(iFinD公式)'!$B16=""),"",分期持仓明细!$AB$11*SUMPRODUCT(分期持仓明细!$B$11:$Y$11,'实盘净值数据(iFinD公式)'!$B16:$Y16/'实盘净值数据(iFinD公式)'!$B$13:$Y$13)*(1-实盘持仓初始配置!$Z$8)^(('实盘净值数据(iFinD公式)'!$A16-'实盘净值数据(iFinD公式)'!$A$5)/365)) -> 0.99412575 | O16: =IF(OR(N15="",N16=""),"",N16/N15-1) -> -0.00090537726 | P16: =IF(N16="","",N16/MAX(N$5:N16)-1) -> -0.0085611841 | Q16: =IF(OR('实盘净值数据(iFinD公式)'!$A16="",'实盘净值数据(iFinD公式)'!$B16=""),"",分期持仓明细!$AB$13*SUMPRODUCT(分期持仓明细!$B$13:$Y$13,'实盘净值数据(iFinD公式)'!$B16:$Y16/'实盘净值数据(iFinD公式)'!$B$13:$Y$13)*(1-实盘持仓初始配置!$Z$9)^(('实盘净值数据(iFinD公式)'!$A16-'实盘净值数据(iFinD公式)'!$A$8)/365)) -> 0.9867014 | R16: =IF(OR(Q15="",Q16=""),"",Q16/Q15-1) -> -0.0036368022 | S16: =IF(Q16="","",Q16/MAX(Q$5:Q16)-1) -> -0.021868858
A17: =IF('实盘净值数据(iFinD公式)'!A17="","",'实盘净值数据(iFinD公式)'!A17) -> 46210 | B17: =IF(OR((ROW()-1)<6,'实盘净值数据(iFinD公式)'!$A17="",'实盘净值数据(iFinD公式)'!$B17=""),"",SUMPRODUCT(实盘持仓初始配置!$B$4:$X$4,'实盘净值数据(iFinD公式)'!$B17:$X17/'实盘净值数据(iFinD公式)'!$B$6:$X$6)*(1-实盘持仓初始配置!$Z$4)^(('实盘净值数据(iFinD公式)'!$A17-'实盘净值数据(iFinD公式)'!$A$6)/365)) -> 0.93094052 | C17: =IF(OR(B16="",'实盘净值数据(iFinD公式)'!$A17="",'实盘净值数据(iFinD公式)'!$B17=""),"",(SUMPRODUCT(实盘持仓初始配置!$B$4:$X$4,'实盘净值数据(iFinD公式)'!$B16:$X16/'实盘净值数据(iFinD公式)'!$B$6:$X$6,'实盘净值数据(iFinD公式)'!$B17:$X17/'实盘净值数据(iFinD公式)'!$B16:$X16)/SUMPRODUCT(实盘持仓初始配置!$B$4:$X$4,'实盘净值数据(iFinD公式)'!$B16:$X16/'实盘净值数据(iFinD公式)'!$B$6:$X$6))*(1-实盘持仓初始配置!$Z$4)^(('实盘净值数据(iFinD公式)'!$A17-'实盘净值数据(iFinD公式)'!$A16)/365)-1) -> 0.0068664547 | D17: =IF(B17="","",B17/MAX(B$5:B17)-1) -> -0.13388628 | E17: =IF(OR((ROW()-1)<5,'实盘净值数据(iFinD公式)'!$A17="",'实盘净值数据(iFinD公式)'!$B17=""),"",SUMPRODUCT(实盘持仓初始配置!$B$5:$X$5,'实盘净值数据(iFinD公式)'!$B17:$X17/'实盘净值数据(iFinD公式)'!$B$5:$X$5)*(1-实盘持仓初始配置!$Z$5)^(('实盘净值数据(iFinD公式)'!$A17-'实盘净值数据(iFinD公式)'!$A$5)/365)) -> 0.95247543 | F17: =IF(OR(E16="",'实盘净值数据(iFinD公式)'!$A17="",'实盘净值数据(iFinD公式)'!$B17=""),"",(SUMPRODUCT(实盘持仓初始配置!$B$5:$X$5,'实盘净值数据(iFinD公式)'!$B16:$X16/'实盘净值数据(iFinD公式)'!$B$5:$X$5,'实盘净值数据(iFinD公式)'!$B17:$X17/'实盘净值数据(iFinD公式)'!$B16:$X16)/SUMPRODUCT(实盘持仓初始配置!$B$5:$X$5,'实盘净值数据(iFinD公式)'!$B16:$X16/'实盘净值数据(iFinD公式)'!$B$5:$X$5))*(1-实盘持仓初始配置!$Z$5)^(('实盘净值数据(iFinD公式)'!$A17-'实盘净值数据(iFinD公式)'!$A16)/365)-1) -> 0.0068687365 | G17: =IF(E17="","",E17/MAX(E$5:E17)-1) -> -0.13390607 | H17: =IF(OR((ROW()-1)<7,'实盘净值数据(iFinD公式)'!$A17="",'实盘净值数据(iFinD公式)'!$B17=""),"",SUMPRODUCT(实盘持仓初始配置!$B$6:$X$6,'实盘净值数据(iFinD公式)'!$B17:$X17/'实盘净值数据(iFinD公式)'!$B$7:$X$7)*(1-实盘持仓初始配置!$Z$6)^(('实盘净值数据(iFinD公式)'!$A17-'实盘净值数据(iFinD公式)'!$A$7)/365)) -> 0.97477427 | I17: =IF(OR(H16="",'实盘净值数据(iFinD公式)'!$A17="",'实盘净值数据(iFinD公式)'!$B17=""),"",(SUMPRODUCT(实盘持仓初始配置!$B$6:$X$6,'实盘净值数据(iFinD公式)'!$B16:$X16/'实盘净值数据(iFinD公式)'!$B$7:$X$7,'实盘净值数据(iFinD公式)'!$B17:$X17/'实盘净值数据(iFinD公式)'!$B16:$X16)/SUMPRODUCT(实盘持仓初始配置!$B$6:$X$6,'实盘净值数据(iFinD公式)'!$B16:$X16/'实盘净值数据(iFinD公式)'!$B$7:$X$7))*(1-实盘持仓初始配置!$Z$6)^(('实盘净值数据(iFinD公式)'!$A17-'实盘净值数据(iFinD公式)'!$A16)/365)-1) -> 0.002903689 | J17: =IF(H17="","",H17/MAX(H$5:H17)-1) -> -0.12317316 | K17: =IF(OR('实盘净值数据(iFinD公式)'!$A17="",'实盘净值数据(iFinD公式)'!$B17=""),"",分期持仓明细!$AB$9*SUMPRODUCT(分期持仓明细!$B$9:$Y$9,'实盘净值数据(iFinD公式)'!$B17:$Y17/'实盘净值数据(iFinD公式)'!$B$13:$Y$13)*(1-实盘持仓初始配置!$Z$7)^(('实盘净值数据(iFinD公式)'!$A17-'实盘净值数据(iFinD公式)'!$A$8)/365)) -> 0.99489594 | L17: =IF(OR(K16="",K17=""),"",K17/K16-1) -> -0.0008400147 | M17: =IF(K17="","",K17/MAX(K$5:K17)-1) -> -0.0083487402 | N17: =IF(OR('实盘净值数据(iFinD公式)'!$A17="",'实盘净值数据(iFinD公式)'!$B17=""),"",分期持仓明细!$AB$11*SUMPRODUCT(分期持仓明细!$B$11:$Y$11,'实盘净值数据(iFinD公式)'!$B17:$Y17/'实盘净值数据(iFinD公式)'!$B$13:$Y$13)*(1-实盘持仓初始配置!$Z$8)^(('实盘净值数据(iFinD公式)'!$A17-'实盘净值数据(iFinD公式)'!$A$5)/365)) -> 0.99350805 | O17: =IF(OR(N16="",N17=""),"",N17/N16-1) -> -0.0006213573 | P17: =IF(N17="","",N17/MAX(N$5:N17)-1) -> -0.0091772219 | Q17: =IF(OR('实盘净值数据(iFinD公式)'!$A17="",'实盘净值数据(iFinD公式)'!$B17=""),"",分期持仓明细!$AB$13*SUMPRODUCT(分期持仓明细!$B$13:$Y$13,'实盘净值数据(iFinD公式)'!$B17:$Y17/'实盘净值数据(iFinD公式)'!$B$13:$Y$13)*(1-实盘持仓初始配置!$Z$9)^(('实盘净值数据(iFinD公式)'!$A17-'实盘净值数据(iFinD公式)'!$A$8)/365)) -> 0.98405318 | R17: =IF(OR(Q16="",Q17=""),"",Q17/Q16-1) -> -0.0026839096 | S17: =IF(Q17="","",Q17/MAX(Q$5:Q17)-1) -> -0.024494073
A18: =IF('实盘净值数据(iFinD公式)'!A18="","",'实盘净值数据(iFinD公式)'!A18) -> 46211 | B18: =IF(OR((ROW()-1)<6,'实盘净值数据(iFinD公式)'!$A18="",'实盘净值数据(iFinD公式)'!$B18=""),"",SUMPRODUCT(实盘持仓初始配置!$B$4:$X$4,'实盘净值数据(iFinD公式)'!$B18:$X18/'实盘净值数据(iFinD公式)'!$B$6:$X$6)*(1-实盘持仓初始配置!$Z$4)^(('实盘净值数据(iFinD公式)'!$A18-'实盘净值数据(iFinD公式)'!$A$6)/365)) -> 0.93624163 | C18: =IF(OR(B17="",'实盘净值数据(iFinD公式)'!$A18="",'实盘净值数据(iFinD公式)'!$B18=""),"",(SUMPRODUCT(实盘持仓初始配置!$B$4:$X$4,'实盘净值数据(iFinD公式)'!$B17:$X17/'实盘净值数据(iFinD公式)'!$B$6:$X$6,'实盘净值数据(iFinD公式)'!$B18:$X18/'实盘净值数据(iFinD公式)'!$B17:$X17)/SUMPRODUCT(实盘持仓初始配置!$B$4:$X$4,'实盘净值数据(iFinD公式)'!$B17:$X17/'实盘净值数据(iFinD公式)'!$B$6:$X$6))*(1-实盘持仓初始配置!$Z$4)^(('实盘净值数据(iFinD公式)'!$A18-'实盘净值数据(iFinD公式)'!$A17)/365)-1) -> 0.0056943571 | D18: =IF(B18="","",B18/MAX(B$5:B18)-1) -> -0.12895432 | E18: =IF(OR((ROW()-1)<5,'实盘净值数据(iFinD公式)'!$A18="",'实盘净值数据(iFinD公式)'!$B18=""),"",SUMPRODUCT(实盘持仓初始配置!$B$5:$X$5,'实盘净值数据(iFinD公式)'!$B18:$X18/'实盘净值数据(iFinD公式)'!$B$5:$X$5)*(1-实盘持仓初始配置!$Z$5)^(('实盘净值数据(iFinD公式)'!$A18-'实盘净值数据(iFinD公式)'!$A$5)/365)) -> 0.95781615 | F18: =IF(OR(E17="",'实盘净值数据(iFinD公式)'!$A18="",'实盘净值数据(iFinD公式)'!$B18=""),"",(SUMPRODUCT(实盘持仓初始配置!$B$5:$X$5,'实盘净值数据(iFinD公式)'!$B17:$X17/'实盘净值数据(iFinD公式)'!$B$5:$X$5,'实盘净值数据(iFinD公式)'!$B18:$X18/'实盘净值数据(iFinD公式)'!$B17:$X17)/SUMPRODUCT(实盘持仓初始配置!$B$5:$X$5,'实盘净值数据(iFinD公式)'!$B17:$X17/'实盘净值数据(iFinD公式)'!$B$5:$X$5))*(1-实盘持仓初始配置!$Z$5)^(('实盘净值数据(iFinD公式)'!$A18-'实盘净值数据(iFinD公式)'!$A17)/365)-1) -> 0.0056072021 | G18: =IF(E18="","",E18/MAX(E$5:E18)-1) -> -0.12904971 | H18: =IF(OR((ROW()-1)<7,'实盘净值数据(iFinD公式)'!$A18="",'实盘净值数据(iFinD公式)'!$B18=""),"",SUMPRODUCT(实盘持仓初始配置!$B$6:$X$6,'实盘净值数据(iFinD公式)'!$B18:$X18/'实盘净值数据(iFinD公式)'!$B$7:$X$7)*(1-实盘持仓初始配置!$Z$6)^(('实盘净值数据(iFinD公式)'!$A18-'实盘净值数据(iFinD公式)'!$A$7)/365)) -> 0.98001297 | I18: =IF(OR(H17="",'实盘净值数据(iFinD公式)'!$A18="",'实盘净值数据(iFinD公式)'!$B18=""),"",(SUMPRODUCT(实盘持仓初始配置!$B$6:$X$6,'实盘净值数据(iFinD公式)'!$B17:$X17/'实盘净值数据(iFinD公式)'!$B$7:$X$7,'实盘净值数据(iFinD公式)'!$B18:$X18/'实盘净值数据(iFinD公式)'!$B17:$X17)/SUMPRODUCT(实盘持仓初始配置!$B$6:$X$6,'实盘净值数据(iFinD公式)'!$B17:$X17/'实盘净值数据(iFinD公式)'!$B$7:$X$7))*(1-实盘持仓初始配置!$Z$6)^(('实盘净值数据(iFinD公式)'!$A18-'实盘净值数据(iFinD公式)'!$A17)/365)-1) -> 0.0053742724 | J18: =IF(H18="","",H18/MAX(H$5:H18)-1) -> -0.11846085 | K18: =IF(OR('实盘净值数据(iFinD公式)'!$A18="",'实盘净值数据(iFinD公式)'!$B18=""),"",分期持仓明细!$AB$14*SUMPRODUCT(分期持仓明细!$B$14:$Y$14,'实盘净值数据(iFinD公式)'!$B18:$Y18/'实盘净值数据(iFinD公式)'!$B$17:$Y$17)*(1-实盘持仓初始配置!$Z$7)^(('实盘净值数据(iFinD公式)'!$A18-'实盘净值数据(iFinD公式)'!$A$8)/365)) -> 0.99500515 | L18: =IF(OR(K17="",K18=""),"",K18/K17-1) -> 0.00010977629 | M18: =IF(K18="","",K18/MAX(K$5:K18)-1) -> -0.0082398804 | N18: =IF(OR('实盘净值数据(iFinD公式)'!$A18="",'实盘净值数据(iFinD公式)'!$B18=""),"",分期持仓明细!$AB$15*SUMPRODUCT(分期持仓明细!$B$15:$Y$15,'实盘净值数据(iFinD公式)'!$B18:$Y18/'实盘净值数据(iFinD公式)'!$B$17:$Y$17)*(1-实盘持仓初始配置!$Z$8)^(('实盘净值数据(iFinD公式)'!$A18-'实盘净值数据(iFinD公式)'!$A$5)/365)) -> 0.99365827 | O18: =IF(OR(N17="",N18=""),"",N18/N17-1) -> 0.00015120483 | P18: =IF(N18="","",N18/MAX(N$5:N18)-1) -> -0.0090274047 | Q18: =IF(OR('实盘净值数据(iFinD公式)'!$A18="",'实盘净值数据(iFinD公式)'!$B18=""),"",分期持仓明细!$AB$16*SUMPRODUCT(分期持仓明细!$B$16:$Y$16,'实盘净值数据(iFinD公式)'!$B18:$Y18/'实盘净值数据(iFinD公式)'!$B$17:$Y$17)*(1-实盘持仓初始配置!$Z$9)^(('实盘净值数据(iFinD公式)'!$A18-'实盘净值数据(iFinD公式)'!$A$8)/365)) -> 0.98291599 | R18: =IF(OR(Q17="",Q18=""),"",Q18/Q17-1) -> -0.0011556246 | S18: =IF(Q18="","",Q18/MAX(Q$5:Q18)-1) -> -0.025621392
A19: =IF('实盘净值数据(iFinD公式)'!A19="","",'实盘净值数据(iFinD公式)'!A19) -> 46212 | B19: =IF(OR((ROW()-1)<6,'实盘净值数据(iFinD公式)'!$A19="",'实盘净值数据(iFinD公式)'!$B19=""),"",SUMPRODUCT(实盘持仓初始配置!$B$4:$X$4,'实盘净值数据(iFinD公式)'!$B19:$X19/'实盘净值数据(iFinD公式)'!$B$6:$X$6)*(1-实盘持仓初始配置!$Z$4)^(('实盘净值数据(iFinD公式)'!$A19-'实盘净值数据(iFinD公式)'!$A$6)/365)) -> 1.0001196 | C19: =IF(OR(B18="",'实盘净值数据(iFinD公式)'!$A19="",'实盘净值数据(iFinD公式)'!$B19=""),"",(SUMPRODUCT(实盘持仓初始配置!$B$4:$X$4,'实盘净值数据(iFinD公式)'!$B18:$X18/'实盘净值数据(iFinD公式)'!$B$6:$X$6,'实盘净值数据(iFinD公式)'!$B19:$X19/'实盘净值数据(iFinD公式)'!$B18:$X18)/SUMPRODUCT(实盘持仓初始配置!$B$4:$X$4,'实盘净值数据(iFinD公式)'!$B18:$X18/'实盘净值数据(iFinD公式)'!$B$6:$X$6))*(1-实盘持仓初始配置!$Z$4)^(('实盘净值数据(iFinD公式)'!$A19-'实盘净值数据(iFinD公式)'!$A18)/365)-1) -> 0.068228128 | D19: =IF(B19="","",B19/MAX(B$5:B19)-1) -> -0.069524507 | E19: =IF(OR((ROW()-1)<5,'实盘净值数据(iFinD公式)'!$A19="",'实盘净值数据(iFinD公式)'!$B19=""),"",SUMPRODUCT(实盘持仓初始配置!$B$5:$X$5,'实盘净值数据(iFinD公式)'!$B19:$X19/'实盘净值数据(iFinD公式)'!$B$5:$X$5)*(1-实盘持仓初始配置!$Z$5)^(('实盘净值数据(iFinD公式)'!$A19-'实盘净值数据(iFinD公式)'!$A$5)/365)) -> 1.0231939 | F19: =IF(OR(E18="",'实盘净值数据(iFinD公式)'!$A19="",'实盘净值数据(iFinD公式)'!$B19=""),"",(SUMPRODUCT(实盘持仓初始配置!$B$5:$X$5,'实盘净值数据(iFinD公式)'!$B18:$X18/'实盘净值数据(iFinD公式)'!$B$5:$X$5,'实盘净值数据(iFinD公式)'!$B19:$X19/'实盘净值数据(iFinD公式)'!$B18:$X18)/SUMPRODUCT(实盘持仓初始配置!$B$5:$X$5,'实盘净值数据(iFinD公式)'!$B18:$X18/'实盘净值数据(iFinD公式)'!$B$5:$X$5))*(1-实盘持仓初始配置!$Z$5)^(('实盘净值数据(iFinD公式)'!$A19-'实盘净值数据(iFinD公式)'!$A18)/365)-1) -> 0.068257119 | G19: =IF(E19="","",E19/MAX(E$5:E19)-1) -> -0.069601148 | H19: =IF(OR((ROW()-1)<7,'实盘净值数据(iFinD公式)'!$A19="",'实盘净值数据(iFinD公式)'!$B19=""),"",SUMPRODUCT(实盘持仓初始配置!$B$6:$X$6,'实盘净值数据(iFinD公式)'!$B19:$X19/'实盘净值数据(iFinD公式)'!$B$7:$X$7)*(1-实盘持仓初始配置!$Z$6)^(('实盘净值数据(iFinD公式)'!$A19-'实盘净值数据(iFinD公式)'!$A$7)/365)) -> 1.0473337 | I19: =IF(OR(H18="",'实盘净值数据(iFinD公式)'!$A19="",'实盘净值数据(iFinD公式)'!$B19=""),"",(SUMPRODUCT(实盘持仓初始配置!$B$6:$X$6,'实盘净值数据(iFinD公式)'!$B18:$X18/'实盘净值数据(iFinD公式)'!$B$7:$X$7,'实盘净值数据(iFinD公式)'!$B19:$X19/'实盘净值数据(iFinD公式)'!$B18:$X18)/SUMPRODUCT(实盘持仓初始配置!$B$6:$X$6,'实盘净值数据(iFinD公式)'!$B18:$X18/'实盘净值数据(iFinD公式)'!$B$7:$X$7))*(1-实盘持仓初始配置!$Z$6)^(('实盘净值数据(iFinD公式)'!$A19-'实盘净值数据(iFinD公式)'!$A18)/365)-1) -> 0.068693673 | J19: =IF(H19="","",H19/MAX(H$5:H19)-1) -> -0.05790469 | K19: =IF(OR('实盘净值数据(iFinD公式)'!$A19="",'实盘净值数据(iFinD公式)'!$B19=""),"",分期持仓明细!$AB$14*SUMPRODUCT(分期持仓明细!$B$14:$Y$14,'实盘净值数据(iFinD公式)'!$B19:$Y19/'实盘净值数据(iFinD公式)'!$B$17:$Y$17)*(1-实盘持仓初始配置!$Z$7)^(('实盘净值数据(iFinD公式)'!$A19-'实盘净值数据(iFinD公式)'!$A$8)/365)) -> 1.0000252 | L19: =IF(OR(K18="",K19=""),"",K19/K18-1) -> 0.005045245 | M19: =IF(K19="","",K19/MAX(K$5:K19)-1) -> -0.0032362076 | N19: =IF(OR('实盘净值数据(iFinD公式)'!$A19="",'实盘净值数据(iFinD公式)'!$B19=""),"",分期持仓明细!$AB$15*SUMPRODUCT(分期持仓明细!$B$15:$Y$15,'实盘净值数据(iFinD公式)'!$B19:$Y19/'实盘净值数据(iFinD公式)'!$B$17:$Y$17)*(1-实盘持仓初始配置!$Z$8)^(('实盘净值数据(iFinD公式)'!$A19-'实盘净值数据(iFinD公式)'!$A$5)/365)) -> 0.99875368 | O19: =IF(OR(N18="",N19=""),"",N19/N18-1) -> 0.0051279302 | P19: =IF(N19="","",N19/MAX(N$5:N19)-1) -> -0.0039457663 | Q19: =IF(OR('实盘净值数据(iFinD公式)'!$A19="",'实盘净值数据(iFinD公式)'!$B19=""),"",分期持仓明细!$AB$16*SUMPRODUCT(分期持仓明细!$B$16:$Y$16,'实盘净值数据(iFinD公式)'!$B19:$Y19/'实盘净值数据(iFinD公式)'!$B$17:$Y$17)*(1-实盘持仓初始配置!$Z$9)^(('实盘净值数据(iFinD公式)'!$A19-'实盘净值数据(iFinD公式)'!$A$8)/365)) -> 0.99677409 | R19: =IF(OR(Q18="",Q19=""),"",Q19/Q18-1) -> 0.014098969 | S19: =IF(Q19="","",Q19/MAX(Q$5:Q19)-1) -> -0.011883658
A20: =IF('实盘净值数据(iFinD公式)'!A20="","",'实盘净值数据(iFinD公式)'!A20) -> 46213 | B20: =IF(OR((ROW()-1)<6,'实盘净值数据(iFinD公式)'!$A20="",'实盘净值数据(iFinD公式)'!$B20=""),"",SUMPRODUCT(实盘持仓初始配置!$B$4:$X$4,'实盘净值数据(iFinD公式)'!$B20:$X20/'实盘净值数据(iFinD公式)'!$B$6:$X$6)*(1-实盘持仓初始配置!$Z$4)^(('实盘净值数据(iFinD公式)'!$A20-'实盘净值数据(iFinD公式)'!$A$6)/365)) -> 0.95179418 | C20: =IF(OR(B19="",'实盘净值数据(iFinD公式)'!$A20="",'实盘净值数据(iFinD公式)'!$B20=""),"",(SUMPRODUCT(实盘持仓初始配置!$B$4:$X$4,'实盘净值数据(iFinD公式)'!$B19:$X19/'实盘净值数据(iFinD公式)'!$B$6:$X$6,'实盘净值数据(iFinD公式)'!$B20:$X20/'实盘净值数据(iFinD公式)'!$B19:$X19)/SUMPRODUCT(实盘持仓初始配置!$B$4:$X$4,'实盘净值数据(iFinD公式)'!$B19:$X19/'实盘净值数据(iFinD公式)'!$B$6:$X$6))*(1-实盘持仓初始配置!$Z$4)^(('实盘净值数据(iFinD公式)'!$A20-'实盘净值数据(iFinD公式)'!$A19)/365)-1) -> -0.048319683 | D20: =IF(B20="","",B20/MAX(B$5:B20)-1) -> -0.11448479 | E20: =IF(OR((ROW()-1)<5,'实盘净值数据(iFinD公式)'!$A20="",'实盘净值数据(iFinD公式)'!$B20=""),"",SUMPRODUCT(实盘持仓初始配置!$B$5:$X$5,'实盘净值数据(iFinD公式)'!$B20:$X20/'实盘净值数据(iFinD公式)'!$B$5:$X$5)*(1-实盘持仓初始配置!$Z$5)^(('实盘净值数据(iFinD公式)'!$A20-'实盘净值数据(iFinD公式)'!$A$5)/365)) -> 0.97374228 | F20: =IF(OR(E19="",'实盘净值数据(iFinD公式)'!$A20="",'实盘净值数据(iFinD公式)'!$B20=""),"",(SUMPRODUCT(实盘持仓初始配置!$B$5:$X$5,'实盘净值数据(iFinD公式)'!$B19:$X19/'实盘净值数据(iFinD公式)'!$B$5:$X$5,'实盘净值数据(iFinD公式)'!$B20:$X20/'实盘净值数据(iFinD公式)'!$B19:$X19)/SUMPRODUCT(实盘持仓初始配置!$B$5:$X$5,'实盘净值数据(iFinD公式)'!$B19:$X19/'实盘净值数据(iFinD公式)'!$B$5:$X$5))*(1-实盘持仓初始配置!$Z$5)^(('实盘净值数据(iFinD公式)'!$A20-'实盘净值数据(iFinD公式)'!$A19)/365)-1) -> -0.048330662 | G20: =IF(E20="","",E20/MAX(E$5:E20)-1) -> -0.11456794 | H20: =IF(OR((ROW()-1)<7,'实盘净值数据(iFinD公式)'!$A20="",'实盘净值数据(iFinD公式)'!$B20=""),"",SUMPRODUCT(实盘持仓初始配置!$B$6:$X$6,'实盘净值数据(iFinD公式)'!$B20:$X20/'实盘净值数据(iFinD公式)'!$B$7:$X$7)*(1-实盘持仓初始配置!$Z$6)^(('实盘净值数据(iFinD公式)'!$A20-'实盘净值数据(iFinD公式)'!$A$7)/365)) -> 0.99344026 | I20: =IF(OR(H19="",'实盘净值数据(iFinD公式)'!$A20="",'实盘净值数据(iFinD公式)'!$B20=""),"",(SUMPRODUCT(实盘持仓初始配置!$B$6:$X$6,'实盘净值数据(iFinD公式)'!$B19:$X19/'实盘净值数据(iFinD公式)'!$B$7:$X$7,'实盘净值数据(iFinD公式)'!$B20:$X20/'实盘净值数据(iFinD公式)'!$B19:$X19)/SUMPRODUCT(实盘持仓初始配置!$B$6:$X$6,'实盘净值数据(iFinD公式)'!$B19:$X19/'实盘净值数据(iFinD公式)'!$B$7:$X$7))*(1-实盘持仓初始配置!$Z$6)^(('实盘净值数据(iFinD公式)'!$A20-'实盘净值数据(iFinD公式)'!$A19)/365)-1) -> -0.051457719 | J20: =IF(H20="","",H20/MAX(H$5:H20)-1) -> -0.10638277 | K20: =IF(OR('实盘净值数据(iFinD公式)'!$A20="",'实盘净值数据(iFinD公式)'!$B20=""),"",分期持仓明细!$AB$14*SUMPRODUCT(分期持仓明细!$B$14:$Y$14,'实盘净值数据(iFinD公式)'!$B20:$Y20/'实盘净值数据(iFinD公式)'!$B$17:$Y$17)*(1-实盘持仓初始配置!$Z$7)^(('实盘净值数据(iFinD公式)'!$A20-'实盘净值数据(iFinD公式)'!$A$8)/365)) -> 0.99617952 | L20: =IF(OR(K19="",K20=""),"",K20/K19-1) -> -0.0038455791 | M20: =IF(K20="","",K20/MAX(K$5:K20)-1) -> -0.0070693416 | N20: =IF(OR('实盘净值数据(iFinD公式)'!$A20="",'实盘净值数据(iFinD公式)'!$B20=""),"",分期持仓明细!$AB$15*SUMPRODUCT(分期持仓明细!$B$15:$Y$15,'实盘净值数据(iFinD公式)'!$B20:$Y20/'实盘净值数据(iFinD公式)'!$B$17:$Y$17)*(1-实盘持仓初始配置!$Z$8)^(('实盘净值数据(iFinD公式)'!$A20-'实盘净值数据(iFinD公式)'!$A$5)/365)) -> 0.99502796 | O20: =IF(OR(N19="",N20=""),"",N20/N19-1) -> -0.0037303653 | P20: =IF(N20="","",N20/MAX(N$5:N20)-1) -> -0.0076614125 | Q20: =IF(OR('实盘净值数据(iFinD公式)'!$A20="",'实盘净值数据(iFinD公式)'!$B20=""),"",分期持仓明细!$AB$16*SUMPRODUCT(分期持仓明细!$B$16:$Y$16,'实盘净值数据(iFinD公式)'!$B20:$Y20/'实盘净值数据(iFinD公式)'!$B$17:$Y$17)*(1-实盘持仓初始配置!$Z$9)^(('实盘净值数据(iFinD公式)'!$A20-'实盘净值数据(iFinD公式)'!$A$8)/365)) -> 0.98602016 | R20: =IF(OR(Q19="",Q20=""),"",Q20/Q19-1) -> -0.010788736 | S20: =IF(Q20="","",Q20/MAX(Q$5:Q20)-1) -> -0.022544185
A21: =IF('实盘净值数据(iFinD公式)'!A21="","",'实盘净值数据(iFinD公式)'!A21) -> 46216 | B21: =IF(OR('实盘净值数据(iFinD公式)'!$A21="",'实盘净值数据(iFinD公式)'!$B21=""),"",分期持仓明细!$AB$17*SUMPRODUCT(分期持仓明细!$B$17:$Y$17,'实盘净值数据(iFinD公式)'!$B21:$Y21/'实盘净值数据(iFinD公式)'!$B$20:$Y$20)*(1-实盘持仓初始配置!$Z$4)^(('实盘净值数据(iFinD公式)'!$A21-'实盘净值数据(iFinD公式)'!$A$6)/365)) -> 0.91697363 | C21: =IF(OR(B20="",B21=""),"",B21/B20-1) -> -0.036584115 | D21: =IF(B21="","",B21/MAX(B$5:B21)-1) -> -0.14688058 | E21: =IF(OR('实盘净值数据(iFinD公式)'!$A21="",'实盘净值数据(iFinD公式)'!$B21=""),"",分期持仓明细!$AB$18*SUMPRODUCT(分期持仓明细!$B$18:$Y$18,'实盘净值数据(iFinD公式)'!$B21:$Y21/'实盘净值数据(iFinD公式)'!$B$20:$Y$20)*(1-实盘持仓初始配置!$Z$5)^(('实盘净值数据(iFinD公式)'!$A21-'实盘净值数据(iFinD公式)'!$A$5)/365)) -> 0.9380814 | F21: =IF(OR(E20="",E21=""),"",E21/E20-1) -> -0.036622509 | G21: =IF(E21="","",E21/MAX(E$5:E21)-1) -> -0.14699468 | H21: =IF(OR('实盘净值数据(iFinD公式)'!$A21="",'实盘净值数据(iFinD公式)'!$B21=""),"",分期持仓明细!$AB$19*SUMPRODUCT(分期持仓明细!$B$19:$Y$19,'实盘净值数据(iFinD公式)'!$B21:$Y21/'实盘净值数据(iFinD公式)'!$B$20:$Y$20)*(1-实盘持仓初始配置!$Z$6)^(('实盘净值数据(iFinD公式)'!$A21-'实盘净值数据(iFinD公式)'!$A$7)/365)) -> 0.95546552 | I21: =IF(OR(H20="",H21=""),"",H21/H20-1) -> -0.038225496 | J21: =IF(H21="","",H21/MAX(H$5:H21)-1) -> -0.14054173 | K21: =IF(OR('实盘净值数据(iFinD公式)'!$A21="",'实盘净值数据(iFinD公式)'!$B21=""),"",分期持仓明细!$AB$14*SUMPRODUCT(分期持仓明细!$B$14:$Y$14,'实盘净值数据(iFinD公式)'!$B21:$Y21/'实盘净值数据(iFinD公式)'!$B$17:$Y$17)*(1-实盘持仓初始配置!$Z$7)^(('实盘净值数据(iFinD公式)'!$A21-'实盘净值数据(iFinD公式)'!$A$8)/365)) -> 0.99092 | L21: =IF(OR(K20="",K21=""),"",K21/K20-1) -> -0.0052796945 | M21: =IF(K21="","",K21/MAX(K$5:K21)-1) -> -0.012311712 | N21: =IF(OR('实盘净值数据(iFinD公式)'!$A21="",'实盘净值数据(iFinD公式)'!$B21=""),"",分期持仓明细!$AB$15*SUMPRODUCT(分期持仓明细!$B$15:$Y$15,'实盘净值数据(iFinD公式)'!$B21:$Y21/'实盘净值数据(iFinD公式)'!$B$17:$Y$17)*(1-实盘持仓初始配置!$Z$8)^(('实盘净值数据(iFinD公式)'!$A21-'实盘净值数据(iFinD公式)'!$A$5)/365)) -> 0.98984402 | O21: =IF(OR(N20="",N21=""),"",N21/N20-1) -> -0.0052098486 | P21: =IF(N21="","",N21/MAX(N$5:N21)-1) -> -0.012831346 | Q21: =IF(OR('实盘净值数据(iFinD公式)'!$A21="",'实盘净值数据(iFinD公式)'!$B21=""),"",分期持仓明细!$AB$16*SUMPRODUCT(分期持仓明细!$B$16:$Y$16,'实盘净值数据(iFinD公式)'!$B21:$Y21/'实盘净值数据(iFinD公式)'!$B$17:$Y$17)*(1-实盘持仓初始配置!$Z$9)^(('实盘净值数据(iFinD公式)'!$A21-'实盘净值数据(iFinD公式)'!$A$8)/365)) -> 0.97202142 | R21: =IF(OR(Q20="",Q21=""),"",Q21/Q20-1) -> -0.014197214 | S21: =IF(Q21="","",Q21/MAX(Q$5:Q21)-1) -> -0.036421334
A22: =IF('实盘净值数据(iFinD公式)'!A22="","",'实盘净值数据(iFinD公式)'!A22) -> 46217 | B22: =IF(OR('实盘净值数据(iFinD公式)'!$A22="",'实盘净值数据(iFinD公式)'!$B22=""),"",分期持仓明细!$AB$17*SUMPRODUCT(分期持仓明细!$B$17:$Y$17,'实盘净值数据(iFinD公式)'!$B22:$Y22/'实盘净值数据(iFinD公式)'!$B$20:$Y$20)*(1-实盘持仓初始配置!$Z$4)^(('实盘净值数据(iFinD公式)'!$A22-'实盘净值数据(iFinD公式)'!$A$6)/365)) -> 0.94637062 | C22: =IF(OR(B21="",B22=""),"",B22/B21-1) -> 0.032058713 | D22: =IF(B22="","",B22/MAX(B$5:B22)-1) -> -0.11953067 | E22: =IF(OR('实盘净值数据(iFinD公式)'!$A22="",'实盘净值数据(iFinD公式)'!$B22=""),"",分期持仓明细!$AB$18*SUMPRODUCT(分期持仓明细!$B$18:$Y$18,'实盘净值数据(iFinD公式)'!$B22:$Y22/'实盘净值数据(iFinD公式)'!$B$20:$Y$20)*(1-实盘持仓初始配置!$Z$5)^(('实盘净值数据(iFinD公式)'!$A22-'实盘净值数据(iFinD公式)'!$A$5)/365)) -> 0.9683001 | F22: =IF(OR(E21="",E22=""),"",E22/E21-1) -> 0.032213305 | G22: =IF(E22="","",E22/MAX(E$5:E22)-1) -> -0.11951656 | H22: =IF(OR('实盘净值数据(iFinD公式)'!$A22="",'实盘净值数据(iFinD公式)'!$B22=""),"",分期持仓明细!$AB$19*SUMPRODUCT(分期持仓明细!$B$19:$Y$19,'实盘净值数据(iFinD公式)'!$B22:$Y22/'实盘净值数据(iFinD公式)'!$B$20:$Y$20)*(1-实盘持仓初始配置!$Z$6)^(('实盘净值数据(iFinD公式)'!$A22-'实盘净值数据(iFinD公式)'!$A$7)/365)) -> 0.9812207 | I22: =IF(OR(H21="",H22=""),"",H22/H21-1) -> 0.026955637 | J22: =IF(H22="","",H22/MAX(H$5:H22)-1) -> -0.11737448 | K22: =IF(OR('实盘净值数据(iFinD公式)'!$A22="",'实盘净值数据(iFinD公式)'!$B22=""),"",分期持仓明细!$AB$14*SUMPRODUCT(分期持仓明细!$B$14:$Y$14,'实盘净值数据(iFinD公式)'!$B22:$Y22/'实盘净值数据(iFinD公式)'!$B$17:$Y$17)*(1-实盘持仓初始配置!$Z$7)^(('实盘净值数据(iFinD公式)'!$A22-'实盘净值数据(iFinD公式)'!$A$8)/365)) -> 0.99334753 | L22: =IF(OR(K21="",K22=""),"",K22/K21-1) -> 0.0024497772 | M22: =IF(K22="","",K22/MAX(K$5:K22)-1) -> -0.0098920959 | N22: =IF(OR('实盘净值数据(iFinD公式)'!$A22="",'实盘净值数据(iFinD公式)'!$B22=""),"",分期持仓明细!$AB$15*SUMPRODUCT(分期持仓明细!$B$15:$Y$15,'实盘净值数据(iFinD公式)'!$B22:$Y22/'实盘净值数据(iFinD公式)'!$B$17:$Y$17)*(1-实盘持仓初始配置!$Z$8)^(('实盘净值数据(iFinD公式)'!$A22-'实盘净值数据(iFinD公式)'!$A$5)/365)) -> 0.99259573 | O22: =IF(OR(N21="",N22=""),"",N22/N21-1) -> 0.0027799403 | P22: =IF(N22="","",N22/MAX(N$5:N22)-1) -> -0.010087076 | Q22: =IF(OR('实盘净值数据(iFinD公式)'!$A22="",'实盘净值数据(iFinD公式)'!$B22=""),"",分期持仓明细!$AB$16*SUMPRODUCT(分期持仓明细!$B$16:$Y$16,'实盘净值数据(iFinD公式)'!$B22:$Y22/'实盘净值数据(iFinD公式)'!$B$17:$Y$17)*(1-实盘持仓初始配置!$Z$9)^(('实盘净值数据(iFinD公式)'!$A22-'实盘净值数据(iFinD公式)'!$A$8)/365)) -> 0.97923592 | R22: =IF(OR(Q21="",Q22=""),"",Q22/Q21-1) -> 0.0074221661 | S22: =IF(Q22="","",Q22/MAX(Q$5:Q22)-1) -> -0.029269493
A23: =IF('实盘净值数据(iFinD公式)'!A23="","",'实盘净值数据(iFinD公式)'!A23) -> 46218 | B23: =IF(OR('实盘净值数据(iFinD公式)'!$A23="",'实盘净值数据(iFinD公式)'!$B23=""),"",分期持仓明细!$AB$17*SUMPRODUCT(分期持仓明细!$B$17:$Y$17,'实盘净值数据(iFinD公式)'!$B23:$Y23/'实盘净值数据(iFinD公式)'!$B$20:$Y$20)*(1-实盘持仓初始配置!$Z$4)^(('实盘净值数据(iFinD公式)'!$A23-'实盘净值数据(iFinD公式)'!$A$6)/365)) -> 0.91699689 | C23: =IF(OR(B22="",B23=""),"",B23/B22-1) -> -0.031038299 | D23: =IF(B23="","",B23/MAX(B$5:B23)-1) -> -0.14685894 | E23: =IF(OR('实盘净值数据(iFinD公式)'!$A23="",'实盘净值数据(iFinD公式)'!$B23=""),"",分期持仓明细!$AB$18*SUMPRODUCT(分期持仓明细!$B$18:$Y$18,'实盘净值数据(iFinD公式)'!$B23:$Y23/'实盘净值数据(iFinD公式)'!$B$20:$Y$20)*(1-实盘持仓初始配置!$Z$5)^(('实盘净值数据(iFinD公式)'!$A23-'实盘净值数据(iFinD公式)'!$A$5)/365)) -> 0.93822864 | F23: =IF(OR(E22="",E23=""),"",E23/E22-1) -> -0.031055927 | G23: =IF(E23="","",E23/MAX(E$5:E23)-1) -> -0.14686079 | H23: =IF(OR('实盘净值数据(iFinD公式)'!$A23="",'实盘净值数据(iFinD公式)'!$B23=""),"",分期持仓明细!$AB$19*SUMPRODUCT(分期持仓明细!$B$19:$Y$19,'实盘净值数据(iFinD公式)'!$B23:$Y23/'实盘净值数据(iFinD公式)'!$B$20:$Y$20)*(1-实盘持仓初始配置!$Z$6)^(('实盘净值数据(iFinD公式)'!$A23-'实盘净值数据(iFinD公式)'!$A$7)/365)) -> 0.94548087 | I23: =IF(OR(H22="",H23=""),"",H23/H22-1) -> -0.036423841 | J23: =IF(H23="","",H23/MAX(H$5:H23)-1) -> -0.14952309 | K23: =IF(OR('实盘净值数据(iFinD公式)'!$A23="",'实盘净值数据(iFinD公式)'!$B23=""),"",分期持仓明细!$AB$14*SUMPRODUCT(分期持仓明细!$B$14:$Y$14,'实盘净值数据(iFinD公式)'!$B23:$Y23/'实盘净值数据(iFinD公式)'!$B$17:$Y$17)*(1-实盘持仓初始配置!$Z$7)^(('实盘净值数据(iFinD公式)'!$A23-'实盘净值数据(iFinD公式)'!$A$8)/365)) -> 0.99071728 | L23: =IF(OR(K22="",K23=""),"",K23/K22-1) -> -0.0026478637 | M23: =IF(K23="","",K23/MAX(K$5:K23)-1) -> -0.012513767 | N23: =IF(OR('实盘净值数据(iFinD公式)'!$A23="",'实盘净值数据(iFinD公式)'!$B23=""),"",分期持仓明细!$AB$15*SUMPRODUCT(分期持仓明细!$B$15:$Y$15,'实盘净值数据(iFinD公式)'!$B23:$Y23/'实盘净值数据(iFinD公式)'!$B$17:$Y$17)*(1-实盘持仓初始配置!$Z$8)^(('实盘净值数据(iFinD公式)'!$A23-'实盘净值数据(iFinD公式)'!$A$5)/365)) -> 0.990201 | O23: =IF(OR(N22="",N23=""),"",N23/N22-1) -> -0.0024125901 | P23: =IF(N23="","",N23/MAX(N$5:N23)-1) -> -0.012475331 | Q23: =IF(OR('实盘净值数据(iFinD公式)'!$A23="",'实盘净值数据(iFinD公式)'!$B23=""),"",分期持仓明细!$AB$16*SUMPRODUCT(分期持仓明细!$B$16:$Y$16,'实盘净值数据(iFinD公式)'!$B23:$Y23/'实盘净值数据(iFinD公式)'!$B$17:$Y$17)*(1-实盘持仓初始配置!$Z$9)^(('实盘净值数据(iFinD公式)'!$A23-'实盘净值数据(iFinD公式)'!$A$8)/365)) -> 0.97194176 | R23: =IF(OR(Q22="",Q23=""),"",Q23/Q22-1) -> -0.0074488288 | S23: =IF(Q23="","",Q23/MAX(Q$5:Q23)-1) -> -0.036500299
A24: =IF('实盘净值数据(iFinD公式)'!A24="","",'实盘净值数据(iFinD公式)'!A24) -> 46219 | B24: =IF(OR('实盘净值数据(iFinD公式)'!$A24="",'实盘净值数据(iFinD公式)'!$B24=""),"",分期持仓明细!$AB$17*SUMPRODUCT(分期持仓明细!$B$17:$Y$17,'实盘净值数据(iFinD公式)'!$B24:$Y24/'实盘净值数据(iFinD公式)'!$B$20:$Y$20)*(1-实盘持仓初始配置!$Z$4)^(('实盘净值数据(iFinD公式)'!$A24-'实盘净值数据(iFinD公式)'!$A$6)/365)) -> 0.87559564 | C24: =IF(OR(B23="",B24=""),"",B24/B23-1) -> -0.045148737 | D24: =IF(B24="","",B24/MAX(B$5:B24)-1) -> -0.18537718 | E24: =IF(OR('实盘净值数据(iFinD公式)'!$A24="",'实盘净值数据(iFinD公式)'!$B24=""),"",分期持仓明细!$AB$18*SUMPRODUCT(分期持仓明细!$B$18:$Y$18,'实盘净值数据(iFinD公式)'!$B24:$Y24/'实盘净值数据(iFinD公式)'!$B$20:$Y$20)*(1-实盘持仓初始配置!$Z$5)^(('实盘净值数据(iFinD公式)'!$A24-'实盘净值数据(iFinD公式)'!$A$5)/365)) -> 0.89587465 | F24: =IF(OR(E23="",E24=""),"",E24/E23-1) -> -0.045142505 | G24: =IF(E24="","",E24/MAX(E$5:E24)-1) -> -0.18537363 | H24: =IF(OR('实盘净值数据(iFinD公式)'!$A24="",'实盘净值数据(iFinD公式)'!$B24=""),"",分期持仓明细!$AB$19*SUMPRODUCT(分期持仓明细!$B$19:$Y$19,'实盘净值数据(iFinD公式)'!$B24:$Y24/'实盘净值数据(iFinD公式)'!$B$20:$Y$20)*(1-实盘持仓初始配置!$Z$6)^(('实盘净值数据(iFinD公式)'!$A24-'实盘净值数据(iFinD公式)'!$A$7)/365)) -> 0.90360618 | I24: =IF(OR(H23="",H24=""),"",H24/H23-1) -> -0.044289305 | J24: =IF(H24="","",H24/MAX(H$5:H24)-1) -> -0.18719013 | K24: =IF(OR('实盘净值数据(iFinD公式)'!$A24="",'实盘净值数据(iFinD公式)'!$B24=""),"",分期持仓明细!$AB$14*SUMPRODUCT(分期持仓明细!$B$14:$Y$14,'实盘净值数据(iFinD公式)'!$B24:$Y24/'实盘净值数据(iFinD公式)'!$B$17:$Y$17)*(1-实盘持仓初始配置!$Z$7)^(('实盘净值数据(iFinD公式)'!$A24-'实盘净值数据(iFinD公式)'!$A$8)/365)) -> 0.98676187 | L24: =IF(OR(K23="",K24=""),"",K24/K23-1) -> -0.0039924717 | M24: =IF(K24="","",K24/MAX(K$5:K24)-1) -> -0.016456277 | N24: =IF(OR('实盘净值数据(iFinD公式)'!$A24="",'实盘净值数据(iFinD公式)'!$B24=""),"",分期持仓明细!$AB$15*SUMPRODUCT(分期持仓明细!$B$15:$Y$15,'实盘净值数据(iFinD公式)'!$B24:$Y24/'实盘净值数据(iFinD公式)'!$B$17:$Y$17)*(1-实盘持仓初始配置!$Z$8)^(('实盘净值数据(iFinD公式)'!$A24-'实盘净值数据(iFinD公式)'!$A$5)/365)) -> 0.98611762 | O24: =IF(OR(N23="",N24=""),"",N24/N23-1) -> -0.0041237879 | P24: =IF(N24="","",N24/MAX(N$5:N24)-1) -> -0.016547673 | Q24: =IF(OR('实盘净值数据(iFinD公式)'!$A24="",'实盘净值数据(iFinD公式)'!$B24=""),"",分期持仓明细!$AB$16*SUMPRODUCT(分期持仓明细!$B$16:$Y$16,'实盘净值数据(iFinD公式)'!$B24:$Y24/'实盘净值数据(iFinD公式)'!$B$17:$Y$17)*(1-实盘持仓初始配置!$Z$9)^(('实盘净值数据(iFinD公式)'!$A24-'实盘净值数据(iFinD公式)'!$A$8)/365)) -> 0.96152632 | R24: =IF(OR(Q23="",Q24=""),"",Q24/Q23-1) -> -0.010716119 | S24: =IF(Q24="","",Q24/MAX(Q$5:Q24)-1) -> -0.046825276
A25: =IF('实盘净值数据(iFinD公式)'!A25="","",'实盘净值数据(iFinD公式)'!A25) -> 46220 | B25: =IF(OR('实盘净值数据(iFinD公式)'!$A25="",'实盘净值数据(iFinD公式)'!$B25=""),"",分期持仓明细!$AB$17*SUMPRODUCT(分期持仓明细!$B$17:$Y$17,'实盘净值数据(iFinD公式)'!$B25:$Y25/'实盘净值数据(iFinD公式)'!$B$20:$Y$20)*(1-实盘持仓初始配置!$Z$4)^(('实盘净值数据(iFinD公式)'!$A25-'实盘净值数据(iFinD公式)'!$A$6)/365)) -> 0.80395186 | C25: =IF(OR(B24="",B25=""),"",B25/B24-1) -> -0.081822901 | D25: =IF(B25="","",B25/MAX(B$5:B25)-1) -> -0.25203198 | E25: =IF(OR('实盘净值数据(iFinD公式)'!$A25="",'实盘净值数据(iFinD公式)'!$B25=""),"",分期持仓明细!$AB$18*SUMPRODUCT(分期持仓明细!$B$18:$Y$18,'实盘净值数据(iFinD公式)'!$B25:$Y25/'实盘净值数据(iFinD公式)'!$B$20:$Y$20)*(1-实盘持仓初始配置!$Z$5)^(('实盘净值数据(iFinD公式)'!$A25-'实盘净值数据(iFinD公式)'!$A$5)/365)) -> 0.82248092 | F25: =IF(OR(E24="",E25=""),"",E25/E24-1) -> -0.081924105 | G25: =IF(E25="","",E25/MAX(E$5:E25)-1) -> -0.25211117 | H25: =IF(OR('实盘净值数据(iFinD公式)'!$A25="",'实盘净值数据(iFinD公式)'!$B25=""),"",分期持仓明细!$AB$19*SUMPRODUCT(分期持仓明细!$B$19:$Y$19,'实盘净值数据(iFinD公式)'!$B25:$Y25/'实盘净值数据(iFinD公式)'!$B$20:$Y$20)*(1-实盘持仓初始配置!$Z$6)^(('实盘净值数据(iFinD公式)'!$A25-'实盘净值数据(iFinD公式)'!$A$7)/365)) -> 0.83721468 | I25: =IF(OR(H24="",H25=""),"",H25/H24-1) -> -0.073473931 | J25: =IF(H25="","",H25/MAX(H$5:H25)-1) -> -0.24691046 | K25: =IF(OR('实盘净值数据(iFinD公式)'!$A25="",'实盘净值数据(iFinD公式)'!$B25=""),"",分期持仓明细!$AB$20*SUMPRODUCT(分期持仓明细!$B$20:$Y$20,'实盘净值数据(iFinD公式)'!$B25:$Y25/'实盘净值数据(iFinD公式)'!$B$25:$Y$25)*(1-实盘持仓初始配置!$Z$7)^(('实盘净值数据(iFinD公式)'!$A25-'实盘净值数据(iFinD公式)'!$A$8)/365)) -> 0.98017964 | L25: =IF(OR(K24="",K25=""),"",K25/K24-1) -> -0.006670541 | M25: =IF(K25="","",K25/MAX(K$5:K25)-1) -> -0.023017046 | N25: =IF(OR('实盘净值数据(iFinD公式)'!$A25="",'实盘净值数据(iFinD公式)'!$B25=""),"",分期持仓明细!$AB$21*SUMPRODUCT(分期持仓明细!$B$21:$Y$21,'实盘净值数据(iFinD公式)'!$B25:$Y25/'实盘净值数据(iFinD公式)'!$B$25:$Y$25)*(1-实盘持仓初始配置!$Z$8)^(('实盘净值数据(iFinD公式)'!$A25-'实盘净值数据(iFinD公式)'!$A$5)/365)) -> 0.97900478 | O25: =IF(OR(N24="",N25=""),"",N25/N24-1) -> -0.0072129719 | P25: =IF(N25="","",N25/MAX(N$5:N25)-1) -> -0.023641287 | Q25: =IF(OR('实盘净值数据(iFinD公式)'!$A25="",'实盘净值数据(iFinD公式)'!$B25=""),"",分期持仓明细!$AB$22*SUMPRODUCT(分期持仓明细!$B$22:$Y$22,'实盘净值数据(iFinD公式)'!$B25:$Y25/'实盘净值数据(iFinD公式)'!$B$25:$Y$25)*(1-实盘持仓初始配置!$Z$9)^(('实盘净值数据(iFinD公式)'!$A25-'实盘净值数据(iFinD公式)'!$A$8)/365)) -> 0.94210029 | R25: =IF(OR(Q24="",Q25=""),"",Q25/Q24-1) -> -0.020203328 | S25: =IF(Q25="","",Q25/MAX(Q$5:Q25)-1) -> -0.066082577
