Workbook
Name _ChartDates: 实盘组合净值!$A$7:INDEX(实盘组合净值!$A$7:$A$1000,MATCH(9.99999999999999E+307,实盘组合净值!$A$7:$A$1000))
Name _ChartValues: 实盘组合净值!$H$7:INDEX(实盘组合净值!$H$7:$H$1000,MATCH(9.99999999999999E+307,实盘组合净值!$A$7:$A$1000))

Sheet 日期页
B1: 同花顺交易日 | C1: 自然日
A2: 最新交易日 | B2: =[1]!thsiFinD("ths_new_forward_nearest_trade_date_func",C2,100) -> 46304 | C2: =E2 -> 46304 | D2: 今日 | E2: =TODAY() -> 46304
A3: 上一交易日 | B3: =[1]!thsiFinD("ths_new_forward_nearest_trade_date_func",C3,100) -> 46303 | C3: =B2-1 -> 46303 | D3: 昨日
A4: 本周第一个交易日 | B4: =[1]!thsiFinD("ths_new_backward_nearest_trade_date_func",C4,100) -> 46303 | C4: =B2- WEEKDAY(B2, 2)+1 -> 46300 | D4: 本周一
A5: 上周最后一个交易日 | B5: =[1]!thsiFinD("ths_new_forward_nearest_trade_date_func",C5,100) -> 46295 | C5: =B2- WEEKDAY(B2, 2) - 2 -> 46297 | D5: 上周五
A6: 上线后第一个交易日 | B6: =[1]!thsiFinD("ths_new_backward_nearest_trade_date_func",C6+1,100) -> 46195 | C6: 46191 | D6: 上线日
A8: FOF估值
A9: 前1个交易日 | B9: =[1]!thsiFinD("ths_new_forward_nearest_trade_date_func",B10-1,100) -> 46294
A10: 上2个交易日 | B10: =[1]!thsiFinD("ths_new_forward_nearest_trade_date_func",B3-1,100) -> 46295

Sheet 每日组合
A1: 样板间投顾组合业绩预估 | D1: ="更新日期："&TEXT(H4,"yyyy-mm-dd") -> 更新日期：2026-10-09 | G1: 上线以来 | H1: =日期页!C6 -> 46191 | I1: 46195 | J1: 46282
A2: 注：收益率数据根据相关组合的持仓、费率估算，仅供内部参考，请勿外发 | G2: 上周五/本周初 | H2: =日期页!B5 -> 46295 | I2: =日期页!B4 -> 46303
A3: 组合名称 | B3: 日涨跌 | C3: 本周以来 | D3: 累计涨跌 | E3: 上线日期 | F3: 年费率 | G3: 上一个交易日 | H3: =日期页!B3 -> 46303
A4: 10/90策略 | G4: 最新交易日 | H4: =日期页!B2 -> 46304 | I4: =H3 -> 46303 | J4: =H2 -> 46295 | K4: 日涨跌幅 | L4: 本周以来 | M4: 累计涨跌幅
A5: 10/90基石 | B5: =K5 -> -1.3732897e-05 | C5: =L5 -> -0.0045361692 | D5: =M5 -> -0.016245733 | E5: 46191 | F5: 0.005 | H5: =VLOOKUP(H$4,实盘组合净值!$A:$S,14,0) -> 0.98375427 | I5: =VLOOKUP(I$4,实盘组合净值!$A:$S,14,0) -> 0.98376778 | J5: =VLOOKUP(J$4,实盘组合净值!$A:$S,14,0) -> 0.98823708 | K5: =H5/I5-1 -> -1.3732897e-05 | L5: =H5/J5-1 -> -0.0045361692 | M5: =H5-1 -> -0.016245733
A6: 10/90 | B6: =K6 -> -2.2005708e-05 | C6: =L6 -> -0.0043694913 | D6: =M6 -> -0.017093031 | E6: 46197 | F6: 0.008 | H6: =VLOOKUP(H$4,实盘组合净值!$A:$S,11,0) -> 0.98290697 | I6: =VLOOKUP(I$4,实盘组合净值!$A:$S,11,0) -> 0.9829286 | J6: =VLOOKUP(J$4,实盘组合净值!$A:$S,11,0) -> 0.98722062 | K6: =H6/I6-1 -> -2.2005708e-05 | L6: =H6/J6-1 -> -0.0043694913 | M6: =H6-1 -> -0.017093031
A7: 20/80策略
A8: 20/80 | B8: =K8 -> -2.2005708e-05 | C8: =L8 -> -0.0019100001 | D8: =M8 -> -0.0031930669 | E8: 46282 | F8: 0.008 | H8: =VLOOKUP(H$4,实盘组合净值!$A:$V,20,0) -> 0.99680693 | I8: =VLOOKUP(I$4,实盘组合净值!$A:$V,20,0) -> 0.99682887 | J8: =VLOOKUP(J$4,实盘组合净值!$A:$V,20,0) -> 0.99871448 | K8: =H8/I8-1 -> -2.2005708e-05 | L8: =H8/J8-1 -> -0.0019100001 | M8: =H8-1 -> -0.0031930669
A9: 30/70策略
A10: 30/70 | B10: =K10 -> -3.3075018e-05 | C10: =L10 -> -0.011892183 | D10: =M10 -> -0.066274013 | E10: 46197 | F10: 0.012 | H10: =VLOOKUP(H$4,实盘组合净值!$A:$S,17,0) -> 0.93372599 | I10: =VLOOKUP(I$4,实盘组合净值!$A:$S,17,0) -> 0.93375687 | J10: =VLOOKUP(J$4,实盘组合净值!$A:$S,17,0) -> 0.94496367 | K10: =H10/I10-1 -> -3.3075018e-05 | L10: =H10/J10-1 -> -0.011892183 | M10: =H10-1 -> -0.066274013
A11: 产业趋势策略
A12: 产业趋势基石 | B12: =K12 -> -3.3075018e-05 | C12: =L12 -> -0.051912754 | D12: =M12 -> -0.24909217 | E12: 46191 | F12: 0.012 | H12: =VLOOKUP(H$4,实盘组合净值!$A:$S,5,0) -> 0.75090783 | I12: =VLOOKUP(I$4,实盘组合净值!$A:$S,5,0) -> 0.75093267 | J12: =VLOOKUP(J$4,实盘组合净值!$A:$S,5,0) -> 0.79202398 | K12: =H12/I12-1 -> -3.3075018e-05 | L12: =H12/J12-1 -> -0.051912754 | M12: =H12-1 -> -0.24909217
A13: 产业趋势 | B13: =K13 -> -4.140637e-05 | C13: =L13 -> -0.051897011 | D13: =M13 -> -0.26639482 | E13: 46195 | F13: 0.015 | H13: =VLOOKUP(H$4,实盘组合净值!$A:$S,2,0) -> 0.73360518 | I13: =VLOOKUP(I$4,实盘组合净值!$A:$S,2,0) -> 0.73363556 | J13: =VLOOKUP(J$4,实盘组合净值!$A:$S,2,0) -> 0.77376107 | K13: =H13/I13-1 -> -4.140637e-05 | L13: =H13/J13-1 -> -0.051897011 | M13: =H13-1 -> -0.26639482
A14: 产业趋势2号 | B14: =K14 -> -4.140637e-05 | C14: =L14 -> -0.045766704 | D14: =M14 -> -0.25213502 | E14: 46197 | F14: 0.015 | H14: =VLOOKUP(H$4,实盘组合净值!$A:$S,8,0) -> 0.74786498 | I14: =VLOOKUP(I$4,实盘组合净值!$A:$S,8,0) -> 0.74789595 | J14: =VLOOKUP(J$4,实盘组合净值!$A:$S,8,0) -> 0.7837339 | K14: =H14/I14-1 -> -4.140637e-05 | L14: =H14/J14-1 -> -0.045766704 | M14: =H14-1 -> -0.25213502

Sheet 每日1090
B1: 10/90投顾组合业绩预估 | E1: =每日组合!D1 -> 更新日期：2026-10-09 | H1: =每日组合!G1 -> 上线以来 | I1: =每日组合!H1 -> 46191 | J1: =每日组合!I1 -> 46195
B2: 注：收益率数据根据相关组合的持仓、费率估算，仅供内部参考，请勿外发 | H2: =每日组合!G2 -> 上周五/本周初 | I2: =每日组合!H2 -> 46295 | J2: =每日组合!I2 -> 46303
B3: 一、组合总览 | H3: =每日组合!G3 -> 上一个交易日 | I3: =每日组合!H3 -> 46303
B4: 组合名称 | C4: 日涨跌 | D4: 本周以来 | E4: 上线以来 | F4: 上线日期 | H4: =每日组合!G4 -> 最新交易日 | I4: =每日组合!H4 -> 46304 | J4: =每日组合!I4 -> 46303 | K4: =每日组合!J4 -> 46295
B5: 10/90基石 | C5: =每日组合!B5 -> -1.3732897e-05 | D5: =每日组合!C5 -> -0.0045361692 | E5: =每日组合!D5 -> -0.016245733 | F5: =每日组合!E5 -> 46191
B6: 10/90 | C6: =每日组合!B6 -> -2.2005708e-05 | D6: =每日组合!C6 -> -0.0043694913 | E6: =每日组合!D6 -> -0.017093031 | F6: =每日组合!E6 -> 46197
B7: 二、持仓基金表现
A8: 基金代码 | B8: 10/90基石 | C8: 今日涨跌 | D8: 本周以来 | E8: 上线以来 | F8: 比例 | H8: 46195
A9: 007044.OF | B9: =[1]!thsiFinD("ths_fund_short_name_fund",A9) -> 博道沪深300指数增强A | C9: =[1]!thsiFinD("ths_adjustment_nvg_ratio_fund",$A9,$I$4,$I$4,101)/100 -> 0 | D9: =[1]!thsiFinD("ths_adjustment_nvg_ratio_fund",$A9,$J$2,$I$4,101)/100 -> -0.0091393755 | E9: =[1]!thsiFinD("ths_adjustment_nvg_ratio_fund",$A9,$H$8,$I$4,101)/100 -> -0.084907556 | F9: 0.0125
A10: 015453.OF | B10: =[1]!thsiFinD("ths_fund_short_name_fund",A10) -> 中欧中证500指数增强A | C10: =[1]!thsiFinD("ths_adjustment_nvg_ratio_fund",$A10,$I$4,$I$4,101)/100 -> 0 | D10: =[1]!thsiFinD("ths_adjustment_nvg_ratio_fund",$A10,$J$2,$I$4,101)/100 -> -0.022110004 | E10: =[1]!thsiFinD("ths_adjustment_nvg_ratio_fund",$A10,$H$8,$I$4,101)/100 -> -0.11950845 | F10: 0.0125
A11: 014201.OF | B11: =[1]!thsiFinD("ths_fund_short_name_fund",A11) -> 天弘中证1000指数增强A | C11: =[1]!thsiFinD("ths_adjustment_nvg_ratio_fund",$A11,$I$4,$I$4,101)/100 -> 0 | D11: =[1]!thsiFinD("ths_adjustment_nvg_ratio_fund",$A11,$J$2,$I$4,101)/100 -> -0.019130435 | E11: =[1]!thsiFinD("ths_adjustment_nvg_ratio_fund",$A11,$H$8,$I$4,101)/100 -> -0.13812155 | F11: 0.0125
A12: 019923.OF | B12: =[1]!thsiFinD("ths_fund_short_name_fund",A12) -> 华泰柏瑞中证2000指数增强A | C12: =[1]!thsiFinD("ths_adjustment_nvg_ratio_fund",$A12,$I$4,$I$4,101)/100 -> 0 | D12: =[1]!thsiFinD("ths_adjustment_nvg_ratio_fund",$A12,$J$2,$I$4,101)/100 -> -0.014104446 | E12: =[1]!thsiFinD("ths_adjustment_nvg_ratio_fund",$A12,$H$8,$I$4,101)/100 -> -0.12077995 | F12: 0.0125
A13: 001170.OF | B13: =[1]!thsiFinD("ths_fund_short_name_fund",A13) -> 宏利复兴伟业混合A | C13: =[1]!thsiFinD("ths_adjustment_nvg_ratio_fund",$A13,$I$4,$I$4,101)/100 -> 0 | D13: =[1]!thsiFinD("ths_adjustment_nvg_ratio_fund",$A13,$J$2,$I$4,101)/100 -> -0.054136396 | E13: =[1]!thsiFinD("ths_adjustment_nvg_ratio_fund",$A13,$H$8,$I$4,101)/100 -> -0.33421313 | F13: 0.01
A14: 013840.OF | B14: =[1]!thsiFinD("ths_fund_short_name_fund",A14) -> 银华集成电路混合A | C14: =[1]!thsiFinD("ths_adjustment_nvg_ratio_fund",$A14,$I$4,$I$4,101)/100 -> 0 | D14: =[1]!thsiFinD("ths_adjustment_nvg_ratio_fund",$A14,$J$2,$I$4,101)/100 -> -0.041502596 | E14: =[1]!thsiFinD("ths_adjustment_nvg_ratio_fund",$A14,$H$8,$I$4,101)/100 -> -0.092301092 | F14: 0.01
A15: 016370.OF | B15: =[1]!thsiFinD("ths_fund_short_name_fund",A15) -> 信澳业绩驱动混合A | C15: =[1]!thsiFinD("ths_adjustment_nvg_ratio_fund",$A15,$I$4,$I$4,101)/100 -> 0 | D15: =[1]!thsiFinD("ths_adjustment_nvg_ratio_fund",$A15,$J$2,$I$4,101)/100 -> -0.075628123 | E15: =[1]!thsiFinD("ths_adjustment_nvg_ratio_fund",$A15,$H$8,$I$4,101)/100 -> -0.2985825 | F15: 0.01
A16: 017488.OF | B16: =[1]!thsiFinD("ths_fund_short_name_fund",A16) -> 嘉实信息产业股票发起式A | C16: =[1]!thsiFinD("ths_adjustment_nvg_ratio_fund",$A16,$I$4,$I$4,101)/100 -> 0 | D16: =[1]!thsiFinD("ths_adjustment_nvg_ratio_fund",$A16,$J$2,$I$4,101)/100 -> -0.073526279 | E16: =[1]!thsiFinD("ths_adjustment_nvg_ratio_fund",$A16,$H$8,$I$4,101)/100 -> -0.30596845 | F16: 0.01
A17: 162214.OF | B17: =[1]!thsiFinD("ths_fund_short_name_fund",A17) -> 宏利领先中小盘混合 | C17: =[1]!thsiFinD("ths_adjustment_nvg_ratio_fund",$A17,$I$4,$I$4,101)/100 -> 0 | D17: =[1]!thsiFinD("ths_adjustment_nvg_ratio_fund",$A17,$J$2,$I$4,101)/100 -> -0.043612335 | E17: =[1]!thsiFinD("ths_adjustment_nvg_ratio_fund",$A17,$H$8,$I$4,101)/100 -> -0.091631799 | F17: 0.01
A18: 008015.OF | B18: =[1]!thsiFinD("ths_fund_short_name_fund",A18) -> 嘉实中债3-5年国开行债券指数A | C18: =[1]!thsiFinD("ths_adjustment_nvg_ratio_fund",$A18,$I$4,$I$4,101)/100 -> 0 | D18: =[1]!thsiFinD("ths_adjustment_nvg_ratio_fund",$A18,$J$2,$I$4,101)/100 -> -9.5492773e-05 | E18: =[1]!thsiFinD("ths_adjustment_nvg_ratio_fund",$A18,$H$8,$I$4,101)/100 -> 0.0064216327 | F18: 0.15
A19: 003376.OF | B19: =[1]!thsiFinD("ths_fund_short_name_fund",A19) -> 广发中债7-10年期国开行债券指数A | C19: =[1]!thsiFinD("ths_adjustment_nvg_ratio_fund",$A19,$I$4,$I$4,101)/100 -> 0 | D19: =[1]!thsiFinD("ths_adjustment_nvg_ratio_fund",$A19,$J$2,$I$4,101)/100 -> -7.2155293e-05 | E19: =[1]!thsiFinD("ths_adjustment_nvg_ratio_fund",$A19,$H$8,$I$4,101)/100 -> 0.0088817705 | F19: 0.15
A20: 161119.OF | B20: =[1]!thsiFinD("ths_fund_short_name_fund",A20) -> 易方达中债新综合债券指数发起式(LOF)A | C20: =[1]!thsiFinD("ths_adjustment_nvg_ratio_fund",$A20,$I$4,$I$4,101)/100 -> 0 | D20: =[1]!thsiFinD("ths_adjustment_nvg_ratio_fund",$A20,$J$2,$I$4,101)/100 -> -5.5306676e-05 | E20: =[1]!thsiFinD("ths_adjustment_nvg_ratio_fund",$A20,$H$8,$I$4,101)/100 -> 0.011808159 | F20: 0.5
... A22: 000917.OF | B22: =[1]!thsiFinD("ths_fund_short_name_fund",A22) -> 嘉实快线货币A | C22: =[1]!thsiFinD("ths_adjustment_nvg_ratio_fund",$A22,$I$4,$I$4,101)/100 -> 0 | D22: =[1]!thsiFinD("ths_adjustment_nvg_ratio_fund",$A22,$J$2,$I$4,101)/100 -> 3.312994e-05 | E22: =[1]!thsiFinD("ths_adjustment_nvg_ratio_fund",$A22,$H$8,$I$4,101)/100 -> 0.0036889351 | F22: 0.05
A23: 基金代码 | B23: 10/90 | C23: 日涨跌 | D23: =D8 -> 本周以来 | E23: =E8 -> 上线以来 | F23: 比例 | H23: 46198
A24: 007045.OF | B24: =[1]!thsiFinD("ths_fund_short_name_fund",A24) -> 博道沪深300指数增强C | C24: =[1]!thsiFinD("ths_adjustment_nvg_ratio_fund",$A24,$I$4,$I$4,101)/100 -> 0 | D24: =[1]!thsiFinD("ths_adjustment_nvg_ratio_fund",$A24,$J$2,$I$4,101)/100 -> -0.0091907644 | E24: =[1]!thsiFinD("ths_adjustment_nvg_ratio_fund",$A24,$H$23,$I$4,101)/100 -> -0.087201198 | F24: 0.0125
A25: 015454.OF | B25: =[1]!thsiFinD("ths_fund_short_name_fund",A25) -> 中欧中证500指数增强C | C25: =[1]!thsiFinD("ths_adjustment_nvg_ratio_fund",$A25,$I$4,$I$4,101)/100 -> 0 | D25: =[1]!thsiFinD("ths_adjustment_nvg_ratio_fund",$A25,$J$2,$I$4,101)/100 -> -0.022209767 | E25: =[1]!thsiFinD("ths_adjustment_nvg_ratio_fund",$A25,$H$23,$I$4,101)/100 -> -0.13926237 | F25: 0.0125
A26: 014202.OF | B26: =[1]!thsiFinD("ths_fund_short_name_fund",A26) -> 天弘中证1000指数增强C | C26: =[1]!thsiFinD("ths_adjustment_nvg_ratio_fund",$A26,$I$4,$I$4,101)/100 -> 0 | D26: =[1]!thsiFinD("ths_adjustment_nvg_ratio_fund",$A26,$J$2,$I$4,101)/100 -> -0.019199457 | E26: =[1]!thsiFinD("ths_adjustment_nvg_ratio_fund",$A26,$H$23,$I$4,101)/100 -> -0.14883721 | F26: 0.0125
A27: 019924.OF | B27: =[1]!thsiFinD("ths_fund_short_name_fund",A27) -> 华泰柏瑞中证2000指数增强C | C27: =[1]!thsiFinD("ths_adjustment_nvg_ratio_fund",$A27,$I$4,$I$4,101)/100 -> 0 | D27: =[1]!thsiFinD("ths_adjustment_nvg_ratio_fund",$A27,$J$2,$I$4,101)/100 -> -0.014151693 | E27: =[1]!thsiFinD("ths_adjustment_nvg_ratio_fund",$A27,$H$23,$I$4,101)/100 -> -0.11877576 | F27: 0.0125
A28: 017612.OF | B28: =[1]!thsiFinD("ths_fund_short_name_fund",A28) -> 宏利复兴伟业混合C | C28: =[1]!thsiFinD("ths_adjustment_nvg_ratio_fund",$A28,$I$4,$I$4,101)/100 -> 0 | D28: =[1]!thsiFinD("ths_adjustment_nvg_ratio_fund",$A28,$J$2,$I$4,101)/100 -> -0.054028436 | E28: =[1]!thsiFinD("ths_adjustment_nvg_ratio_fund",$A28,$H$23,$I$4,101)/100 -> -0.34027433 | F28: 0.0125
A29: 017489.OF | B29: =[1]!thsiFinD("ths_fund_short_name_fund",A29) -> 嘉实信息产业股票发起式C | C29: =[1]!thsiFinD("ths_adjustment_nvg_ratio_fund",$A29,$I$4,$I$4,101)/100 -> 0 | D29: =[1]!thsiFinD("ths_adjustment_nvg_ratio_fund",$A29,$J$2,$I$4,101)/100 -> -0.073671761 | E29: =[1]!thsiFinD("ths_adjustment_nvg_ratio_fund",$A29,$H$23,$I$4,101)/100 -> -0.32630102 | F29: 0.0125
A30: 009993.OF | B30: =[1]!thsiFinD("ths_fund_short_name_fund",A30) -> 嘉实前沿创新混合 | C30: =[1]!thsiFinD("ths_adjustment_nvg_ratio_fund",$A30,$I$4,$I$4,101)/100 -> 0 | D30: =[1]!thsiFinD("ths_adjustment_nvg_ratio_fund",$A30,$J$2,$I$4,101)/100 -> -0.040539922 | E30: =[1]!thsiFinD("ths_adjustment_nvg_ratio_fund",$A30,$H$23,$I$4,101)/100 -> -0.31314488 | F30: 0.01
A31: 013841.OF | B31: =[1]!thsiFinD("ths_fund_short_name_fund",A31) -> 银华集成电路混合C | C31: =[1]!thsiFinD("ths_adjustment_nvg_ratio_fund",$A31,$I$4,$I$4,101)/100 -> 0 | D31: =[1]!thsiFinD("ths_adjustment_nvg_ratio_fund",$A31,$J$2,$I$4,101)/100 -> -0.041587503 | E31: =[1]!thsiFinD("ths_adjustment_nvg_ratio_fund",$A31,$H$23,$I$4,101)/100 -> -0.18016012 | F31: 0.0075
A32: 162214.OF | B32: =[1]!thsiFinD("ths_fund_short_name_fund",A32) -> 宏利领先中小盘混合 | C32: =[1]!thsiFinD("ths_adjustment_nvg_ratio_fund",$A32,$I$4,$I$4,101)/100 -> 0 | D32: =[1]!thsiFinD("ths_adjustment_nvg_ratio_fund",$A32,$J$2,$I$4,101)/100 -> -0.043612335 | E32: =[1]!thsiFinD("ths_adjustment_nvg_ratio_fund",$A32,$H$23,$I$4,101)/100 -> -0.17546525 | F32: 0.0075
A33: 008015.OF | B33: =[1]!thsiFinD("ths_fund_short_name_fund",A33) -> 嘉实中债3-5年国开行债券指数A | C33: =[1]!thsiFinD("ths_adjustment_nvg_ratio_fund",$A33,$I$4,$I$4,101)/100 -> 0 | D33: =[1]!thsiFinD("ths_adjustment_nvg_ratio_fund",$A33,$J$2,$I$4,101)/100 -> -9.5492773e-05 | E33: =[1]!thsiFinD("ths_adjustment_nvg_ratio_fund",$A33,$H$23,$I$4,101)/100 -> 0.0066142677 | F33: 0.15
A34: 003376.OF | B34: =[1]!thsiFinD("ths_fund_short_name_fund",A34) -> 广发中债7-10年期国开行债券指数A | C34: =[1]!thsiFinD("ths_adjustment_nvg_ratio_fund",$A34,$I$4,$I$4,101)/100 -> 0 | D34: =[1]!thsiFinD("ths_adjustment_nvg_ratio_fund",$A34,$J$2,$I$4,101)/100 -> -7.2155293e-05 | E34: =[1]!thsiFinD("ths_adjustment_nvg_ratio_fund",$A34,$H$23,$I$4,101)/100 -> 0.009690346 | F34: 0.15
A35: 161119.OF | B35: =[1]!thsiFinD("ths_fund_short_name_fund",A35) -> 易方达中债新综合债券指数发起式(LOF)A | C35: =[1]!thsiFinD("ths_adjustment_nvg_ratio_fund",$A35,$I$4,$I$4,101)/100 -> 0 | D35: =[1]!thsiFinD("ths_adjustment_nvg_ratio_fund",$A35,$J$2,$I$4,101)/100 -> -5.5306676e-05 | E35: =[1]!thsiFinD("ths_adjustment_nvg_ratio_fund",$A35,$H$23,$I$4,101)/100 -> 0.01220468 | F35: 0.5
... A37: 000917.OF | B37: =[1]!thsiFinD("ths_fund_short_name_fund",A37) -> 嘉实快线货币A | C37: =[1]!thsiFinD("ths_adjustment_nvg_ratio_fund",$A37,$I$4,$I$4,101)/100 -> 0 | D37: =[1]!thsiFinD("ths_adjustment_nvg_ratio_fund",$A37,$J$2,$I$4,101)/100 -> 3.312994e-05 | E37: =[1]!thsiFinD("ths_adjustment_nvg_ratio_fund",$A37,$H$23,$I$4,101)/100 -> 0.0035774135 | F37: 0.05

Sheet 每日2080 
B1: 20/80投顾组合业绩预估 | E1: =每日组合!D1 -> 更新日期：2026-10-09 | H1: =每日组合!G1 -> 上线以来 | I1: =每日组合!J1 -> 46282 | J1: =每日组合!I1 -> 46195
B2: 注：收益率数据根据相关组合的持仓、费率估算，仅供内部参考，请勿外发 | H2: =每日组合!G2 -> 上周五/本周初 | I2: =每日组合!H2 -> 46295 | J2: =每日组合!I2 -> 46303
B3: 一、组合总览 | H3: =每日组合!G3 -> 上一个交易日 | I3: =每日组合!H3 -> 46303
B4: 组合名称 | C4: 日涨跌 | D4: 本周以来 | E4: 上线以来 | F4: 上线日期 | H4: =每日组合!G4 -> 最新交易日 | I4: =每日组合!H4 -> 46304 | J4: =每日组合!I4 -> 46303 | K4: =每日组合!J4 -> 46295
B5: 20/80 | C5: =每日组合!B8 -> -2.2005708e-05 | D5: =每日组合!C8 -> -0.0019100001 | E5: =每日组合!D8 -> -0.0031930669 | F5: =每日组合!E8 -> 46282
B6: 二、持仓基金表现
A7: 基金代码 | B7: 20/80 | C7: 日涨跌 | D7: 本周以来 | E7: 上线以来 | F7: 比例 | H7: 46283
A8: 007045.OF | B8: =[1]!thsiFinD("ths_fund_short_name_fund",A8) -> 博道沪深300指数增强C | C8: =[1]!thsiFinD("ths_adjustment_nvg_ratio_fund",$A8,$I$4,$I$4,101)/100 -> 0 | D8: =[1]!thsiFinD("ths_adjustment_nvg_ratio_fund",$A8,$J$2,$I$4,101)/100 -> -0.0091907644 | E8: =[1]!thsiFinD("ths_adjustment_nvg_ratio_fund",$A8,$H$7,$I$4,101)/100 -> -0.026967529 | F8: 0.025
A9: 008779.OF | B9: =[1]!thsiFinD("ths_fund_short_name_fund",A9) -> 嘉实中证500指数增强C | C9: =[1]!thsiFinD("ths_adjustment_nvg_ratio_fund",$A9,$I$4,$I$4,101)/100 -> 0 | D9: =[1]!thsiFinD("ths_adjustment_nvg_ratio_fund",$A9,$J$2,$I$4,101)/100 -> -0.025130955 | E9: =[1]!thsiFinD("ths_adjustment_nvg_ratio_fund",$A9,$H$7,$I$4,101)/100 -> -0.055978261 | F9: 0.0125
A10: 006594.OF | B10: =[1]!thsiFinD("ths_fund_short_name_fund",A10) -> 博道中证500指数增强C | C10: =[1]!thsiFinD("ths_adjustment_nvg_ratio_fund",$A10,$I$4,$I$4,101)/100 -> 0 | D10: =[1]!thsiFinD("ths_adjustment_nvg_ratio_fund",$A10,$J$2,$I$4,101)/100 -> -0.016455542 | E10: =[1]!thsiFinD("ths_adjustment_nvg_ratio_fund",$A10,$H$7,$I$4,101)/100 -> -0.040491139 | F10: 0.0125
A11: 017954.OF | B11: =[1]!thsiFinD("ths_fund_short_name_fund",A11) -> 汇添富中证1000指数增强C | C11: =[1]!thsiFinD("ths_adjustment_nvg_ratio_fund",$A11,$I$4,$I$4,101)/100 -> 0 | D11: =[1]!thsiFinD("ths_adjustment_nvg_ratio_fund",$A11,$J$2,$I$4,101)/100 -> -0.020800675 | E11: =[1]!thsiFinD("ths_adjustment_nvg_ratio_fund",$A11,$H$7,$I$4,101)/100 -> -0.04307094 | F11: 0.0125
A12: 014202.OF | B12: =[1]!thsiFinD("ths_fund_short_name_fund",A12) -> 天弘中证1000指数增强C | C12: =[1]!thsiFinD("ths_adjustment_nvg_ratio_fund",$A12,$I$4,$I$4,101)/100 -> 0 | D12: =[1]!thsiFinD("ths_adjustment_nvg_ratio_fund",$A12,$J$2,$I$4,101)/100 -> -0.019199457 | E12: =[1]!thsiFinD("ths_adjustment_nvg_ratio_fund",$A12,$H$7,$I$4,101)/100 -> -0.041312997 | F12: 0.0125
A13: 019924.OF | B13: =[1]!thsiFinD("ths_fund_short_name_fund",A13) -> 华泰柏瑞中证2000指数增强C | C13: =[1]!thsiFinD("ths_adjustment_nvg_ratio_fund",$A13,$I$4,$I$4,101)/100 -> 0 | D13: =[1]!thsiFinD("ths_adjustment_nvg_ratio_fund",$A13,$J$2,$I$4,101)/100 -> -0.014151693 | E13: =[1]!thsiFinD("ths_adjustment_nvg_ratio_fund",$A13,$H$7,$I$4,101)/100 -> -0.020175947 | F13: 0.0125
A14: 019919.OF | B14: =[1]!thsiFinD("ths_fund_short_name_fund",A14) -> 招商中证2000指数增强C | C14: =[1]!thsiFinD("ths_adjustment_nvg_ratio_fund",$A14,$I$4,$I$4,101)/100 -> 0 | D14: =[1]!thsiFinD("ths_adjustment_nvg_ratio_fund",$A14,$J$2,$I$4,101)/100 -> -0.012809426 | E14: =[1]!thsiFinD("ths_adjustment_nvg_ratio_fund",$A14,$H$7,$I$4,101)/100 -> -0.02153533 | F14: 0.0125
A15: 070019.OF | B15: =[1]!thsiFinD("ths_fund_short_name_fund",A15) -> 嘉实价值优势混合A | C15: =[1]!thsiFinD("ths_adjustment_nvg_ratio_fund",$A15,$I$4,$I$4,101)/100 -> 0 | D15: =[1]!thsiFinD("ths_adjustment_nvg_ratio_fund",$A15,$J$2,$I$4,101)/100 -> 0.0017123288 | E15: =[1]!thsiFinD("ths_adjustment_nvg_ratio_fund",$A15,$H$7,$I$4,101)/100 -> 0.0051546392 | F15: 0.005
A16: 000884.OF | B16: =[1]!thsiFinD("ths_fund_short_name_fund",A16) -> 民生加银优选股票 | C16: =[1]!thsiFinD("ths_adjustment_nvg_ratio_fund",$A16,$I$4,$I$4,101)/100 -> 0 | D16: =[1]!thsiFinD("ths_adjustment_nvg_ratio_fund",$A16,$J$2,$I$4,101)/100 -> 0.0082808877 | E16: =[1]!thsiFinD("ths_adjustment_nvg_ratio_fund",$A16,$H$7,$I$4,101)/100 -> 0.0057490253 | F16: 0.005
A17: 090013.OF | B17: =[1]!thsiFinD("ths_fund_short_name_fund",A17) -> 大成竞争优势混合A | C17: =[1]!thsiFinD("ths_adjustment_nvg_ratio_fund",$A17,$I$4,$I$4,101)/100 -> 0 | D17: =[1]!thsiFinD("ths_adjustment_nvg_ratio_fund",$A17,$J$2,$I$4,101)/100 -> -0.0086429185 | E17: =[1]!thsiFinD("ths_adjustment_nvg_ratio_fund",$A17,$H$7,$I$4,101)/100 -> 0.0094816688 | F17: 0.005
A18: 121010.OF | B18: =[1]!thsiFinD("ths_fund_short_name_fund",A18) -> 国投瑞银瑞源混合A | C18: =[1]!thsiFinD("ths_adjustment_nvg_ratio_fund",$A18,$I$4,$I$4,101)/100 -> 0 | D18: =[1]!thsiFinD("ths_adjustment_nvg_ratio_fund",$A18,$J$2,$I$4,101)/100 -> -0.0043724949 | E18: =[1]!thsiFinD("ths_adjustment_nvg_ratio_fund",$A18,$H$7,$I$4,101)/100 -> -0.011039011 | F18: 0.005
A19: 007466.OF | B19: =[1]!thsiFinD("ths_fund_short_name_fund",A19) -> 华泰柏瑞中证红利低波动ETF联接A | C19: =[1]!thsiFinD("ths_adjustment_nvg_ratio_fund",$A19,$I$4,$I$4,101)/100 -> 0 | D19: =[1]!thsiFinD("ths_adjustment_nvg_ratio_fund",$A19,$J$2,$I$4,101)/100 -> 0.010783478 | E19: =[1]!thsiFinD("ths_adjustment_nvg_ratio_fund",$A19,$H$7,$I$4,101)/100 -> 0.02117314 | F19: 0.06
... A25: 000917.OF | B25: =[1]!thsiFinD("ths_fund_short_name_fund",A25) -> 嘉实快线货币A | C25: =[1]!thsiFinD("ths_adjustment_nvg_ratio_fund",$A25,$I$4,$I$4,101)/100 -> 0 | D25: =[1]!thsiFinD("ths_adjustment_nvg_ratio_fund",$A25,$J$2,$I$4,101)/100 -> 3.312994e-05 | E25: =[1]!thsiFinD("ths_adjustment_nvg_ratio_fund",$A25,$H$7,$I$4,101)/100 -> 0.0007065376 | F25: 0.05

Sheet 每日3070
B1: 30/70投顾组合业绩预估 | E1: =每日组合!D1 -> 更新日期：2026-10-09 | H1: =每日组合!G1 -> 上线以来 | I1: =每日组合!H1 -> 46191 | J1: =每日组合!I1 -> 46195
B2: 注：收益率数据根据相关组合的持仓、费率估算，仅供内部参考，请勿外发 | H2: =每日组合!G2 -> 上周五/本周初 | I2: =每日组合!H2 -> 46295 | J2: =每日组合!I2 -> 46303
B3: 一、组合总览 | H3: =每日组合!G3 -> 上一个交易日 | I3: =每日组合!H3 -> 46303
B4: 组合名称 | C4: 日涨跌 | D4: 本周以来 | E4: 上线以来 | F4: 上线日期 | H4: =每日组合!G4 -> 最新交易日 | I4: =每日组合!H4 -> 46304 | J4: =每日组合!I4 -> 46303 | K4: =每日组合!J4 -> 46295
B5: 30/70 | C5: =每日组合!B10 -> -3.3075018e-05 | D5: =每日组合!C10 -> -0.011892183 | E5: =每日组合!D10 -> -0.066274013 | F5: =每日组合!E10 -> 46197
B6: 二、持仓基金表现
A7: 基金代码 | B7: 30/70 | C7: 日涨跌 | D7: 本周以来 | E7: 上线以来 | F7: 比例 | H7: 46198
A8: 007045.OF | B8: =[1]!thsiFinD("ths_fund_short_name_fund",A8) -> 博道沪深300指数增强C | C8: =[1]!thsiFinD("ths_adjustment_nvg_ratio_fund",$A8,$I$4,$I$4,101)/100 -> 0 | D8: =[1]!thsiFinD("ths_adjustment_nvg_ratio_fund",$A8,$J$2,$I$4,101)/100 -> -0.0091907644 | E8: =[1]!thsiFinD("ths_adjustment_nvg_ratio_fund",$A8,$H$7,$I$4,101)/100 -> -0.087201198 | F8: 0.0375
A9: 015454.OF | B9: =[1]!thsiFinD("ths_fund_short_name_fund",A9) -> 中欧中证500指数增强C | C9: =[1]!thsiFinD("ths_adjustment_nvg_ratio_fund",$A9,$I$4,$I$4,101)/100 -> 0 | D9: =[1]!thsiFinD("ths_adjustment_nvg_ratio_fund",$A9,$J$2,$I$4,101)/100 -> -0.022209767 | E9: =[1]!thsiFinD("ths_adjustment_nvg_ratio_fund",$A9,$H$7,$I$4,101)/100 -> -0.13926237 | F9: 0.0375
A10: 014202.OF | B10: =[1]!thsiFinD("ths_fund_short_name_fund",A10) -> 天弘中证1000指数增强C | C10: =[1]!thsiFinD("ths_adjustment_nvg_ratio_fund",$A10,$I$4,$I$4,101)/100 -> 0 | D10: =[1]!thsiFinD("ths_adjustment_nvg_ratio_fund",$A10,$J$2,$I$4,101)/100 -> -0.019199457 | E10: =[1]!thsiFinD("ths_adjustment_nvg_ratio_fund",$A10,$H$7,$I$4,101)/100 -> -0.14883721 | F10: 0.0375
A11: 019924.OF | B11: =[1]!thsiFinD("ths_fund_short_name_fund",A11) -> 华泰柏瑞中证2000指数增强C | C11: =[1]!thsiFinD("ths_adjustment_nvg_ratio_fund",$A11,$I$4,$I$4,101)/100 -> 0 | D11: =[1]!thsiFinD("ths_adjustment_nvg_ratio_fund",$A11,$J$2,$I$4,101)/100 -> -0.014151693 | E11: =[1]!thsiFinD("ths_adjustment_nvg_ratio_fund",$A11,$H$7,$I$4,101)/100 -> -0.11877576 | F11: 0.0375
A12: 017612.OF | B12: =[1]!thsiFinD("ths_fund_short_name_fund",A12) -> 宏利复兴伟业混合C | C12: =[1]!thsiFinD("ths_adjustment_nvg_ratio_fund",$A12,$I$4,$I$4,101)/100 -> 0 | D12: =[1]!thsiFinD("ths_adjustment_nvg_ratio_fund",$A12,$J$2,$I$4,101)/100 -> -0.054028436 | E12: =[1]!thsiFinD("ths_adjustment_nvg_ratio_fund",$A12,$H$7,$I$4,101)/100 -> -0.34027433 | F12: 0.035
A13: 017489.OF | B13: =[1]!thsiFinD("ths_fund_short_name_fund",A13) -> 嘉实信息产业股票发起式C | C13: =[1]!thsiFinD("ths_adjustment_nvg_ratio_fund",$A13,$I$4,$I$4,101)/100 -> 0 | D13: =[1]!thsiFinD("ths_adjustment_nvg_ratio_fund",$A13,$J$2,$I$4,101)/100 -> -0.073671761 | E13: =[1]!thsiFinD("ths_adjustment_nvg_ratio_fund",$A13,$H$7,$I$4,101)/100 -> -0.32630102 | F13: 0.035
A14: 009993.OF | B14: =[1]!thsiFinD("ths_fund_short_name_fund",A14) -> 嘉实前沿创新混合 | C14: =[1]!thsiFinD("ths_adjustment_nvg_ratio_fund",$A14,$I$4,$I$4,101)/100 -> 0 | D14: =[1]!thsiFinD("ths_adjustment_nvg_ratio_fund",$A14,$J$2,$I$4,101)/100 -> -0.040539922 | E14: =[1]!thsiFinD("ths_adjustment_nvg_ratio_fund",$A14,$H$7,$I$4,101)/100 -> -0.31314488 | F14: 0.03
A15: 013841.OF | B15: =[1]!thsiFinD("ths_fund_short_name_fund",A15) -> 银华集成电路混合C | C15: =[1]!thsiFinD("ths_adjustment_nvg_ratio_fund",$A15,$I$4,$I$4,101)/100 -> 0 | D15: =[1]!thsiFinD("ths_adjustment_nvg_ratio_fund",$A15,$J$2,$I$4,101)/100 -> -0.041587503 | E15: =[1]!thsiFinD("ths_adjustment_nvg_ratio_fund",$A15,$H$7,$I$4,101)/100 -> -0.18016012 | F15: 0.025
A16: 162214.OF | B16: =[1]!thsiFinD("ths_fund_short_name_fund",A16) -> 宏利领先中小盘混合 | C16: =[1]!thsiFinD("ths_adjustment_nvg_ratio_fund",$A16,$I$4,$I$4,101)/100 -> 0 | D16: =[1]!thsiFinD("ths_adjustment_nvg_ratio_fund",$A16,$J$2,$I$4,101)/100 -> -0.043612335 | E16: =[1]!thsiFinD("ths_adjustment_nvg_ratio_fund",$A16,$H$7,$I$4,101)/100 -> -0.17546525 | F16: 0.025
A17: 008015.OF | B17: =[1]!thsiFinD("ths_fund_short_name_fund",A17) -> 嘉实中债3-5年国开行债券指数A | C17: =[1]!thsiFinD("ths_adjustment_nvg_ratio_fund",$A17,$I$4,$I$4,101)/100 -> 0 | D17: =[1]!thsiFinD("ths_adjustment_nvg_ratio_fund",$A17,$J$2,$I$4,101)/100 -> -9.5492773e-05 | E17: =[1]!thsiFinD("ths_adjustment_nvg_ratio_fund",$A17,$H$7,$I$4,101)/100 -> 0.0066142677 | F17: 0.1
A18: 003376.OF | B18: =[1]!thsiFinD("ths_fund_short_name_fund",A18) -> 广发中债7-10年期国开行债券指数A | C18: =[1]!thsiFinD("ths_adjustment_nvg_ratio_fund",$A18,$I$4,$I$4,101)/100 -> 0 | D18: =[1]!thsiFinD("ths_adjustment_nvg_ratio_fund",$A18,$J$2,$I$4,101)/100 -> -7.2155293e-05 | E18: =[1]!thsiFinD("ths_adjustment_nvg_ratio_fund",$A18,$H$7,$I$4,101)/100 -> 0.009690346 | F18: 0.1
A19: 161119.OF | B19: =[1]!thsiFinD("ths_fund_short_name_fund",A19) -> 易方达中债新综合债券指数发起式(LOF)A | C19: =[1]!thsiFinD("ths_adjustment_nvg_ratio_fund",$A19,$I$4,$I$4,101)/100 -> 0 | D19: =[1]!thsiFinD("ths_adjustment_nvg_ratio_fund",$A19,$J$2,$I$4,101)/100 -> -5.5306676e-05 | E19: =[1]!thsiFinD("ths_adjustment_nvg_ratio_fund",$A19,$H$7,$I$4,101)/100 -> 0.01220468 | F19: 0.3
... A21: 000917.OF | B21: =[1]!thsiFinD("ths_fund_short_name_fund",A21) -> 嘉实快线货币A | C21: =[1]!thsiFinD("ths_adjustment_nvg_ratio_fund",$A21,$I$4,$I$4,101)/100 -> 0 | D21: =[1]!thsiFinD("ths_adjustment_nvg_ratio_fund",$A21,$J$2,$I$4,101)/100 -> 3.312994e-05 | E21: =[1]!thsiFinD("ths_adjustment_nvg_ratio_fund",$A21,$H$7,$I$4,101)/100 -> 0.0035774135 | F21: 0.1

Sheet 每日产业趋势
B1: 产业趋势投顾业绩组合预估 | E1: =每日组合!D1 -> 更新日期：2026-10-09 | H1: =每日组合!G1 -> 上线以来 | I1: =每日组合!H1 -> 46191 | J1: =每日组合!I1 -> 46195
B2: 注：收益率数据根据相关组合的持仓、费率估算，仅供内部参考，请勿外发 | H2: =每日组合!G2 -> 上周五/本周初 | I2: =每日组合!H2 -> 46295 | J2: =每日组合!I2 -> 46303
B3: 一、组合总览 | H3: =每日组合!G3 -> 上一个交易日 | I3: =每日组合!H3 -> 46303
B4: 组合名称 | C4: 日涨跌 | D4: 本周以来 | E4: 上线以来 | F4: 上线日期 | H4: =每日组合!G4 -> 最新交易日 | I4: =每日组合!H4 -> 46304 | J4: =每日组合!I4 -> 46303 | K4: =每日组合!J4 -> 46295
B5: 产业趋势基石 | C5: =每日组合!B12 -> -3.3075018e-05 | D5: =每日组合!C12 -> -0.051912754 | E5: =每日组合!D12 -> -0.24909217 | F5: =每日组合!E12 -> 46191
B6: 产业趋势 | C6: =每日组合!B13 -> -4.140637e-05 | D6: =每日组合!C13 -> -0.051897011 | E6: =每日组合!D13 -> -0.26639482 | F6: =每日组合!E13 -> 46195
B7: 产业趋势2号 | C7: =每日组合!B14 -> -4.140637e-05 | D7: =每日组合!C14 -> -0.045766704 | E7: =每日组合!D14 -> -0.25213502 | F7: =每日组合!E14 -> 46197
B8: 二、持仓基金表现
A9: 基金代码 | B9: 产业趋势基石/产业趋势 | C9: 日涨跌 | D9: 本周以来 | E9: 上线以来 | F9: 比例 | H9: 46195
A10: 001170.OF | B10: 宏利复兴混合A | C10: =[1]!thsiFinD("ths_adjustment_nvg_ratio_fund",$A10,$I$4,$I$4,101)/100 -> 0 | D10: =[1]!thsiFinD("ths_adjustment_nvg_ratio_fund",$A10,$J$2,$I$4,101)/100 -> -0.054136396 | E10: =[1]!thsiFinD("ths_adjustment_nvg_ratio_fund",$A10,$H$9,$I$4,101)/100 -> -0.33421313 | F10: 0.166095
A11: 017488.OF | B11: 嘉实信息产业A | C11: =[1]!thsiFinD("ths_adjustment_nvg_ratio_fund",$A11,$I$4,$I$4,101)/100 -> 0 | D11: =[1]!thsiFinD("ths_adjustment_nvg_ratio_fund",$A11,$J$2,$I$4,101)/100 -> -0.073526279 | E11: =[1]!thsiFinD("ths_adjustment_nvg_ratio_fund",$A11,$H$9,$I$4,101)/100 -> -0.30596845 | F11: 0.173431
A12: 016370.OF | B12: 信澳业绩驱动A | C12: =[1]!thsiFinD("ths_adjustment_nvg_ratio_fund",$A12,$I$4,$I$4,101)/100 -> 0 | D12: =[1]!thsiFinD("ths_adjustment_nvg_ratio_fund",$A12,$J$2,$I$4,101)/100 -> -0.075628123 | E12: =[1]!thsiFinD("ths_adjustment_nvg_ratio_fund",$A12,$H$9,$I$4,101)/100 -> -0.2985825 | F12: 0.163849
A13: 013840.OF | B13: 银华集成电路混合A | C13: =[1]!thsiFinD("ths_adjustment_nvg_ratio_fund",$A13,$I$4,$I$4,101)/100 -> 0 | D13: =[1]!thsiFinD("ths_adjustment_nvg_ratio_fund",$A13,$J$2,$I$4,101)/100 -> -0.041502596 | E13: =[1]!thsiFinD("ths_adjustment_nvg_ratio_fund",$A13,$H$9,$I$4,101)/100 -> -0.092301092 | F13: 0.245429
A14: 162214.OF | B14: 宏利领先中小盘 | C14: =[1]!thsiFinD("ths_adjustment_nvg_ratio_fund",$A14,$I$4,$I$4,101)/100 -> 0 | D14: =[1]!thsiFinD("ths_adjustment_nvg_ratio_fund",$A14,$J$2,$I$4,101)/100 -> -0.043612335 | E14: =[1]!thsiFinD("ths_adjustment_nvg_ratio_fund",$A14,$H$9,$I$4,101)/100 -> -0.091631799 | F14: 0.07
A15: 019632.OF | B15: 国泰半导体设备ETF联接A | C15: =[1]!thsiFinD("ths_adjustment_nvg_ratio_fund",$A15,$I$4,$I$4,101)/100 -> 0 | D15: =[1]!thsiFinD("ths_adjustment_nvg_ratio_fund",$A15,$J$2,$I$4,101)/100 -> -0.027793685 | E15: =[1]!thsiFinD("ths_adjustment_nvg_ratio_fund",$A15,$H$9,$I$4,101)/100 -> -0.14884016 | F15: 0.135904
A16: 000917.OF | B16: 嘉实快线货币A | C16: =[1]!thsiFinD("ths_adjustment_nvg_ratio_fund",$A16,$I$4,$I$4,101)/100 -> 0 | D16: =[1]!thsiFinD("ths_adjustment_nvg_ratio_fund",$A16,$J$2,$I$4,101)/100 -> 3.312994e-05 | E16: =[1]!thsiFinD("ths_adjustment_nvg_ratio_fund",$A16,$H$9,$I$4,101)/100 -> 0.0036889351 | F16: 0.045292
A17: 基金代码 | B17: 产业趋势2号 | C17: =C9 -> 日涨跌 | D17: =D9 -> 本周以来 | E17: =E9 -> 上线以来 | F17: 比例 | H17: 46198
A18: 017612.OF | B18: 宏利复兴混合C | C18: =[1]!thsiFinD("ths_adjustment_nvg_ratio_fund",$A18,$I$4,$I$4,101)/100 -> 0 | D18: =[1]!thsiFinD("ths_adjustment_nvg_ratio_fund",$A18,$J$2,$I$4,101)/100 -> -0.054028436 | E18: =[1]!thsiFinD("ths_adjustment_nvg_ratio_fund",$A18,$H$17,$I$4,101)/100 -> -0.34027433 | F18: 0.164034
A19: 017489.OF | B19: 嘉实信息产业C | C19: =[1]!thsiFinD("ths_adjustment_nvg_ratio_fund",$A19,$I$4,$I$4,101)/100 -> 0 | D19: =[1]!thsiFinD("ths_adjustment_nvg_ratio_fund",$A19,$J$2,$I$4,101)/100 -> -0.073671761 | E19: =[1]!thsiFinD("ths_adjustment_nvg_ratio_fund",$A19,$H$17,$I$4,101)/100 -> -0.32630102 | F19: 0.168764
A20: 009993.OF | B20: 嘉实前沿创新 | C20: =[1]!thsiFinD("ths_adjustment_nvg_ratio_fund",$A20,$I$4,$I$4,101)/100 -> 0 | D20: =[1]!thsiFinD("ths_adjustment_nvg_ratio_fund",$A20,$J$2,$I$4,101)/100 -> -0.040539922 | E20: =[1]!thsiFinD("ths_adjustment_nvg_ratio_fund",$A20,$H$17,$I$4,101)/100 -> -0.31314488 | F20: 0.189913
A21: 013841.OF | B21: 银华集成电路混合C | C21: =[1]!thsiFinD("ths_adjustment_nvg_ratio_fund",$A21,$I$4,$I$4,101)/100 -> 0 | D21: =[1]!thsiFinD("ths_adjustment_nvg_ratio_fund",$A21,$J$2,$I$4,101)/100 -> -0.041587503 | E21: =[1]!thsiFinD("ths_adjustment_nvg_ratio_fund",$A21,$H$17,$I$4,101)/100 -> -0.18016012 | F21: 0.234328
A22: 162214.OF | B22: 宏利领先中小盘 | C22: =[1]!thsiFinD("ths_adjustment_nvg_ratio_fund",$A22,$I$4,$I$4,101)/100 -> 0 | D22: =[1]!thsiFinD("ths_adjustment_nvg_ratio_fund",$A22,$J$2,$I$4,101)/100 -> -0.043612335 | E22: =[1]!thsiFinD("ths_adjustment_nvg_ratio_fund",$A22,$H$17,$I$4,101)/100 -> -0.17546525 | F22: 0.07
A23: 019633.OF | B23: 国泰半导体设备ETF联接C | C23: =[1]!thsiFinD("ths_adjustment_nvg_ratio_fund",$A23,$I$4,$I$4,101)/100 -> 0 | D23: =[1]!thsiFinD("ths_adjustment_nvg_ratio_fund",$A23,$J$2,$I$4,101)/100 -> -0.027837506 | E23: =[1]!thsiFinD("ths_adjustment_nvg_ratio_fund",$A23,$H$17,$I$4,101)/100 -> -0.21225226 | F23: 0.129189
A24: 000917.OF | B24: 嘉实快线货币A | C24: =[1]!thsiFinD("ths_adjustment_nvg_ratio_fund",$A24,$I$4,$I$4,101)/100 -> 0 | D24: =[1]!thsiFinD("ths_adjustment_nvg_ratio_fund",$A24,$J$2,$I$4,101)/100 -> 3.312994e-05 | E24: =[1]!thsiFinD("ths_adjustment_nvg_ratio_fund",$A24,$H$17,$I$4,101)/100 -> 0.0035774135 | F24: 0.043772

Sheet vs固收+
B3: =日期页!B5 -> 46295 | C3: =VLOOKUP(B3,实盘组合净值!$A:$S,14,0) -> 0.98823708
B4: =日期页!B3 -> 46303 | C4: =VLOOKUP(B4,实盘组合净值!$A:$S,14,0) -> 0.98376778 | D4: =日期页!B4 -> 46303 | E4: =日期页!B6 -> 46195 | F4: =E4 -> 46195 | J4: 46203
B5: =日期页!B2 -> 46304 | C5: =VLOOKUP(B5,实盘组合净值!$A:$S,14,0) -> 0.98375427 | D5: =B5 -> 46304 | E5: =B5 -> 46304 | F5: =B5 -> 46304
A6: 基金代码 | B6: =B5 -> 46304 | C6: 日涨跌 | D6: 本周以来 | E6: 上线以来 | F6: 最大回撤 | I6: 类型 | J6: 权益中枢 /股票仓位 | K6: 转债仓位
B7: 10/90基石投顾账户 | C7: =C5/C4-1 -> -1.3732897e-05 | D7: =C5/C3-1 -> -0.0045361692 | E7: =C5-1 -> -0.016245733 | F7: =MIN(实盘组合净值!P:P) -> -0.028729069 | I7: 10/90配置样板间 | J7: 0.1 | K7: 5%黄金
A8: 110017.OF | B8: 易方达增强回报A | C8: =[1]!thsiFinD("ths_adjustment_nvg_ratio_fund",$A8,B$5,B$5,101)/100 -> 0 | D8: =[1]!thsiFinD("ths_adjustment_nvg_ratio_fund",$A8,D$4,D$5,101)/100 -> 7.1500064e-05 | E8: =[1]!thsiFinD("ths_adjustment_nvg_ratio_fund",$A8,E$4,E$5,101)/100 -> 0.016327328 | F8: =-[1]!thsiFinD("ths_max_retrace_rate_all_fund",$A8,F$4,F$5)/100 -> -0.0050287356 | J8: =[1]!thsiFinD("ths_stock_mv_to_fanv_fund",$A8,$J$4)/100 -> 0.12115928 | K8: =[1]!thsiFinD("ths_cb_mv_to_fanv_fund",A8,$J$4)/100 -> 0.049
A9: 001316.OF | B9: 安信稳健增值A | C9: =[1]!thsiFinD("ths_adjustment_nvg_ratio_fund",$A9,B$5,B$5,101)/100 -> 0 | D9: =[1]!thsiFinD("ths_adjustment_nvg_ratio_fund",$A9,D$4,D$5,101)/100 -> 0.0013138446 | E9: =[1]!thsiFinD("ths_adjustment_nvg_ratio_fund",$A9,E$4,E$5,101)/100 -> 0.016788037 | F9: =-[1]!thsiFinD("ths_max_retrace_rate_all_fund",$A9,F$4,F$5)/100 -> -0.0089875173 | J9: =[1]!thsiFinD("ths_stock_mv_to_fanv_fund",$A9,$J$4)/100 -> 0.15757628 | K9: =[1]!thsiFinD("ths_cb_mv_to_fanv_fund",A9,$J$4)/100 -> 0.0011
A10: 004010.OF | B10: 华泰柏瑞鼎利A | C10: =[1]!thsiFinD("ths_adjustment_nvg_ratio_fund",$A10,B$5,B$5,101)/100 -> 0 | D10: =[1]!thsiFinD("ths_adjustment_nvg_ratio_fund",$A10,D$4,D$5,101)/100 -> 0.0019414962 | E10: =[1]!thsiFinD("ths_adjustment_nvg_ratio_fund",$A10,E$4,E$5,101)/100 -> 0.0031750146 | F10: =-[1]!thsiFinD("ths_max_retrace_rate_all_fund",$A10,F$4,F$5)/100 -> -0.015124095 | J10: =[1]!thsiFinD("ths_stock_mv_to_fanv_fund",$A10,$J$4)/100 -> 0.14024614 | K10: =[1]!thsiFinD("ths_cb_mv_to_fanv_fund",A10,$J$4)/100 -> 0
A11: 009089.OF | B11: 嘉实稳固收益A | C11: =[1]!thsiFinD("ths_adjustment_nvg_ratio_fund",$A11,B$5,B$5,101)/100 -> 0 | D11: =[1]!thsiFinD("ths_adjustment_nvg_ratio_fund",$A11,D$4,D$5,101)/100 -> -0.00089928055 | E11: =[1]!thsiFinD("ths_adjustment_nvg_ratio_fund",$A11,E$4,E$5,101)/100 -> -0.0034249368 | F11: =-[1]!thsiFinD("ths_max_retrace_rate_all_fund",$A11,F$4,F$5)/100 -> -0.022026787 | J11: =1794.92740631104%/100 -> 0.17949274 | K11: =632.57851600647%/100 -> 0.063257852
A12: 000385.OF | B12: 景顺长城景颐双利A | C12: =[1]!thsiFinD("ths_adjustment_nvg_ratio_fund",$A12,B$5,B$5,101)/100 -> 0 | D12: =[1]!thsiFinD("ths_adjustment_nvg_ratio_fund",$A12,D$4,D$5,101)/100 -> -0.0021299255 | E12: =[1]!thsiFinD("ths_adjustment_nvg_ratio_fund",$A12,E$4,E$5,101)/100 -> -0.017304667 | F12: =-[1]!thsiFinD("ths_max_retrace_rate_all_fund",$A12,F$4,F$5)/100 -> -0.024530271 | J12: =[1]!thsiFinD("ths_stock_mv_to_fanv_fund",$A12,$J$4)/100 -> 0.14695484 | K12: =[1]!thsiFinD("ths_cb_mv_to_fanv_fund",A12,$J$4)/100 -> 0.0552
A13: 162210.OF | B13: 宏利集利A | C13: =[1]!thsiFinD("ths_adjustment_nvg_ratio_fund",$A13,B$5,B$5,101)/100 -> 0 | D13: =[1]!thsiFinD("ths_adjustment_nvg_ratio_fund",$A13,D$4,D$5,101)/100 -> -0.0060704768 | E13: =[1]!thsiFinD("ths_adjustment_nvg_ratio_fund",$A13,E$4,E$5,101)/100 -> -0.020500474 | F13: =-[1]!thsiFinD("ths_max_retrace_rate_all_fund",$A13,F$4,F$5)/100 -> -0.039228342 | J13: =[1]!thsiFinD("ths_stock_mv_to_fanv_fund",$A13,$J$4)/100 -> 0.19870188 | K13: =[1]!thsiFinD("ths_cb_mv_to_fanv_fund",A13,$J$4)/100 -> 0.0177
A14: 018595.OF | B14: 华商利欣回报A | C14: =[1]!thsiFinD("ths_adjustment_nvg_ratio_fund",$A14,B$5,B$5,101)/100 -> 0 | D14: =[1]!thsiFinD("ths_adjustment_nvg_ratio_fund",$A14,D$4,D$5,101)/100 -> -0.006322023 | E14: =[1]!thsiFinD("ths_adjustment_nvg_ratio_fund",$A14,E$4,E$5,101)/100 -> -0.016085578 | F14: =-[1]!thsiFinD("ths_max_retrace_rate_all_fund",$A14,F$4,F$5)/100 -> -0.04644491 | J14: =1336.14416122437%/100 -> 0.13361442 | K14: =438.473033905029%/100 -> 0.043847303
A15: 015931.OF | B15: 金鹰恒润A | C15: =[1]!thsiFinD("ths_adjustment_nvg_ratio_fund",$A15,B$5,B$5,101)/100 -> 0 | D15: =[1]!thsiFinD("ths_adjustment_nvg_ratio_fund",$A15,D$4,D$5,101)/100 -> -0.0024726245 | E15: =[1]!thsiFinD("ths_adjustment_nvg_ratio_fund",$A15,E$4,E$5,101)/100 -> -0.043927211 | F15: =-[1]!thsiFinD("ths_max_retrace_rate_all_fund",$A15,F$4,F$5)/100 -> -0.053698584 | J15: =[1]!thsiFinD("ths_stock_mv_to_fanv_fund",$A15,$J$4)/100 -> 0.17988114 | K15: =[1]!thsiFinD("ths_cb_mv_to_fanv_fund",A15,$J$4)/100 -> 0
A16: 014088.OF | B16: 永赢稳健增强A | C16: =[1]!thsiFinD("ths_adjustment_nvg_ratio_fund",$A16,B$5,B$5,101)/100 -> 0 | D16: =[1]!thsiFinD("ths_adjustment_nvg_ratio_fund",$A16,D$4,D$5,101)/100 -> -0.0039104751 | E16: =[1]!thsiFinD("ths_adjustment_nvg_ratio_fund",$A16,E$4,E$5,101)/100 -> -0.041166106 | F16: =-[1]!thsiFinD("ths_max_retrace_rate_all_fund",$A16,F$4,F$5)/100 -> -0.047270412 | J16: =[1]!thsiFinD("ths_stock_mv_to_fanv_fund",$A16,$J$4)/100 -> 0.17522979 | K16: =[1]!thsiFinD("ths_cb_mv_to_fanv_fund",A16,$J$4)/100 -> 0
A17: 002961.OF | B17: 中欧双利A | C17: =[1]!thsiFinD("ths_adjustment_nvg_ratio_fund",$A17,B$5,B$5,101)/100 -> 0 | D17: =[1]!thsiFinD("ths_adjustment_nvg_ratio_fund",$A17,D$4,D$5,101)/100 -> -0.0092592592 | E17: =[1]!thsiFinD("ths_adjustment_nvg_ratio_fund",$A17,E$4,E$5,101)/100 -> -0.047607382 | F17: =-[1]!thsiFinD("ths_max_retrace_rate_all_fund",$A17,F$4,F$5)/100 -> -0.051480156 | J17: =15.2221393585205/100 -> 0.15222139 | K17: =0.108927257359028/100 -> 0.0010892726
A18: 002969.OF | B18: 易方达丰和A | C18: =[1]!thsiFinD("ths_adjustment_nvg_ratio_fund",$A18,B$5,B$5,101)/100 -> 0 | D18: =[1]!thsiFinD("ths_adjustment_nvg_ratio_fund",$A18,D$4,D$5,101)/100 -> -0.0072749318 | E18: =[1]!thsiFinD("ths_adjustment_nvg_ratio_fund",$A18,E$4,E$5,101)/100 -> -0.043013266 | F18: =-[1]!thsiFinD("ths_max_retrace_rate_all_fund",$A18,F$4,F$5)/100 -> -0.070577399 | J18: =[1]!thsiFinD("ths_stock_mv_to_fanv_fund",$A18,$J$4)/100 -> 0.16691488 | K18: =[1]!thsiFinD("ths_cb_mv_to_fanv_fund",A18,$J$4)/100 -> 0.0212
A19: 000143.OF | B19: 鹏华双债加利A | C19: =[1]!thsiFinD("ths_adjustment_nvg_ratio_fund",$A19,B$5,B$5,101)/100 -> 0 | D19: =[1]!thsiFinD("ths_adjustment_nvg_ratio_fund",$A19,D$4,D$5,101)/100 -> -0.0051326704 | E19: =[1]!thsiFinD("ths_adjustment_nvg_ratio_fund",$A19,E$4,E$5,101)/100 -> -0.041079553 | F19: =-[1]!thsiFinD("ths_max_retrace_rate_all_fund",$A19,F$4,F$5)/100 -> -0.06090571 | J19: =[1]!thsiFinD("ths_stock_mv_to_fanv_fund",$A19,$J$4)/100 -> 0.18988203 | K19: =[1]!thsiFinD("ths_cb_mv_to_fanv_fund",A19,$J$4)/100 -> 0.0644
A20: 470010.OF | B20: 汇添富多元收益A | C20: =[1]!thsiFinD("ths_adjustment_nvg_ratio_fund",$A20,B$5,B$5,101)/100 -> 0 | D20: =[1]!thsiFinD("ths_adjustment_nvg_ratio_fund",$A20,D$4,D$5,101)/100 -> -0.0074683632 | E20: =[1]!thsiFinD("ths_adjustment_nvg_ratio_fund",$A20,E$4,E$5,101)/100 -> -0.067911322 | F20: =-[1]!thsiFinD("ths_max_retrace_rate_all_fund",$A20,F$4,F$5)/100 -> -0.080169443 | J20: =1336.14416122437%/100 -> 0.13361442 | K20: =438.473033905029%/100 -> 0.043847303
A21: 160718.OF | B21: 嘉实多利收益A | C21: =[1]!thsiFinD("ths_adjustment_nvg_ratio_fund",$A21,B$5,B$5,101)/100 -> 0 | D21: =[1]!thsiFinD("ths_adjustment_nvg_ratio_fund",$A21,D$4,D$5,101)/100 -> -0.012644365 | E21: =[1]!thsiFinD("ths_adjustment_nvg_ratio_fund",$A21,E$4,E$5,101)/100 -> -0.063196675 | F21: =-[1]!thsiFinD("ths_max_retrace_rate_all_fund",$A21,F$4,F$5)/100 -> -0.079686479 | J21: =[1]!thsiFinD("ths_stock_mv_to_fanv_fund",$A21,$J$4)/100 -> 0.2003817 | K21: =[1]!thsiFinD("ths_cb_mv_to_fanv_fund",A21,$J$4)/100 -> 0.1094
A22: 003504.OF | B22: 景顺长城景颐丰利A | C22: =[1]!thsiFinD("ths_adjustment_nvg_ratio_fund",$A22,B$5,B$5,101)/100 -> 0 | D22: =[1]!thsiFinD("ths_adjustment_nvg_ratio_fund",$A22,D$4,D$5,101)/100 -> -0.010266302 | E22: =[1]!thsiFinD("ths_adjustment_nvg_ratio_fund",$A22,E$4,E$5,101)/100 -> -0.071124088 | F22: =-[1]!thsiFinD("ths_max_retrace_rate_all_fund",$A22,F$4,F$5)/100 -> -0.078192169 | J22: =[1]!thsiFinD("ths_stock_mv_to_fanv_fund",$A22,$J$4)/100 -> 0.20399724 | K22: =[1]!thsiFinD("ths_cb_mv_to_fanv_fund",A22,$J$4)/100 -> 0.0779
B23: 注：1090基石投顾组合2026/06/18上线，内部数据请勿外发，历史数据仅供参考，不代表未来收益

Sheet vs红利固收+
B3: =日期页!B5 -> 46295 | C3: =VLOOKUP(B3,实盘组合净值!$A:$V,20,0) -> 0.99871448
B4: =日期页!B3 -> 46303 | C4: =VLOOKUP(B4,实盘组合净值!$A:$V,20,0) -> 0.99682887 | D4: =日期页!B4 -> 46303 | E4: 46282 | F4: =E4 -> 46282 | J4: 46203
B5: =日期页!B2 -> 46304 | C5: =VLOOKUP(B5,实盘组合净值!$A:$V,20,0) -> 0.99680693 | D5: =B5 -> 46304 | E5: =B5 -> 46304 | F5: =B5 -> 46304
A6: 基金代码 | B6: =B5 -> 46304 | C6: 日涨跌 | D6: 本周以来 | E6: 上线以来 | F6: 最大回撤 | I6: 类型 | J6: 权益中枢 /股票仓位 | K6: 转债仓位
B7: 20/80基石投顾账户 | C7: =C5/C4-1 -> -2.2005708e-05 | D7: =C5/C3-1 -> -0.0019100001 | E7: =C5-1 -> -0.0031930669 | F7: =MIN(实盘组合净值!V:V) -> -0.0071263838 | I7: 20/80配置样板间 | J7: 0.2 | K7: 5%黄金
A8: 002065.OF | B8: =[1]!thsiFinD("ths_fund_short_name_fund",A8) -> 景顺长城景盛双息收益债券A | C8: =[1]!thsiFinD("ths_adjustment_nvg_ratio_fund",$A8,B$5,B$5,101)/100 -> 0 | D8: =[1]!thsiFinD("ths_adjustment_nvg_ratio_fund",$A8,D$4,D$5,101)/100 -> 0 | E8: =[1]!thsiFinD("ths_adjustment_nvg_ratio_fund",$A8,E$4,E$5,101)/100 -> -0.004691165 | F8: =-[1]!thsiFinD("ths_max_retrace_rate_all_fund",$A8,F$4,F$5)/100 -> -0.006245121 | J8: =[1]!thsiFinD("ths_stock_mv_to_fanv_fund",$A8,$J$4)/100 -> 0.1366676 | K8: =[1]!thsiFinD("ths_cb_mv_to_fanv_fund",A8,$J$4)/100 -> 0.0564
A9: 010011.OF | B9: =[1]!thsiFinD("ths_fund_short_name_fund",A9) -> 景顺长城景颐招利6个月持有期债券A | C9: =[1]!thsiFinD("ths_adjustment_nvg_ratio_fund",$A9,B$5,B$5,101)/100 -> 0 | D9: =[1]!thsiFinD("ths_adjustment_nvg_ratio_fund",$A9,D$4,D$5,101)/100 -> 0.00022466866 | E9: =[1]!thsiFinD("ths_adjustment_nvg_ratio_fund",$A9,E$4,E$5,101)/100 -> -0.0019429083 | F9: =-[1]!thsiFinD("ths_max_retrace_rate_all_fund",$A9,F$4,F$5)/100 -> -0.0041803524 | J9: =[1]!thsiFinD("ths_stock_mv_to_fanv_fund",$A9,$J$4)/100 -> 0.13889673 | K9: =[1]!thsiFinD("ths_cb_mv_to_fanv_fund",A9,$J$4)/100 -> 0.0454
A10: 010118.OF | B10: =[1]!thsiFinD("ths_fund_short_name_fund",A10) -> 天弘多元收益债券A | C10: =[1]!thsiFinD("ths_adjustment_nvg_ratio_fund",$A10,B$5,B$5,101)/100 -> 0 | D10: =[1]!thsiFinD("ths_adjustment_nvg_ratio_fund",$A10,D$4,D$5,101)/100 -> 0.00077931279 | E10: =[1]!thsiFinD("ths_adjustment_nvg_ratio_fund",$A10,E$4,E$5,101)/100 -> 0.0026261623 | F10: =-[1]!thsiFinD("ths_max_retrace_rate_all_fund",$A10,F$4,F$5)/100 -> -0.0028399006 | J10: =[1]!thsiFinD("ths_stock_mv_to_fanv_fund",$A10,$J$4)/100 -> 0.19775965 | K10: =[1]!thsiFinD("ths_cb_mv_to_fanv_fund",A10,$J$4)/100 -> 0.1863
A11: 002925.OF | B11: =[1]!thsiFinD("ths_fund_short_name_fund",A11) -> 广发集源债券A | C11: =[1]!thsiFinD("ths_adjustment_nvg_ratio_fund",$A11,B$5,B$5,101)/100 -> 0 | D11: =[1]!thsiFinD("ths_adjustment_nvg_ratio_fund",$A11,D$4,D$5,101)/100 -> 0.00083759108 | E11: =[1]!thsiFinD("ths_adjustment_nvg_ratio_fund",$A11,E$4,E$5,101)/100 -> 0.0025169896 | F11: =-[1]!thsiFinD("ths_max_retrace_rate_all_fund",$A11,F$4,F$5)/100 -> -0.0014254569 | J11: =1794.92740631104%/100 -> 0.17949274 | K11: =632.57851600647%/100 -> 0.063257852
A12: 110008.OF | B12: =[1]!thsiFinD("ths_fund_short_name_fund",A12) -> 易方达稳健收益债券B | C12: =[1]!thsiFinD("ths_adjustment_nvg_ratio_fund",$A12,B$5,B$5,101)/100 -> 0 | D12: =[1]!thsiFinD("ths_adjustment_nvg_ratio_fund",$A12,D$4,D$5,101)/100 -> -0.0023913349 | E12: =[1]!thsiFinD("ths_adjustment_nvg_ratio_fund",$A12,E$4,E$5,101)/100 -> 0.0016949153 | F12: =-[1]!thsiFinD("ths_max_retrace_rate_all_fund",$A12,F$4,F$5)/100 -> -0.0047014245 | J12: =[1]!thsiFinD("ths_stock_mv_to_fanv_fund",$A12,$J$4)/100 -> 0.19788436 | K12: =[1]!thsiFinD("ths_cb_mv_to_fanv_fund",A12,$J$4)/100 -> 0.0393
A13: 110017.OF | B13: =[1]!thsiFinD("ths_fund_short_name_fund",A13) -> 易方达增强回报债券A | C13: =[1]!thsiFinD("ths_adjustment_nvg_ratio_fund",$A13,B$5,B$5,101)/100 -> 0 | D13: =[1]!thsiFinD("ths_adjustment_nvg_ratio_fund",$A13,D$4,D$5,101)/100 -> 7.1500064e-05 | E13: =[1]!thsiFinD("ths_adjustment_nvg_ratio_fund",$A13,E$4,E$5,101)/100 -> 0.0012168933 | F13: =-[1]!thsiFinD("ths_max_retrace_rate_all_fund",$A13,F$4,F$5)/100 -> -0.0021428571 | J13: =1794.92740631104%/100 -> 0.17949274 | K13: =632.57851600647%/100 -> 0.063257852
B14: 注：2080基石投顾组合2026/09/17上线，内部数据请勿外发，历史数据仅供参考，不代表未来收益

Sheet vs招行
B2: 本周一 | D2: =日期页!B4 -> 46303 | E2: =VLOOKUP(D2,实盘组合净值!$A:$S,14,0) -> 0.98376778
B3: 上周五 | D3: =日期页!B5 -> 46295 | E3: =VLOOKUP(D3,实盘组合净值!$A:$S,14,0) -> 0.98823708
D4: =日期页!B9 -> 46294 | E4: =VLOOKUP(D4,实盘组合净值!$A:$S,14,0) -> 0.98955409 | F4: =D2 -> 46303 | G4: =日期页!B6 -> 46195 | H4: =G4 -> 46195
D5: =日期页!B10 -> 46295 | E5: =VLOOKUP(D5,实盘组合净值!$A:$S,14,0) -> 0.98823708 | F5: =D5 -> 46295 | G5: =D5 -> 46295 | H5: =D5 -> 46295
A6: 类型 | B6: 权益中枢 | C6: 基金代码 | D6: =D5 -> 46295 | E6: 日涨跌 | F6: 本周以来 | G6: 上线以来 | H6: 最大回撤
A7: 10/90投顾样板间 | B7: 0.1 | D7: 10-90基石投顾账户 | E7: =E5/E4-1 -> -0.0013309119 | F7: =E5/E3-1 -> 0 | G7: =E5-1 -> -0.011762923 | H7: =MIN(实盘组合净值!P:P) -> -0.028729069
A8: 招行长盈计划-安稳盈 | B8: ≤15% | C8: 016768.OF | D8: =[1]!thsiFinD("ths_fund_official_short_name_fund",C8) -> 华安盈瑞稳健优选6个月持有混合(FOF)A | E8: =[1]!thsiFinD("ths_adjustment_nvg_rate_fund",C8,$D$5)/100 -> 0.00064208401 | F8: =[1]!thsiFinD("ths_adjustment_nvg_ratio_fund",$C8,F$4,F$5,101)/100 -> 0 | G8: =[1]!thsiFinD("ths_adjustment_nvg_ratio_fund",$C8,G$4,G$5,101)/100 -> -0.0068128266 | H8: =-[1]!thsiFinD("ths_max_retrace_rate_all_fund",$C8,H$4,H$5)/100 -> -0.0097720423
C9: 025218.OF | D9: =[1]!thsiFinD("ths_fund_official_short_name_fund",C9) -> 中欧盈欣稳健6个月持有混合(FOF)A | E9: =[1]!thsiFinD("ths_adjustment_nvg_rate_fund",C9,$D$5)/100 -> 0.00039932115 | F9: =[1]!thsiFinD("ths_adjustment_nvg_ratio_fund",$C9,F$4,F$5,101)/100 -> 0 | G9: =[1]!thsiFinD("ths_adjustment_nvg_ratio_fund",$C9,G$4,G$5,101)/100 -> 0.00069902137 | H9: =-[1]!thsiFinD("ths_max_retrace_rate_all_fund",$C9,H$4,H$5)/100 -> -0.0052631579
C10: 022978.OF | D10: =[1]!thsiFinD("ths_fund_official_short_name_fund",C10) -> 博时臻选楚汇三个月持有债券(FOF)B | E10: =[1]!thsiFinD("ths_adjustment_nvg_rate_fund",C10,$D$5)/100 -> 0.0011072153 | F10: =[1]!thsiFinD("ths_adjustment_nvg_ratio_fund",$C10,F$4,F$5,101)/100 -> 0 | G10: =[1]!thsiFinD("ths_adjustment_nvg_ratio_fund",$C10,G$4,G$5,101)/100 -> -0.0076137244 | H10: =-[1]!thsiFinD("ths_max_retrace_rate_all_fund",$C10,H$4,H$5)/100 -> -0.012392929
C11: 017587.OF | D11: =[1]!thsiFinD("ths_fund_official_short_name_fund",C11) -> 中欧盈选稳健6个月持有混合发起(FOF)A | E11: =[1]!thsiFinD("ths_adjustment_nvg_rate_fund",C11,$D$5)/100 -> 0.00038113386 | F11: =[1]!thsiFinD("ths_adjustment_nvg_ratio_fund",$C11,F$4,F$5,101)/100 -> 0 | G11: =[1]!thsiFinD("ths_adjustment_nvg_ratio_fund",$C11,G$4,G$5,101)/100 -> 0.0010452463 | H11: =-[1]!thsiFinD("ths_max_retrace_rate_all_fund",$C11,H$4,H$5)/100 -> -0.0052132702
C12: 026682.OF | D12: =[1]!thsiFinD("ths_fund_official_short_name_fund",C12) -> 博时盈泰臻选6个月持有期混合(FOF)A | E12: =[1]!thsiFinD("ths_adjustment_nvg_rate_fund",C12,$D$5)/100 -> 0.0014093014 | F12: =[1]!thsiFinD("ths_adjustment_nvg_ratio_fund",$C12,F$4,F$5,101)/100 -> 0 | G12: =[1]!thsiFinD("ths_adjustment_nvg_ratio_fund",$C12,G$4,G$5,101)/100 -> -0.0059952038 | H12: =-[1]!thsiFinD("ths_max_retrace_rate_all_fund",$C12,H$4,H$5)/100 -> -0.012328495
A13: 招行长盈计划-安定盈 | B13: ≤25% | C13: 025822.OF | D13: =[1]!thsiFinD("ths_fund_official_short_name_fund",C13) -> 易方达如意盈安6个月持有混合发起式(FOF)A | E13: =[1]!thsiFinD("ths_adjustment_nvg_rate_fund",C13,$D$5)/100 -> 0.00089534421 | F13: =[1]!thsiFinD("ths_adjustment_nvg_ratio_fund",$C13,F$4,F$5,101)/100 -> 0 | G13: =[1]!thsiFinD("ths_adjustment_nvg_ratio_fund",$C13,G$4,G$5,101)/100 -> -0.014882992 | H13: =-[1]!thsiFinD("ths_max_retrace_rate_all_fund",$C13,H$4,H$5)/100 -> -0.022235225
C14: 018312.OF | D14: =[1]!thsiFinD("ths_fund_official_short_name_fund",C14) -> 易方达如意安诚六个月持有混合(FOF)A | E14: =[1]!thsiFinD("ths_adjustment_nvg_rate_fund",C14,$D$5)/100 -> 0.00099619635 | F14: =[1]!thsiFinD("ths_adjustment_nvg_ratio_fund",$C14,F$4,F$5,101)/100 -> 0 | G14: =[1]!thsiFinD("ths_adjustment_nvg_ratio_fund",$C14,G$4,G$5,101)/100 -> -0.016191952 | H14: =-[1]!thsiFinD("ths_max_retrace_rate_all_fund",$C14,H$4,H$5)/100 -> -0.023234627
A15: 注：1090基石投顾组合2026/06/18上线，内部数据请勿外发，历史数据仅供参考，不代表未来收益

Sheet vs固收+对比
E1: =VLOOKUP(E4,实盘组合净值!$A:$P,14) -> 1.0008955 | F1: =VLOOKUP(F4,实盘组合净值!$A:$P,14) -> 1.0008955 | G1: =VLOOKUP(G4,实盘组合净值!$A:$P,14) -> 0.974836
E2: =VLOOKUP(E5,实盘组合净值!$A:$P,14) -> 0.98375427 | F2: =VLOOKUP(F5,实盘组合净值!$A:$P,14) -> 0.97390321 | G2: =VLOOKUP(G5,实盘组合净值!$A:$P,14) -> 0.98375427
E3: 46191 | F3: 46191 | G3: 46234
E4: 46195 | F4: 46195 | G4: 46237
E5: =日期页!B2 -> 46304 | F5: 46233 | G5: =E5 -> 46304
C6: 公募固收+规模前十（2026Q2）基金表现
A7: 序号 | B7: 基金代码 | C7: 产品/基金名称 | D7: 26Q2规模（亿元） | E7: 上线以来 | F7: 6/22-7/30 | G7: 7.31至今 | H7: 最大回撤（上线以来）
A8: 组合 | C8: 10/90基石投顾组合 | E8: =E$2/E$1-1 -> -0.017125928 | F8: =F$2/F$1-1 -> -0.026968171 | G8: =G$2/G$1-1 -> 0.0091484807 | H8: ='vs固收+'!F7 -> -0.028729069
A9: 1 | B9: 003504.OF | C9: 景顺长城景颐丰利债券 | D9: 712 | E9: =[1]!thsiFinD("ths_adjustment_nvg_ratio_fund",$B9,E$4,E$5,101)/100 -> -0.071124088 | F9: =[1]!thsiFinD("ths_adjustment_nvg_ratio_fund",$B9,F$4,F$5,101)/100 -> -0.07340146 | G9: =[1]!thsiFinD("ths_adjustment_nvg_ratio_fund",$B9,G$4,G$5,101)/100 -> -0.0068677031 | H9: =-[1]!thsiFinD("ths_max_retrace_rate_all_fund",$B9,E$3,E$5)/100 -> -0.078192169
A10: 2 | B10: 000143.OF | C10: 鹏华双债加利债券 | D10: 584 | E10: =[1]!thsiFinD("ths_adjustment_nvg_ratio_fund",$B10,E$4,E$5,101)/100 -> -0.041079553 | F10: =[1]!thsiFinD("ths_adjustment_nvg_ratio_fund",$B10,F$4,F$5,101)/100 -> -0.051945757 | G10: =[1]!thsiFinD("ths_adjustment_nvg_ratio_fund",$B10,G$4,G$5,101)/100 -> 0.0043488318 | H10: =-[1]!thsiFinD("ths_max_retrace_rate_all_fund",$B10,E$3,E$5)/100 -> -0.06090571
A11: 3 | B11: 000385.OF | C11: 景顺长城景颐双利债券 | D11: 576 | E11: =[1]!thsiFinD("ths_adjustment_nvg_ratio_fund",$B11,E$4,E$5,101)/100 -> -0.017304667 | F11: =[1]!thsiFinD("ths_adjustment_nvg_ratio_fund",$B11,F$4,F$5,101)/100 -> -0.01363398 | G11: =[1]!thsiFinD("ths_adjustment_nvg_ratio_fund",$B11,G$4,G$5,101)/100 -> -0.0053078556 | H11: =-[1]!thsiFinD("ths_max_retrace_rate_all_fund",$B11,E$3,E$5)/100 -> -0.024530271
A12: 4 | B12: 002065.OF | C12: 景顺长城景盛双息收益债券 | D12: 393 | E12: =[1]!thsiFinD("ths_adjustment_nvg_ratio_fund",$B12,E$4,E$5,101)/100 -> 0.015961692 | F12: =[1]!thsiFinD("ths_adjustment_nvg_ratio_fund",$B12,F$4,F$5,101)/100 -> 0.015961692 | G12: =[1]!thsiFinD("ths_adjustment_nvg_ratio_fund",$B12,G$4,G$5,101)/100 -> -0.0023510972 | H12: =-[1]!thsiFinD("ths_max_retrace_rate_all_fund",$B12,E$3,E$5)/100 -> -0.019857029
A13: 5 | B13: 002969.OF | C13: 易方达丰和债券 | D13: 391 | E13: =[1]!thsiFinD("ths_adjustment_nvg_ratio_fund",$B13,E$4,E$5,101)/100 -> -0.043013266 | F13: =[1]!thsiFinD("ths_adjustment_nvg_ratio_fund",$B13,F$4,F$5,101)/100 -> -0.056454912 | G13: =[1]!thsiFinD("ths_adjustment_nvg_ratio_fund",$B13,G$4,G$5,101)/100 -> 0.0051562212 | H13: =-[1]!thsiFinD("ths_max_retrace_rate_all_fund",$B13,E$3,E$5)/100 -> -0.070577399
A14: 6 | B14: 014088.OF | C14: 永赢稳健增强债券 | D14: 365 | E14: =[1]!thsiFinD("ths_adjustment_nvg_ratio_fund",$B14,E$4,E$5,101)/100 -> -0.041166106 | F14: =[1]!thsiFinD("ths_adjustment_nvg_ratio_fund",$B14,F$4,F$5,101)/100 -> -0.039484222 | G14: =[1]!thsiFinD("ths_adjustment_nvg_ratio_fund",$B14,G$4,G$5,101)/100 -> -0.0070498466 | H14: =-[1]!thsiFinD("ths_max_retrace_rate_all_fund",$B14,E$3,E$5)/100 -> -0.047270412
A15: 7 | B15: 001751.OF | C15: 华商信用增强债券 | D15: 361 | E15: =[1]!thsiFinD("ths_adjustment_nvg_ratio_fund",$B15,E$4,E$5,101)/100 -> -0.038948393 | F15: =[1]!thsiFinD("ths_adjustment_nvg_ratio_fund",$B15,F$4,F$5,101)/100 -> -0.02872444 | G15: =[1]!thsiFinD("ths_adjustment_nvg_ratio_fund",$B15,G$4,G$5,101)/100 -> -0.01888668 | H15: =-[1]!thsiFinD("ths_max_retrace_rate_all_fund",$B15,E$3,E$5)/100 -> -0.059552168
A16: 8 | B16: 014846.OF | C16: 博时恒乐债券 | D16: 359 | E16: =[1]!thsiFinD("ths_adjustment_nvg_ratio_fund",$B16,E$4,E$5,101)/100 -> -0.021633659 | F16: =[1]!thsiFinD("ths_adjustment_nvg_ratio_fund",$B16,F$4,F$5,101)/100 -> -0.016463851 | G16: =[1]!thsiFinD("ths_adjustment_nvg_ratio_fund",$B16,G$4,G$5,101)/100 -> -0.0062207142 | H16: =-[1]!thsiFinD("ths_max_retrace_rate_all_fund",$B16,E$3,E$5)/100 -> -0.035971787
A17: 9 | B17: 000171.OF | C17: 易方达裕丰回报债券 | D17: 342 | E17: =[1]!thsiFinD("ths_adjustment_nvg_ratio_fund",$B17,E$4,E$5,101)/100 -> -0.053317865 | F17: =[1]!thsiFinD("ths_adjustment_nvg_ratio_fund",$B17,F$4,F$5,101)/100 -> -0.048259861 | G17: =[1]!thsiFinD("ths_adjustment_nvg_ratio_fund",$B17,G$4,G$5,101)/100 -> -0.010620757 | H17: =-[1]!thsiFinD("ths_max_retrace_rate_all_fund",$B17,E$3,E$5)/100 -> -0.068447489
A18: 10 | B18: 202101.OF | C18: 南方宝元债券 | D18: 314 | E18: =[1]!thsiFinD("ths_adjustment_nvg_ratio_fund",$B18,E$4,E$5,101)/100 -> -0.017774716 | F18: =[1]!thsiFinD("ths_adjustment_nvg_ratio_fund",$B18,F$4,F$5,101)/100 -> -0.00072338959 | G18: =[1]!thsiFinD("ths_adjustment_nvg_ratio_fund",$B18,G$4,G$5,101)/100 -> -0.017436251 | H18: =-[1]!thsiFinD("ths_max_retrace_rate_all_fund",$B18,E$3,E$5)/100 -> -0.028083945
C21: 公募固收+Q2规模增长前十基金表现
A22: =表3[[#Headers],[序号]] -> 序号 | B22: =表3[[#Headers],[基金代码]] -> 基金代码 | C22: =表3[[#Headers],[产品/基金名称]] -> 产品/基金名称 | D22: =表3[[#Headers],[26Q2规模（亿元）]] -> 26Q2规模（亿元） | E22: =表3[[#Headers],[上线以来]] -> 上线以来 | F22: =表3[[#Headers],[6/22-7/30]] -> 6/22-7/30 | G22: =表3[[#Headers],[7.31至今]] -> 7.31至今 | H22: =表3[[#Headers],[最大回撤（上线以来）]] -> 最大回撤（上线以来）
A23: 组合 | C23: =C8 -> 10/90基石投顾组合 | E23: =E$2/E$1-1 -> -0.017125928 | F23: =F$2/F$1-1 -> -0.026968171 | G23: =G$2/G$1-1 -> 0.0091484807 | H23: ='vs固收+'!F7 -> -0.028729069
A24: 1 | B24: 003504.OF | C24: 景顺长城景颐丰利债券 | D24: 391 | E24: =[1]!thsiFinD("ths_adjustment_nvg_ratio_fund",$B24,E$4,E$5,101)/100 -> -0.071124088 | F24: =[1]!thsiFinD("ths_adjustment_nvg_ratio_fund",$B24,F$4,F$5,101)/100 -> -0.07340146 | G24: =[1]!thsiFinD("ths_adjustment_nvg_ratio_fund",$B24,G$4,G$5,101)/100 -> -0.0068677031 | H24: =-[1]!thsiFinD("ths_max_retrace_rate_all_fund",$B24,E$3,E$5)/100 -> -0.078192169
A25: 2 | B25: 002969.OF | C25: 易方达丰和债券 | D25: 347 | E25: =[1]!thsiFinD("ths_adjustment_nvg_ratio_fund",$B25,E$4,E$5,101)/100 -> -0.043013266 | F25: =[1]!thsiFinD("ths_adjustment_nvg_ratio_fund",$B25,F$4,F$5,101)/100 -> -0.056454912 | G25: =[1]!thsiFinD("ths_adjustment_nvg_ratio_fund",$B25,G$4,G$5,101)/100 -> 0.0051562212 | H25: =-[1]!thsiFinD("ths_max_retrace_rate_all_fund",$B25,E$3,E$5)/100 -> -0.070577399
A26: 3 | B26: 470010.OF | C26: 汇添富多元收益债券 | D26: 255 | E26: =[1]!thsiFinD("ths_adjustment_nvg_ratio_fund",$B26,E$4,E$5,101)/100 -> -0.067911322 | F26: =[1]!thsiFinD("ths_adjustment_nvg_ratio_fund",$B26,F$4,F$5,101)/100 -> -0.053754485 | G26: =[1]!thsiFinD("ths_adjustment_nvg_ratio_fund",$B26,G$4,G$5,101)/100 -> -0.021454222 | H26: =-[1]!thsiFinD("ths_max_retrace_rate_all_fund",$B26,E$3,E$5)/100 -> -0.080169443
A27: 4 | B27: 000143.OF | C27: 鹏华双债加利债券 | D27: 228 | E27: =[1]!thsiFinD("ths_adjustment_nvg_ratio_fund",$B27,E$4,E$5,101)/100 -> -0.041079553 | F27: =[1]!thsiFinD("ths_adjustment_nvg_ratio_fund",$B27,F$4,F$5,101)/100 -> -0.051945757 | G27: =[1]!thsiFinD("ths_adjustment_nvg_ratio_fund",$B27,G$4,G$5,101)/100 -> 0.0043488318 | H27: =-[1]!thsiFinD("ths_max_retrace_rate_all_fund",$B27,E$3,E$5)/100 -> -0.06090571
A28: 5 | B28: 000406.OF | C28: 汇添富双利增强债券 | D28: 172 | E28: =[1]!thsiFinD("ths_adjustment_nvg_ratio_fund",$B28,E$4,E$5,101)/100 -> -0.03271703 | F28: =[1]!thsiFinD("ths_adjustment_nvg_ratio_fund",$B28,F$4,F$5,101)/100 -> -0.04058934 | G28: =[1]!thsiFinD("ths_adjustment_nvg_ratio_fund",$B28,G$4,G$5,101)/100 -> 0.006462764 | H28: =-[1]!thsiFinD("ths_max_retrace_rate_all_fund",$B28,E$3,E$5)/100 -> -0.050897344
A29: 6 | B29: 000171.OF | C29: 易方达裕丰回报债券 | D29: 146 | E29: =[1]!thsiFinD("ths_adjustment_nvg_ratio_fund",$B29,E$4,E$5,101)/100 -> -0.053317865 | F29: =[1]!thsiFinD("ths_adjustment_nvg_ratio_fund",$B29,F$4,F$5,101)/100 -> -0.048259861 | G29: =[1]!thsiFinD("ths_adjustment_nvg_ratio_fund",$B29,G$4,G$5,101)/100 -> -0.010620757 | H29: =-[1]!thsiFinD("ths_max_retrace_rate_all_fund",$B29,E$3,E$5)/100 -> -0.068447489
A30: 7 | B30: 018595.OF | C30: 华商利欣回报债券 | D30: 130 | E30: =[1]!thsiFinD("ths_adjustment_nvg_ratio_fund",$B30,E$4,E$5,101)/100 -> -0.016085578 | F30: =[1]!thsiFinD("ths_adjustment_nvg_ratio_fund",$B30,F$4,F$5,101)/100 -> -0.022028526 | G30: =[1]!thsiFinD("ths_adjustment_nvg_ratio_fund",$B30,G$4,G$5,101)/100 -> -0.00040251167 | H30: =-[1]!thsiFinD("ths_max_retrace_rate_all_fund",$B30,E$3,E$5)/100 -> -0.04644491
A31: 8 | B31: 001751.OF | C31: 华商信用增强债券 | D31: 123 | E31: =[1]!thsiFinD("ths_adjustment_nvg_ratio_fund",$B31,E$4,E$5,101)/100 -> -0.038948393 | F31: =[1]!thsiFinD("ths_adjustment_nvg_ratio_fund",$B31,F$4,F$5,101)/100 -> -0.02872444 | G31: =[1]!thsiFinD("ths_adjustment_nvg_ratio_fund",$B31,G$4,G$5,101)/100 -> -0.01888668 | H31: =-[1]!thsiFinD("ths_max_retrace_rate_all_fund",$B31,E$3,E$5)/100 -> -0.059552168
A32: 9 | B32: 020218.OF | C32: 万家锦利债券发起式 | D32: 120 | E32: =[1]!thsiFinD("ths_adjustment_nvg_ratio_fund",$B32,E$4,E$5,101)/100 -> -0.055609677 | F32: =[1]!thsiFinD("ths_adjustment_nvg_ratio_fund",$B32,F$4,F$5,101)/100 -> -0.047978568 | G32: =[1]!thsiFinD("ths_adjustment_nvg_ratio_fund",$B32,G$4,G$5,101)/100 -> -0.011975539 | H32: =-[1]!thsiFinD("ths_max_retrace_rate_all_fund",$B32,E$3,E$5)/100 -> -0.063516342
A33: 10 | B33: 014846.OF | C33: 博时恒乐债券 | D33: 114 | E33: =[1]!thsiFinD("ths_adjustment_nvg_ratio_fund",$B33,E$4,E$5,101)/100 -> -0.021633659 | F33: =[1]!thsiFinD("ths_adjustment_nvg_ratio_fund",$B33,F$4,F$5,101)/100 -> -0.016463851 | G33: =[1]!thsiFinD("ths_adjustment_nvg_ratio_fund",$B33,G$4,G$5,101)/100 -> -0.0062207142 | H33: =-[1]!thsiFinD("ths_max_retrace_rate_all_fund",$B33,E$3,E$5)/100 -> -0.035971787
C36: 公司公募固收+保有前十基金表现（2026Q2）
A37: =A22 -> 序号 | B37: =B22 -> 基金代码 | C37: =C22 -> 产品/基金名称 | D37: 公司固收加保有前十（万元） | E37: =E22 -> 上线以来 | F37: =F22 -> 6/22-7/30 | G37: =G22 -> 7.31至今 | H37: =H22 -> 最大回撤（上线以来）
A38: 组合 | C38: =C8 -> 10/90基石投顾组合 | E38: =E$2/E$1-1 -> -0.017125928 | F38: =F$2/F$1-1 -> -0.026968171 | G38: =G$2/G$1-1 -> 0.0091484807 | H38: ='vs固收+'!F7 -> -0.028729069
A39: 1 | B39: 009355.OF | C39: 宏利泰和稳健养老目标一年持有期混合(FOF) | D39: 5265 | E39: =[1]!thsiFinD("ths_adjustment_nvg_ratio_fund",$B39,E$4,E$5,101)/100 -> -0.011868616 | F39: =[1]!thsiFinD("ths_adjustment_nvg_ratio_fund",$B39,F$4,F$5,101)/100 -> -0.018110759 | G39: =[1]!thsiFinD("ths_adjustment_nvg_ratio_fund",$B39,G$4,G$5,101)/100 -> 0.0027146865 | H39: =-[1]!thsiFinD("ths_max_retrace_rate_all_fund",$B39,E$3,E$5)/100 -> -0.018873622
A40: 2 | B40: 024057.OF | C40: 宏利鼎森稳健3个月持有期混合(FOF) | D40: 896 | E40: =[1]!thsiFinD("ths_adjustment_nvg_ratio_fund",$B40,E$4,E$5,101)/100 -> -0.0017711306 | F40: =[1]!thsiFinD("ths_adjustment_nvg_ratio_fund",$B40,F$4,F$5,101)/100 -> -0.012397914 | G40: =[1]!thsiFinD("ths_adjustment_nvg_ratio_fund",$B40,G$4,G$5,101)/100 -> 0.0077480878 | H40: =-[1]!thsiFinD("ths_max_retrace_rate_all_fund",$B40,E$3,E$5)/100 -> -0.013283479
A41: 3 | B41: 011168.OF | C41: 嘉实睿享安久双利18个月持有期债券 | D41: 239 | E41: =[1]!thsiFinD("ths_adjustment_nvg_ratio_fund",$B41,E$4,E$5,101)/100 -> -0.034421172 | F41: =[1]!thsiFinD("ths_adjustment_nvg_ratio_fund",$B41,F$4,F$5,101)/100 -> -0.026627699 | G41: =[1]!thsiFinD("ths_adjustment_nvg_ratio_fund",$B41,G$4,G$5,101)/100 -> -0.0099883469 | H41: =-[1]!thsiFinD("ths_max_retrace_rate_all_fund",$B41,E$3,E$5)/100 -> -0.054981726
A42: 4 | B42: 002969.OF | C42: 易方达丰和债券 | D42: 225 | E42: =[1]!thsiFinD("ths_adjustment_nvg_ratio_fund",$B42,E$4,E$5,101)/100 -> -0.043013266 | F42: =[1]!thsiFinD("ths_adjustment_nvg_ratio_fund",$B42,F$4,F$5,101)/100 -> -0.056454912 | G42: =[1]!thsiFinD("ths_adjustment_nvg_ratio_fund",$B42,G$4,G$5,101)/100 -> 0.0051562212 | H42: =-[1]!thsiFinD("ths_max_retrace_rate_all_fund",$B42,E$3,E$5)/100 -> -0.070577399
A43: 5 | B43: 014738.OF | C43: 广发恒祥债券 | D43: 205 | E43: =[1]!thsiFinD("ths_adjustment_nvg_ratio_fund",$B43,E$4,E$5,101)/100 -> -0.046935442 | F43: =[1]!thsiFinD("ths_adjustment_nvg_ratio_fund",$B43,F$4,F$5,101)/100 -> -0.029313161 | G43: =[1]!thsiFinD("ths_adjustment_nvg_ratio_fund",$B43,G$4,G$5,101)/100 -> -0.016063188 | H43: =-[1]!thsiFinD("ths_max_retrace_rate_all_fund",$B43,E$3,E$5)/100 -> -0.069804514
A44: 6 | B44: 006307.OF | C44: 嘉实养老目标日期2040五年持有期混合(FOF) | D44: 190 | E44: =[1]!thsiFinD("ths_adjustment_nvg_ratio_fund",$B44,E$4,E$5,101)/100 -> -0.07303155 | F44: =[1]!thsiFinD("ths_adjustment_nvg_ratio_fund",$B44,F$4,F$5,101)/100 -> -0.093443073 | G44: =[1]!thsiFinD("ths_adjustment_nvg_ratio_fund",$B44,G$4,G$5,101)/100 -> 0.01064848 | H44: =-[1]!thsiFinD("ths_max_retrace_rate_all_fund",$B44,E$3,E$5)/100 -> -0.11736738
A45: 7 | B45: 003458.OF | C45: 嘉实稳宏债券 | D45: 189 | E45: =[1]!thsiFinD("ths_adjustment_nvg_ratio_fund",$B45,E$4,E$5,101)/100 -> -0.13091908 | F45: =[1]!thsiFinD("ths_adjustment_nvg_ratio_fund",$B45,F$4,F$5,101)/100 -> -0.12207792 | G45: =[1]!thsiFinD("ths_adjustment_nvg_ratio_fund",$B45,G$4,G$5,101)/100 -> -0.021483606 | H45: =-[1]!thsiFinD("ths_max_retrace_rate_all_fund",$B45,E$3,E$5)/100 -> -0.15583912
A46: 8 | B46: 110027.OF | C46: 易方达安心回报债券 | D46: 184 | E46: =[1]!thsiFinD("ths_adjustment_nvg_ratio_fund",$B46,E$4,E$5,101)/100 -> -0.068974219 | F46: =[1]!thsiFinD("ths_adjustment_nvg_ratio_fund",$B46,F$4,F$5,101)/100 -> -0.045842621 | G46: =[1]!thsiFinD("ths_adjustment_nvg_ratio_fund",$B46,G$4,G$5,101)/100 -> -0.031118697 | H46: =-[1]!thsiFinD("ths_max_retrace_rate_all_fund",$B46,E$3,E$5)/100 -> -0.086644387
A47: 9 | B47: 005221.OF | C47: 宏利全能优选混合(FOF) | D47: 174 | E47: =[1]!thsiFinD("ths_adjustment_nvg_ratio_fund",$B47,E$4,E$5,101)/100 -> 0.0012123049 | F47: =[1]!thsiFinD("ths_adjustment_nvg_ratio_fund",$B47,F$4,F$5,101)/100 -> -0.0024246098 | G47: =[1]!thsiFinD("ths_adjustment_nvg_ratio_fund",$B47,G$4,G$5,101)/100 -> 0.0021994691 | H47: =-[1]!thsiFinD("ths_max_retrace_rate_all_fund",$B47,E$3,E$5)/100 -> -0.0043740573
A48: 10 | B48: 160718.OF | C48: 嘉实多利收益债券 | D48: 170 | E48: =[1]!thsiFinD("ths_adjustment_nvg_ratio_fund",$B48,E$4,E$5,101)/100 -> -0.063196675 | F48: =[1]!thsiFinD("ths_adjustment_nvg_ratio_fund",$B48,F$4,F$5,101)/100 -> -0.068297752 | G48: =[1]!thsiFinD("ths_adjustment_nvg_ratio_fund",$B48,G$4,G$5,101)/100 -> -0.0033165829 | H48: =-[1]!thsiFinD("ths_max_retrace_rate_all_fund",$B48,E$3,E$5)/100 -> -0.079686479
C51: 公司公募固收+保有前十基金表现（2026Q2）
A52: =A37 -> 序号 | B52: =B37 -> 基金代码 | C52: =C37 -> 产品/基金名称 | E52: =E37 -> 上线以来 | F52: =F37 -> 6/22-7/30 | G52: =G37 -> 7.31至今 | H52: =H37 -> 最大回撤（上线以来）
A53: 组合 | C53: 10/90基石投顾组合 | E53: =E$2/E$1-1 -> -0.017125928 | F53: =F$2/F$1-1 -> -0.026968171 | G53: =G$2/G$1-1 -> 0.0091484807 | H53: ='vs固收+'!F7 -> -0.028729069
A54: 1 | B54: 009355.OF | C54: 宏利泰和稳健养老目标一年持有期混合(FOF) | E54: =[1]!thsiFinD("ths_adjustment_nvg_ratio_fund",$B54,E$4,E$5,101)/100 -> -0.011868616 | F54: =[1]!thsiFinD("ths_adjustment_nvg_ratio_fund",$B54,F$4,F$5,101)/100 -> -0.018110759 | G54: =[1]!thsiFinD("ths_adjustment_nvg_ratio_fund",$B54,G$4,G$5,101)/100 -> 0.0027146865 | H54: =-[1]!thsiFinD("ths_max_retrace_rate_all_fund",$B54,E$3,E$5)/100 -> -0.018873622
A55: 2 | B55: 024057.OF | C55: 宏利鼎森稳健3个月持有期混合(FOF) | E55: =[1]!thsiFinD("ths_adjustment_nvg_ratio_fund",$B55,E$4,E$5,101)/100 -> -0.0017711306 | F55: =[1]!thsiFinD("ths_adjustment_nvg_ratio_fund",$B55,F$4,F$5,101)/100 -> -0.012397914 | G55: =[1]!thsiFinD("ths_adjustment_nvg_ratio_fund",$B55,G$4,G$5,101)/100 -> 0.0077480878 | H55: =-[1]!thsiFinD("ths_max_retrace_rate_all_fund",$B55,E$3,E$5)/100 -> -0.013283479
A56: 3 | B56: 011168.OF | C56: 嘉实睿享安久双利18个月持有期债券 | E56: =[1]!thsiFinD("ths_adjustment_nvg_ratio_fund",$B56,E$4,E$5,101)/100 -> -0.034421172 | F56: =[1]!thsiFinD("ths_adjustment_nvg_ratio_fund",$B56,F$4,F$5,101)/100 -> -0.026627699 | G56: =[1]!thsiFinD("ths_adjustment_nvg_ratio_fund",$B56,G$4,G$5,101)/100 -> -0.0099883469 | H56: =-[1]!thsiFinD("ths_max_retrace_rate_all_fund",$B56,E$3,E$5)/100 -> -0.054981726
A57: 4 | B57: 002969.OF | C57: 易方达丰和债券 | E57: =[1]!thsiFinD("ths_adjustment_nvg_ratio_fund",$B57,E$4,E$5,101)/100 -> -0.043013266 | F57: =[1]!thsiFinD("ths_adjustment_nvg_ratio_fund",$B57,F$4,F$5,101)/100 -> -0.056454912 | G57: =[1]!thsiFinD("ths_adjustment_nvg_ratio_fund",$B57,G$4,G$5,101)/100 -> 0.0051562212 | H57: =-[1]!thsiFinD("ths_max_retrace_rate_all_fund",$B57,E$3,E$5)/100 -> -0.070577399
A58: 5 | B58: 014738.OF | C58: 广发恒祥债券 | E58: =[1]!thsiFinD("ths_adjustment_nvg_ratio_fund",$B58,E$4,E$5,101)/100 -> -0.046935442 | F58: =[1]!thsiFinD("ths_adjustment_nvg_ratio_fund",$B58,F$4,F$5,101)/100 -> -0.029313161 | G58: =[1]!thsiFinD("ths_adjustment_nvg_ratio_fund",$B58,G$4,G$5,101)/100 -> -0.016063188 | H58: =-[1]!thsiFinD("ths_max_retrace_rate_all_fund",$B58,E$3,E$5)/100 -> -0.069804514
A59: 6 | B59: 006307.OF | C59: 嘉实养老目标日期2040五年持有期混合(FOF) | E59: =[1]!thsiFinD("ths_adjustment_nvg_ratio_fund",$B59,E$4,E$5,101)/100 -> -0.07303155 | F59: =[1]!thsiFinD("ths_adjustment_nvg_ratio_fund",$B59,F$4,F$5,101)/100 -> -0.093443073 | G59: =[1]!thsiFinD("ths_adjustment_nvg_ratio_fund",$B59,G$4,G$5,101)/100 -> 0.01064848 | H59: =-[1]!thsiFinD("ths_max_retrace_rate_all_fund",$B59,E$3,E$5)/100 -> -0.11736738
A60: 7 | B60: 003458.OF | C60: 嘉实稳宏债券 | E60: =[1]!thsiFinD("ths_adjustment_nvg_ratio_fund",$B60,E$4,E$5,101)/100 -> -0.13091908 | F60: =[1]!thsiFinD("ths_adjustment_nvg_ratio_fund",$B60,F$4,F$5,101)/100 -> -0.12207792 | G60: =[1]!thsiFinD("ths_adjustment_nvg_ratio_fund",$B60,G$4,G$5,101)/100 -> -0.021483606 | H60: =-[1]!thsiFinD("ths_max_retrace_rate_all_fund",$B60,E$3,E$5)/100 -> -0.15583912
A61: 8 | B61: 110027.OF | C61: 易方达安心回报债券 | E61: =[1]!thsiFinD("ths_adjustment_nvg_ratio_fund",$B61,E$4,E$5,101)/100 -> -0.068974219 | F61: =[1]!thsiFinD("ths_adjustment_nvg_ratio_fund",$B61,F$4,F$5,101)/100 -> -0.045842621 | G61: =[1]!thsiFinD("ths_adjustment_nvg_ratio_fund",$B61,G$4,G$5,101)/100 -> -0.031118697 | H61: =-[1]!thsiFinD("ths_max_retrace_rate_all_fund",$B61,E$3,E$5)/100 -> -0.086644387
A62: 9 | B62: 005221.OF | C62: 宏利全能优选混合(FOF) | E62: =[1]!thsiFinD("ths_adjustment_nvg_ratio_fund",$B62,E$4,E$5,101)/100 -> 0.0012123049 | F62: =[1]!thsiFinD("ths_adjustment_nvg_ratio_fund",$B62,F$4,F$5,101)/100 -> -0.0024246098 | G62: =[1]!thsiFinD("ths_adjustment_nvg_ratio_fund",$B62,G$4,G$5,101)/100 -> 0.0021994691 | H62: =-[1]!thsiFinD("ths_max_retrace_rate_all_fund",$B62,E$3,E$5)/100 -> -0.0043740573
A63: 10 | B63: 160718.OF | C63: 嘉实多利收益债券 | E63: =[1]!thsiFinD("ths_adjustment_nvg_ratio_fund",$B63,E$4,E$5,101)/100 -> -0.063196675 | F63: =[1]!thsiFinD("ths_adjustment_nvg_ratio_fund",$B63,F$4,F$5,101)/100 -> -0.068297752 | G63: =[1]!thsiFinD("ths_adjustment_nvg_ratio_fund",$B63,G$4,G$5,101)/100 -> -0.0033165829 | H63: =-[1]!thsiFinD("ths_max_retrace_rate_all_fund",$B63,E$3,E$5)/100 -> -0.079686479
A65: 说明：基金收益率按复权单位净值计算；1090净值通过公式直接链接实盘净值数据
A66: 最大回撤按页首“上线以来”起止日计算；日期参数需选择净值明细中存在的日期，否则相应收益率留空。
A67: 数据源：同花顺 iFinD；基金净值明细覆盖 2026-06-18 至 2026-08-10。

Sheet 1090系统数据
B1: 1090账户基石投顾组合 | E1: =TODAY()-1 -> 46303 | J1: 策略名称： | K1: 1090账户基石投顾组合
A2: =[1]!HX_AutoDate(1,"2026-06-18",E1,-1,-1,0,0,0,0,0,"SSE",74,0) -> 日期 | B2: 投资组合(扣除投顾费,申赎费) | C2: 业绩基准 | J2: 日期 | K2: 投资组合(扣除投顾费,申赎费) | L2: 业绩基准 | M2: 组合每日回撤率 | N2: 组合每日收益 | O2: 组合年化收益率 | P2: 基准日涨跌 | Q2: 模拟净值 | R2: =MIN(S:S) -> -0.027261264
A3: 46191 | B3: 1 | C3: 1 | J3: 46191 | K3: 0 | L3: 0 | M3: 0 | N3: 0 | O3: 0 | P3: 0 | Q3: =1+K3 -> 1 | R3: =MAX(Q$3:Q3) -> 1 | S3: =Q3/R3-1 -> 0
A4: 46195 | B4: 1.0008957 | C4: 1.0017327 | F4: =MAX(B$3:B4) -> 1.0008957 | G4: =B4/F4-1 -> 0 | J4: 46195 | K4: 0.00089571 | L4: 0.00173269 | M4: 0 | N4: 0.00089571 | O4: 0.06754046 | P4: 0.00173269 | Q4: =1+K4 -> 1.0008957 | R4: =MAX(Q$3:Q4) -> 1.0008957 | S4: =Q4/R4-1 -> 0
A5: 46196 | B5: 0.99782281 | C5: 0.99848312 | F5: =MAX(B$3:B5) -> 1.0008957 | G5: =B5/F5-1 -> -0.00307015 | J5: 46196 | K5: -0.00217719 | L5: -0.00151688 | M5: -0.00307015 | N5: -0.00307015 | O5: -0.12417622 | P5: -0.00324395 | Q5: =1+K5 -> 0.99782281 | R5: =MAX(Q$3:Q5) -> 1.0008957 | S5: =Q5/R5-1 -> -0.00307015
A6: 46197 | B6: 0.9997708 | C6: 0.99994096 | F6: =MAX(B$3:B6) -> 1.0008957 | G6: =B6/F6-1 -> -0.0011239033 | J6: 46197 | K6: -0.0002292 | L6: -5.904e-05 | M6: -0.0011239 | N6: 0.00195224 | O6: -0.01188148 | P6: 0.00146006 | Q6: =1+K6 -> 0.9997708 | R6: =MAX(Q$3:Q6) -> 1.0008957 | S6: =Q6/R6-1 -> -0.0011239033
A7: 46198 | B7: 1.0012783 | C7: 1.0012847 | F7: =MAX(B$3:B7) -> 1.0012783 | G7: =B7/F7-1 -> 0 | J7: 46198 | K7: 0.00127827 | L7: 0.00128466 | M7: 0 | N7: 0.00150781 | O7: 0.06001564 | P7: 0.00134378 | Q7: =1+K7 -> 1.0012783 | R7: =MAX(Q$3:Q7) -> 1.0012783 | S7: =Q7/R7-1 -> 0
A8: 46199 | B8: 0.99893009 | C8: 0.99865014 | F8: =MAX(B$3:B8) -> 1.0012783 | G8: =B8/F8-1 -> -0.0023451822 | J8: 46199 | K8: -0.00106991 | L8: -0.00134986 | M8: -0.00234518 | N8: -0.00234518 | O8: -0.04248526 | P8: -0.00263114 | Q8: =1+K8 -> 0.99893009 | R8: =MAX(Q$3:Q8) -> 1.0012783 | S8: =Q8/R8-1 -> -0.0023451822
A9: 46202 | B9: 1.0005215 | C9: 1.0012538 | F9: =MAX(B$3:B9) -> 1.0012783 | G9: =B9/F9-1 -> -0.00075579389 | J9: 46202 | K9: 0.00052151 | L9: 0.00125375 | M9: -0.00075579 | N9: 0.00159312 | O9: 0.01598474 | P9: 0.00260712 | Q9: =1+K9 -> 1.0005215 | R9: =MAX(Q$3:Q9) -> 1.0012783 | S9: =Q9/R9-1 -> -0.00075579389
A10: 46203 | B10: 1.0027107 | C10: 1.0028215 | F10: =MAX(B$3:B10) -> 1.0027107 | G10: =B10/F10-1 -> 0 | J10: 46203 | K10: 0.00271066 | L10: 0.00282146 | M10: 0 | N10: 0.00218801 | O10: 0.07896694 | P10: 0.00156575 | Q10: =1+K10 -> 1.0027107 | R10: =MAX(Q$3:Q10) -> 1.0027107 | S10: =Q10/R10-1 -> 0
A11: 46204 | B11: 0.99998488 | C11: 1.0016916 | F11: =MAX(B$3:B11) -> 1.0027107 | G11: =B11/F11-1 -> -0.0027184113 | J11: 46204 | K11: -1.512e-05 | L11: 0.00169158 | M11: -0.00271841 | N11: -0.00271841 | O11: -0.00039401 | P11: -0.0011267 | Q11: =1+K11 -> 0.99998488 | R11: =MAX(Q$3:Q11) -> 1.0027107 | S11: =Q11/R11-1 -> -0.0027184113
A12: 46205 | B12: 0.99402933 | C12: 0.99936768 | F12: =MAX(B$3:B12) -> 1.0027107 | G12: =B12/F12-1 -> -0.0086578615 | J12: 46205 | K12: -0.00597067 | L12: -0.00063232 | M12: -0.00865786 | N12: -0.00595565 | O12: -0.13560188 | P12: -0.00231998 | Q12: =1+K12 -> 0.99402933 | R12: =MAX(Q$3:Q12) -> 1.0027107 | S12: =Q12/R12-1 -> -0.0086578615
A13: 46206 | B13: 0.99491237 | C13: 1.0007489 | F13: =MAX(B$3:B13) -> 1.0027107 | G13: =B13/F13-1 -> -0.0077772086 | J13: 46206 | K13: -0.00508763 | L13: 0.00074889 | M13: -0.00777721 | N13: 0.00088834 | O13: -0.1098434 | P13: 0.00138208 | Q13: =1+K13 -> 0.99491237 | R13: =MAX(Q$3:Q13) -> 1.0027107 | S13: =Q13/R13-1 -> -0.0077772086
A14: 46209 | B14: 0.99396984 | C14: 0.99999342 | F14: =MAX(B$3:B14) -> 1.0027107 | G14: =B14/F14-1 -> -0.0087171907 | J14: 46209 | K14: -0.00603016 | L14: -6.58e-06 | M14: -0.00871719 | N14: -0.00094734 | O14: -0.10969677 | P14: -0.00075491 | Q14: =1+K14 -> 0.99396984 | R14: =MAX(Q$3:Q14) -> 1.0027107 | S14: =Q14/R14-1 -> -0.0087171907
A15: 46210 | B15: 0.99336489 | C15: 0.99843127 | F15: =MAX(B$3:B15) -> 1.0027107 | G15: =B15/F15-1 -> -0.0093205053 | J15: 46210 | K15: -0.00663511 | L15: -0.00156873 | M15: -0.00932051 | N15: -0.00060862 | O15: -0.11440387 | P15: -0.00156215 | Q15: =1+K15 -> 0.99336489 | R15: =MAX(Q$3:Q15) -> 1.0027107 | S15: =Q15/R15-1 -> -0.0093205053
... A22: 46219 | B22: 0.98597556 | C22: 0.99366668 | F22: =MAX(B$3:B22) -> 1.0027107 | G22: =B22/F22-1 -> -0.016689859 | J22: 46219 | K22: -0.01402444 | L22: -0.00633332 | M22: -0.01668986 | N22: -0.00412378 | O22: -0.16286004 | P22: -0.00209085 | Q22: =1+K22 -> 0.98597556 | R22: =MAX(Q$3:Q22) -> 1.0027107 | S22: =Q22/R22-1 -> -0.016689859
A23: 46220 | B23: 0.97886372 | C23: 0.98920828 | F23: =MAX(B$3:B23) -> 1.0027107 | G23: =B23/F23-1 -> -0.023782474 | I23: =1+L23 -> 0.98920828 | J23: 46220 | K23: -0.02113628 | L23: -0.01079172 | M23: -0.02378247 | N23: -0.00721299 | O23: -0.22888259 | P23: -0.00448681 | Q23: =1+K23 -> 0.97886372 | R23: =MAX(Q$3:Q23) -> 1.0027107 | S23: =Q23/R23-1 -> -0.023782474
A24: 46223 | J24: 46223 | K24: -0.0246245 | L24: -0.01038937 | M24: -0.02726126 | N24: -0.00356354 | O24: -0.24101355 | P24: 0.00040674 | Q24: =1+K24 -> 0.9753755 | R24: =MAX(Q$3:Q24) -> 1.0027107 | S24: =Q24/R24-1 -> -0.027261264
A25: 46224
A26: 46225
A27: 46226
A28: 46227
A29: 46230
A30: 46231
A31: 46232
A32: 46233
A33: 46234
A34: 46237
A35: 46238
A36: 46239
... A76: 46303

Sheet 实盘组合净值
A1: 组合净值（实盘）· 各组合自起始日买入持有逐日计算 | N1: 各组合自其净值起始日起=1.0000；买入持有，权重随涨跌漂移；净值已按各自年化费率折每日扣费。新增日期下拉填充。
B3: 组合 产业趋势 | E3: 组合 产业趋势基石 | H3: 组合 产业趋势2号 | K3: 组合 10-90 | N3: 组合 10-90基石 | Q3: 组合 30-70 | T3: 组合 20-80
A4: 日期 | B4: 净值 | C4: 日收益 | D4: 回撤 | E4: 净值 | F4: 日收益 | G4: 回撤 | H4: 净值 | I4: 日收益 | J4: 回撤 | K4: 净值 | L4: 日收益 | M4: 回撤 | N4: 净值 | O4: 日收益 | P4: 回撤 | Q4: 净值 | R4: 日收益 | S4: 回撤 | T4: 净值 | U4: 日收益 | V4: 回撤
A5: =IF('实盘净值数据(iFinD公式)'!A5="","",'实盘净值数据(iFinD公式)'!A5) -> 46191 | B5: =IF(OR((ROW()-1)<6,'实盘净值数据(iFinD公式)'!$A5="",'实盘净值数据(iFinD公式)'!$B5=""),"",SUMPRODUCT(实盘持仓配置!$B$4:$X$4,'实盘净值数据(iFinD公式)'!$B5:$X5/'实盘净值数据(iFinD公式)'!$B$6:$X$6)*(1-实盘持仓配置!$AM$4)^(('实盘净值数据(iFinD公式)'!$A5-'实盘净值数据(iFinD公式)'!$A$6)/365)) | D5: =IF(B5="","",B5/MAX(B$5:B5)-1) | E5: 1 | G5: =IF(E5="","",E5/MAX(E$5:E5)-1) -> 0 | H5: =IF(OR((ROW()-1)<7,'实盘净值数据(iFinD公式)'!$A5="",'实盘净值数据(iFinD公式)'!$B5=""),"",SUMPRODUCT(实盘持仓配置!$B$6:$X$6,'实盘净值数据(iFinD公式)'!$B5:$X5/'实盘净值数据(iFinD公式)'!$B$7:$X$7)*(1-实盘持仓配置!$AM$6)^(('实盘净值数据(iFinD公式)'!$A5-'实盘净值数据(iFinD公式)'!$A$7)/365)) | J5: =IF(H5="","",H5/MAX(H$5:H5)-1) | K5: =IF(OR((ROW()-1)<8,'实盘净值数据(iFinD公式)'!$A5="",'实盘净值数据(iFinD公式)'!$B5=""),"",SUMPRODUCT(实盘持仓配置!$B$7:$X$7,'实盘净值数据(iFinD公式)'!$B5:$X5/'实盘净值数据(iFinD公式)'!$B$8:$X$8)*(1-实盘持仓配置!$AM$7)^(('实盘净值数据(iFinD公式)'!$A5-'实盘净值数据(iFinD公式)'!$A$8)/365)) | M5: =IF(K5="","",K5/MAX(K$5:K5)-1) | N5: 1 | P5: =IF(N5="","",N5/MAX(N$5:N5)-1) -> 0 | Q5: =IF(OR((ROW()-1)<8,'实盘净值数据(iFinD公式)'!$A5="",'实盘净值数据(iFinD公式)'!$B5=""),"",SUMPRODUCT(实盘持仓配置!$B$9:$X$9,'实盘净值数据(iFinD公式)'!$B5:$X5/'实盘净值数据(iFinD公式)'!$B$8:$X$8)*(1-实盘持仓配置!$AM$9)^(('实盘净值数据(iFinD公式)'!$A5-'实盘净值数据(iFinD公式)'!$A$8)/365)) | S5: =IF(Q5="","",Q5/MAX(Q$5:Q5)-1)
A6: =IF('实盘净值数据(iFinD公式)'!A6="","",'实盘净值数据(iFinD公式)'!A6) -> 46195 | B6: 1 | C6: =IF(OR(B5="",'实盘净值数据(iFinD公式)'!$A6="",'实盘净值数据(iFinD公式)'!$B6=""),"",(SUMPRODUCT(实盘持仓配置!$B$4:$X$4,'实盘净值数据(iFinD公式)'!$B5:$X5/'实盘净值数据(iFinD公式)'!$B$6:$X$6,'实盘净值数据(iFinD公式)'!$B6:$X6/'实盘净值数据(iFinD公式)'!$B5:$X5)/SUMPRODUCT(实盘持仓配置!$B$4:$X$4,'实盘净值数据(iFinD公式)'!$B5:$X5/'实盘净值数据(iFinD公式)'!$B$6:$X$6))*(1-实盘持仓配置!$AM$4)^(('实盘净值数据(iFinD公式)'!$A6-'实盘净值数据(iFinD公式)'!$A5)/365)-1) | D6: =IF(B6="","",B6/MAX(B$5:B6)-1) -> 0 | E6: =IF(OR((ROW()-1)<5,'实盘净值数据(iFinD公式)'!$A6="",'实盘净值数据(iFinD公式)'!$B6=""),"",SUMPRODUCT(实盘持仓配置!$B$5:$X$5,'实盘净值数据(iFinD公式)'!$B6:$X6/'实盘净值数据(iFinD公式)'!$B$5:$X$5)*(1-实盘持仓配置!$AM$5)^(('实盘净值数据(iFinD公式)'!$A6-'实盘净值数据(iFinD公式)'!$A$5)/365)) -> 1.0234375 | F6: =IF(OR(E5="",'实盘净值数据(iFinD公式)'!$A6="",'实盘净值数据(iFinD公式)'!$B6=""),"",(SUMPRODUCT(实盘持仓配置!$B$5:$X$5,'实盘净值数据(iFinD公式)'!$B5:$X5/'实盘净值数据(iFinD公式)'!$B$5:$X$5,'实盘净值数据(iFinD公式)'!$B6:$X6/'实盘净值数据(iFinD公式)'!$B5:$X5)/SUMPRODUCT(实盘持仓配置!$B$5:$X$5,'实盘净值数据(iFinD公式)'!$B5:$X5/'实盘净值数据(iFinD公式)'!$B$5:$X$5))*(1-实盘持仓配置!$AM$5)^(('实盘净值数据(iFinD公式)'!$A6-'实盘净值数据(iFinD公式)'!$A5)/365)-1) -> 0.023437473 | G6: =IF(E6="","",E6/MAX(E$5:E6)-1) -> 0 | H6: =IF(OR((ROW()-1)<7,'实盘净值数据(iFinD公式)'!$A6="",'实盘净值数据(iFinD公式)'!$B6=""),"",SUMPRODUCT(实盘持仓配置!$B$6:$X$6,'实盘净值数据(iFinD公式)'!$B6:$X6/'实盘净值数据(iFinD公式)'!$B$7:$X$7)*(1-实盘持仓配置!$AM$6)^(('实盘净值数据(iFinD公式)'!$A6-'实盘净值数据(iFinD公式)'!$A$7)/365)) | I6: =IF(OR(H5="",'实盘净值数据(iFinD公式)'!$A6="",'实盘净值数据(iFinD公式)'!$B6=""),"",(SUMPRODUCT(实盘持仓配置!$B$6:$X$6,'实盘净值数据(iFinD公式)'!$B5:$X5/'实盘净值数据(iFinD公式)'!$B$7:$X$7,'实盘净值数据(iFinD公式)'!$B6:$X6/'实盘净值数据(iFinD公式)'!$B5:$X5)/SUMPRODUCT(实盘持仓配置!$B$6:$X$6,'实盘净值数据(iFinD公式)'!$B5:$X5/'实盘净值数据(iFinD公式)'!$B$7:$X$7))*(1-实盘持仓配置!$AM$6)^(('实盘净值数据(iFinD公式)'!$A6-'实盘净值数据(iFinD公式)'!$A5)/365)-1) | J6: =IF(H6="","",H6/MAX(H$5:H6)-1) | K6: =IF(OR((ROW()-1)<8,'实盘净值数据(iFinD公式)'!$A6="",'实盘净值数据(iFinD公式)'!$B6=""),"",SUMPRODUCT(实盘持仓配置!$B$7:$X$7,'实盘净值数据(iFinD公式)'!$B6:$X6/'实盘净值数据(iFinD公式)'!$B$8:$X$8)*(1-实盘持仓配置!$AM$7)^(('实盘净值数据(iFinD公式)'!$A6-'实盘净值数据(iFinD公式)'!$A$8)/365)) | L6: =IF(OR(K5="",'实盘净值数据(iFinD公式)'!$A6="",'实盘净值数据(iFinD公式)'!$B6=""),"",(SUMPRODUCT(实盘持仓配置!$B$7:$X$7,'实盘净值数据(iFinD公式)'!$B5:$X5/'实盘净值数据(iFinD公式)'!$B$8:$X$8,'实盘净值数据(iFinD公式)'!$B6:$X6/'实盘净值数据(iFinD公式)'!$B5:$X5)/SUMPRODUCT(实盘持仓配置!$B$7:$X$7,'实盘净值数据(iFinD公式)'!$B5:$X5/'实盘净值数据(iFinD公式)'!$B$8:$X$8))*(1-实盘持仓配置!$AM$7)^(('实盘净值数据(iFinD公式)'!$A6-'实盘净值数据(iFinD公式)'!$A5)/365)-1) | M6: =IF(K6="","",K6/MAX(K$5:K6)-1) | N6: =IF(OR((ROW()-1)<5,'实盘净值数据(iFinD公式)'!$A6="",'实盘净值数据(iFinD公式)'!$B6=""),"",SUMPRODUCT(实盘持仓配置!$B$8:$X$8,'实盘净值数据(iFinD公式)'!$B6:$X6/'实盘净值数据(iFinD公式)'!$B$5:$X$5)*(1-实盘持仓配置!$AM$8)^(('实盘净值数据(iFinD公式)'!$A6-'实盘净值数据(iFinD公式)'!$A$5)/365)) -> 1.0008955 | O6: =IF(OR(N5="",'实盘净值数据(iFinD公式)'!$A6="",'实盘净值数据(iFinD公式)'!$B6=""),"",(SUMPRODUCT(实盘持仓配置!$B$8:$X$8,'实盘净值数据(iFinD公式)'!$B5:$X5/'实盘净值数据(iFinD公式)'!$B$5:$X$5,'实盘净值数据(iFinD公式)'!$B6:$X6/'实盘净值数据(iFinD公式)'!$B5:$X5)/SUMPRODUCT(实盘持仓配置!$B$8:$X$8,'实盘净值数据(iFinD公式)'!$B5:$X5/'实盘净值数据(iFinD公式)'!$B$5:$X$5))*(1-实盘持仓配置!$AM$8)^(('实盘净值数据(iFinD公式)'!$A6-'实盘净值数据(iFinD公式)'!$A5)/365)-1) -> 0.00089553164 | P6: =IF(N6="","",N6/MAX(N$5:N6)-1) -> 0 | Q6: =IF(OR((ROW()-1)<8,'实盘净值数据(iFinD公式)'!$A6="",'实盘净值数据(iFinD公式)'!$B6=""),"",SUMPRODUCT(实盘持仓配置!$B$9:$X$9,'实盘净值数据(iFinD公式)'!$B6:$X6/'实盘净值数据(iFinD公式)'!$B$8:$X$8)*(1-实盘持仓配置!$AM$9)^(('实盘净值数据(iFinD公式)'!$A6-'实盘净值数据(iFinD公式)'!$A$8)/365)) | R6: =IF(OR(Q5="",'实盘净值数据(iFinD公式)'!$A6="",'实盘净值数据(iFinD公式)'!$B6=""),"",(SUMPRODUCT(实盘持仓配置!$B$9:$X$9,'实盘净值数据(iFinD公式)'!$B5:$X5/'实盘净值数据(iFinD公式)'!$B$8:$X$8,'实盘净值数据(iFinD公式)'!$B6:$X6/'实盘净值数据(iFinD公式)'!$B5:$X5)/SUMPRODUCT(实盘持仓配置!$B$9:$X$9,'实盘净值数据(iFinD公式)'!$B5:$X5/'实盘净值数据(iFinD公式)'!$B$8:$X$8))*(1-实盘持仓配置!$AM$9)^(('实盘净值数据(iFinD公式)'!$A6-'实盘净值数据(iFinD公式)'!$A5)/365)-1) | S6: =IF(Q6="","",Q6/MAX(Q$5:Q6)-1)
A7: =IF('实盘净值数据(iFinD公式)'!A7="","",'实盘净值数据(iFinD公式)'!A7) -> 46196 | B7: =IF(OR((ROW()-1)<6,'实盘净值数据(iFinD公式)'!$A7="",'实盘净值数据(iFinD公式)'!$B7=""),"",SUMPRODUCT(实盘持仓配置!$B$4:$X$4,'实盘净值数据(iFinD公式)'!$B7:$X7/'实盘净值数据(iFinD公式)'!$B$6:$X$6)*(1-实盘持仓配置!$AM$4)^(('实盘净值数据(iFinD公式)'!$A7-'实盘净值数据(iFinD公式)'!$A$6)/365)) -> 0.98042319 | C7: =IF(OR(B6="",'实盘净值数据(iFinD公式)'!$A7="",'实盘净值数据(iFinD公式)'!$B7=""),"",(SUMPRODUCT(实盘持仓配置!$B$4:$X$4,'实盘净值数据(iFinD公式)'!$B6:$X6/'实盘净值数据(iFinD公式)'!$B$6:$X$6,'实盘净值数据(iFinD公式)'!$B7:$X7/'实盘净值数据(iFinD公式)'!$B6:$X6)/SUMPRODUCT(实盘持仓配置!$B$4:$X$4,'实盘净值数据(iFinD公式)'!$B6:$X6/'实盘净值数据(iFinD公式)'!$B$6:$X$6))*(1-实盘持仓配置!$AM$4)^(('实盘净值数据(iFinD公式)'!$A7-'实盘净值数据(iFinD公式)'!$A6)/365)-1) -> -0.019576812 | D7: =IF(B7="","",B7/MAX(B$5:B7)-1) -> -0.019576812 | E7: =IF(OR((ROW()-1)<5,'实盘净值数据(iFinD公式)'!$A7="",'实盘净值数据(iFinD公式)'!$B7=""),"",SUMPRODUCT(实盘持仓配置!$B$5:$X$5,'实盘净值数据(iFinD公式)'!$B7:$X7/'实盘净值数据(iFinD公式)'!$B$5:$X$5)*(1-实盘持仓配置!$AM$5)^(('实盘净值数据(iFinD公式)'!$A7-'实盘净值数据(iFinD公式)'!$A$5)/365)) -> 1.0033379 | F7: =IF(OR(E6="",'实盘净值数据(iFinD公式)'!$A7="",'实盘净值数据(iFinD公式)'!$B7=""),"",(SUMPRODUCT(实盘持仓配置!$B$5:$X$5,'实盘净值数据(iFinD公式)'!$B6:$X6/'实盘净值数据(iFinD公式)'!$B$5:$X$5,'实盘净值数据(iFinD公式)'!$B7:$X7/'实盘净值数据(iFinD公式)'!$B6:$X6)/SUMPRODUCT(实盘持仓配置!$B$5:$X$5,'实盘净值数据(iFinD公式)'!$B6:$X6/'实盘净值数据(iFinD公式)'!$B$5:$X$5))*(1-实盘持仓配置!$AM$5)^(('实盘净值数据(iFinD公式)'!$A7-'实盘净值数据(iFinD公式)'!$A6)/365)-1) -> -0.019639287 | G7: =IF(E7="","",E7/MAX(E$5:E7)-1) -> -0.019639287 | H7: 1 | I7: =IF(OR(H6="",'实盘净值数据(iFinD公式)'!$A7="",'实盘净值数据(iFinD公式)'!$B7=""),"",(SUMPRODUCT(实盘持仓配置!$B$6:$X$6,'实盘净值数据(iFinD公式)'!$B6:$X6/'实盘净值数据(iFinD公式)'!$B$7:$X$7,'实盘净值数据(iFinD公式)'!$B7:$X7/'实盘净值数据(iFinD公式)'!$B6:$X6)/SUMPRODUCT(实盘持仓配置!$B$6:$X$6,'实盘净值数据(iFinD公式)'!$B6:$X6/'实盘净值数据(iFinD公式)'!$B$7:$X$7))*(1-实盘持仓配置!$AM$6)^(('实盘净值数据(iFinD公式)'!$A7-'实盘净值数据(iFinD公式)'!$A6)/365)-1) | J7: =IF(H7="","",H7/MAX(H$5:H7)-1) -> 0 | K7: =IF(OR((ROW()-1)<8,'实盘净值数据(iFinD公式)'!$A7="",'实盘净值数据(iFinD公式)'!$B7=""),"",SUMPRODUCT(实盘持仓配置!$B$7:$X$7,'实盘净值数据(iFinD公式)'!$B7:$X7/'实盘净值数据(iFinD公式)'!$B$8:$X$8)*(1-实盘持仓配置!$AM$7)^(('实盘净值数据(iFinD公式)'!$A7-'实盘净值数据(iFinD公式)'!$A$8)/365)) | L7: =IF(OR(K6="",'实盘净值数据(iFinD公式)'!$A7="",'实盘净值数据(iFinD公式)'!$B7=""),"",(SUMPRODUCT(实盘持仓配置!$B$7:$X$7,'实盘净值数据(iFinD公式)'!$B6:$X6/'实盘净值数据(iFinD公式)'!$B$8:$X$8,'实盘净值数据(iFinD公式)'!$B7:$X7/'实盘净值数据(iFinD公式)'!$B6:$X6)/SUMPRODUCT(实盘持仓配置!$B$7:$X$7,'实盘净值数据(iFinD公式)'!$B6:$X6/'实盘净值数据(iFinD公式)'!$B$8:$X$8))*(1-实盘持仓配置!$AM$7)^(('实盘净值数据(iFinD公式)'!$A7-'实盘净值数据(iFinD公式)'!$A6)/365)-1) | M7: =IF(K7="","",K7/MAX(K$5:K7)-1) | N7: =IF(OR((ROW()-1)<5,'实盘净值数据(iFinD公式)'!$A7="",'实盘净值数据(iFinD公式)'!$B7=""),"",SUMPRODUCT(实盘持仓配置!$B$8:$X$8,'实盘净值数据(iFinD公式)'!$B7:$X7/'实盘净值数据(iFinD公式)'!$B$5:$X$5)*(1-实盘持仓配置!$AM$8)^(('实盘净值数据(iFinD公式)'!$A7-'实盘净值数据(iFinD公式)'!$A$5)/365)) -> 0.99782264 | O7: =IF(OR(N6="",'实盘净值数据(iFinD公式)'!$A7="",'实盘净值数据(iFinD公式)'!$B7=""),"",(SUMPRODUCT(实盘持仓配置!$B$8:$X$8,'实盘净值数据(iFinD公式)'!$B6:$X6/'实盘净值数据(iFinD公式)'!$B$5:$X$5,'实盘净值数据(iFinD公式)'!$B7:$X7/'实盘净值数据(iFinD公式)'!$B6:$X6)/SUMPRODUCT(实盘持仓配置!$B$8:$X$8,'实盘净值数据(iFinD公式)'!$B6:$X6/'实盘净值数据(iFinD公式)'!$B$5:$X$5))*(1-实盘持仓配置!$AM$8)^(('实盘净值数据(iFinD公式)'!$A7-'实盘净值数据(iFinD公式)'!$A6)/365)-1) -> -0.0030701438 | P7: =IF(N7="","",N7/MAX(N$5:N7)-1) -> -0.0030701438 | Q7: =IF(OR((ROW()-1)<8,'实盘净值数据(iFinD公式)'!$A7="",'实盘净值数据(iFinD公式)'!$B7=""),"",SUMPRODUCT(实盘持仓配置!$B$9:$X$9,'实盘净值数据(iFinD公式)'!$B7:$X7/'实盘净值数据(iFinD公式)'!$B$8:$X$8)*(1-实盘持仓配置!$AM$9)^(('实盘净值数据(iFinD公式)'!$A7-'实盘净值数据(iFinD公式)'!$A$8)/365)) | R7: =IF(OR(Q6="",'实盘净值数据(iFinD公式)'!$A7="",'实盘净值数据(iFinD公式)'!$B7=""),"",(SUMPRODUCT(实盘持仓配置!$B$9:$X$9,'实盘净值数据(iFinD公式)'!$B6:$X6/'实盘净值数据(iFinD公式)'!$B$8:$X$8,'实盘净值数据(iFinD公式)'!$B7:$X7/'实盘净值数据(iFinD公式)'!$B6:$X6)/SUMPRODUCT(实盘持仓配置!$B$9:$X$9,'实盘净值数据(iFinD公式)'!$B6:$X6/'实盘净值数据(iFinD公式)'!$B$8:$X$8))*(1-实盘持仓配置!$AM$9)^(('实盘净值数据(iFinD公式)'!$A7-'实盘净值数据(iFinD公式)'!$A6)/365)-1) | S7: =IF(Q7="","",Q7/MAX(Q$5:Q7)-1)
A8: =IF('实盘净值数据(iFinD公式)'!A8="","",'实盘净值数据(iFinD公式)'!A8) -> 46197 | B8: =IF(OR((ROW()-1)<6,'实盘净值数据(iFinD公式)'!$A8="",'实盘净值数据(iFinD公式)'!$B8=""),"",SUMPRODUCT(实盘持仓配置!$B$4:$X$4,'实盘净值数据(iFinD公式)'!$B8:$X8/'实盘净值数据(iFinD公式)'!$B$6:$X$6)*(1-实盘持仓配置!$AM$4)^(('实盘净值数据(iFinD公式)'!$A8-'实盘净值数据(iFinD公式)'!$A$6)/365)) -> 1.0160197 | C8: =IF(OR(B7="",'实盘净值数据(iFinD公式)'!$A8="",'实盘净值数据(iFinD公式)'!$B8=""),"",(SUMPRODUCT(实盘持仓配置!$B$4:$X$4,'实盘净值数据(iFinD公式)'!$B7:$X7/'实盘净值数据(iFinD公式)'!$B$6:$X$6,'实盘净值数据(iFinD公式)'!$B8:$X8/'实盘净值数据(iFinD公式)'!$B7:$X7)/SUMPRODUCT(实盘持仓配置!$B$4:$X$4,'实盘净值数据(iFinD公式)'!$B7:$X7/'实盘净值数据(iFinD公式)'!$B$6:$X$6))*(1-实盘持仓配置!$AM$4)^(('实盘净值数据(iFinD公式)'!$A8-'实盘净值数据(iFinD公式)'!$A7)/365)-1) -> 0.036307314 | D8: =IF(B8="","",B8/MAX(B$5:B8)-1) -> 0 | E8: =IF(OR((ROW()-1)<5,'实盘净值数据(iFinD公式)'!$A8="",'实盘净值数据(iFinD公式)'!$B8=""),"",SUMPRODUCT(实盘持仓配置!$B$5:$X$5,'实盘净值数据(iFinD公式)'!$B8:$X8/'实盘净值数据(iFinD公式)'!$B$5:$X$5)*(1-实盘持仓配置!$AM$5)^(('实盘净值数据(iFinD公式)'!$A8-'实盘净值数据(iFinD公式)'!$A$5)/365)) -> 1.0397127 | F8: =IF(OR(E7="",'实盘净值数据(iFinD公式)'!$A8="",'实盘净值数据(iFinD公式)'!$B8=""),"",(SUMPRODUCT(实盘持仓配置!$B$5:$X$5,'实盘净值数据(iFinD公式)'!$B7:$X7/'实盘净值数据(iFinD公式)'!$B$5:$X$5,'实盘净值数据(iFinD公式)'!$B8:$X8/'实盘净值数据(iFinD公式)'!$B7:$X7)/SUMPRODUCT(实盘持仓配置!$B$5:$X$5,'实盘净值数据(iFinD公式)'!$B7:$X7/'实盘净值数据(iFinD公式)'!$B$5:$X$5))*(1-实盘持仓配置!$AM$5)^(('实盘净值数据(iFinD公式)'!$A8-'实盘净值数据(iFinD公式)'!$A7)/365)-1) -> 0.036253775 | G8: =IF(E8="","",E8/MAX(E$5:E8)-1) -> 0 | H8: =IF(OR((ROW()-1)<7,'实盘净值数据(iFinD公式)'!$A8="",'实盘净值数据(iFinD公式)'!$B8=""),"",SUMPRODUCT(实盘持仓配置!$B$6:$X$6,'实盘净值数据(iFinD公式)'!$B8:$X8/'实盘净值数据(iFinD公式)'!$B$7:$X$7)*(1-实盘持仓配置!$AM$6)^(('实盘净值数据(iFinD公式)'!$A8-'实盘净值数据(iFinD公式)'!$A$7)/365)) -> 1.039203 | I8: =IF(OR(H7="",'实盘净值数据(iFinD公式)'!$A8="",'实盘净值数据(iFinD公式)'!$B8=""),"",(SUMPRODUCT(实盘持仓配置!$B$6:$X$6,'实盘净值数据(iFinD公式)'!$B7:$X7/'实盘净值数据(iFinD公式)'!$B$7:$X$7,'实盘净值数据(iFinD公式)'!$B8:$X8/'实盘净值数据(iFinD公式)'!$B7:$X7)/SUMPRODUCT(实盘持仓配置!$B$6:$X$6,'实盘净值数据(iFinD公式)'!$B7:$X7/'实盘净值数据(iFinD公式)'!$B$7:$X$7))*(1-实盘持仓配置!$AM$6)^(('实盘净值数据(iFinD公式)'!$A8-'实盘净值数据(iFinD公式)'!$A7)/365)-1) -> 0.039202963 | J8: =IF(H8="","",H8/MAX(H$5:H8)-1) -> 0 | K8: 1 | L8: =IF(OR(K7="",'实盘净值数据(iFinD公式)'!$A8="",'实盘净值数据(iFinD公式)'!$B8=""),"",(SUMPRODUCT(实盘持仓配置!$B$7:$X$7,'实盘净值数据(iFinD公式)'!$B7:$X7/'实盘净值数据(iFinD公式)'!$B$8:$X$8,'实盘净值数据(iFinD公式)'!$B8:$X8/'实盘净值数据(iFinD公式)'!$B7:$X7)/SUMPRODUCT(实盘持仓配置!$B$7:$X$7,'实盘净值数据(iFinD公式)'!$B7:$X7/'实盘净值数据(iFinD公式)'!$B$8:$X$8))*(1-实盘持仓配置!$AM$7)^(('实盘净值数据(iFinD公式)'!$A8-'实盘净值数据(iFinD公式)'!$A7)/365)-1) | M8: =IF(K8="","",K8/MAX(K$5:K8)-1) -> 0 | N8: =IF(OR((ROW()-1)<5,'实盘净值数据(iFinD公式)'!$A8="",'实盘净值数据(iFinD公式)'!$B8=""),"",SUMPRODUCT(实盘持仓配置!$B$8:$X$8,'实盘净值数据(iFinD公式)'!$B8:$X8/'实盘净值数据(iFinD公式)'!$B$5:$X$5)*(1-实盘持仓配置!$AM$8)^(('实盘净值数据(iFinD公式)'!$A8-'实盘净值数据(iFinD公式)'!$A$5)/365)) -> 0.99977057 | O8: =IF(OR(N7="",'实盘净值数据(iFinD公式)'!$A8="",'实盘净值数据(iFinD公式)'!$B8=""),"",(SUMPRODUCT(实盘持仓配置!$B$8:$X$8,'实盘净值数据(iFinD公式)'!$B7:$X7/'实盘净值数据(iFinD公式)'!$B$5:$X$5,'实盘净值数据(iFinD公式)'!$B8:$X8/'实盘净值数据(iFinD公式)'!$B7:$X7)/SUMPRODUCT(实盘持仓配置!$B$8:$X$8,'实盘净值数据(iFinD公式)'!$B7:$X7/'实盘净值数据(iFinD公式)'!$B$5:$X$5))*(1-实盘持仓配置!$AM$8)^(('实盘净值数据(iFinD公式)'!$A8-'实盘净值数据(iFinD公式)'!$A7)/365)-1) -> 0.001952181 | P8: =IF(N8="","",N8/MAX(N$5:N8)-1) -> -0.0011239563 | Q8: 1 | R8: =IF(OR(Q7="",'实盘净值数据(iFinD公式)'!$A8="",'实盘净值数据(iFinD公式)'!$B8=""),"",(SUMPRODUCT(实盘持仓配置!$B$9:$X$9,'实盘净值数据(iFinD公式)'!$B7:$X7/'实盘净值数据(iFinD公式)'!$B$8:$X$8,'实盘净值数据(iFinD公式)'!$B8:$X8/'实盘净值数据(iFinD公式)'!$B7:$X7)/SUMPRODUCT(实盘持仓配置!$B$9:$X$9,'实盘净值数据(iFinD公式)'!$B7:$X7/'实盘净值数据(iFinD公式)'!$B$8:$X$8))*(1-实盘持仓配置!$AM$9)^(('实盘净值数据(iFinD公式)'!$A8-'实盘净值数据(iFinD公式)'!$A7)/365)-1) | S8: =IF(Q8="","",Q8/MAX(Q$5:Q8)-1) -> 0
A9: =IF('实盘净值数据(iFinD公式)'!A9="","",'实盘净值数据(iFinD公式)'!A9) -> 46198 | B9: =IF(OR((ROW()-1)<6,'实盘净值数据(iFinD公式)'!$A9="",'实盘净值数据(iFinD公式)'!$B9=""),"",SUMPRODUCT(实盘持仓配置!$B$4:$X$4,'实盘净值数据(iFinD公式)'!$B9:$X9/'实盘净值数据(iFinD公式)'!$B$6:$X$6)*(1-实盘持仓配置!$AM$4)^(('实盘净值数据(iFinD公式)'!$A9-'实盘净值数据(iFinD公式)'!$A$6)/365)) -> 1.0494432 | C9: =IF(OR(B8="",'实盘净值数据(iFinD公式)'!$A9="",'实盘净值数据(iFinD公式)'!$B9=""),"",(SUMPRODUCT(实盘持仓配置!$B$4:$X$4,'实盘净值数据(iFinD公式)'!$B8:$X8/'实盘净值数据(iFinD公式)'!$B$6:$X$6,'实盘净值数据(iFinD公式)'!$B9:$X9/'实盘净值数据(iFinD公式)'!$B8:$X8)/SUMPRODUCT(实盘持仓配置!$B$4:$X$4,'实盘净值数据(iFinD公式)'!$B8:$X8/'实盘净值数据(iFinD公式)'!$B$6:$X$6))*(1-实盘持仓配置!$AM$4)^(('实盘净值数据(iFinD公式)'!$A9-'实盘净值数据(iFinD公式)'!$A8)/365)-1) -> 0.032896442 | D9: =IF(B9="","",B9/MAX(B$5:B9)-1) -> 0 | E9: =IF(OR((ROW()-1)<5,'实盘净值数据(iFinD公式)'!$A9="",'实盘净值数据(iFinD公式)'!$B9=""),"",SUMPRODUCT(实盘持仓配置!$B$5:$X$5,'实盘净值数据(iFinD公式)'!$B9:$X9/'实盘净值数据(iFinD公式)'!$B$5:$X$5)*(1-实盘持仓配置!$AM$5)^(('实盘净值数据(iFinD公式)'!$A9-'实盘净值数据(iFinD公式)'!$A$5)/365)) -> 1.0739445 | F9: =IF(OR(E8="",'实盘净值数据(iFinD公式)'!$A9="",'实盘净值数据(iFinD公式)'!$B9=""),"",(SUMPRODUCT(实盘持仓配置!$B$5:$X$5,'实盘净值数据(iFinD公式)'!$B8:$X8/'实盘净值数据(iFinD公式)'!$B$5:$X$5,'实盘净值数据(iFinD公式)'!$B9:$X9/'实盘净值数据(iFinD公式)'!$B8:$X8)/SUMPRODUCT(实盘持仓配置!$B$5:$X$5,'实盘净值数据(iFinD公式)'!$B8:$X8/'实盘净值数据(iFinD公式)'!$B$5:$X$5))*(1-实盘持仓配置!$AM$5)^(('实盘净值数据(iFinD公式)'!$A9-'实盘净值数据(iFinD公式)'!$A8)/365)-1) -> 0.032924343 | G9: =IF(E9="","",E9/MAX(E$5:E9)-1) -> 0 | H9: =IF(OR((ROW()-1)<7,'实盘净值数据(iFinD公式)'!$A9="",'实盘净值数据(iFinD公式)'!$B9=""),"",SUMPRODUCT(实盘持仓配置!$B$6:$X$6,'实盘净值数据(iFinD公式)'!$B9:$X9/'实盘净值数据(iFinD公式)'!$B$7:$X$7)*(1-实盘持仓配置!$AM$6)^(('实盘净值数据(iFinD公式)'!$A9-'实盘净值数据(iFinD公式)'!$A$7)/365)) -> 1.0741076 | I9: =IF(OR(H8="",'实盘净值数据(iFinD公式)'!$A9="",'实盘净值数据(iFinD公式)'!$B9=""),"",(SUMPRODUCT(实盘持仓配置!$B$6:$X$6,'实盘净值数据(iFinD公式)'!$B8:$X8/'实盘净值数据(iFinD公式)'!$B$7:$X$7,'实盘净值数据(iFinD公式)'!$B9:$X9/'实盘净值数据(iFinD公式)'!$B8:$X8)/SUMPRODUCT(实盘持仓配置!$B$6:$X$6,'实盘净值数据(iFinD公式)'!$B8:$X8/'实盘净值数据(iFinD公式)'!$B$7:$X$7))*(1-实盘持仓配置!$AM$6)^(('实盘净值数据(iFinD公式)'!$A9-'实盘净值数据(iFinD公式)'!$A8)/365)-1) -> 0.033587935 | J9: =IF(H9="","",H9/MAX(H$5:H9)-1) -> 0 | K9: =IF(OR((ROW()-1)<8,'实盘净值数据(iFinD公式)'!$A9="",'实盘净值数据(iFinD公式)'!$B9=""),"",SUMPRODUCT(实盘持仓配置!$B$7:$X$7,'实盘净值数据(iFinD公式)'!$B9:$X9/'实盘净值数据(iFinD公式)'!$B$8:$X$8)*(1-实盘持仓配置!$AM$7)^(('实盘净值数据(iFinD公式)'!$A9-'实盘净值数据(iFinD公式)'!$A$8)/365)) -> 1.0014142 | L9: =IF(OR(K8="",'实盘净值数据(iFinD公式)'!$A9="",'实盘净值数据(iFinD公式)'!$B9=""),"",(SUMPRODUCT(实盘持仓配置!$B$7:$X$7,'实盘净值数据(iFinD公式)'!$B8:$X8/'实盘净值数据(iFinD公式)'!$B$8:$X$8,'实盘净值数据(iFinD公式)'!$B9:$X9/'实盘净值数据(iFinD公式)'!$B8:$X8)/SUMPRODUCT(实盘持仓配置!$B$7:$X$7,'实盘净值数据(iFinD公式)'!$B8:$X8/'实盘净值数据(iFinD公式)'!$B$8:$X$8))*(1-实盘持仓配置!$AM$7)^(('实盘净值数据(iFinD公式)'!$A9-'实盘净值数据(iFinD公式)'!$A8)/365)-1) -> 0.0014141946 | M9: =IF(K9="","",K9/MAX(K$5:K9)-1) -> 0 | N9: =IF(OR((ROW()-1)<5,'实盘净值数据(iFinD公式)'!$A9="",'实盘净值数据(iFinD公式)'!$B9=""),"",SUMPRODUCT(实盘持仓配置!$B$8:$X$8,'实盘净值数据(iFinD公式)'!$B9:$X9/'实盘净值数据(iFinD公式)'!$B$5:$X$5)*(1-实盘持仓配置!$AM$8)^(('实盘净值数据(iFinD公式)'!$A9-'实盘净值数据(iFinD公式)'!$A$5)/365)) -> 1.001278 | O9: =IF(OR(N8="",'实盘净值数据(iFinD公式)'!$A9="",'实盘净值数据(iFinD公式)'!$B9=""),"",(SUMPRODUCT(实盘持仓配置!$B$8:$X$8,'实盘净值数据(iFinD公式)'!$B8:$X8/'实盘净值数据(iFinD公式)'!$B$5:$X$5,'实盘净值数据(iFinD公式)'!$B9:$X9/'实盘净值数据(iFinD公式)'!$B8:$X8)/SUMPRODUCT(实盘持仓配置!$B$8:$X$8,'实盘净值数据(iFinD公式)'!$B8:$X8/'实盘净值数据(iFinD公式)'!$B$5:$X$5))*(1-实盘持仓配置!$AM$8)^(('实盘净值数据(iFinD公式)'!$A9-'实盘净值数据(iFinD公式)'!$A8)/365)-1) -> 0.0015077592 | P9: =IF(N9="","",N9/MAX(N$5:N9)-1) -> 0 | Q9: =IF(OR((ROW()-1)<8,'实盘净值数据(iFinD公式)'!$A9="",'实盘净值数据(iFinD公式)'!$B9=""),"",SUMPRODUCT(实盘持仓配置!$B$9:$X$9,'实盘净值数据(iFinD公式)'!$B9:$X9/'实盘净值数据(iFinD公式)'!$B$8:$X$8)*(1-实盘持仓配置!$AM$9)^(('实盘净值数据(iFinD公式)'!$A9-'实盘净值数据(iFinD公式)'!$A$8)/365)) -> 1.0039732 | R9: =IF(OR(Q8="",'实盘净值数据(iFinD公式)'!$A9="",'实盘净值数据(iFinD公式)'!$B9=""),"",(SUMPRODUCT(实盘持仓配置!$B$9:$X$9,'实盘净值数据(iFinD公式)'!$B8:$X8/'实盘净值数据(iFinD公式)'!$B$8:$X$8,'实盘净值数据(iFinD公式)'!$B9:$X9/'实盘净值数据(iFinD公式)'!$B8:$X8)/SUMPRODUCT(实盘持仓配置!$B$9:$X$9,'实盘净值数据(iFinD公式)'!$B8:$X8/'实盘净值数据(iFinD公式)'!$B$8:$X$8))*(1-实盘持仓配置!$AM$9)^(('实盘净值数据(iFinD公式)'!$A9-'实盘净值数据(iFinD公式)'!$A8)/365)-1) -> 0.0039732082 | S9: =IF(Q9="","",Q9/MAX(Q$5:Q9)-1) -> 0
A10: =IF('实盘净值数据(iFinD公式)'!A10="","",'实盘净值数据(iFinD公式)'!A10) -> 46199 | B10: =IF(OR((ROW()-1)<6,'实盘净值数据(iFinD公式)'!$A10="",'实盘净值数据(iFinD公式)'!$B10=""),"",SUMPRODUCT(实盘持仓配置!$B$4:$X$4,'实盘净值数据(iFinD公式)'!$B10:$X10/'实盘净值数据(iFinD公式)'!$B$6:$X$6)*(1-实盘持仓配置!$AM$4)^(('实盘净值数据(iFinD公式)'!$A10-'实盘净值数据(iFinD公式)'!$A$6)/365)) -> 1.0194457 | C10: =IF(OR(B9="",'实盘净值数据(iFinD公式)'!$A10="",'实盘净值数据(iFinD公式)'!$B10=""),"",(SUMPRODUCT(实盘持仓配置!$B$4:$X$4,'实盘净值数据(iFinD公式)'!$B9:$X9/'实盘净值数据(iFinD公式)'!$B$6:$X$6,'实盘净值数据(iFinD公式)'!$B10:$X10/'实盘净值数据(iFinD公式)'!$B9:$X9)/SUMPRODUCT(实盘持仓配置!$B$4:$X$4,'实盘净值数据(iFinD公式)'!$B9:$X9/'实盘净值数据(iFinD公式)'!$B$6:$X$6))*(1-实盘持仓配置!$AM$4)^(('实盘净值数据(iFinD公式)'!$A10-'实盘净值数据(iFinD公式)'!$A9)/365)-1) -> -0.028584129 | D10: =IF(B10="","",B10/MAX(B$5:B10)-1) -> -0.028584129 | E10: =IF(OR((ROW()-1)<5,'实盘净值数据(iFinD公式)'!$A10="",'实盘净值数据(iFinD公式)'!$B10=""),"",SUMPRODUCT(实盘持仓配置!$B$5:$X$5,'实盘净值数据(iFinD公式)'!$B10:$X10/'实盘净值数据(iFinD公式)'!$B$5:$X$5)*(1-实盘持仓配置!$AM$5)^(('实盘净值数据(iFinD公式)'!$A10-'实盘净值数据(iFinD公式)'!$A$5)/365)) -> 1.0431452 | F10: =IF(OR(E9="",'实盘净值数据(iFinD公式)'!$A10="",'实盘净值数据(iFinD公式)'!$B10=""),"",(SUMPRODUCT(实盘持仓配置!$B$5:$X$5,'实盘净值数据(iFinD公式)'!$B9:$X9/'实盘净值数据(iFinD公式)'!$B$5:$X$5,'实盘净值数据(iFinD公式)'!$B10:$X10/'实盘净值数据(iFinD公式)'!$B9:$X9)/SUMPRODUCT(实盘持仓配置!$B$5:$X$5,'实盘净值数据(iFinD公式)'!$B9:$X9/'实盘净值数据(iFinD公式)'!$B$5:$X$5))*(1-实盘持仓配置!$AM$5)^(('实盘净值数据(iFinD公式)'!$A10-'实盘净值数据(iFinD公式)'!$A9)/365)-1) -> -0.028678715 | G10: =IF(E10="","",E10/MAX(E$5:E10)-1) -> -0.028678715 | H10: =IF(OR((ROW()-1)<7,'实盘净值数据(iFinD公式)'!$A10="",'实盘净值数据(iFinD公式)'!$B10=""),"",SUMPRODUCT(实盘持仓配置!$B$6:$X$6,'实盘净值数据(iFinD公式)'!$B10:$X10/'实盘净值数据(iFinD公式)'!$B$7:$X$7)*(1-实盘持仓配置!$AM$6)^(('实盘净值数据(iFinD公式)'!$A10-'实盘净值数据(iFinD公式)'!$A$7)/365)) -> 1.0506457 | I10: =IF(OR(H9="",'实盘净值数据(iFinD公式)'!$A10="",'实盘净值数据(iFinD公式)'!$B10=""),"",(SUMPRODUCT(实盘持仓配置!$B$6:$X$6,'实盘净值数据(iFinD公式)'!$B9:$X9/'实盘净值数据(iFinD公式)'!$B$7:$X$7,'实盘净值数据(iFinD公式)'!$B10:$X10/'实盘净值数据(iFinD公式)'!$B9:$X9)/SUMPRODUCT(实盘持仓配置!$B$6:$X$6,'实盘净值数据(iFinD公式)'!$B9:$X9/'实盘净值数据(iFinD公式)'!$B$7:$X$7))*(1-实盘持仓配置!$AM$6)^(('实盘净值数据(iFinD公式)'!$A10-'实盘净值数据(iFinD公式)'!$A9)/365)-1) -> -0.021843224 | J10: =IF(H10="","",H10/MAX(H$5:H10)-1) -> -0.021843224 | K10: =IF(OR((ROW()-1)<8,'实盘净值数据(iFinD公式)'!$A10="",'实盘净值数据(iFinD公式)'!$B10=""),"",SUMPRODUCT(实盘持仓配置!$B$7:$X$7,'实盘净值数据(iFinD公式)'!$B10:$X10/'实盘净值数据(iFinD公式)'!$B$8:$X$8)*(1-实盘持仓配置!$AM$7)^(('实盘净值数据(iFinD公式)'!$A10-'实盘净值数据(iFinD公式)'!$A$8)/365)) -> 0.99948223 | L10: =IF(OR(K9="",'实盘净值数据(iFinD公式)'!$A10="",'实盘净值数据(iFinD公式)'!$B10=""),"",(SUMPRODUCT(实盘持仓配置!$B$7:$X$7,'实盘净值数据(iFinD公式)'!$B9:$X9/'实盘净值数据(iFinD公式)'!$B$8:$X$8,'实盘净值数据(iFinD公式)'!$B10:$X10/'实盘净值数据(iFinD公式)'!$B9:$X9)/SUMPRODUCT(实盘持仓配置!$B$7:$X$7,'实盘净值数据(iFinD公式)'!$B9:$X9/'实盘净值数据(iFinD公式)'!$B$8:$X$8))*(1-实盘持仓配置!$AM$7)^(('实盘净值数据(iFinD公式)'!$A10-'实盘净值数据(iFinD公式)'!$A9)/365)-1) -> -0.0019292328 | M10: =IF(K10="","",K10/MAX(K$5:K10)-1) -> -0.0019292328 | N10: =IF(OR((ROW()-1)<5,'实盘净值数据(iFinD公式)'!$A10="",'实盘净值数据(iFinD公式)'!$B10=""),"",SUMPRODUCT(实盘持仓配置!$B$8:$X$8,'实盘净值数据(iFinD公式)'!$B10:$X10/'实盘净值数据(iFinD公式)'!$B$5:$X$5)*(1-实盘持仓配置!$AM$8)^(('实盘净值数据(iFinD公式)'!$A10-'实盘净值数据(iFinD公式)'!$A$5)/365)) -> 0.9989298 | O10: =IF(OR(N9="",'实盘净值数据(iFinD公式)'!$A10="",'实盘净值数据(iFinD公式)'!$B10=""),"",(SUMPRODUCT(实盘持仓配置!$B$8:$X$8,'实盘净值数据(iFinD公式)'!$B9:$X9/'实盘净值数据(iFinD公式)'!$B$5:$X$5,'实盘净值数据(iFinD公式)'!$B10:$X10/'实盘净值数据(iFinD公式)'!$B9:$X9)/SUMPRODUCT(实盘持仓配置!$B$8:$X$8,'实盘净值数据(iFinD公式)'!$B9:$X9/'实盘净值数据(iFinD公式)'!$B$5:$X$5))*(1-实盘持仓配置!$AM$8)^(('实盘净值数据(iFinD公式)'!$A10-'实盘净值数据(iFinD公式)'!$A9)/365)-1) -> -0.0023451843 | P10: =IF(N10="","",N10/MAX(N$5:N10)-1) -> -0.0023451843 | Q10: =IF(OR((ROW()-1)<8,'实盘净值数据(iFinD公式)'!$A10="",'实盘净值数据(iFinD公式)'!$B10=""),"",SUMPRODUCT(实盘持仓配置!$B$9:$X$9,'实盘净值数据(iFinD公式)'!$B10:$X10/'实盘净值数据(iFinD公式)'!$B$8:$X$8)*(1-实盘持仓配置!$AM$9)^(('实盘净值数据(iFinD公式)'!$A10-'实盘净值数据(iFinD公式)'!$A$8)/365)) -> 0.99720804 | R10: =IF(OR(Q9="",'实盘净值数据(iFinD公式)'!$A10="",'实盘净值数据(iFinD公式)'!$B10=""),"",(SUMPRODUCT(实盘持仓配置!$B$9:$X$9,'实盘净值数据(iFinD公式)'!$B9:$X9/'实盘净值数据(iFinD公式)'!$B$8:$X$8,'实盘净值数据(iFinD公式)'!$B10:$X10/'实盘净值数据(iFinD公式)'!$B9:$X9)/SUMPRODUCT(实盘持仓配置!$B$9:$X$9,'实盘净值数据(iFinD公式)'!$B9:$X9/'实盘净值数据(iFinD公式)'!$B$8:$X$8))*(1-实盘持仓配置!$AM$9)^(('实盘净值数据(iFinD公式)'!$A10-'实盘净值数据(iFinD公式)'!$A9)/365)-1) -> -0.0067383921 | S10: =IF(Q10="","",Q10/MAX(Q$5:Q10)-1) -> -0.0067383921
A11: =IF('实盘净值数据(iFinD公式)'!A11="","",'实盘净值数据(iFinD公式)'!A11) -> 46202 | B11: =IF(OR((ROW()-1)<6,'实盘净值数据(iFinD公式)'!$A11="",'实盘净值数据(iFinD公式)'!$B11=""),"",SUMPRODUCT(实盘持仓配置!$B$4:$X$4,'实盘净值数据(iFinD公式)'!$B11:$X11/'实盘净值数据(iFinD公式)'!$B$6:$X$6)*(1-实盘持仓配置!$AM$4)^(('实盘净值数据(iFinD公式)'!$A11-'实盘净值数据(iFinD公式)'!$A$6)/365)) -> 1.0294387 | C11: =IF(OR(B10="",'实盘净值数据(iFinD公式)'!$A11="",'实盘净值数据(iFinD公式)'!$B11=""),"",(SUMPRODUCT(实盘持仓配置!$B$4:$X$4,'实盘净值数据(iFinD公式)'!$B10:$X10/'实盘净值数据(iFinD公式)'!$B$6:$X$6,'实盘净值数据(iFinD公式)'!$B11:$X11/'实盘净值数据(iFinD公式)'!$B10:$X10)/SUMPRODUCT(实盘持仓配置!$B$4:$X$4,'实盘净值数据(iFinD公式)'!$B10:$X10/'实盘净值数据(iFinD公式)'!$B$6:$X$6))*(1-实盘持仓配置!$AM$4)^(('实盘净值数据(iFinD公式)'!$A11-'实盘净值数据(iFinD公式)'!$A10)/365)-1) -> 0.0098023153 | D11: =IF(B11="","",B11/MAX(B$5:B11)-1) -> -0.019062005 | E11: =IF(OR((ROW()-1)<5,'实盘净值数据(iFinD公式)'!$A11="",'实盘净值数据(iFinD公式)'!$B11=""),"",SUMPRODUCT(实盘持仓配置!$B$5:$X$5,'实盘净值数据(iFinD公式)'!$B11:$X11/'实盘净值数据(iFinD公式)'!$B$5:$X$5)*(1-实盘持仓配置!$AM$5)^(('实盘净值数据(iFinD公式)'!$A11-'实盘净值数据(iFinD公式)'!$A$5)/365)) -> 1.0532584 | F11: =IF(OR(E10="",'实盘净值数据(iFinD公式)'!$A11="",'实盘净值数据(iFinD公式)'!$B11=""),"",(SUMPRODUCT(实盘持仓配置!$B$5:$X$5,'实盘净值数据(iFinD公式)'!$B10:$X10/'实盘净值数据(iFinD公式)'!$B$5:$X$5,'实盘净值数据(iFinD公式)'!$B11:$X11/'实盘净值数据(iFinD公式)'!$B10:$X10)/SUMPRODUCT(实盘持仓配置!$B$5:$X$5,'实盘净值数据(iFinD公式)'!$B10:$X10/'实盘净值数据(iFinD公式)'!$B$5:$X$5))*(1-实盘持仓配置!$AM$5)^(('实盘净值数据(iFinD公式)'!$A11-'实盘净值数据(iFinD公式)'!$A10)/365)-1) -> 0.0096949189 | G11: =IF(E11="","",E11/MAX(E$5:E11)-1) -> -0.019261834 | H11: =IF(OR((ROW()-1)<7,'实盘净值数据(iFinD公式)'!$A11="",'实盘净值数据(iFinD公式)'!$B11=""),"",SUMPRODUCT(实盘持仓配置!$B$6:$X$6,'实盘净值数据(iFinD公式)'!$B11:$X11/'实盘净值数据(iFinD公式)'!$B$7:$X$7)*(1-实盘持仓配置!$AM$6)^(('实盘净值数据(iFinD公式)'!$A11-'实盘净值数据(iFinD公式)'!$A$7)/365)) -> 1.0685099 | I11: =IF(OR(H10="",'实盘净值数据(iFinD公式)'!$A11="",'实盘净值数据(iFinD公式)'!$B11=""),"",(SUMPRODUCT(实盘持仓配置!$B$6:$X$6,'实盘净值数据(iFinD公式)'!$B10:$X10/'实盘净值数据(iFinD公式)'!$B$7:$X$7,'实盘净值数据(iFinD公式)'!$B11:$X11/'实盘净值数据(iFinD公式)'!$B10:$X10)/SUMPRODUCT(实盘持仓配置!$B$6:$X$6,'实盘净值数据(iFinD公式)'!$B10:$X10/'实盘净值数据(iFinD公式)'!$B$7:$X$7))*(1-实盘持仓配置!$AM$6)^(('实盘净值数据(iFinD公式)'!$A11-'实盘净值数据(iFinD公式)'!$A10)/365)-1) -> 0.017003074 | J11: =IF(H11="","",H11/MAX(H$5:H11)-1) -> -0.0052115523 | K11: =IF(OR((ROW()-1)<8,'实盘净值数据(iFinD公式)'!$A11="",'实盘净值数据(iFinD公式)'!$B11=""),"",SUMPRODUCT(实盘持仓配置!$B$7:$X$7,'实盘净值数据(iFinD公式)'!$B11:$X11/'实盘净值数据(iFinD公式)'!$B$8:$X$8)*(1-实盘持仓配置!$AM$7)^(('实盘净值数据(iFinD公式)'!$A11-'实盘净值数据(iFinD公式)'!$A$8)/365)) -> 1.0013814 | L11: =IF(OR(K10="",'实盘净值数据(iFinD公式)'!$A11="",'实盘净值数据(iFinD公式)'!$B11=""),"",(SUMPRODUCT(实盘持仓配置!$B$7:$X$7,'实盘净值数据(iFinD公式)'!$B10:$X10/'实盘净值数据(iFinD公式)'!$B$8:$X$8,'实盘净值数据(iFinD公式)'!$B11:$X11/'实盘净值数据(iFinD公式)'!$B10:$X10)/SUMPRODUCT(实盘持仓配置!$B$7:$X$7,'实盘净值数据(iFinD公式)'!$B10:$X10/'实盘净值数据(iFinD公式)'!$B$8:$X$8))*(1-实盘持仓配置!$AM$7)^(('实盘净值数据(iFinD公式)'!$A11-'实盘净值数据(iFinD公式)'!$A10)/365)-1) -> 0.0019001106 | M11: =IF(K11="","",K11/MAX(K$5:K11)-1) -> -3.2787891e-05 | N11: =IF(OR((ROW()-1)<5,'实盘净值数据(iFinD公式)'!$A11="",'实盘净值数据(iFinD公式)'!$B11=""),"",SUMPRODUCT(实盘持仓配置!$B$8:$X$8,'实盘净值数据(iFinD公式)'!$B11:$X11/'实盘净值数据(iFinD公式)'!$B$5:$X$5)*(1-实盘持仓配置!$AM$8)^(('实盘净值数据(iFinD公式)'!$A11-'实盘净值数据(iFinD公式)'!$A$5)/365)) -> 1.000521 | O11: =IF(OR(N10="",'实盘净值数据(iFinD公式)'!$A11="",'实盘净值数据(iFinD公式)'!$B11=""),"",(SUMPRODUCT(实盘持仓配置!$B$8:$X$8,'实盘净值数据(iFinD公式)'!$B10:$X10/'实盘净值数据(iFinD公式)'!$B$5:$X$5,'实盘净值数据(iFinD公式)'!$B11:$X11/'实盘净值数据(iFinD公式)'!$B10:$X10)/SUMPRODUCT(实盘持仓配置!$B$8:$X$8,'实盘净值数据(iFinD公式)'!$B10:$X10/'实盘净值数据(iFinD公式)'!$B$5:$X$5))*(1-实盘持仓配置!$AM$8)^(('实盘净值数据(iFinD公式)'!$A11-'实盘净值数据(iFinD公式)'!$A10)/365)-1) -> 0.0015929539 | P11: =IF(N11="","",N11/MAX(N$5:N11)-1) -> -0.00075596623 | Q11: =IF(OR((ROW()-1)<8,'实盘净值数据(iFinD公式)'!$A11="",'实盘净值数据(iFinD公式)'!$B11=""),"",SUMPRODUCT(实盘持仓配置!$B$9:$X$9,'实盘净值数据(iFinD公式)'!$B11:$X11/'实盘净值数据(iFinD公式)'!$B$8:$X$8)*(1-实盘持仓配置!$AM$9)^(('实盘净值数据(iFinD公式)'!$A11-'实盘净值数据(iFinD公式)'!$A$8)/365)) -> 1.0009806 | R11: =IF(OR(Q10="",'实盘净值数据(iFinD公式)'!$A11="",'实盘净值数据(iFinD公式)'!$B11=""),"",(SUMPRODUCT(实盘持仓配置!$B$9:$X$9,'实盘净值数据(iFinD公式)'!$B10:$X10/'实盘净值数据(iFinD公式)'!$B$8:$X$8,'实盘净值数据(iFinD公式)'!$B11:$X11/'实盘净值数据(iFinD公式)'!$B10:$X10)/SUMPRODUCT(实盘持仓配置!$B$9:$X$9,'实盘净值数据(iFinD公式)'!$B10:$X10/'实盘净值数据(iFinD公式)'!$B$8:$X$8))*(1-实盘持仓配置!$AM$9)^(('实盘净值数据(iFinD公式)'!$A11-'实盘净值数据(iFinD公式)'!$A10)/365)-1) -> 0.0037831247 | S11: =IF(Q11="","",Q11/MAX(Q$5:Q11)-1) -> -0.0029807597
A12: =IF('实盘净值数据(iFinD公式)'!A12="","",'实盘净值数据(iFinD公式)'!A12) -> 46203 | B12: =IF(OR((ROW()-1)<6,'实盘净值数据(iFinD公式)'!$A12="",'实盘净值数据(iFinD公式)'!$B12=""),"",SUMPRODUCT(实盘持仓配置!$B$4:$X$4,'实盘净值数据(iFinD公式)'!$B12:$X12/'实盘净值数据(iFinD公式)'!$B$6:$X$6)*(1-实盘持仓配置!$AM$4)^(('实盘净值数据(iFinD公式)'!$A12-'实盘净值数据(iFinD公式)'!$A$6)/365)) -> 1.0748479 | C12: =IF(OR(B11="",'实盘净值数据(iFinD公式)'!$A12="",'实盘净值数据(iFinD公式)'!$B12=""),"",(SUMPRODUCT(实盘持仓配置!$B$4:$X$4,'实盘净值数据(iFinD公式)'!$B11:$X11/'实盘净值数据(iFinD公式)'!$B$6:$X$6,'实盘净值数据(iFinD公式)'!$B12:$X12/'实盘净值数据(iFinD公式)'!$B11:$X11)/SUMPRODUCT(实盘持仓配置!$B$4:$X$4,'实盘净值数据(iFinD公式)'!$B11:$X11/'实盘净值数据(iFinD公式)'!$B$6:$X$6))*(1-实盘持仓配置!$AM$4)^(('实盘净值数据(iFinD公式)'!$A12-'实盘净值数据(iFinD公式)'!$A11)/365)-1) -> 0.044110687 | D12: =IF(B12="","",B12/MAX(B$5:B12)-1) -> 0 | E12: =IF(OR((ROW()-1)<5,'实盘净值数据(iFinD公式)'!$A12="",'实盘净值数据(iFinD公式)'!$B12=""),"",SUMPRODUCT(实盘持仓配置!$B$5:$X$5,'实盘净值数据(iFinD公式)'!$B12:$X12/'实盘净值数据(iFinD公式)'!$B$5:$X$5)*(1-实盘持仓配置!$AM$5)^(('实盘净值数据(iFinD公式)'!$A12-'实盘净值数据(iFinD公式)'!$A$5)/365)) -> 1.0997369 | F12: =IF(OR(E11="",'实盘净值数据(iFinD公式)'!$A12="",'实盘净值数据(iFinD公式)'!$B12=""),"",(SUMPRODUCT(实盘持仓配置!$B$5:$X$5,'实盘净值数据(iFinD公式)'!$B11:$X11/'实盘净值数据(iFinD公式)'!$B$5:$X$5,'实盘净值数据(iFinD公式)'!$B12:$X12/'实盘净值数据(iFinD公式)'!$B11:$X11)/SUMPRODUCT(实盘持仓配置!$B$5:$X$5,'实盘净值数据(iFinD公式)'!$B11:$X11/'实盘净值数据(iFinD公式)'!$B$5:$X$5))*(1-实盘持仓配置!$AM$5)^(('实盘净值数据(iFinD公式)'!$A12-'实盘净值数据(iFinD公式)'!$A11)/365)-1) -> 0.044128278 | G12: =IF(E12="","",E12/MAX(E$5:E12)-1) -> 0 | H12: =IF(OR((ROW()-1)<7,'实盘净值数据(iFinD公式)'!$A12="",'实盘净值数据(iFinD公式)'!$B12=""),"",SUMPRODUCT(实盘持仓配置!$B$6:$X$6,'实盘净值数据(iFinD公式)'!$B12:$X12/'实盘净值数据(iFinD公式)'!$B$7:$X$7)*(1-实盘持仓配置!$AM$6)^(('实盘净值数据(iFinD公式)'!$A12-'实盘净值数据(iFinD公式)'!$A$7)/365)) -> 1.1117067 | I12: =IF(OR(H11="",'实盘净值数据(iFinD公式)'!$A12="",'实盘净值数据(iFinD公式)'!$B12=""),"",(SUMPRODUCT(实盘持仓配置!$B$6:$X$6,'实盘净值数据(iFinD公式)'!$B11:$X11/'实盘净值数据(iFinD公式)'!$B$7:$X$7,'实盘净值数据(iFinD公式)'!$B12:$X12/'实盘净值数据(iFinD公式)'!$B11:$X11)/SUMPRODUCT(实盘持仓配置!$B$6:$X$6,'实盘净值数据(iFinD公式)'!$B11:$X11/'实盘净值数据(iFinD公式)'!$B$7:$X$7))*(1-实盘持仓配置!$AM$6)^(('实盘净值数据(iFinD公式)'!$A12-'实盘净值数据(iFinD公式)'!$A11)/365)-1) -> 0.04042716 | J12: =IF(H12="","",H12/MAX(H$5:H12)-1) -> 0 | K12: =IF(OR((ROW()-1)<8,'实盘净值数据(iFinD公式)'!$A12="",'实盘净值数据(iFinD公式)'!$B12=""),"",SUMPRODUCT(实盘持仓配置!$B$7:$X$7,'实盘净值数据(iFinD公式)'!$B12:$X12/'实盘净值数据(iFinD公式)'!$B$8:$X$8)*(1-实盘持仓配置!$AM$7)^(('实盘净值数据(iFinD公式)'!$A12-'实盘净值数据(iFinD公式)'!$A$8)/365)) -> 1.003272 | L12: =IF(OR(K11="",'实盘净值数据(iFinD公式)'!$A12="",'实盘净值数据(iFinD公式)'!$B12=""),"",(SUMPRODUCT(实盘持仓配置!$B$7:$X$7,'实盘净值数据(iFinD公式)'!$B11:$X11/'实盘净值数据(iFinD公式)'!$B$8:$X$8,'实盘净值数据(iFinD公式)'!$B12:$X12/'实盘净值数据(iFinD公式)'!$B11:$X11)/SUMPRODUCT(实盘持仓配置!$B$7:$X$7,'实盘净值数据(iFinD公式)'!$B11:$X11/'实盘净值数据(iFinD公式)'!$B$8:$X$8))*(1-实盘持仓配置!$AM$7)^(('实盘净值数据(iFinD公式)'!$A12-'实盘净值数据(iFinD公式)'!$A11)/365)-1) -> 0.0018880252 | M12: =IF(K12="","",K12/MAX(K$5:K12)-1) -> 0 | N12: =IF(OR((ROW()-1)<5,'实盘净值数据(iFinD公式)'!$A12="",'实盘净值数据(iFinD公式)'!$B12=""),"",SUMPRODUCT(实盘持仓配置!$B$8:$X$8,'实盘净值数据(iFinD公式)'!$B12:$X12/'实盘净值数据(iFinD公式)'!$B$5:$X$5)*(1-实盘持仓配置!$AM$8)^(('实盘净值数据(iFinD公式)'!$A12-'实盘净值数据(iFinD公式)'!$A$5)/365)) -> 1.0027101 | O12: =IF(OR(N11="",'实盘净值数据(iFinD公式)'!$A12="",'实盘净值数据(iFinD公式)'!$B12=""),"",(SUMPRODUCT(实盘持仓配置!$B$8:$X$8,'实盘净值数据(iFinD公式)'!$B11:$X11/'实盘净值数据(iFinD公式)'!$B$5:$X$5,'实盘净值数据(iFinD公式)'!$B12:$X12/'实盘净值数据(iFinD公式)'!$B11:$X11)/SUMPRODUCT(实盘持仓配置!$B$8:$X$8,'实盘净值数据(iFinD公式)'!$B11:$X11/'实盘净值数据(iFinD公式)'!$B$5:$X$5))*(1-实盘持仓配置!$AM$8)^(('实盘净值数据(iFinD公式)'!$A12-'实盘净值数据(iFinD公式)'!$A11)/365)-1) -> 0.0021879494 | P12: =IF(N12="","",N12/MAX(N$5:N12)-1) -> 0 | Q12: =IF(OR((ROW()-1)<8,'实盘净值数据(iFinD公式)'!$A12="",'实盘净值数据(iFinD公式)'!$B12=""),"",SUMPRODUCT(实盘持仓配置!$B$9:$X$9,'实盘净值数据(iFinD公式)'!$B12:$X12/'实盘净值数据(iFinD公式)'!$B$8:$X$8)*(1-实盘持仓配置!$AM$9)^(('实盘净值数据(iFinD公式)'!$A12-'实盘净值数据(iFinD公式)'!$A$8)/365)) -> 1.0087619 | R12: =IF(OR(Q11="",'实盘净值数据(iFinD公式)'!$A12="",'实盘净值数据(iFinD公式)'!$B12=""),"",(SUMPRODUCT(实盘持仓配置!$B$9:$X$9,'实盘净值数据(iFinD公式)'!$B11:$X11/'实盘净值数据(iFinD公式)'!$B$8:$X$8,'实盘净值数据(iFinD公式)'!$B12:$X12/'实盘净值数据(iFinD公式)'!$B11:$X11)/SUMPRODUCT(实盘持仓配置!$B$9:$X$9,'实盘净值数据(iFinD公式)'!$B11:$X11/'实盘净值数据(iFinD公式)'!$B$8:$X$8))*(1-实盘持仓配置!$AM$9)^(('实盘净值数据(iFinD公式)'!$A12-'实盘净值数据(iFinD公式)'!$A11)/365)-1) -> 0.0077736429 | S12: =IF(Q12="","",Q12/MAX(Q$5:Q12)-1) -> 0
A13: =IF('实盘净值数据(iFinD公式)'!A13="","",'实盘净值数据(iFinD公式)'!A13) -> 46204 | B13: =IF(OR((ROW()-1)<6,'实盘净值数据(iFinD公式)'!$A13="",'实盘净值数据(iFinD公式)'!$B13=""),"",SUMPRODUCT(实盘持仓配置!$B$4:$X$4,'实盘净值数据(iFinD公式)'!$B13:$X13/'实盘净值数据(iFinD公式)'!$B$6:$X$6)*(1-实盘持仓配置!$AM$4)^(('实盘净值数据(iFinD公式)'!$A13-'实盘净值数据(iFinD公式)'!$A$6)/365)) -> 1.0416673 | C13: =IF(OR(B12="",'实盘净值数据(iFinD公式)'!$A13="",'实盘净值数据(iFinD公式)'!$B13=""),"",(SUMPRODUCT(实盘持仓配置!$B$4:$X$4,'实盘净值数据(iFinD公式)'!$B12:$X12/'实盘净值数据(iFinD公式)'!$B$6:$X$6,'实盘净值数据(iFinD公式)'!$B13:$X13/'实盘净值数据(iFinD公式)'!$B12:$X12)/SUMPRODUCT(实盘持仓配置!$B$4:$X$4,'实盘净值数据(iFinD公式)'!$B12:$X12/'实盘净值数据(iFinD公式)'!$B$6:$X$6))*(1-实盘持仓配置!$AM$4)^(('实盘净值数据(iFinD公式)'!$A13-'实盘净值数据(iFinD公式)'!$A12)/365)-1) -> -0.030870027 | D13: =IF(B13="","",B13/MAX(B$5:B13)-1) -> -0.030870027 | E13: =IF(OR((ROW()-1)<5,'实盘净值数据(iFinD公式)'!$A13="",'实盘净值数据(iFinD公式)'!$B13=""),"",SUMPRODUCT(实盘持仓配置!$B$5:$X$5,'实盘净值数据(iFinD公式)'!$B13:$X13/'实盘净值数据(iFinD公式)'!$B$5:$X$5)*(1-实盘持仓配置!$AM$5)^(('实盘净值数据(iFinD公式)'!$A13-'实盘净值数据(iFinD公式)'!$A$5)/365)) -> 1.0657543 | F13: =IF(OR(E12="",'实盘净值数据(iFinD公式)'!$A13="",'实盘净值数据(iFinD公式)'!$B13=""),"",(SUMPRODUCT(实盘持仓配置!$B$5:$X$5,'实盘净值数据(iFinD公式)'!$B12:$X12/'实盘净值数据(iFinD公式)'!$B$5:$X$5,'实盘净值数据(iFinD公式)'!$B13:$X13/'实盘净值数据(iFinD公式)'!$B12:$X12)/SUMPRODUCT(实盘持仓配置!$B$5:$X$5,'实盘净值数据(iFinD公式)'!$B12:$X12/'实盘净值数据(iFinD公式)'!$B$5:$X$5))*(1-实盘持仓配置!$AM$5)^(('实盘净值数据(iFinD公式)'!$A13-'实盘净值数据(iFinD公式)'!$A12)/365)-1) -> -0.030900613 | G13: =IF(E13="","",E13/MAX(E$5:E13)-1) -> -0.030900613 | H13: =IF(OR((ROW()-1)<7,'实盘净值数据(iFinD公式)'!$A13="",'实盘净值数据(iFinD公式)'!$B13=""),"",SUMPRODUCT(实盘持仓配置!$B$6:$X$6,'实盘净值数据(iFinD公式)'!$B13:$X13/'实盘净值数据(iFinD公式)'!$B$7:$X$7)*(1-实盘持仓配置!$AM$6)^(('实盘净值数据(iFinD公式)'!$A13-'实盘净值数据(iFinD公式)'!$A$7)/365)) -> 1.0836175 | I13: =IF(OR(H12="",'实盘净值数据(iFinD公式)'!$A13="",'实盘净值数据(iFinD公式)'!$B13=""),"",(SUMPRODUCT(实盘持仓配置!$B$6:$X$6,'实盘净值数据(iFinD公式)'!$B12:$X12/'实盘净值数据(iFinD公式)'!$B$7:$X$7,'实盘净值数据(iFinD公式)'!$B13:$X13/'实盘净值数据(iFinD公式)'!$B12:$X12)/SUMPRODUCT(实盘持仓配置!$B$6:$X$6,'实盘净值数据(iFinD公式)'!$B12:$X12/'实盘净值数据(iFinD公式)'!$B$7:$X$7))*(1-实盘持仓配置!$AM$6)^(('实盘净值数据(iFinD公式)'!$A13-'实盘净值数据(iFinD公式)'!$A12)/365)-1) -> -0.025266743 | J13: =IF(H13="","",H13/MAX(H$5:H13)-1) -> -0.025266743 | K13: =IF(OR((ROW()-1)<8,'实盘净值数据(iFinD公式)'!$A13="",'实盘净值数据(iFinD公式)'!$B13=""),"",SUMPRODUCT(实盘持仓配置!$B$7:$X$7,'实盘净值数据(iFinD公式)'!$B13:$X13/'实盘净值数据(iFinD公式)'!$B$8:$X$8)*(1-实盘持仓配置!$AM$7)^(('实盘净值数据(iFinD公式)'!$A13-'实盘净值数据(iFinD公式)'!$A$8)/365)) -> 1.0008642 | L13: =IF(OR(K12="",'实盘净值数据(iFinD公式)'!$A13="",'实盘净值数据(iFinD公式)'!$B13=""),"",(SUMPRODUCT(实盘持仓配置!$B$7:$X$7,'实盘净值数据(iFinD公式)'!$B12:$X12/'实盘净值数据(iFinD公式)'!$B$8:$X$8,'实盘净值数据(iFinD公式)'!$B13:$X13/'实盘净值数据(iFinD公式)'!$B12:$X12)/SUMPRODUCT(实盘持仓配置!$B$7:$X$7,'实盘净值数据(iFinD公式)'!$B12:$X12/'实盘净值数据(iFinD公式)'!$B$8:$X$8))*(1-实盘持仓配置!$AM$7)^(('实盘净值数据(iFinD公式)'!$A13-'实盘净值数据(iFinD公式)'!$A12)/365)-1) -> -0.0023999339 | M13: =IF(K13="","",K13/MAX(K$5:K13)-1) -> -0.0023999339 | N13: =IF(OR((ROW()-1)<5,'实盘净值数据(iFinD公式)'!$A13="",'实盘净值数据(iFinD公式)'!$B13=""),"",SUMPRODUCT(实盘持仓配置!$B$8:$X$8,'实盘净值数据(iFinD公式)'!$B13:$X13/'实盘净值数据(iFinD公式)'!$B$5:$X$5)*(1-实盘持仓配置!$AM$8)^(('实盘净值数据(iFinD公式)'!$A13-'实盘净值数据(iFinD公式)'!$A$5)/365)) -> 0.99998437 | O13: =IF(OR(N12="",'实盘净值数据(iFinD公式)'!$A13="",'实盘净值数据(iFinD公式)'!$B13=""),"",(SUMPRODUCT(实盘持仓配置!$B$8:$X$8,'实盘净值数据(iFinD公式)'!$B12:$X12/'实盘净值数据(iFinD公式)'!$B$5:$X$5,'实盘净值数据(iFinD公式)'!$B13:$X13/'实盘净值数据(iFinD公式)'!$B12:$X12)/SUMPRODUCT(实盘持仓配置!$B$8:$X$8,'实盘净值数据(iFinD公式)'!$B12:$X12/'实盘净值数据(iFinD公式)'!$B$5:$X$5))*(1-实盘持仓配置!$AM$8)^(('实盘净值数据(iFinD公式)'!$A13-'实盘净值数据(iFinD公式)'!$A12)/365)-1) -> -0.0027184046 | P13: =IF(N13="","",N13/MAX(N$5:N13)-1) -> -0.0027184046 | Q13: =IF(OR((ROW()-1)<8,'实盘净值数据(iFinD公式)'!$A13="",'实盘净值数据(iFinD公式)'!$B13=""),"",SUMPRODUCT(实盘持仓配置!$B$9:$X$9,'实盘净值数据(iFinD公式)'!$B13:$X13/'实盘净值数据(iFinD公式)'!$B$8:$X$8)*(1-实盘持仓配置!$AM$9)^(('实盘净值数据(iFinD公式)'!$A13-'实盘净值数据(iFinD公式)'!$A$8)/365)) -> 1.0039155 | R13: =IF(OR(Q12="",'实盘净值数据(iFinD公式)'!$A13="",'实盘净值数据(iFinD公式)'!$B13=""),"",(SUMPRODUCT(实盘持仓配置!$B$9:$X$9,'实盘净值数据(iFinD公式)'!$B12:$X12/'实盘净值数据(iFinD公式)'!$B$8:$X$8,'实盘净值数据(iFinD公式)'!$B13:$X13/'实盘净值数据(iFinD公式)'!$B12:$X12)/SUMPRODUCT(实盘持仓配置!$B$9:$X$9,'实盘净值数据(iFinD公式)'!$B12:$X12/'实盘净值数据(iFinD公式)'!$B$8:$X$8))*(1-实盘持仓配置!$AM$9)^(('实盘净值数据(iFinD公式)'!$A13-'实盘净值数据(iFinD公式)'!$A12)/365)-1) -> -0.0048042295 | S13: =IF(Q13="","",Q13/MAX(Q$5:Q13)-1) -> -0.0048042295
A14: =IF('实盘净值数据(iFinD公式)'!A14="","",'实盘净值数据(iFinD公式)'!A14) -> 46205 | B14: =IF(OR((ROW()-1)<6,'实盘净值数据(iFinD公式)'!$A14="",'实盘净值数据(iFinD公式)'!$B14=""),"",SUMPRODUCT(实盘持仓配置!$B$4:$X$4,'实盘净值数据(iFinD公式)'!$B14:$X14/'实盘净值数据(iFinD公式)'!$B$6:$X$6)*(1-实盘持仓配置!$AM$4)^(('实盘净值数据(iFinD公式)'!$A14-'实盘净值数据(iFinD公式)'!$A$6)/365)) -> 0.95024005 | C14: =IF(OR(B13="",'实盘净值数据(iFinD公式)'!$A14="",'实盘净值数据(iFinD公式)'!$B14=""),"",(SUMPRODUCT(实盘持仓配置!$B$4:$X$4,'实盘净值数据(iFinD公式)'!$B13:$X13/'实盘净值数据(iFinD公式)'!$B$6:$X$6,'实盘净值数据(iFinD公式)'!$B14:$X14/'实盘净值数据(iFinD公式)'!$B13:$X13)/SUMPRODUCT(实盘持仓配置!$B$4:$X$4,'实盘净值数据(iFinD公式)'!$B13:$X13/'实盘净值数据(iFinD公式)'!$B$6:$X$6))*(1-实盘持仓配置!$AM$4)^(('实盘净值数据(iFinD公式)'!$A14-'实盘净值数据(iFinD公式)'!$A13)/365)-1) -> -0.087770129 | D14: =IF(B14="","",B14/MAX(B$5:B14)-1) -> -0.11593069 | E14: =IF(OR((ROW()-1)<5,'实盘净值数据(iFinD公式)'!$A14="",'实盘净值数据(iFinD公式)'!$B14=""),"",SUMPRODUCT(实盘持仓配置!$B$5:$X$5,'实盘净值数据(iFinD公式)'!$B14:$X14/'实盘净值数据(iFinD公式)'!$B$5:$X$5)*(1-实盘持仓配置!$AM$5)^(('实盘净值数据(iFinD公式)'!$A14-'实盘净值数据(iFinD公式)'!$A$5)/365)) -> 0.97222777 | F14: =IF(OR(E13="",'实盘净值数据(iFinD公式)'!$A14="",'实盘净值数据(iFinD公式)'!$B14=""),"",(SUMPRODUCT(实盘持仓配置!$B$5:$X$5,'实盘净值数据(iFinD公式)'!$B13:$X13/'实盘净值数据(iFinD公式)'!$B$5:$X$5,'实盘净值数据(iFinD公式)'!$B14:$X14/'实盘净值数据(iFinD公式)'!$B13:$X13)/SUMPRODUCT(实盘持仓配置!$B$5:$X$5,'实盘净值数据(iFinD公式)'!$B13:$X13/'实盘净值数据(iFinD公式)'!$B$5:$X$5))*(1-实盘持仓配置!$AM$5)^(('实盘净值数据(iFinD公式)'!$A14-'实盘净值数据(iFinD公式)'!$A13)/365)-1) -> -0.087756207 | G14: =IF(E14="","",E14/MAX(E$5:E14)-1) -> -0.1159451 | H14: =IF(OR((ROW()-1)<7,'实盘净值数据(iFinD公式)'!$A14="",'实盘净值数据(iFinD公式)'!$B14=""),"",SUMPRODUCT(实盘持仓配置!$B$6:$X$6,'实盘净值数据(iFinD公式)'!$B14:$X14/'实盘净值数据(iFinD公式)'!$B$7:$X$7)*(1-实盘持仓配置!$AM$6)^(('实盘净值数据(iFinD公式)'!$A14-'实盘净值数据(iFinD公式)'!$A$7)/365)) -> 0.99175225 | I14: =IF(OR(H13="",'实盘净值数据(iFinD公式)'!$A14="",'实盘净值数据(iFinD公式)'!$B14=""),"",(SUMPRODUCT(实盘持仓配置!$B$6:$X$6,'实盘净值数据(iFinD公式)'!$B13:$X13/'实盘净值数据(iFinD公式)'!$B$7:$X$7,'实盘净值数据(iFinD公式)'!$B14:$X14/'实盘净值数据(iFinD公式)'!$B13:$X13)/SUMPRODUCT(实盘持仓配置!$B$6:$X$6,'实盘净值数据(iFinD公式)'!$B13:$X13/'实盘净值数据(iFinD公式)'!$B$7:$X$7))*(1-实盘持仓配置!$AM$6)^(('实盘净值数据(iFinD公式)'!$A14-'实盘净值数据(iFinD公式)'!$A13)/365)-1) -> -0.084776442 | J14: =IF(H14="","",H14/MAX(H$5:H14)-1) -> -0.10790116 | K14: =IF(OR('实盘净值数据(iFinD公式)'!$A14="",'实盘净值数据(iFinD公式)'!$B14=""),"",分期持仓明细!$AO$9*SUMPRODUCT(分期持仓明细!$B$9:$Y$9,'实盘净值数据(iFinD公式)'!$B14:$Y14/'实盘净值数据(iFinD公式)'!$B$13:$Y$13)*(1-实盘持仓配置!$AM$7)^(('实盘净值数据(iFinD公式)'!$A14-'实盘净值数据(iFinD公式)'!$A$8)/365)) -> 0.99536945 | L14: =IF(OR(K13="",K14=""),"",K14/K13-1) -> -0.0054900155 | M14: =IF(K14="","",K14/MAX(K$5:K14)-1) -> -0.0078767738 | N14: =IF(OR('实盘净值数据(iFinD公式)'!$A14="",'实盘净值数据(iFinD公式)'!$B14=""),"",分期持仓明细!$AO$11*SUMPRODUCT(分期持仓明细!$B$11:$Y$11,'实盘净值数据(iFinD公式)'!$B14:$Y14/'实盘净值数据(iFinD公式)'!$B$13:$Y$13)*(1-实盘持仓配置!$AM$8)^(('实盘净值数据(iFinD公式)'!$A14-'实盘净值数据(iFinD公式)'!$A$5)/365)) -> 0.9941528 | O14: =IF(OR(N13="",N14=""),"",N14/N13-1) -> -0.0058316624 | P14: =IF(N14="","",N14/MAX(N$5:N14)-1) -> -0.0085342141 | Q14: =IF(OR('实盘净值数据(iFinD公式)'!$A14="",'实盘净值数据(iFinD公式)'!$B14=""),"",分期持仓明细!$AO$13*SUMPRODUCT(分期持仓明细!$B$13:$Y$13,'实盘净值数据(iFinD公式)'!$B14:$Y14/'实盘净值数据(iFinD公式)'!$B$13:$Y$13)*(1-实盘持仓配置!$AM$9)^(('实盘净值数据(iFinD公式)'!$A14-'实盘净值数据(iFinD公式)'!$A$8)/365)) -> 0.98752211 | R14: =IF(OR(Q13="",Q14=""),"",Q14/Q13-1) -> -0.016329495 | S14: =IF(Q14="","",Q14/MAX(Q$5:Q14)-1) -> -0.021055274
A15: =IF('实盘净值数据(iFinD公式)'!A15="","",'实盘净值数据(iFinD公式)'!A15) -> 46206 | B15: =IF(OR((ROW()-1)<6,'实盘净值数据(iFinD公式)'!$A15="",'实盘净值数据(iFinD公式)'!$B15=""),"",SUMPRODUCT(实盘持仓配置!$B$4:$X$4,'实盘净值数据(iFinD公式)'!$B15:$X15/'实盘净值数据(iFinD公式)'!$B$6:$X$6)*(1-实盘持仓配置!$AM$4)^(('实盘净值数据(iFinD公式)'!$A15-'实盘净值数据(iFinD公式)'!$A$6)/365)) -> 0.943219 | C15: =IF(OR(B14="",'实盘净值数据(iFinD公式)'!$A15="",'实盘净值数据(iFinD公式)'!$B15=""),"",(SUMPRODUCT(实盘持仓配置!$B$4:$X$4,'实盘净值数据(iFinD公式)'!$B14:$X14/'实盘净值数据(iFinD公式)'!$B$6:$X$6,'实盘净值数据(iFinD公式)'!$B15:$X15/'实盘净值数据(iFinD公式)'!$B14:$X14)/SUMPRODUCT(实盘持仓配置!$B$4:$X$4,'实盘净值数据(iFinD公式)'!$B14:$X14/'实盘净值数据(iFinD公式)'!$B$6:$X$6))*(1-实盘持仓配置!$AM$4)^(('实盘净值数据(iFinD公式)'!$A15-'实盘净值数据(iFinD公式)'!$A14)/365)-1) -> -0.0073887185 | D15: =IF(B15="","",B15/MAX(B$5:B15)-1) -> -0.12246283 | E15: =IF(OR((ROW()-1)<5,'实盘净值数据(iFinD公式)'!$A15="",'实盘净值数据(iFinD公式)'!$B15=""),"",SUMPRODUCT(实盘持仓配置!$B$5:$X$5,'实盘净值数据(iFinD公式)'!$B15:$X15/'实盘净值数据(iFinD公式)'!$B$5:$X$5)*(1-实盘持仓配置!$AM$5)^(('实盘净值数据(iFinD公式)'!$A15-'实盘净值数据(iFinD公式)'!$A$5)/365)) -> 0.96507649 | F15: =IF(OR(E14="",'实盘净值数据(iFinD公式)'!$A15="",'实盘净值数据(iFinD公式)'!$B15=""),"",(SUMPRODUCT(实盘持仓配置!$B$5:$X$5,'实盘净值数据(iFinD公式)'!$B14:$X14/'实盘净值数据(iFinD公式)'!$B$5:$X$5,'实盘净值数据(iFinD公式)'!$B15:$X15/'实盘净值数据(iFinD公式)'!$B14:$X14)/SUMPRODUCT(实盘持仓配置!$B$5:$X$5,'实盘净值数据(iFinD公式)'!$B14:$X14/'实盘净值数据(iFinD公式)'!$B$5:$X$5))*(1-实盘持仓配置!$AM$5)^(('实盘净值数据(iFinD公式)'!$A15-'实盘净值数据(iFinD公式)'!$A14)/365)-1) -> -0.007355563 | G15: =IF(E15="","",E15/MAX(E$5:E15)-1) -> -0.12244782 | H15: =IF(OR((ROW()-1)<7,'实盘净值数据(iFinD公式)'!$A15="",'实盘净值数据(iFinD公式)'!$B15=""),"",SUMPRODUCT(实盘持仓配置!$B$6:$X$6,'实盘净值数据(iFinD公式)'!$B15:$X15/'实盘净值数据(iFinD公式)'!$B$7:$X$7)*(1-实盘持仓配置!$AM$6)^(('实盘净值数据(iFinD公式)'!$A15-'实盘净值数据(iFinD公式)'!$A$7)/365)) -> 0.98876259 | I15: =IF(OR(H14="",'实盘净值数据(iFinD公式)'!$A15="",'实盘净值数据(iFinD公式)'!$B15=""),"",(SUMPRODUCT(实盘持仓配置!$B$6:$X$6,'实盘净值数据(iFinD公式)'!$B14:$X14/'实盘净值数据(iFinD公式)'!$B$7:$X$7,'实盘净值数据(iFinD公式)'!$B15:$X15/'实盘净值数据(iFinD公式)'!$B14:$X14)/SUMPRODUCT(实盘持仓配置!$B$6:$X$6,'实盘净值数据(iFinD公式)'!$B14:$X14/'实盘净值数据(iFinD公式)'!$B$7:$X$7))*(1-实盘持仓配置!$AM$6)^(('实盘净值数据(iFinD公式)'!$A15-'实盘净值数据(iFinD公式)'!$A14)/365)-1) -> -0.0030145263 | J15: =IF(H15="","",H15/MAX(H$5:H15)-1) -> -0.11059042 | K15: =IF(OR('实盘净值数据(iFinD公式)'!$A15="",'实盘净值数据(iFinD公式)'!$B15=""),"",分期持仓明细!$AO$9*SUMPRODUCT(分期持仓明细!$B$9:$Y$9,'实盘净值数据(iFinD公式)'!$B15:$Y15/'实盘净值数据(iFinD公式)'!$B$13:$Y$13)*(1-实盘持仓配置!$AM$7)^(('实盘净值数据(iFinD公式)'!$A15-'实盘净值数据(iFinD公式)'!$A$8)/365)) -> 0.99652455 | L15: =IF(OR(K14="",K15=""),"",K15/K14-1) -> 0.0011604738 | M15: =IF(K15="","",K15/MAX(K$5:K15)-1) -> -0.0067254408 | N15: =IF(OR('实盘净值数据(iFinD公式)'!$A15="",'实盘净值数据(iFinD公式)'!$B15=""),"",分期持仓明细!$AO$11*SUMPRODUCT(分期持仓明细!$B$11:$Y$11,'实盘净值数据(iFinD公式)'!$B15:$Y15/'实盘净值数据(iFinD公式)'!$B$13:$Y$13)*(1-实盘持仓配置!$AM$8)^(('实盘净值数据(iFinD公式)'!$A15-'实盘净值数据(iFinD公式)'!$A$5)/365)) -> 0.99502663 | O15: =IF(OR(N14="",N15=""),"",N15/N14-1) -> 0.00087897091 | P15: =IF(N15="","",N15/MAX(N$5:N15)-1) -> -0.0076627445 | Q15: =IF(OR('实盘净值数据(iFinD公式)'!$A15="",'实盘净值数据(iFinD公式)'!$B15=""),"",分期持仓明细!$AO$13*SUMPRODUCT(分期持仓明细!$B$13:$Y$13,'实盘净值数据(iFinD公式)'!$B15:$Y15/'实盘净值数据(iFinD公式)'!$B$13:$Y$13)*(1-实盘持仓配置!$AM$9)^(('实盘净值数据(iFinD公式)'!$A15-'实盘净值数据(iFinD公式)'!$A$8)/365)) -> 0.99030294 | R15: =IF(OR(Q14="",Q15=""),"",Q15/Q14-1) -> 0.0028159611 | S15: =IF(Q15="","",Q15/MAX(Q$5:Q15)-1) -> -0.018298604
A16: =IF('实盘净值数据(iFinD公式)'!A16="","",'实盘净值数据(iFinD公式)'!A16) -> 46209 | B16: =IF(OR((ROW()-1)<6,'实盘净值数据(iFinD公式)'!$A16="",'实盘净值数据(iFinD公式)'!$B16=""),"",SUMPRODUCT(实盘持仓配置!$B$4:$X$4,'实盘净值数据(iFinD公式)'!$B16:$X16/'实盘净值数据(iFinD公式)'!$B$6:$X$6)*(1-实盘持仓配置!$AM$4)^(('实盘净值数据(iFinD公式)'!$A16-'实盘净值数据(iFinD公式)'!$A$6)/365)) -> 0.92459185 | C16: =IF(OR(B15="",'实盘净值数据(iFinD公式)'!$A16="",'实盘净值数据(iFinD公式)'!$B16=""),"",(SUMPRODUCT(实盘持仓配置!$B$4:$X$4,'实盘净值数据(iFinD公式)'!$B15:$X15/'实盘净值数据(iFinD公式)'!$B$6:$X$6,'实盘净值数据(iFinD公式)'!$B16:$X16/'实盘净值数据(iFinD公式)'!$B15:$X15)/SUMPRODUCT(实盘持仓配置!$B$4:$X$4,'实盘净值数据(iFinD公式)'!$B15:$X15/'实盘净值数据(iFinD公式)'!$B$6:$X$6))*(1-实盘持仓配置!$AM$4)^(('实盘净值数据(iFinD公式)'!$A16-'实盘净值数据(iFinD公式)'!$A15)/365)-1) -> -0.019748483 | D16: =IF(B16="","",B16/MAX(B$5:B16)-1) -> -0.13979286 | E16: =IF(OR((ROW()-1)<5,'实盘净值数据(iFinD公式)'!$A16="",'实盘净值数据(iFinD公式)'!$B16=""),"",SUMPRODUCT(实盘持仓配置!$B$5:$X$5,'实盘净值数据(iFinD公式)'!$B16:$X16/'实盘净值数据(iFinD公式)'!$B$5:$X$5)*(1-实盘持仓配置!$AM$5)^(('实盘净值数据(iFinD公式)'!$A16-'实盘净值数据(iFinD公式)'!$A$5)/365)) -> 0.94597776 | F16: =IF(OR(E15="",'实盘净值数据(iFinD公式)'!$A16="",'实盘净值数据(iFinD公式)'!$B16=""),"",(SUMPRODUCT(实盘持仓配置!$B$5:$X$5,'实盘净值数据(iFinD公式)'!$B15:$X15/'实盘净值数据(iFinD公式)'!$B$5:$X$5,'实盘净值数据(iFinD公式)'!$B16:$X16/'实盘净值数据(iFinD公式)'!$B15:$X15)/SUMPRODUCT(实盘持仓配置!$B$5:$X$5,'实盘净值数据(iFinD公式)'!$B15:$X15/'实盘净值数据(iFinD公式)'!$B$5:$X$5))*(1-实盘持仓配置!$AM$5)^(('实盘净值数据(iFinD公式)'!$A16-'实盘净值数据(iFinD公式)'!$A15)/365)-1) -> -0.019789862 | G16: =IF(E16="","",E16/MAX(E$5:E16)-1) -> -0.13981446 | H16: =IF(OR((ROW()-1)<7,'实盘净值数据(iFinD公式)'!$A16="",'实盘净值数据(iFinD公式)'!$B16=""),"",SUMPRODUCT(实盘持仓配置!$B$6:$X$6,'实盘净值数据(iFinD公式)'!$B16:$X16/'实盘净值数据(iFinD公式)'!$B$7:$X$7)*(1-实盘持仓配置!$AM$6)^(('实盘净值数据(iFinD公式)'!$A16-'实盘净值数据(iFinD公式)'!$A$7)/365)) -> 0.97195202 | I16: =IF(OR(H15="",'实盘净值数据(iFinD公式)'!$A16="",'实盘净值数据(iFinD公式)'!$B16=""),"",(SUMPRODUCT(实盘持仓配置!$B$6:$X$6,'实盘净值数据(iFinD公式)'!$B15:$X15/'实盘净值数据(iFinD公式)'!$B$7:$X$7,'实盘净值数据(iFinD公式)'!$B16:$X16/'实盘净值数据(iFinD公式)'!$B15:$X15)/SUMPRODUCT(实盘持仓配置!$B$6:$X$6,'实盘净值数据(iFinD公式)'!$B15:$X15/'实盘净值数据(iFinD公式)'!$B$7:$X$7))*(1-实盘持仓配置!$AM$6)^(('实盘净值数据(iFinD公式)'!$A16-'实盘净值数据(iFinD公式)'!$A15)/365)-1) -> -0.017001619 | J16: =IF(H16="","",H16/MAX(H$5:H16)-1) -> -0.12571182 | K16: =IF(OR('实盘净值数据(iFinD公式)'!$A16="",'实盘净值数据(iFinD公式)'!$B16=""),"",分期持仓明细!$AO$9*SUMPRODUCT(分期持仓明细!$B$9:$Y$9,'实盘净值数据(iFinD公式)'!$B16:$Y16/'实盘净值数据(iFinD公式)'!$B$13:$Y$13)*(1-实盘持仓配置!$AM$7)^(('实盘净值数据(iFinD公式)'!$A16-'实盘净值数据(iFinD公式)'!$A$8)/365)) -> 0.99573237 | L16: =IF(OR(K15="",K16=""),"",K16/K15-1) -> -0.00079494372 | M16: =IF(K16="","",K16/MAX(K$5:K16)-1) -> -0.0075150382 | N16: =IF(OR('实盘净值数据(iFinD公式)'!$A16="",'实盘净值数据(iFinD公式)'!$B16=""),"",分期持仓明细!$AO$11*SUMPRODUCT(分期持仓明细!$B$11:$Y$11,'实盘净值数据(iFinD公式)'!$B16:$Y16/'实盘净值数据(iFinD公式)'!$B$13:$Y$13)*(1-实盘持仓配置!$AM$8)^(('实盘净值数据(iFinD公式)'!$A16-'实盘净值数据(iFinD公式)'!$A$5)/365)) -> 0.99412575 | O16: =IF(OR(N15="",N16=""),"",N16/N15-1) -> -0.00090537726 | P16: =IF(N16="","",N16/MAX(N$5:N16)-1) -> -0.0085611841 | Q16: =IF(OR('实盘净值数据(iFinD公式)'!$A16="",'实盘净值数据(iFinD公式)'!$B16=""),"",分期持仓明细!$AO$13*SUMPRODUCT(分期持仓明细!$B$13:$Y$13,'实盘净值数据(iFinD公式)'!$B16:$Y16/'实盘净值数据(iFinD公式)'!$B$13:$Y$13)*(1-实盘持仓配置!$AM$9)^(('实盘净值数据(iFinD公式)'!$A16-'实盘净值数据(iFinD公式)'!$A$8)/365)) -> 0.9867014 | R16: =IF(OR(Q15="",Q16=""),"",Q16/Q15-1) -> -0.0036368022 | S16: =IF(Q16="","",Q16/MAX(Q$5:Q16)-1) -> -0.021868858
A17: =IF('实盘净值数据(iFinD公式)'!A17="","",'实盘净值数据(iFinD公式)'!A17) -> 46210 | B17: =IF(OR((ROW()-1)<6,'实盘净值数据(iFinD公式)'!$A17="",'实盘净值数据(iFinD公式)'!$B17=""),"",SUMPRODUCT(实盘持仓配置!$B$4:$X$4,'实盘净值数据(iFinD公式)'!$B17:$X17/'实盘净值数据(iFinD公式)'!$B$6:$X$6)*(1-实盘持仓配置!$AM$4)^(('实盘净值数据(iFinD公式)'!$A17-'实盘净值数据(iFinD公式)'!$A$6)/365)) -> 0.93094052 | C17: =IF(OR(B16="",'实盘净值数据(iFinD公式)'!$A17="",'实盘净值数据(iFinD公式)'!$B17=""),"",(SUMPRODUCT(实盘持仓配置!$B$4:$X$4,'实盘净值数据(iFinD公式)'!$B16:$X16/'实盘净值数据(iFinD公式)'!$B$6:$X$6,'实盘净值数据(iFinD公式)'!$B17:$X17/'实盘净值数据(iFinD公式)'!$B16:$X16)/SUMPRODUCT(实盘持仓配置!$B$4:$X$4,'实盘净值数据(iFinD公式)'!$B16:$X16/'实盘净值数据(iFinD公式)'!$B$6:$X$6))*(1-实盘持仓配置!$AM$4)^(('实盘净值数据(iFinD公式)'!$A17-'实盘净值数据(iFinD公式)'!$A16)/365)-1) -> 0.0068664547 | D17: =IF(B17="","",B17/MAX(B$5:B17)-1) -> -0.13388628 | E17: =IF(OR((ROW()-1)<5,'实盘净值数据(iFinD公式)'!$A17="",'实盘净值数据(iFinD公式)'!$B17=""),"",SUMPRODUCT(实盘持仓配置!$B$5:$X$5,'实盘净值数据(iFinD公式)'!$B17:$X17/'实盘净值数据(iFinD公式)'!$B$5:$X$5)*(1-实盘持仓配置!$AM$5)^(('实盘净值数据(iFinD公式)'!$A17-'实盘净值数据(iFinD公式)'!$A$5)/365)) -> 0.95247543 | F17: =IF(OR(E16="",'实盘净值数据(iFinD公式)'!$A17="",'实盘净值数据(iFinD公式)'!$B17=""),"",(SUMPRODUCT(实盘持仓配置!$B$5:$X$5,'实盘净值数据(iFinD公式)'!$B16:$X16/'实盘净值数据(iFinD公式)'!$B$5:$X$5,'实盘净值数据(iFinD公式)'!$B17:$X17/'实盘净值数据(iFinD公式)'!$B16:$X16)/SUMPRODUCT(实盘持仓配置!$B$5:$X$5,'实盘净值数据(iFinD公式)'!$B16:$X16/'实盘净值数据(iFinD公式)'!$B$5:$X$5))*(1-实盘持仓配置!$AM$5)^(('实盘净值数据(iFinD公式)'!$A17-'实盘净值数据(iFinD公式)'!$A16)/365)-1) -> 0.0068687365 | G17: =IF(E17="","",E17/MAX(E$5:E17)-1) -> -0.13390607 | H17: =IF(OR((ROW()-1)<7,'实盘净值数据(iFinD公式)'!$A17="",'实盘净值数据(iFinD公式)'!$B17=""),"",SUMPRODUCT(实盘持仓配置!$B$6:$X$6,'实盘净值数据(iFinD公式)'!$B17:$X17/'实盘净值数据(iFinD公式)'!$B$7:$X$7)*(1-实盘持仓配置!$AM$6)^(('实盘净值数据(iFinD公式)'!$A17-'实盘净值数据(iFinD公式)'!$A$7)/365)) -> 0.97477427 | I17: =IF(OR(H16="",'实盘净值数据(iFinD公式)'!$A17="",'实盘净值数据(iFinD公式)'!$B17=""),"",(SUMPRODUCT(实盘持仓配置!$B$6:$X$6,'实盘净值数据(iFinD公式)'!$B16:$X16/'实盘净值数据(iFinD公式)'!$B$7:$X$7,'实盘净值数据(iFinD公式)'!$B17:$X17/'实盘净值数据(iFinD公式)'!$B16:$X16)/SUMPRODUCT(实盘持仓配置!$B$6:$X$6,'实盘净值数据(iFinD公式)'!$B16:$X16/'实盘净值数据(iFinD公式)'!$B$7:$X$7))*(1-实盘持仓配置!$AM$6)^(('实盘净值数据(iFinD公式)'!$A17-'实盘净值数据(iFinD公式)'!$A16)/365)-1) -> 0.002903689 | J17: =IF(H17="","",H17/MAX(H$5:H17)-1) -> -0.12317316 | K17: =IF(OR('实盘净值数据(iFinD公式)'!$A17="",'实盘净值数据(iFinD公式)'!$B17=""),"",分期持仓明细!$AO$9*SUMPRODUCT(分期持仓明细!$B$9:$Y$9,'实盘净值数据(iFinD公式)'!$B17:$Y17/'实盘净值数据(iFinD公式)'!$B$13:$Y$13)*(1-实盘持仓配置!$AM$7)^(('实盘净值数据(iFinD公式)'!$A17-'实盘净值数据(iFinD公式)'!$A$8)/365)) -> 0.99489594 | L17: =IF(OR(K16="",K17=""),"",K17/K16-1) -> -0.0008400147 | M17: =IF(K17="","",K17/MAX(K$5:K17)-1) -> -0.0083487402 | N17: =IF(OR('实盘净值数据(iFinD公式)'!$A17="",'实盘净值数据(iFinD公式)'!$B17=""),"",分期持仓明细!$AO$11*SUMPRODUCT(分期持仓明细!$B$11:$Y$11,'实盘净值数据(iFinD公式)'!$B17:$Y17/'实盘净值数据(iFinD公式)'!$B$13:$Y$13)*(1-实盘持仓配置!$AM$8)^(('实盘净值数据(iFinD公式)'!$A17-'实盘净值数据(iFinD公式)'!$A$5)/365)) -> 0.99350805 | O17: =IF(OR(N16="",N17=""),"",N17/N16-1) -> -0.0006213573 | P17: =IF(N17="","",N17/MAX(N$5:N17)-1) -> -0.0091772219 | Q17: =IF(OR('实盘净值数据(iFinD公式)'!$A17="",'实盘净值数据(iFinD公式)'!$B17=""),"",分期持仓明细!$AO$13*SUMPRODUCT(分期持仓明细!$B$13:$Y$13,'实盘净值数据(iFinD公式)'!$B17:$Y17/'实盘净值数据(iFinD公式)'!$B$13:$Y$13)*(1-实盘持仓配置!$AM$9)^(('实盘净值数据(iFinD公式)'!$A17-'实盘净值数据(iFinD公式)'!$A$8)/365)) -> 0.98405318 | R17: =IF(OR(Q16="",Q17=""),"",Q17/Q16-1) -> -0.0026839096 | S17: =IF(Q17="","",Q17/MAX(Q$5:Q17)-1) -> -0.024494073
A18: =IF('实盘净值数据(iFinD公式)'!A18="","",'实盘净值数据(iFinD公式)'!A18) -> 46211 | B18: =IF(OR((ROW()-1)<6,'实盘净值数据(iFinD公式)'!$A18="",'实盘净值数据(iFinD公式)'!$B18=""),"",SUMPRODUCT(实盘持仓配置!$B$4:$X$4,'实盘净值数据(iFinD公式)'!$B18:$X18/'实盘净值数据(iFinD公式)'!$B$6:$X$6)*(1-实盘持仓配置!$AM$4)^(('实盘净值数据(iFinD公式)'!$A18-'实盘净值数据(iFinD公式)'!$A$6)/365)) -> 0.93624163 | C18: =IF(OR(B17="",'实盘净值数据(iFinD公式)'!$A18="",'实盘净值数据(iFinD公式)'!$B18=""),"",(SUMPRODUCT(实盘持仓配置!$B$4:$X$4,'实盘净值数据(iFinD公式)'!$B17:$X17/'实盘净值数据(iFinD公式)'!$B$6:$X$6,'实盘净值数据(iFinD公式)'!$B18:$X18/'实盘净值数据(iFinD公式)'!$B17:$X17)/SUMPRODUCT(实盘持仓配置!$B$4:$X$4,'实盘净值数据(iFinD公式)'!$B17:$X17/'实盘净值数据(iFinD公式)'!$B$6:$X$6))*(1-实盘持仓配置!$AM$4)^(('实盘净值数据(iFinD公式)'!$A18-'实盘净值数据(iFinD公式)'!$A17)/365)-1) -> 0.0056943571 | D18: =IF(B18="","",B18/MAX(B$5:B18)-1) -> -0.12895432 | E18: =IF(OR((ROW()-1)<5,'实盘净值数据(iFinD公式)'!$A18="",'实盘净值数据(iFinD公式)'!$B18=""),"",SUMPRODUCT(实盘持仓配置!$B$5:$X$5,'实盘净值数据(iFinD公式)'!$B18:$X18/'实盘净值数据(iFinD公式)'!$B$5:$X$5)*(1-实盘持仓配置!$AM$5)^(('实盘净值数据(iFinD公式)'!$A18-'实盘净值数据(iFinD公式)'!$A$5)/365)) -> 0.95781615 | F18: =IF(OR(E17="",'实盘净值数据(iFinD公式)'!$A18="",'实盘净值数据(iFinD公式)'!$B18=""),"",(SUMPRODUCT(实盘持仓配置!$B$5:$X$5,'实盘净值数据(iFinD公式)'!$B17:$X17/'实盘净值数据(iFinD公式)'!$B$5:$X$5,'实盘净值数据(iFinD公式)'!$B18:$X18/'实盘净值数据(iFinD公式)'!$B17:$X17)/SUMPRODUCT(实盘持仓配置!$B$5:$X$5,'实盘净值数据(iFinD公式)'!$B17:$X17/'实盘净值数据(iFinD公式)'!$B$5:$X$5))*(1-实盘持仓配置!$AM$5)^(('实盘净值数据(iFinD公式)'!$A18-'实盘净值数据(iFinD公式)'!$A17)/365)-1) -> 0.0056072021 | G18: =IF(E18="","",E18/MAX(E$5:E18)-1) -> -0.12904971 | H18: =IF(OR((ROW()-1)<7,'实盘净值数据(iFinD公式)'!$A18="",'实盘净值数据(iFinD公式)'!$B18=""),"",SUMPRODUCT(实盘持仓配置!$B$6:$X$6,'实盘净值数据(iFinD公式)'!$B18:$X18/'实盘净值数据(iFinD公式)'!$B$7:$X$7)*(1-实盘持仓配置!$AM$6)^(('实盘净值数据(iFinD公式)'!$A18-'实盘净值数据(iFinD公式)'!$A$7)/365)) -> 0.98001297 | I18: =IF(OR(H17="",'实盘净值数据(iFinD公式)'!$A18="",'实盘净值数据(iFinD公式)'!$B18=""),"",(SUMPRODUCT(实盘持仓配置!$B$6:$X$6,'实盘净值数据(iFinD公式)'!$B17:$X17/'实盘净值数据(iFinD公式)'!$B$7:$X$7,'实盘净值数据(iFinD公式)'!$B18:$X18/'实盘净值数据(iFinD公式)'!$B17:$X17)/SUMPRODUCT(实盘持仓配置!$B$6:$X$6,'实盘净值数据(iFinD公式)'!$B17:$X17/'实盘净值数据(iFinD公式)'!$B$7:$X$7))*(1-实盘持仓配置!$AM$6)^(('实盘净值数据(iFinD公式)'!$A18-'实盘净值数据(iFinD公式)'!$A17)/365)-1) -> 0.0053742724 | J18: =IF(H18="","",H18/MAX(H$5:H18)-1) -> -0.11846085 | K18: =IF(OR('实盘净值数据(iFinD公式)'!$A18="",'实盘净值数据(iFinD公式)'!$B18=""),"",分期持仓明细!$AO$14*SUMPRODUCT(分期持仓明细!$B$14:$Y$14,'实盘净值数据(iFinD公式)'!$B18:$Y18/'实盘净值数据(iFinD公式)'!$B$17:$Y$17)*(1-实盘持仓配置!$AM$7)^(('实盘净值数据(iFinD公式)'!$A18-'实盘净值数据(iFinD公式)'!$A$8)/365)) -> 0.99500515 | L18: =IF(OR(K17="",K18=""),"",K18/K17-1) -> 0.00010977629 | M18: =IF(K18="","",K18/MAX(K$5:K18)-1) -> -0.0082398804 | N18: =IF(OR('实盘净值数据(iFinD公式)'!$A18="",'实盘净值数据(iFinD公式)'!$B18=""),"",分期持仓明细!$AO$15*SUMPRODUCT(分期持仓明细!$B$15:$Y$15,'实盘净值数据(iFinD公式)'!$B18:$Y18/'实盘净值数据(iFinD公式)'!$B$17:$Y$17)*(1-实盘持仓配置!$AM$8)^(('实盘净值数据(iFinD公式)'!$A18-'实盘净值数据(iFinD公式)'!$A$5)/365)) -> 0.99365827 | O18: =IF(OR(N17="",N18=""),"",N18/N17-1) -> 0.00015120483 | P18: =IF(N18="","",N18/MAX(N$5:N18)-1) -> -0.0090274047 | Q18: =IF(OR('实盘净值数据(iFinD公式)'!$A18="",'实盘净值数据(iFinD公式)'!$B18=""),"",分期持仓明细!$AO$16*SUMPRODUCT(分期持仓明细!$B$16:$Y$16,'实盘净值数据(iFinD公式)'!$B18:$Y18/'实盘净值数据(iFinD公式)'!$B$17:$Y$17)*(1-实盘持仓配置!$AM$9)^(('实盘净值数据(iFinD公式)'!$A18-'实盘净值数据(iFinD公式)'!$A$8)/365)) -> 0.98291599 | R18: =IF(OR(Q17="",Q18=""),"",Q18/Q17-1) -> -0.0011556246 | S18: =IF(Q18="","",Q18/MAX(Q$5:Q18)-1) -> -0.025621392
A19: =IF('实盘净值数据(iFinD公式)'!A19="","",'实盘净值数据(iFinD公式)'!A19) -> 46212 | B19: =IF(OR((ROW()-1)<6,'实盘净值数据(iFinD公式)'!$A19="",'实盘净值数据(iFinD公式)'!$B19=""),"",SUMPRODUCT(实盘持仓配置!$B$4:$X$4,'实盘净值数据(iFinD公式)'!$B19:$X19/'实盘净值数据(iFinD公式)'!$B$6:$X$6)*(1-实盘持仓配置!$AM$4)^(('实盘净值数据(iFinD公式)'!$A19-'实盘净值数据(iFinD公式)'!$A$6)/365)) -> 1.0001196 | C19: =IF(OR(B18="",'实盘净值数据(iFinD公式)'!$A19="",'实盘净值数据(iFinD公式)'!$B19=""),"",(SUMPRODUCT(实盘持仓配置!$B$4:$X$4,'实盘净值数据(iFinD公式)'!$B18:$X18/'实盘净值数据(iFinD公式)'!$B$6:$X$6,'实盘净值数据(iFinD公式)'!$B19:$X19/'实盘净值数据(iFinD公式)'!$B18:$X18)/SUMPRODUCT(实盘持仓配置!$B$4:$X$4,'实盘净值数据(iFinD公式)'!$B18:$X18/'实盘净值数据(iFinD公式)'!$B$6:$X$6))*(1-实盘持仓配置!$AM$4)^(('实盘净值数据(iFinD公式)'!$A19-'实盘净值数据(iFinD公式)'!$A18)/365)-1) -> 0.068228128 | D19: =IF(B19="","",B19/MAX(B$5:B19)-1) -> -0.069524507 | E19: =IF(OR((ROW()-1)<5,'实盘净值数据(iFinD公式)'!$A19="",'实盘净值数据(iFinD公式)'!$B19=""),"",SUMPRODUCT(实盘持仓配置!$B$5:$X$5,'实盘净值数据(iFinD公式)'!$B19:$X19/'实盘净值数据(iFinD公式)'!$B$5:$X$5)*(1-实盘持仓配置!$AM$5)^(('实盘净值数据(iFinD公式)'!$A19-'实盘净值数据(iFinD公式)'!$A$5)/365)) -> 1.0231939 | F19: =IF(OR(E18="",'实盘净值数据(iFinD公式)'!$A19="",'实盘净值数据(iFinD公式)'!$B19=""),"",(SUMPRODUCT(实盘持仓配置!$B$5:$X$5,'实盘净值数据(iFinD公式)'!$B18:$X18/'实盘净值数据(iFinD公式)'!$B$5:$X$5,'实盘净值数据(iFinD公式)'!$B19:$X19/'实盘净值数据(iFinD公式)'!$B18:$X18)/SUMPRODUCT(实盘持仓配置!$B$5:$X$5,'实盘净值数据(iFinD公式)'!$B18:$X18/'实盘净值数据(iFinD公式)'!$B$5:$X$5))*(1-实盘持仓配置!$AM$5)^(('实盘净值数据(iFinD公式)'!$A19-'实盘净值数据(iFinD公式)'!$A18)/365)-1) -> 0.068257119 | G19: =IF(E19="","",E19/MAX(E$5:E19)-1) -> -0.069601148 | H19: =IF(OR((ROW()-1)<7,'实盘净值数据(iFinD公式)'!$A19="",'实盘净值数据(iFinD公式)'!$B19=""),"",SUMPRODUCT(实盘持仓配置!$B$6:$X$6,'实盘净值数据(iFinD公式)'!$B19:$X19/'实盘净值数据(iFinD公式)'!$B$7:$X$7)*(1-实盘持仓配置!$AM$6)^(('实盘净值数据(iFinD公式)'!$A19-'实盘净值数据(iFinD公式)'!$A$7)/365)) -> 1.0473337 | I19: =IF(OR(H18="",'实盘净值数据(iFinD公式)'!$A19="",'实盘净值数据(iFinD公式)'!$B19=""),"",(SUMPRODUCT(实盘持仓配置!$B$6:$X$6,'实盘净值数据(iFinD公式)'!$B18:$X18/'实盘净值数据(iFinD公式)'!$B$7:$X$7,'实盘净值数据(iFinD公式)'!$B19:$X19/'实盘净值数据(iFinD公式)'!$B18:$X18)/SUMPRODUCT(实盘持仓配置!$B$6:$X$6,'实盘净值数据(iFinD公式)'!$B18:$X18/'实盘净值数据(iFinD公式)'!$B$7:$X$7))*(1-实盘持仓配置!$AM$6)^(('实盘净值数据(iFinD公式)'!$A19-'实盘净值数据(iFinD公式)'!$A18)/365)-1) -> 0.068693673 | J19: =IF(H19="","",H19/MAX(H$5:H19)-1) -> -0.05790469 | K19: =IF(OR('实盘净值数据(iFinD公式)'!$A19="",'实盘净值数据(iFinD公式)'!$B19=""),"",分期持仓明细!$AO$14*SUMPRODUCT(分期持仓明细!$B$14:$Y$14,'实盘净值数据(iFinD公式)'!$B19:$Y19/'实盘净值数据(iFinD公式)'!$B$17:$Y$17)*(1-实盘持仓配置!$AM$7)^(('实盘净值数据(iFinD公式)'!$A19-'实盘净值数据(iFinD公式)'!$A$8)/365)) -> 1.0000252 | L19: =IF(OR(K18="",K19=""),"",K19/K18-1) -> 0.005045245 | M19: =IF(K19="","",K19/MAX(K$5:K19)-1) -> -0.0032362076 | N19: =IF(OR('实盘净值数据(iFinD公式)'!$A19="",'实盘净值数据(iFinD公式)'!$B19=""),"",分期持仓明细!$AO$15*SUMPRODUCT(分期持仓明细!$B$15:$Y$15,'实盘净值数据(iFinD公式)'!$B19:$Y19/'实盘净值数据(iFinD公式)'!$B$17:$Y$17)*(1-实盘持仓配置!$AM$8)^(('实盘净值数据(iFinD公式)'!$A19-'实盘净值数据(iFinD公式)'!$A$5)/365)) -> 0.99875368 | O19: =IF(OR(N18="",N19=""),"",N19/N18-1) -> 0.0051279302 | P19: =IF(N19="","",N19/MAX(N$5:N19)-1) -> -0.0039457663 | Q19: =IF(OR('实盘净值数据(iFinD公式)'!$A19="",'实盘净值数据(iFinD公式)'!$B19=""),"",分期持仓明细!$AO$16*SUMPRODUCT(分期持仓明细!$B$16:$Y$16,'实盘净值数据(iFinD公式)'!$B19:$Y19/'实盘净值数据(iFinD公式)'!$B$17:$Y$17)*(1-实盘持仓配置!$AM$9)^(('实盘净值数据(iFinD公式)'!$A19-'实盘净值数据(iFinD公式)'!$A$8)/365)) -> 0.99677409 | R19: =IF(OR(Q18="",Q19=""),"",Q19/Q18-1) -> 0.014098969 | S19: =IF(Q19="","",Q19/MAX(Q$5:Q19)-1) -> -0.011883658
A20: =IF('实盘净值数据(iFinD公式)'!A20="","",'实盘净值数据(iFinD公式)'!A20) -> 46213 | B20: =IF(OR((ROW()-1)<6,'实盘净值数据(iFinD公式)'!$A20="",'实盘净值数据(iFinD公式)'!$B20=""),"",SUMPRODUCT(实盘持仓配置!$B$4:$X$4,'实盘净值数据(iFinD公式)'!$B20:$X20/'实盘净值数据(iFinD公式)'!$B$6:$X$6)*(1-实盘持仓配置!$AM$4)^(('实盘净值数据(iFinD公式)'!$A20-'实盘净值数据(iFinD公式)'!$A$6)/365)) -> 0.95179418 | C20: =IF(OR(B19="",'实盘净值数据(iFinD公式)'!$A20="",'实盘净值数据(iFinD公式)'!$B20=""),"",(SUMPRODUCT(实盘持仓配置!$B$4:$X$4,'实盘净值数据(iFinD公式)'!$B19:$X19/'实盘净值数据(iFinD公式)'!$B$6:$X$6,'实盘净值数据(iFinD公式)'!$B20:$X20/'实盘净值数据(iFinD公式)'!$B19:$X19)/SUMPRODUCT(实盘持仓配置!$B$4:$X$4,'实盘净值数据(iFinD公式)'!$B19:$X19/'实盘净值数据(iFinD公式)'!$B$6:$X$6))*(1-实盘持仓配置!$AM$4)^(('实盘净值数据(iFinD公式)'!$A20-'实盘净值数据(iFinD公式)'!$A19)/365)-1) -> -0.048319683 | D20: =IF(B20="","",B20/MAX(B$5:B20)-1) -> -0.11448479 | E20: =IF(OR((ROW()-1)<5,'实盘净值数据(iFinD公式)'!$A20="",'实盘净值数据(iFinD公式)'!$B20=""),"",SUMPRODUCT(实盘持仓配置!$B$5:$X$5,'实盘净值数据(iFinD公式)'!$B20:$X20/'实盘净值数据(iFinD公式)'!$B$5:$X$5)*(1-实盘持仓配置!$AM$5)^(('实盘净值数据(iFinD公式)'!$A20-'实盘净值数据(iFinD公式)'!$A$5)/365)) -> 0.97374228 | F20: =IF(OR(E19="",'实盘净值数据(iFinD公式)'!$A20="",'实盘净值数据(iFinD公式)'!$B20=""),"",(SUMPRODUCT(实盘持仓配置!$B$5:$X$5,'实盘净值数据(iFinD公式)'!$B19:$X19/'实盘净值数据(iFinD公式)'!$B$5:$X$5,'实盘净值数据(iFinD公式)'!$B20:$X20/'实盘净值数据(iFinD公式)'!$B19:$X19)/SUMPRODUCT(实盘持仓配置!$B$5:$X$5,'实盘净值数据(iFinD公式)'!$B19:$X19/'实盘净值数据(iFinD公式)'!$B$5:$X$5))*(1-实盘持仓配置!$AM$5)^(('实盘净值数据(iFinD公式)'!$A20-'实盘净值数据(iFinD公式)'!$A19)/365)-1) -> -0.048330662 | G20: =IF(E20="","",E20/MAX(E$5:E20)-1) -> -0.11456794 | H20: =IF(OR((ROW()-1)<7,'实盘净值数据(iFinD公式)'!$A20="",'实盘净值数据(iFinD公式)'!$B20=""),"",SUMPRODUCT(实盘持仓配置!$B$6:$X$6,'实盘净值数据(iFinD公式)'!$B20:$X20/'实盘净值数据(iFinD公式)'!$B$7:$X$7)*(1-实盘持仓配置!$AM$6)^(('实盘净值数据(iFinD公式)'!$A20-'实盘净值数据(iFinD公式)'!$A$7)/365)) -> 0.99344026 | I20: =IF(OR(H19="",'实盘净值数据(iFinD公式)'!$A20="",'实盘净值数据(iFinD公式)'!$B20=""),"",(SUMPRODUCT(实盘持仓配置!$B$6:$X$6,'实盘净值数据(iFinD公式)'!$B19:$X19/'实盘净值数据(iFinD公式)'!$B$7:$X$7,'实盘净值数据(iFinD公式)'!$B20:$X20/'实盘净值数据(iFinD公式)'!$B19:$X19)/SUMPRODUCT(实盘持仓配置!$B$6:$X$6,'实盘净值数据(iFinD公式)'!$B19:$X19/'实盘净值数据(iFinD公式)'!$B$7:$X$7))*(1-实盘持仓配置!$AM$6)^(('实盘净值数据(iFinD公式)'!$A20-'实盘净值数据(iFinD公式)'!$A19)/365)-1) -> -0.051457719 | J20: =IF(H20="","",H20/MAX(H$5:H20)-1) -> -0.10638277 | K20: =IF(OR('实盘净值数据(iFinD公式)'!$A20="",'实盘净值数据(iFinD公式)'!$B20=""),"",分期持仓明细!$AO$14*SUMPRODUCT(分期持仓明细!$B$14:$Y$14,'实盘净值数据(iFinD公式)'!$B20:$Y20/'实盘净值数据(iFinD公式)'!$B$17:$Y$17)*(1-实盘持仓配置!$AM$7)^(('实盘净值数据(iFinD公式)'!$A20-'实盘净值数据(iFinD公式)'!$A$8)/365)) -> 0.99617952 | L20: =IF(OR(K19="",K20=""),"",K20/K19-1) -> -0.0038455791 | M20: =IF(K20="","",K20/MAX(K$5:K20)-1) -> -0.0070693416 | N20: =IF(OR('实盘净值数据(iFinD公式)'!$A20="",'实盘净值数据(iFinD公式)'!$B20=""),"",分期持仓明细!$AO$15*SUMPRODUCT(分期持仓明细!$B$15:$Y$15,'实盘净值数据(iFinD公式)'!$B20:$Y20/'实盘净值数据(iFinD公式)'!$B$17:$Y$17)*(1-实盘持仓配置!$AM$8)^(('实盘净值数据(iFinD公式)'!$A20-'实盘净值数据(iFinD公式)'!$A$5)/365)) -> 0.99502796 | O20: =IF(OR(N19="",N20=""),"",N20/N19-1) -> -0.0037303653 | P20: =IF(N20="","",N20/MAX(N$5:N20)-1) -> -0.0076614125 | Q20: =IF(OR('实盘净值数据(iFinD公式)'!$A20="",'实盘净值数据(iFinD公式)'!$B20=""),"",分期持仓明细!$AO$16*SUMPRODUCT(分期持仓明细!$B$16:$Y$16,'实盘净值数据(iFinD公式)'!$B20:$Y20/'实盘净值数据(iFinD公式)'!$B$17:$Y$17)*(1-实盘持仓配置!$AM$9)^(('实盘净值数据(iFinD公式)'!$A20-'实盘净值数据(iFinD公式)'!$A$8)/365)) -> 0.98602016 | R20: =IF(OR(Q19="",Q20=""),"",Q20/Q19-1) -> -0.010788736 | S20: =IF(Q20="","",Q20/MAX(Q$5:Q20)-1) -> -0.022544185
A21: =IF('实盘净值数据(iFinD公式)'!A21="","",'实盘净值数据(iFinD公式)'!A21) -> 46216 | B21: =IF(OR('实盘净值数据(iFinD公式)'!$A21="",'实盘净值数据(iFinD公式)'!$B21=""),"",分期持仓明细!$AO$17*SUMPRODUCT(分期持仓明细!$B$17:$Y$17,'实盘净值数据(iFinD公式)'!$B21:$Y21/'实盘净值数据(iFinD公式)'!$B$20:$Y$20)*(1-实盘持仓配置!$AM$4)^(('实盘净值数据(iFinD公式)'!$A21-'实盘净值数据(iFinD公式)'!$A$6)/365)) -> 0.91697363 | C21: =IF(OR(B20="",B21=""),"",B21/B20-1) -> -0.036584115 | D21: =IF(B21="","",B21/MAX(B$5:B21)-1) -> -0.14688058 | E21: =IF(OR('实盘净值数据(iFinD公式)'!$A21="",'实盘净值数据(iFinD公式)'!$B21=""),"",分期持仓明细!$AO$18*SUMPRODUCT(分期持仓明细!$B$18:$Y$18,'实盘净值数据(iFinD公式)'!$B21:$Y21/'实盘净值数据(iFinD公式)'!$B$20:$Y$20)*(1-实盘持仓配置!$AM$5)^(('实盘净值数据(iFinD公式)'!$A21-'实盘净值数据(iFinD公式)'!$A$5)/365)) -> 0.9380814 | F21: =IF(OR(E20="",E21=""),"",E21/E20-1) -> -0.036622509 | G21: =IF(E21="","",E21/MAX(E$5:E21)-1) -> -0.14699468 | H21: =IF(OR('实盘净值数据(iFinD公式)'!$A21="",'实盘净值数据(iFinD公式)'!$B21=""),"",分期持仓明细!$AO$19*SUMPRODUCT(分期持仓明细!$B$19:$Y$19,'实盘净值数据(iFinD公式)'!$B21:$Y21/'实盘净值数据(iFinD公式)'!$B$20:$Y$20)*(1-实盘持仓配置!$AM$6)^(('实盘净值数据(iFinD公式)'!$A21-'实盘净值数据(iFinD公式)'!$A$7)/365)) -> 0.95546552 | I21: =IF(OR(H20="",H21=""),"",H21/H20-1) -> -0.038225496 | J21: =IF(H21="","",H21/MAX(H$5:H21)-1) -> -0.14054173 | K21: =IF(OR('实盘净值数据(iFinD公式)'!$A21="",'实盘净值数据(iFinD公式)'!$B21=""),"",分期持仓明细!$AO$14*SUMPRODUCT(分期持仓明细!$B$14:$Y$14,'实盘净值数据(iFinD公式)'!$B21:$Y21/'实盘净值数据(iFinD公式)'!$B$17:$Y$17)*(1-实盘持仓配置!$AM$7)^(('实盘净值数据(iFinD公式)'!$A21-'实盘净值数据(iFinD公式)'!$A$8)/365)) -> 0.99092 | L21: =IF(OR(K20="",K21=""),"",K21/K20-1) -> -0.0052796945 | M21: =IF(K21="","",K21/MAX(K$5:K21)-1) -> -0.012311712 | N21: =IF(OR('实盘净值数据(iFinD公式)'!$A21="",'实盘净值数据(iFinD公式)'!$B21=""),"",分期持仓明细!$AO$15*SUMPRODUCT(分期持仓明细!$B$15:$Y$15,'实盘净值数据(iFinD公式)'!$B21:$Y21/'实盘净值数据(iFinD公式)'!$B$17:$Y$17)*(1-实盘持仓配置!$AM$8)^(('实盘净值数据(iFinD公式)'!$A21-'实盘净值数据(iFinD公式)'!$A$5)/365)) -> 0.98984402 | O21: =IF(OR(N20="",N21=""),"",N21/N20-1) -> -0.0052098486 | P21: =IF(N21="","",N21/MAX(N$5:N21)-1) -> -0.012831346 | Q21: =IF(OR('实盘净值数据(iFinD公式)'!$A21="",'实盘净值数据(iFinD公式)'!$B21=""),"",分期持仓明细!$AO$16*SUMPRODUCT(分期持仓明细!$B$16:$Y$16,'实盘净值数据(iFinD公式)'!$B21:$Y21/'实盘净值数据(iFinD公式)'!$B$17:$Y$17)*(1-实盘持仓配置!$AM$9)^(('实盘净值数据(iFinD公式)'!$A21-'实盘净值数据(iFinD公式)'!$A$8)/365)) -> 0.97202142 | R21: =IF(OR(Q20="",Q21=""),"",Q21/Q20-1) -> -0.014197214 | S21: =IF(Q21="","",Q21/MAX(Q$5:Q21)-1) -> -0.036421334
A22: =IF('实盘净值数据(iFinD公式)'!A22="","",'实盘净值数据(iFinD公式)'!A22) -> 46217 | B22: =IF(OR('实盘净值数据(iFinD公式)'!$A22="",'实盘净值数据(iFinD公式)'!$B22=""),"",分期持仓明细!$AO$17*SUMPRODUCT(分期持仓明细!$B$17:$Y$17,'实盘净值数据(iFinD公式)'!$B22:$Y22/'实盘净值数据(iFinD公式)'!$B$20:$Y$20)*(1-实盘持仓配置!$AM$4)^(('实盘净值数据(iFinD公式)'!$A22-'实盘净值数据(iFinD公式)'!$A$6)/365)) -> 0.94637062 | C22: =IF(OR(B21="",B22=""),"",B22/B21-1) -> 0.032058713 | D22: =IF(B22="","",B22/MAX(B$5:B22)-1) -> -0.11953067 | E22: =IF(OR('实盘净值数据(iFinD公式)'!$A22="",'实盘净值数据(iFinD公式)'!$B22=""),"",分期持仓明细!$AO$18*SUMPRODUCT(分期持仓明细!$B$18:$Y$18,'实盘净值数据(iFinD公式)'!$B22:$Y22/'实盘净值数据(iFinD公式)'!$B$20:$Y$20)*(1-实盘持仓配置!$AM$5)^(('实盘净值数据(iFinD公式)'!$A22-'实盘净值数据(iFinD公式)'!$A$5)/365)) -> 0.9683001 | F22: =IF(OR(E21="",E22=""),"",E22/E21-1) -> 0.032213305 | G22: =IF(E22="","",E22/MAX(E$5:E22)-1) -> -0.11951656 | H22: =IF(OR('实盘净值数据(iFinD公式)'!$A22="",'实盘净值数据(iFinD公式)'!$B22=""),"",分期持仓明细!$AO$19*SUMPRODUCT(分期持仓明细!$B$19:$Y$19,'实盘净值数据(iFinD公式)'!$B22:$Y22/'实盘净值数据(iFinD公式)'!$B$20:$Y$20)*(1-实盘持仓配置!$AM$6)^(('实盘净值数据(iFinD公式)'!$A22-'实盘净值数据(iFinD公式)'!$A$7)/365)) -> 0.9812207 | I22: =IF(OR(H21="",H22=""),"",H22/H21-1) -> 0.026955637 | J22: =IF(H22="","",H22/MAX(H$5:H22)-1) -> -0.11737448 | K22: =IF(OR('实盘净值数据(iFinD公式)'!$A22="",'实盘净值数据(iFinD公式)'!$B22=""),"",分期持仓明细!$AO$14*SUMPRODUCT(分期持仓明细!$B$14:$Y$14,'实盘净值数据(iFinD公式)'!$B22:$Y22/'实盘净值数据(iFinD公式)'!$B$17:$Y$17)*(1-实盘持仓配置!$AM$7)^(('实盘净值数据(iFinD公式)'!$A22-'实盘净值数据(iFinD公式)'!$A$8)/365)) -> 0.99334753 | L22: =IF(OR(K21="",K22=""),"",K22/K21-1) -> 0.0024497772 | M22: =IF(K22="","",K22/MAX(K$5:K22)-1) -> -0.0098920959 | N22: =IF(OR('实盘净值数据(iFinD公式)'!$A22="",'实盘净值数据(iFinD公式)'!$B22=""),"",分期持仓明细!$AO$15*SUMPRODUCT(分期持仓明细!$B$15:$Y$15,'实盘净值数据(iFinD公式)'!$B22:$Y22/'实盘净值数据(iFinD公式)'!$B$17:$Y$17)*(1-实盘持仓配置!$AM$8)^(('实盘净值数据(iFinD公式)'!$A22-'实盘净值数据(iFinD公式)'!$A$5)/365)) -> 0.99259573 | O22: =IF(OR(N21="",N22=""),"",N22/N21-1) -> 0.0027799403 | P22: =IF(N22="","",N22/MAX(N$5:N22)-1) -> -0.010087076 | Q22: =IF(OR('实盘净值数据(iFinD公式)'!$A22="",'实盘净值数据(iFinD公式)'!$B22=""),"",分期持仓明细!$AO$16*SUMPRODUCT(分期持仓明细!$B$16:$Y$16,'实盘净值数据(iFinD公式)'!$B22:$Y22/'实盘净值数据(iFinD公式)'!$B$17:$Y$17)*(1-实盘持仓配置!$AM$9)^(('实盘净值数据(iFinD公式)'!$A22-'实盘净值数据(iFinD公式)'!$A$8)/365)) -> 0.97923592 | R22: =IF(OR(Q21="",Q22=""),"",Q22/Q21-1) -> 0.0074221661 | S22: =IF(Q22="","",Q22/MAX(Q$5:Q22)-1) -> -0.029269493
A23: =IF('实盘净值数据(iFinD公式)'!A23="","",'实盘净值数据(iFinD公式)'!A23) -> 46218 | B23: =IF(OR('实盘净值数据(iFinD公式)'!$A23="",'实盘净值数据(iFinD公式)'!$B23=""),"",分期持仓明细!$AO$17*SUMPRODUCT(分期持仓明细!$B$17:$Y$17,'实盘净值数据(iFinD公式)'!$B23:$Y23/'实盘净值数据(iFinD公式)'!$B$20:$Y$20)*(1-实盘持仓配置!$AM$4)^(('实盘净值数据(iFinD公式)'!$A23-'实盘净值数据(iFinD公式)'!$A$6)/365)) -> 0.91699689 | C23: =IF(OR(B22="",B23=""),"",B23/B22-1) -> -0.031038299 | D23: =IF(B23="","",B23/MAX(B$5:B23)-1) -> -0.14685894 | E23: =IF(OR('实盘净值数据(iFinD公式)'!$A23="",'实盘净值数据(iFinD公式)'!$B23=""),"",分期持仓明细!$AO$18*SUMPRODUCT(分期持仓明细!$B$18:$Y$18,'实盘净值数据(iFinD公式)'!$B23:$Y23/'实盘净值数据(iFinD公式)'!$B$20:$Y$20)*(1-实盘持仓配置!$AM$5)^(('实盘净值数据(iFinD公式)'!$A23-'实盘净值数据(iFinD公式)'!$A$5)/365)) -> 0.93822864 | F23: =IF(OR(E22="",E23=""),"",E23/E22-1) -> -0.031055927 | G23: =IF(E23="","",E23/MAX(E$5:E23)-1) -> -0.14686079 | H23: =IF(OR('实盘净值数据(iFinD公式)'!$A23="",'实盘净值数据(iFinD公式)'!$B23=""),"",分期持仓明细!$AO$19*SUMPRODUCT(分期持仓明细!$B$19:$Y$19,'实盘净值数据(iFinD公式)'!$B23:$Y23/'实盘净值数据(iFinD公式)'!$B$20:$Y$20)*(1-实盘持仓配置!$AM$6)^(('实盘净值数据(iFinD公式)'!$A23-'实盘净值数据(iFinD公式)'!$A$7)/365)) -> 0.94548087 | I23: =IF(OR(H22="",H23=""),"",H23/H22-1) -> -0.036423841 | J23: =IF(H23="","",H23/MAX(H$5:H23)-1) -> -0.14952309 | K23: =IF(OR('实盘净值数据(iFinD公式)'!$A23="",'实盘净值数据(iFinD公式)'!$B23=""),"",分期持仓明细!$AO$14*SUMPRODUCT(分期持仓明细!$B$14:$Y$14,'实盘净值数据(iFinD公式)'!$B23:$Y23/'实盘净值数据(iFinD公式)'!$B$17:$Y$17)*(1-实盘持仓配置!$AM$7)^(('实盘净值数据(iFinD公式)'!$A23-'实盘净值数据(iFinD公式)'!$A$8)/365)) -> 0.99071728 | L23: =IF(OR(K22="",K23=""),"",K23/K22-1) -> -0.0026478637 | M23: =IF(K23="","",K23/MAX(K$5:K23)-1) -> -0.012513767 | N23: =IF(OR('实盘净值数据(iFinD公式)'!$A23="",'实盘净值数据(iFinD公式)'!$B23=""),"",分期持仓明细!$AO$15*SUMPRODUCT(分期持仓明细!$B$15:$Y$15,'实盘净值数据(iFinD公式)'!$B23:$Y23/'实盘净值数据(iFinD公式)'!$B$17:$Y$17)*(1-实盘持仓配置!$AM$8)^(('实盘净值数据(iFinD公式)'!$A23-'实盘净值数据(iFinD公式)'!$A$5)/365)) -> 0.990201 | O23: =IF(OR(N22="",N23=""),"",N23/N22-1) -> -0.0024125901 | P23: =IF(N23="","",N23/MAX(N$5:N23)-1) -> -0.012475331 | Q23: =IF(OR('实盘净值数据(iFinD公式)'!$A23="",'实盘净值数据(iFinD公式)'!$B23=""),"",分期持仓明细!$AO$16*SUMPRODUCT(分期持仓明细!$B$16:$Y$16,'实盘净值数据(iFinD公式)'!$B23:$Y23/'实盘净值数据(iFinD公式)'!$B$17:$Y$17)*(1-实盘持仓配置!$AM$9)^(('实盘净值数据(iFinD公式)'!$A23-'实盘净值数据(iFinD公式)'!$A$8)/365)) -> 0.97194176 | R23: =IF(OR(Q22="",Q23=""),"",Q23/Q22-1) -> -0.0074488288 | S23: =IF(Q23="","",Q23/MAX(Q$5:Q23)-1) -> -0.036500299
A24: =IF('实盘净值数据(iFinD公式)'!A24="","",'实盘净值数据(iFinD公式)'!A24) -> 46219 | B24: =IF(OR('实盘净值数据(iFinD公式)'!$A24="",'实盘净值数据(iFinD公式)'!$B24=""),"",分期持仓明细!$AO$17*SUMPRODUCT(分期持仓明细!$B$17:$Y$17,'实盘净值数据(iFinD公式)'!$B24:$Y24/'实盘净值数据(iFinD公式)'!$B$20:$Y$20)*(1-实盘持仓配置!$AM$4)^(('实盘净值数据(iFinD公式)'!$A24-'实盘净值数据(iFinD公式)'!$A$6)/365)) -> 0.87559564 | C24: =IF(OR(B23="",B24=""),"",B24/B23-1) -> -0.045148737 | D24: =IF(B24="","",B24/MAX(B$5:B24)-1) -> -0.18537718 | E24: =IF(OR('实盘净值数据(iFinD公式)'!$A24="",'实盘净值数据(iFinD公式)'!$B24=""),"",分期持仓明细!$AO$18*SUMPRODUCT(分期持仓明细!$B$18:$Y$18,'实盘净值数据(iFinD公式)'!$B24:$Y24/'实盘净值数据(iFinD公式)'!$B$20:$Y$20)*(1-实盘持仓配置!$AM$5)^(('实盘净值数据(iFinD公式)'!$A24-'实盘净值数据(iFinD公式)'!$A$5)/365)) -> 0.89587465 | F24: =IF(OR(E23="",E24=""),"",E24/E23-1) -> -0.045142505 | G24: =IF(E24="","",E24/MAX(E$5:E24)-1) -> -0.18537363 | H24: =IF(OR('实盘净值数据(iFinD公式)'!$A24="",'实盘净值数据(iFinD公式)'!$B24=""),"",分期持仓明细!$AO$19*SUMPRODUCT(分期持仓明细!$B$19:$Y$19,'实盘净值数据(iFinD公式)'!$B24:$Y24/'实盘净值数据(iFinD公式)'!$B$20:$Y$20)*(1-实盘持仓配置!$AM$6)^(('实盘净值数据(iFinD公式)'!$A24-'实盘净值数据(iFinD公式)'!$A$7)/365)) -> 0.90360618 | I24: =IF(OR(H23="",H24=""),"",H24/H23-1) -> -0.044289305 | J24: =IF(H24="","",H24/MAX(H$5:H24)-1) -> -0.18719013 | K24: =IF(OR('实盘净值数据(iFinD公式)'!$A24="",'实盘净值数据(iFinD公式)'!$B24=""),"",分期持仓明细!$AO$14*SUMPRODUCT(分期持仓明细!$B$14:$Y$14,'实盘净值数据(iFinD公式)'!$B24:$Y24/'实盘净值数据(iFinD公式)'!$B$17:$Y$17)*(1-实盘持仓配置!$AM$7)^(('实盘净值数据(iFinD公式)'!$A24-'实盘净值数据(iFinD公式)'!$A$8)/365)) -> 0.98676187 | L24: =IF(OR(K23="",K24=""),"",K24/K23-1) -> -0.0039924717 | M24: =IF(K24="","",K24/MAX(K$5:K24)-1) -> -0.016456277 | N24: =IF(OR('实盘净值数据(iFinD公式)'!$A24="",'实盘净值数据(iFinD公式)'!$B24=""),"",分期持仓明细!$AO$15*SUMPRODUCT(分期持仓明细!$B$15:$Y$15,'实盘净值数据(iFinD公式)'!$B24:$Y24/'实盘净值数据(iFinD公式)'!$B$17:$Y$17)*(1-实盘持仓配置!$AM$8)^(('实盘净值数据(iFinD公式)'!$A24-'实盘净值数据(iFinD公式)'!$A$5)/365)) -> 0.98611762 | O24: =IF(OR(N23="",N24=""),"",N24/N23-1) -> -0.0041237879 | P24: =IF(N24="","",N24/MAX(N$5:N24)-1) -> -0.016547673 | Q24: =IF(OR('实盘净值数据(iFinD公式)'!$A24="",'实盘净值数据(iFinD公式)'!$B24=""),"",分期持仓明细!$AO$16*SUMPRODUCT(分期持仓明细!$B$16:$Y$16,'实盘净值数据(iFinD公式)'!$B24:$Y24/'实盘净值数据(iFinD公式)'!$B$17:$Y$17)*(1-实盘持仓配置!$AM$9)^(('实盘净值数据(iFinD公式)'!$A24-'实盘净值数据(iFinD公式)'!$A$8)/365)) -> 0.96152632 | R24: =IF(OR(Q23="",Q24=""),"",Q24/Q23-1) -> -0.010716119 | S24: =IF(Q24="","",Q24/MAX(Q$5:Q24)-1) -> -0.046825276
A25: =IF('实盘净值数据(iFinD公式)'!A25="","",'实盘净值数据(iFinD公式)'!A25) -> 46220 | B25: =IF(OR('实盘净值数据(iFinD公式)'!$A25="",'实盘净值数据(iFinD公式)'!$B25=""),"",分期持仓明细!$AO$17*SUMPRODUCT(分期持仓明细!$B$17:$Y$17,'实盘净值数据(iFinD公式)'!$B25:$Y25/'实盘净值数据(iFinD公式)'!$B$20:$Y$20)*(1-实盘持仓配置!$AM$4)^(('实盘净值数据(iFinD公式)'!$A25-'实盘净值数据(iFinD公式)'!$A$6)/365)) -> 0.80395186 | C25: =IF(OR(B24="",B25=""),"",B25/B24-1) -> -0.081822901 | D25: =IF(B25="","",B25/MAX(B$5:B25)-1) -> -0.25203198 | E25: =IF(OR('实盘净值数据(iFinD公式)'!$A25="",'实盘净值数据(iFinD公式)'!$B25=""),"",分期持仓明细!$AO$18*SUMPRODUCT(分期持仓明细!$B$18:$Y$18,'实盘净值数据(iFinD公式)'!$B25:$Y25/'实盘净值数据(iFinD公式)'!$B$20:$Y$20)*(1-实盘持仓配置!$AM$5)^(('实盘净值数据(iFinD公式)'!$A25-'实盘净值数据(iFinD公式)'!$A$5)/365)) -> 0.82248092 | F25: =IF(OR(E24="",E25=""),"",E25/E24-1) -> -0.081924105 | G25: =IF(E25="","",E25/MAX(E$5:E25)-1) -> -0.25211117 | H25: =IF(OR('实盘净值数据(iFinD公式)'!$A25="",'实盘净值数据(iFinD公式)'!$B25=""),"",分期持仓明细!$AO$19*SUMPRODUCT(分期持仓明细!$B$19:$Y$19,'实盘净值数据(iFinD公式)'!$B25:$Y25/'实盘净值数据(iFinD公式)'!$B$20:$Y$20)*(1-实盘持仓配置!$AM$6)^(('实盘净值数据(iFinD公式)'!$A25-'实盘净值数据(iFinD公式)'!$A$7)/365)) -> 0.83721468 | I25: =IF(OR(H24="",H25=""),"",H25/H24-1) -> -0.073473931 | J25: =IF(H25="","",H25/MAX(H$5:H25)-1) -> -0.24691046 | K25: =IF(OR('实盘净值数据(iFinD公式)'!$A25="",'实盘净值数据(iFinD公式)'!$B25=""),"",分期持仓明细!$AO$20*SUMPRODUCT(分期持仓明细!$B$20:$Y$20,'实盘净值数据(iFinD公式)'!$B25:$Y25/'实盘净值数据(iFinD公式)'!$B$25:$Y$25)*(1-实盘持仓配置!$AM$7)^(('实盘净值数据(iFinD公式)'!$A25-'实盘净值数据(iFinD公式)'!$A$8)/365)) -> 0.98017964 | L25: =IF(OR(K24="",K25=""),"",K25/K24-1) -> -0.006670541 | M25: =IF(K25="","",K25/MAX(K$5:K25)-1) -> -0.023017046 | N25: =IF(OR('实盘净值数据(iFinD公式)'!$A25="",'实盘净值数据(iFinD公式)'!$B25=""),"",分期持仓明细!$AO$21*SUMPRODUCT(分期持仓明细!$B$21:$Y$21,'实盘净值数据(iFinD公式)'!$B25:$Y25/'实盘净值数据(iFinD公式)'!$B$25:$Y$25)*(1-实盘持仓配置!$AM$8)^(('实盘净值数据(iFinD公式)'!$A25-'实盘净值数据(iFinD公式)'!$A$5)/365)) -> 0.97900478 | O25: =IF(OR(N24="",N25=""),"",N25/N24-1) -> -0.0072129719 | P25: =IF(N25="","",N25/MAX(N$5:N25)-1) -> -0.023641287 | Q25: =IF(OR('实盘净值数据(iFinD公式)'!$A25="",'实盘净值数据(iFinD公式)'!$B25=""),"",分期持仓明细!$AO$22*SUMPRODUCT(分期持仓明细!$B$22:$Y$22,'实盘净值数据(iFinD公式)'!$B25:$Y25/'实盘净值数据(iFinD公式)'!$B$25:$Y$25)*(1-实盘持仓配置!$AM$9)^(('实盘净值数据(iFinD公式)'!$A25-'实盘净值数据(iFinD公式)'!$A$8)/365)) -> 0.94210029 | R25: =IF(OR(Q24="",Q25=""),"",Q25/Q24-1) -> -0.020203328 | S25: =IF(Q25="","",Q25/MAX(Q$5:Q25)-1) -> -0.066082577
A26: =IF('实盘净值数据(iFinD公式)'!A26="","",'实盘净值数据(iFinD公式)'!A26) -> 46223 | B26: =IF(OR('实盘净值数据(iFinD公式)'!$A26="",'实盘净值数据(iFinD公式)'!$B26=""),"",分期持仓明细!$AO$17*SUMPRODUCT(分期持仓明细!$B$17:$Y$17,'实盘净值数据(iFinD公式)'!$B26:$Y26/'实盘净值数据(iFinD公式)'!$B$20:$Y$20)*(1-实盘持仓配置!$AM$4)^(('实盘净值数据(iFinD公式)'!$A26-'实盘净值数据(iFinD公式)'!$A$6)/365)) -> 0.77258462 | C26: =IF(OR(B25="",B26=""),"",B26/B25-1) -> -0.03901632 | D26: =IF(B26="","",B26/MAX(B$5:B26)-1) -> -0.28121494 | E26: =IF(OR('实盘净值数据(iFinD公式)'!$A26="",'实盘净值数据(iFinD公式)'!$B26=""),"",分期持仓明细!$AO$18*SUMPRODUCT(分期持仓明细!$B$18:$Y$18,'实盘净值数据(iFinD公式)'!$B26:$Y26/'实盘净值数据(iFinD公式)'!$B$20:$Y$20)*(1-实盘持仓配置!$AM$5)^(('实盘净值数据(iFinD公式)'!$A26-'实盘净值数据(iFinD公式)'!$A$5)/365)) -> 0.79035974 | F26: =IF(OR(E25="",E26=""),"",E26/E25-1) -> -0.039054015 | G26: =IF(E26="","",E26/MAX(E$5:E26)-1) -> -0.28131923 | H26: =IF(OR('实盘净值数据(iFinD公式)'!$A26="",'实盘净值数据(iFinD公式)'!$B26=""),"",分期持仓明细!$AO$19*SUMPRODUCT(分期持仓明细!$B$19:$Y$19,'实盘净值数据(iFinD公式)'!$B26:$Y26/'实盘净值数据(iFinD公式)'!$B$20:$Y$20)*(1-实盘持仓配置!$AM$6)^(('实盘净值数据(iFinD公式)'!$A26-'实盘净值数据(iFinD公式)'!$A$7)/365)) -> 0.80811387 | I26: =IF(OR(H25="",H26=""),"",H26/H25-1) -> -0.034759083 | J26: =IF(H26="","",H26/MAX(H$5:H26)-1) -> -0.27308716 | K26: =IF(OR('实盘净值数据(iFinD公式)'!$A26="",'实盘净值数据(iFinD公式)'!$B26=""),"",分期持仓明细!$AO$20*SUMPRODUCT(分期持仓明细!$B$20:$Y$20,'实盘净值数据(iFinD公式)'!$B26:$Y26/'实盘净值数据(iFinD公式)'!$B$25:$Y$25)*(1-实盘持仓配置!$AM$7)^(('实盘净值数据(iFinD公式)'!$A26-'实盘净值数据(iFinD公式)'!$A$8)/365)) -> 0.97692785 | L26: =IF(OR(K25="",K26=""),"",K26/K25-1) -> -0.0033175365 | M26: =IF(K26="","",K26/MAX(K$5:K26)-1) -> -0.026258223 | N26: =IF(OR('实盘净值数据(iFinD公式)'!$A26="",'实盘净值数据(iFinD公式)'!$B26=""),"",分期持仓明细!$AO$21*SUMPRODUCT(分期持仓明细!$B$21:$Y$21,'实盘净值数据(iFinD公式)'!$B26:$Y26/'实盘净值数据(iFinD公式)'!$B$25:$Y$25)*(1-实盘持仓配置!$AM$8)^(('实盘净值数据(iFinD公式)'!$A26-'实盘净值数据(iFinD公式)'!$A$5)/365)) -> 0.9755161 | O26: =IF(OR(N25="",N26=""),"",N26/N25-1) -> -0.0035634979 | P26: =IF(N26="","",N26/MAX(N$5:N26)-1) -> -0.027120539 | Q26: =IF(OR('实盘净值数据(iFinD公式)'!$A26="",'实盘净值数据(iFinD公式)'!$B26=""),"",分期持仓明细!$AO$22*SUMPRODUCT(分期持仓明细!$B$22:$Y$22,'实盘净值数据(iFinD公式)'!$B26:$Y26/'实盘净值数据(iFinD公式)'!$B$25:$Y$25)*(1-实盘持仓配置!$AM$9)^(('实盘净值数据(iFinD公式)'!$A26-'实盘净值数据(iFinD公式)'!$A$8)/365)) -> 0.93309058 | R26: =IF(OR(Q25="",Q26=""),"",Q26/Q25-1) -> -0.0095634306 | S26: =IF(Q26="","",Q26/MAX(Q$5:Q26)-1) -> -0.075014031
A27: =IF('实盘净值数据(iFinD公式)'!A27="","",'实盘净值数据(iFinD公式)'!A27) -> 46224 | B27: =IF(OR('实盘净值数据(iFinD公式)'!$A27="",'实盘净值数据(iFinD公式)'!$B27=""),"",分期持仓明细!$AO$17*SUMPRODUCT(分期持仓明细!$B$17:$Y$17,'实盘净值数据(iFinD公式)'!$B27:$Y27/'实盘净值数据(iFinD公式)'!$B$20:$Y$20)*(1-实盘持仓配置!$AM$4)^(('实盘净值数据(iFinD公式)'!$A27-'实盘净值数据(iFinD公式)'!$A$6)/365)) -> 0.85977786 | C27: =IF(OR(B26="",B27=""),"",B27/B26-1) -> 0.11285915 | D27: =IF(B27="","",B27/MAX(B$5:B27)-1) -> -0.20009347 | E27: =IF(OR('实盘净值数据(iFinD公式)'!$A27="",'实盘净值数据(iFinD公式)'!$B27=""),"",分期持仓明细!$AO$18*SUMPRODUCT(分期持仓明细!$B$18:$Y$18,'实盘净值数据(iFinD公式)'!$B27:$Y27/'实盘净值数据(iFinD公式)'!$B$20:$Y$20)*(1-实盘持仓配置!$AM$5)^(('实盘净值数据(iFinD公式)'!$A27-'实盘净值数据(iFinD公式)'!$A$5)/365)) -> 0.87956638 | F27: =IF(OR(E26="",E27=""),"",E27/E26-1) -> 0.1128684 | G27: =IF(E27="","",E27/MAX(E$5:E27)-1) -> -0.20020288 | H27: =IF(OR('实盘净值数据(iFinD公式)'!$A27="",'实盘净值数据(iFinD公式)'!$B27=""),"",分期持仓明细!$AO$19*SUMPRODUCT(分期持仓明细!$B$19:$Y$19,'实盘净值数据(iFinD公式)'!$B27:$Y27/'实盘净值数据(iFinD公式)'!$B$20:$Y$20)*(1-实盘持仓配置!$AM$6)^(('实盘净值数据(iFinD公式)'!$A27-'实盘净值数据(iFinD公式)'!$A$7)/365)) -> 0.90141212 | I27: =IF(OR(H26="",H27=""),"",H27/H26-1) -> 0.11545187 | J27: =IF(H27="","",H27/MAX(H$5:H27)-1) -> -0.18916372 | K27: =IF(OR('实盘净值数据(iFinD公式)'!$A27="",'实盘净值数据(iFinD公式)'!$B27=""),"",分期持仓明细!$AO$20*SUMPRODUCT(分期持仓明细!$B$20:$Y$20,'实盘净值数据(iFinD公式)'!$B27:$Y27/'实盘净值数据(iFinD公式)'!$B$25:$Y$25)*(1-实盘持仓配置!$AM$7)^(('实盘净值数据(iFinD公式)'!$A27-'实盘净值数据(iFinD公式)'!$A$8)/365)) -> 0.98595161 | L27: =IF(OR(K26="",K27=""),"",K27/K26-1) -> 0.0092368743 | M27: =IF(K27="","",K27/MAX(K$5:K27)-1) -> -0.017263892 | N27: =IF(OR('实盘净值数据(iFinD公式)'!$A27="",'实盘净值数据(iFinD公式)'!$B27=""),"",分期持仓明细!$AO$21*SUMPRODUCT(分期持仓明细!$B$21:$Y$21,'实盘净值数据(iFinD公式)'!$B27:$Y27/'实盘净值数据(iFinD公式)'!$B$25:$Y$25)*(1-实盘持仓配置!$AM$8)^(('实盘净值数据(iFinD公式)'!$A27-'实盘净值数据(iFinD公式)'!$A$5)/365)) -> 0.98451182 | O27: =IF(OR(N26="",N27=""),"",N27/N26-1) -> 0.0092214981 | P27: =IF(N27="","",N27/MAX(N$5:N27)-1) -> -0.018149133 | Q27: =IF(OR('实盘净值数据(iFinD公式)'!$A27="",'实盘净值数据(iFinD公式)'!$B27=""),"",分期持仓明细!$AO$22*SUMPRODUCT(分期持仓明细!$B$22:$Y$22,'实盘净值数据(iFinD公式)'!$B27:$Y27/'实盘净值数据(iFinD公式)'!$B$25:$Y$25)*(1-实盘持仓配置!$AM$9)^(('实盘净值数据(iFinD公式)'!$A27-'实盘净值数据(iFinD公式)'!$A$8)/365)) -> 0.95862869 | R27: =IF(OR(Q26="",Q27=""),"",Q27/Q26-1) -> 0.027369384 | S27: =IF(Q27="","",Q27/MAX(Q$5:Q27)-1) -> -0.049697735
A28: =IF('实盘净值数据(iFinD公式)'!A28="","",'实盘净值数据(iFinD公式)'!A28) -> 46225 | B28: =IF(OR('实盘净值数据(iFinD公式)'!$A28="",'实盘净值数据(iFinD公式)'!$B28=""),"",分期持仓明细!$AO$17*SUMPRODUCT(分期持仓明细!$B$17:$Y$17,'实盘净值数据(iFinD公式)'!$B28:$Y28/'实盘净值数据(iFinD公式)'!$B$20:$Y$20)*(1-实盘持仓配置!$AM$4)^(('实盘净值数据(iFinD公式)'!$A28-'实盘净值数据(iFinD公式)'!$A$6)/365)) -> 0.83406265 | C28: =IF(OR(B27="",B28=""),"",B28/B27-1) -> -0.029909138 | D28: =IF(B28="","",B28/MAX(B$5:B28)-1) -> -0.22401798 | E28: =IF(OR('实盘净值数据(iFinD公式)'!$A28="",'实盘净值数据(iFinD公式)'!$B28=""),"",分期持仓明细!$AO$18*SUMPRODUCT(分期持仓明细!$B$18:$Y$18,'实盘净值数据(iFinD公式)'!$B28:$Y28/'实盘净值数据(iFinD公式)'!$B$20:$Y$20)*(1-实盘持仓配置!$AM$5)^(('实盘净值数据(iFinD公式)'!$A28-'实盘净值数据(iFinD公式)'!$A$5)/365)) -> 0.85321197 | F28: =IF(OR(E27="",E28=""),"",E28/E27-1) -> -0.02996296 | G28: =IF(E28="","",E28/MAX(E$5:E28)-1) -> -0.22416717 | H28: =IF(OR('实盘净值数据(iFinD公式)'!$A28="",'实盘净值数据(iFinD公式)'!$B28=""),"",分期持仓明细!$AO$19*SUMPRODUCT(分期持仓明细!$B$19:$Y$19,'实盘净值数据(iFinD公式)'!$B28:$Y28/'实盘净值数据(iFinD公式)'!$B$20:$Y$20)*(1-实盘持仓配置!$AM$6)^(('实盘净值数据(iFinD公式)'!$A28-'实盘净值数据(iFinD公式)'!$A$7)/365)) -> 0.87692454 | I28: =IF(OR(H27="",H28=""),"",H28/H27-1) -> -0.027165794 | J28: =IF(H28="","",H28/MAX(H$5:H28)-1) -> -0.21119073 | K28: =IF(OR('实盘净值数据(iFinD公式)'!$A28="",'实盘净值数据(iFinD公式)'!$B28=""),"",分期持仓明细!$AO$20*SUMPRODUCT(分期持仓明细!$B$20:$Y$20,'实盘净值数据(iFinD公式)'!$B28:$Y28/'实盘净值数据(iFinD公式)'!$B$25:$Y$25)*(1-实盘持仓配置!$AM$7)^(('实盘净值数据(iFinD公式)'!$A28-'实盘净值数据(iFinD公式)'!$A$8)/365)) -> 0.98579851 | L28: =IF(OR(K27="",K28=""),"",K28/K27-1) -> -0.00015528669 | M28: =IF(K28="","",K28/MAX(K$5:K28)-1) -> -0.017416498 | N28: =IF(OR('实盘净值数据(iFinD公式)'!$A28="",'实盘净值数据(iFinD公式)'!$B28=""),"",分期持仓明细!$AO$21*SUMPRODUCT(分期持仓明细!$B$21:$Y$21,'实盘净值数据(iFinD公式)'!$B28:$Y28/'实盘净值数据(iFinD公式)'!$B$25:$Y$25)*(1-实盘持仓配置!$AM$8)^(('实盘净值数据(iFinD公式)'!$A28-'实盘净值数据(iFinD公式)'!$A$5)/365)) -> 0.9841649 | O28: =IF(OR(N27="",N28=""),"",N28/N27-1) -> -0.00035238103 | P28: =IF(N28="","",N28/MAX(N$5:N28)-1) -> -0.018495119 | Q28: =IF(OR('实盘净值数据(iFinD公式)'!$A28="",'实盘净值数据(iFinD公式)'!$B28=""),"",分期持仓明细!$AO$22*SUMPRODUCT(分期持仓明细!$B$22:$Y$22,'实盘净值数据(iFinD公式)'!$B28:$Y28/'实盘净值数据(iFinD公式)'!$B$25:$Y$25)*(1-实盘持仓配置!$AM$9)^(('实盘净值数据(iFinD公式)'!$A28-'实盘净值数据(iFinD公式)'!$A$8)/365)) -> 0.95473537 | R28: =IF(OR(Q27="",Q28=""),"",Q28/Q27-1) -> -0.0040613471 | S28: =IF(Q28="","",Q28/MAX(Q$5:Q28)-1) -> -0.053557242
A29: =IF('实盘净值数据(iFinD公式)'!A29="","",'实盘净值数据(iFinD公式)'!A29) -> 46226 | B29: =IF(OR('实盘净值数据(iFinD公式)'!$A29="",'实盘净值数据(iFinD公式)'!$B29=""),"",分期持仓明细!$AO$17*SUMPRODUCT(分期持仓明细!$B$17:$Y$17,'实盘净值数据(iFinD公式)'!$B29:$Y29/'实盘净值数据(iFinD公式)'!$B$20:$Y$20)*(1-实盘持仓配置!$AM$4)^(('实盘净值数据(iFinD公式)'!$A29-'实盘净值数据(iFinD公式)'!$A$6)/365)) -> 0.81192392 | C29: =IF(OR(B28="",B29=""),"",B29/B28-1) -> -0.026543243 | D29: =IF(B29="","",B29/MAX(B$5:B29)-1) -> -0.24461506 | E29: =IF(OR('实盘净值数据(iFinD公式)'!$A29="",'实盘净值数据(iFinD公式)'!$B29=""),"",分期持仓明细!$AO$18*SUMPRODUCT(分期持仓明细!$B$18:$Y$18,'实盘净值数据(iFinD公式)'!$B29:$Y29/'实盘净值数据(iFinD公式)'!$B$20:$Y$20)*(1-实盘持仓配置!$AM$5)^(('实盘净值数据(iFinD公式)'!$A29-'实盘净值数据(iFinD公式)'!$A$5)/365)) -> 0.83060417 | F29: =IF(OR(E28="",E29=""),"",E29/E28-1) -> -0.026497284 | G29: =IF(E29="","",E29/MAX(E$5:E29)-1) -> -0.24472463 | H29: =IF(OR('实盘净值数据(iFinD公式)'!$A29="",'实盘净值数据(iFinD公式)'!$B29=""),"",分期持仓明细!$AO$19*SUMPRODUCT(分期持仓明细!$B$19:$Y$19,'实盘净值数据(iFinD公式)'!$B29:$Y29/'实盘净值数据(iFinD公式)'!$B$20:$Y$20)*(1-实盘持仓配置!$AM$6)^(('实盘净值数据(iFinD公式)'!$A29-'实盘净值数据(iFinD公式)'!$A$7)/365)) -> 0.85192378 | I29: =IF(OR(H28="",H29=""),"",H29/H28-1) -> -0.028509597 | J29: =IF(H29="","",H29/MAX(H$5:H29)-1) -> -0.23367937 | K29: =IF(OR('实盘净值数据(iFinD公式)'!$A29="",'实盘净值数据(iFinD公式)'!$B29=""),"",分期持仓明细!$AO$20*SUMPRODUCT(分期持仓明细!$B$20:$Y$20,'实盘净值数据(iFinD公式)'!$B29:$Y29/'实盘净值数据(iFinD公式)'!$B$25:$Y$25)*(1-实盘持仓配置!$AM$7)^(('实盘净值数据(iFinD公式)'!$A29-'实盘净值数据(iFinD公式)'!$A$8)/365)) -> 0.98447785 | L29: =IF(OR(K28="",K29=""),"",K29/K28-1) -> -0.0013396871 | M29: =IF(K29="","",K29/MAX(K$5:K29)-1) -> -0.018732853 | N29: =IF(OR('实盘净值数据(iFinD公式)'!$A29="",'实盘净值数据(iFinD公式)'!$B29=""),"",分期持仓明细!$AO$21*SUMPRODUCT(分期持仓明细!$B$21:$Y$21,'实盘净值数据(iFinD公式)'!$B29:$Y29/'实盘净值数据(iFinD公式)'!$B$25:$Y$25)*(1-实盘持仓配置!$AM$8)^(('实盘净值数据(iFinD公式)'!$A29-'实盘净值数据(iFinD公式)'!$A$5)/365)) -> 0.98294068 | O29: =IF(OR(N28="",N29=""),"",N29/N28-1) -> -0.0012439187 | P29: =IF(N29="","",N29/MAX(N$5:N29)-1) -> -0.019716031 | Q29: =IF(OR('实盘净值数据(iFinD公式)'!$A29="",'实盘净值数据(iFinD公式)'!$B29=""),"",分期持仓明细!$AO$22*SUMPRODUCT(分期持仓明细!$B$22:$Y$22,'实盘净值数据(iFinD公式)'!$B29:$Y29/'实盘净值数据(iFinD公式)'!$B$25:$Y$25)*(1-实盘持仓配置!$AM$9)^(('实盘净值数据(iFinD公式)'!$A29-'实盘净值数据(iFinD公式)'!$A$8)/365)) -> 0.95057924 | R29: =IF(OR(Q28="",Q29=""),"",Q29/Q28-1) -> -0.0043531745 | S29: =IF(Q29="","",Q29/MAX(Q$5:Q29)-1) -> -0.057677273
A30: =IF('实盘净值数据(iFinD公式)'!A30="","",'实盘净值数据(iFinD公式)'!A30) -> 46227 | B30: =IF(OR('实盘净值数据(iFinD公式)'!$A30="",'实盘净值数据(iFinD公式)'!$B30=""),"",分期持仓明细!$AO$17*SUMPRODUCT(分期持仓明细!$B$17:$Y$17,'实盘净值数据(iFinD公式)'!$B30:$Y30/'实盘净值数据(iFinD公式)'!$B$20:$Y$20)*(1-实盘持仓配置!$AM$4)^(('实盘净值数据(iFinD公式)'!$A30-'实盘净值数据(iFinD公式)'!$A$6)/365)) -> 0.81167966 | C30: =IF(OR(B29="",B30=""),"",B30/B29-1) -> -0.0003008477 | D30: =IF(B30="","",B30/MAX(B$5:B30)-1) -> -0.24484232 | E30: =IF(OR('实盘净值数据(iFinD公式)'!$A30="",'实盘净值数据(iFinD公式)'!$B30=""),"",分期持仓明细!$AO$18*SUMPRODUCT(分期持仓明细!$B$18:$Y$18,'实盘净值数据(iFinD公式)'!$B30:$Y30/'实盘净值数据(iFinD公式)'!$B$20:$Y$20)*(1-实盘持仓配置!$AM$5)^(('实盘净值数据(iFinD公式)'!$A30-'实盘净值数据(iFinD公式)'!$A$5)/365)) -> 0.83029356 | F30: =IF(OR(E29="",E30=""),"",E30/E29-1) -> -0.00037395074 | G30: =IF(E30="","",E30/MAX(E$5:E30)-1) -> -0.24500707 | H30: =IF(OR('实盘净值数据(iFinD公式)'!$A30="",'实盘净值数据(iFinD公式)'!$B30=""),"",分期持仓明细!$AO$19*SUMPRODUCT(分期持仓明细!$B$19:$Y$19,'实盘净值数据(iFinD公式)'!$B30:$Y30/'实盘净值数据(iFinD公式)'!$B$20:$Y$20)*(1-实盘持仓配置!$AM$6)^(('实盘净值数据(iFinD公式)'!$A30-'实盘净值数据(iFinD公式)'!$A$7)/365)) -> 0.85634619 | I30: =IF(OR(H29="",H30=""),"",H30/H29-1) -> 0.005191087 | J30: =IF(H30="","",H30/MAX(H$5:H30)-1) -> -0.22970133 | K30: =IF(OR('实盘净值数据(iFinD公式)'!$A30="",'实盘净值数据(iFinD公式)'!$B30=""),"",分期持仓明细!$AO$20*SUMPRODUCT(分期持仓明细!$B$20:$Y$20,'实盘净值数据(iFinD公式)'!$B30:$Y30/'实盘净值数据(iFinD公式)'!$B$25:$Y$25)*(1-实盘持仓配置!$AM$7)^(('实盘净值数据(iFinD公式)'!$A30-'实盘净值数据(iFinD公式)'!$A$8)/365)) -> 0.98345041 | L30: =IF(OR(K29="",K30=""),"",K30/K29-1) -> -0.0010436409 | M30: =IF(K30="","",K30/MAX(K$5:K30)-1) -> -0.019756943 | N30: =IF(OR('实盘净值数据(iFinD公式)'!$A30="",'实盘净值数据(iFinD公式)'!$B30=""),"",分期持仓明细!$AO$21*SUMPRODUCT(分期持仓明细!$B$21:$Y$21,'实盘净值数据(iFinD公式)'!$B30:$Y30/'实盘净值数据(iFinD公式)'!$B$25:$Y$25)*(1-实盘持仓配置!$AM$8)^(('实盘净值数据(iFinD公式)'!$A30-'实盘净值数据(iFinD公式)'!$A$5)/365)) -> 0.98167073 | O30: =IF(OR(N29="",N30=""),"",N30/N29-1) -> -0.001291988 | P30: =IF(N30="","",N30/MAX(N$5:N30)-1) -> -0.020982546 | Q30: =IF(OR('实盘净值数据(iFinD公式)'!$A30="",'实盘净值数据(iFinD公式)'!$B30=""),"",分期持仓明细!$AO$22*SUMPRODUCT(分期持仓明细!$B$22:$Y$22,'实盘净值数据(iFinD公式)'!$B30:$Y30/'实盘净值数据(iFinD公式)'!$B$25:$Y$25)*(1-实盘持仓配置!$AM$9)^(('实盘净值数据(iFinD公式)'!$A30-'实盘净值数据(iFinD公式)'!$A$8)/365)) -> 0.94741055 | R30: =IF(OR(Q29="",Q30=""),"",Q30/Q29-1) -> -0.0033334251 | S30: =IF(Q30="","",Q30/MAX(Q$5:Q30)-1) -> -0.060818435
A31: =IF('实盘净值数据(iFinD公式)'!A31="","",'实盘净值数据(iFinD公式)'!A31) -> 46230 | B31: =IF(OR('实盘净值数据(iFinD公式)'!$A31="",'实盘净值数据(iFinD公式)'!$B31=""),"",分期持仓明细!$AO$17*SUMPRODUCT(分期持仓明细!$B$17:$Y$17,'实盘净值数据(iFinD公式)'!$B31:$Y31/'实盘净值数据(iFinD公式)'!$B$20:$Y$20)*(1-实盘持仓配置!$AM$4)^(('实盘净值数据(iFinD公式)'!$A31-'实盘净值数据(iFinD公式)'!$A$6)/365)) -> 0.83469124 | C31: =IF(OR(B30="",B31=""),"",B31/B30-1) -> 0.028350574 | D31: =IF(B31="","",B31/MAX(B$5:B31)-1) -> -0.22343317 | E31: =IF(OR('实盘净值数据(iFinD公式)'!$A31="",'实盘净值数据(iFinD公式)'!$B31=""),"",分期持仓明细!$AO$18*SUMPRODUCT(分期持仓明细!$B$18:$Y$18,'实盘净值数据(iFinD公式)'!$B31:$Y31/'实盘净值数据(iFinD公式)'!$B$20:$Y$20)*(1-实盘持仓配置!$AM$5)^(('实盘净值数据(iFinD公式)'!$A31-'实盘净值数据(iFinD公式)'!$A$5)/365)) -> 0.85390476 | F31: =IF(OR(E30="",E31=""),"",E31/E30-1) -> 0.028437165 | G31: =IF(E31="","",E31/MAX(E$5:E31)-1) -> -0.22353721 | H31: =IF(OR('实盘净值数据(iFinD公式)'!$A31="",'实盘净值数据(iFinD公式)'!$B31=""),"",分期持仓明细!$AO$19*SUMPRODUCT(分期持仓明细!$B$19:$Y$19,'实盘净值数据(iFinD公式)'!$B31:$Y31/'实盘净值数据(iFinD公式)'!$B$20:$Y$20)*(1-实盘持仓配置!$AM$6)^(('实盘净值数据(iFinD公式)'!$A31-'实盘净值数据(iFinD公式)'!$A$7)/365)) -> 0.87898018 | I31: =IF(OR(H30="",H31=""),"",H31/H30-1) -> 0.026430884 | J31: =IF(H31="","",H31/MAX(H$5:H31)-1) -> -0.20934165 | K31: =IF(OR('实盘净值数据(iFinD公式)'!$A31="",'实盘净值数据(iFinD公式)'!$B31=""),"",分期持仓明细!$AO$20*SUMPRODUCT(分期持仓明细!$B$20:$Y$20,'实盘净值数据(iFinD公式)'!$B31:$Y31/'实盘净值数据(iFinD公式)'!$B$25:$Y$25)*(1-实盘持仓配置!$AM$7)^(('实盘净值数据(iFinD公式)'!$A31-'实盘净值数据(iFinD公式)'!$A$8)/365)) -> 0.98696437 | L31: =IF(OR(K30="",K31=""),"",K31/K30-1) -> 0.0035730998 | M31: =IF(K31="","",K31/MAX(K$5:K31)-1) -> -0.016254437 | N31: =IF(OR('实盘净值数据(iFinD公式)'!$A31="",'实盘净值数据(iFinD公式)'!$B31=""),"",分期持仓明细!$AO$21*SUMPRODUCT(分期持仓明细!$B$21:$Y$21,'实盘净值数据(iFinD公式)'!$B31:$Y31/'实盘净值数据(iFinD公式)'!$B$25:$Y$25)*(1-实盘持仓配置!$AM$8)^(('实盘净值数据(iFinD公式)'!$A31-'实盘净值数据(iFinD公式)'!$A$5)/365)) -> 0.98530567 | O31: =IF(OR(N30="",N31=""),"",N31/N30-1) -> 0.0037028092 | P31: =IF(N31="","",N31/MAX(N$5:N31)-1) -> -0.017357431 | Q31: =IF(OR('实盘净值数据(iFinD公式)'!$A31="",'实盘净值数据(iFinD公式)'!$B31=""),"",分期持仓明细!$AO$22*SUMPRODUCT(分期持仓明细!$B$22:$Y$22,'实盘净值数据(iFinD公式)'!$B31:$Y31/'实盘净值数据(iFinD公式)'!$B$25:$Y$25)*(1-实盘持仓配置!$AM$9)^(('实盘净值数据(iFinD公式)'!$A31-'实盘净值数据(iFinD公式)'!$A$8)/365)) -> 0.95708142 | R31: =IF(OR(Q30="",Q31=""),"",Q31/Q30-1) -> 0.010207685 | S31: =IF(Q31="","",Q31/MAX(Q$5:Q31)-1) -> -0.051231565
A32: =IF('实盘净值数据(iFinD公式)'!A32="","",'实盘净值数据(iFinD公式)'!A32) -> 46231 | B32: =IF(OR('实盘净值数据(iFinD公式)'!$A32="",'实盘净值数据(iFinD公式)'!$B32=""),"",分期持仓明细!$AO$17*SUMPRODUCT(分期持仓明细!$B$17:$Y$17,'实盘净值数据(iFinD公式)'!$B32:$Y32/'实盘净值数据(iFinD公式)'!$B$20:$Y$20)*(1-实盘持仓配置!$AM$4)^(('实盘净值数据(iFinD公式)'!$A32-'实盘净值数据(iFinD公式)'!$A$6)/365)) -> 0.76869285 | C32: =IF(OR(B31="",B32=""),"",B32/B31-1) -> -0.079069227 | D32: =IF(B32="","",B32/MAX(B$5:B32)-1) -> -0.28483571 | E32: =IF(OR('实盘净值数据(iFinD公式)'!$A32="",'实盘净值数据(iFinD公式)'!$B32=""),"",分期持仓明细!$AO$18*SUMPRODUCT(分期持仓明细!$B$18:$Y$18,'实盘净值数据(iFinD公式)'!$B32:$Y32/'实盘净值数据(iFinD公式)'!$B$20:$Y$20)*(1-实盘持仓配置!$AM$5)^(('实盘净值数据(iFinD公式)'!$A32-'实盘净值数据(iFinD公式)'!$A$5)/365)) -> 0.78626075 | F32: =IF(OR(E31="",E32=""),"",E32/E31-1) -> -0.079217271 | G32: =IF(E32="","",E32/MAX(E$5:E32)-1) -> -0.28504647 | H32: =IF(OR('实盘净值数据(iFinD公式)'!$A32="",'实盘净值数据(iFinD公式)'!$B32=""),"",分期持仓明细!$AO$19*SUMPRODUCT(分期持仓明细!$B$19:$Y$19,'实盘净值数据(iFinD公式)'!$B32:$Y32/'实盘净值数据(iFinD公式)'!$B$20:$Y$20)*(1-实盘持仓配置!$AM$6)^(('实盘净值数据(iFinD公式)'!$A32-'实盘净值数据(iFinD公式)'!$A$7)/365)) -> 0.81331518 | I32: =IF(OR(H31="",H32=""),"",H32/H31-1) -> -0.074705884 | J32: =IF(H32="","",H32/MAX(H$5:H32)-1) -> -0.26840849 | K32: =IF(OR('实盘净值数据(iFinD公式)'!$A32="",'实盘净值数据(iFinD公式)'!$B32=""),"",分期持仓明细!$AO$20*SUMPRODUCT(分期持仓明细!$B$20:$Y$20,'实盘净值数据(iFinD公式)'!$B32:$Y32/'实盘净值数据(iFinD公式)'!$B$25:$Y$25)*(1-实盘持仓配置!$AM$7)^(('实盘净值数据(iFinD公式)'!$A32-'实盘净值数据(iFinD公式)'!$A$8)/365)) -> 0.98069863 | L32: =IF(OR(K31="",K32=""),"",K32/K31-1) -> -0.0063484981 | M32: =IF(K32="","",K32/MAX(K$5:K32)-1) -> -0.022499744 | N32: =IF(OR('实盘净值数据(iFinD公式)'!$A32="",'实盘净值数据(iFinD公式)'!$B32=""),"",分期持仓明细!$AO$21*SUMPRODUCT(分期持仓明细!$B$21:$Y$21,'实盘净值数据(iFinD公式)'!$B32:$Y32/'实盘净值数据(iFinD公式)'!$B$25:$Y$25)*(1-实盘持仓配置!$AM$8)^(('实盘净值数据(iFinD公式)'!$A32-'实盘净值数据(iFinD公式)'!$A$5)/365)) -> 0.97879642 | O32: =IF(OR(N31="",N32=""),"",N32/N31-1) -> -0.0066063188 | P32: =IF(N32="","",N32/MAX(N$5:N32)-1) -> -0.023849081 | Q32: =IF(OR('实盘净值数据(iFinD公式)'!$A32="",'实盘净值数据(iFinD公式)'!$B32=""),"",分期持仓明细!$AO$22*SUMPRODUCT(分期持仓明细!$B$22:$Y$22,'实盘净值数据(iFinD公式)'!$B32:$Y32/'实盘净值数据(iFinD公式)'!$B$25:$Y$25)*(1-实盘持仓配置!$AM$9)^(('实盘净值数据(iFinD公式)'!$A32-'实盘净值数据(iFinD公式)'!$A$8)/365)) -> 0.93946695 | R32: =IF(OR(Q31="",Q32=""),"",Q32/Q31-1) -> -0.018404363 | S32: =IF(Q32="","",Q32/MAX(Q$5:Q32)-1) -> -0.068693044
A33: =IF('实盘净值数据(iFinD公式)'!A33="","",'实盘净值数据(iFinD公式)'!A33) -> 46232 | B33: =IF(OR('实盘净值数据(iFinD公式)'!$A33="",'实盘净值数据(iFinD公式)'!$B33=""),"",分期持仓明细!$AO$17*SUMPRODUCT(分期持仓明细!$B$17:$Y$17,'实盘净值数据(iFinD公式)'!$B33:$Y33/'实盘净值数据(iFinD公式)'!$B$20:$Y$20)*(1-实盘持仓配置!$AM$4)^(('实盘净值数据(iFinD公式)'!$A33-'实盘净值数据(iFinD公式)'!$A$6)/365)) -> 0.75909622 | C33: =IF(OR(B32="",B33=""),"",B33/B32-1) -> -0.012484354 | D33: =IF(B33="","",B33/MAX(B$5:B33)-1) -> -0.29376407 | E33: =IF(OR('实盘净值数据(iFinD公式)'!$A33="",'实盘净值数据(iFinD公式)'!$B33=""),"",分期持仓明细!$AO$18*SUMPRODUCT(分期持仓明细!$B$18:$Y$18,'实盘净值数据(iFinD公式)'!$B33:$Y33/'实盘净值数据(iFinD公式)'!$B$20:$Y$20)*(1-实盘持仓配置!$AM$5)^(('实盘净值数据(iFinD公式)'!$A33-'实盘净值数据(iFinD公式)'!$A$5)/365)) -> 0.77644815 | F33: =IF(OR(E32="",E33=""),"",E33/E32-1) -> -0.01248009 | G33: =IF(E33="","",E33/MAX(E$5:E33)-1) -> -0.29396916 | H33: =IF(OR('实盘净值数据(iFinD公式)'!$A33="",'实盘净值数据(iFinD公式)'!$B33=""),"",分期持仓明细!$AO$19*SUMPRODUCT(分期持仓明细!$B$19:$Y$19,'实盘净值数据(iFinD公式)'!$B33:$Y33/'实盘净值数据(iFinD公式)'!$B$20:$Y$20)*(1-实盘持仓配置!$AM$6)^(('实盘净值数据(iFinD公式)'!$A33-'实盘净值数据(iFinD公式)'!$A$7)/365)) -> 0.80514197 | I33: =IF(OR(H32="",H33=""),"",H33/H32-1) -> -0.010049254 | J33: =IF(H33="","",H33/MAX(H$5:H33)-1) -> -0.27576044 | K33: =IF(OR('实盘净值数据(iFinD公式)'!$A33="",'实盘净值数据(iFinD公式)'!$B33=""),"",分期持仓明细!$AO$20*SUMPRODUCT(分期持仓明细!$B$20:$Y$20,'实盘净值数据(iFinD公式)'!$B33:$Y33/'实盘净值数据(iFinD公式)'!$B$25:$Y$25)*(1-实盘持仓配置!$AM$7)^(('实盘净值数据(iFinD公式)'!$A33-'实盘净值数据(iFinD公式)'!$A$8)/365)) -> 0.98026906 | L33: =IF(OR(K32="",K33=""),"",K33/K32-1) -> -0.00043802106 | M33: =IF(K33="","",K33/MAX(K$5:K33)-1) -> -0.022927909 | N33: =IF(OR('实盘净值数据(iFinD公式)'!$A33="",'实盘净值数据(iFinD公式)'!$B33=""),"",分期持仓明细!$AO$21*SUMPRODUCT(分期持仓明细!$B$21:$Y$21,'实盘净值数据(iFinD公式)'!$B33:$Y33/'实盘净值数据(iFinD公式)'!$B$25:$Y$25)*(1-实盘持仓配置!$AM$8)^(('实盘净值数据(iFinD公式)'!$A33-'实盘净值数据(iFinD公式)'!$A$5)/365)) -> 0.97825898 | O33: =IF(OR(N32="",N33=""),"",N33/N32-1) -> -0.00054908634 | P33: =IF(N33="","",N33/MAX(N$5:N33)-1) -> -0.024385072 | Q33: =IF(OR('实盘净值数据(iFinD公式)'!$A33="",'实盘净值数据(iFinD公式)'!$B33=""),"",分期持仓明细!$AO$22*SUMPRODUCT(分期持仓明细!$B$22:$Y$22,'实盘净值数据(iFinD公式)'!$B33:$Y33/'实盘净值数据(iFinD公式)'!$B$25:$Y$25)*(1-实盘持仓配置!$AM$9)^(('实盘净值数据(iFinD公式)'!$A33-'实盘净值数据(iFinD公式)'!$A$8)/365)) -> 0.9386041 | R33: =IF(OR(Q32="",Q33=""),"",Q33/Q32-1) -> -0.00091844029 | S33: =IF(Q33="","",Q33/MAX(Q$5:Q33)-1) -> -0.069548393
A34: =IF('实盘净值数据(iFinD公式)'!A34="","",'实盘净值数据(iFinD公式)'!A34) -> 46233 | B34: =IF(OR('实盘净值数据(iFinD公式)'!$A34="",'实盘净值数据(iFinD公式)'!$B34=""),"",分期持仓明细!$AO$17*SUMPRODUCT(分期持仓明细!$B$17:$Y$17,'实盘净值数据(iFinD公式)'!$B34:$Y34/'实盘净值数据(iFinD公式)'!$B$20:$Y$20)*(1-实盘持仓配置!$AM$4)^(('实盘净值数据(iFinD公式)'!$A34-'实盘净值数据(iFinD公式)'!$A$6)/365)) -> 0.70197151 | C34: =IF(OR(B33="",B34=""),"",B34/B33-1) -> -0.075253576 | D34: =IF(B34="","",B34/MAX(B$5:B34)-1) -> -0.34691085 | E34: =IF(OR('实盘净值数据(iFinD公式)'!$A34="",'实盘净值数据(iFinD公式)'!$B34=""),"",分期持仓明细!$AO$18*SUMPRODUCT(分期持仓明细!$B$18:$Y$18,'实盘净值数据(iFinD公式)'!$B34:$Y34/'实盘净值数据(iFinD公式)'!$B$20:$Y$20)*(1-实盘持仓配置!$AM$5)^(('实盘净值数据(iFinD公式)'!$A34-'实盘净值数据(iFinD公式)'!$A$5)/365)) -> 0.71793542 | F34: =IF(OR(E33="",E34=""),"",E34/E33-1) -> -0.075359481 | G34: =IF(E34="","",E34/MAX(E$5:E34)-1) -> -0.34717528 | H34: =IF(OR('实盘净值数据(iFinD公式)'!$A34="",'实盘净值数据(iFinD公式)'!$B34=""),"",分期持仓明细!$AO$19*SUMPRODUCT(分期持仓明细!$B$19:$Y$19,'实盘净值数据(iFinD公式)'!$B34:$Y34/'实盘净值数据(iFinD公式)'!$B$20:$Y$20)*(1-实盘持仓配置!$AM$6)^(('实盘净值数据(iFinD公式)'!$A34-'实盘净值数据(iFinD公式)'!$A$7)/365)) -> 0.74787437 | I34: =IF(OR(H33="",H34=""),"",H34/H33-1) -> -0.071127338 | J34: =IF(H34="","",H34/MAX(H$5:H34)-1) -> -0.32727367 | K34: =IF(OR('实盘净值数据(iFinD公式)'!$A34="",'实盘净值数据(iFinD公式)'!$B34=""),"",分期持仓明细!$AO$20*SUMPRODUCT(分期持仓明细!$B$20:$Y$20,'实盘净值数据(iFinD公式)'!$B34:$Y34/'实盘净值数据(iFinD公式)'!$B$25:$Y$25)*(1-实盘持仓配置!$AM$7)^(('实盘净值数据(iFinD公式)'!$A34-'实盘净值数据(iFinD公式)'!$A$8)/365)) -> 0.97612149 | L34: =IF(OR(K33="",K34=""),"",K34/K33-1) -> -0.0042310556 | M34: =IF(K34="","",K34/MAX(K$5:K34)-1) -> -0.027061956 | N34: =IF(OR('实盘净值数据(iFinD公式)'!$A34="",'实盘净值数据(iFinD公式)'!$B34=""),"",分期持仓明细!$AO$21*SUMPRODUCT(分期持仓明细!$B$21:$Y$21,'实盘净值数据(iFinD公式)'!$B34:$Y34/'实盘净值数据(iFinD公式)'!$B$25:$Y$25)*(1-实盘持仓配置!$AM$8)^(('实盘净值数据(iFinD公式)'!$A34-'实盘净值数据(iFinD公式)'!$A$5)/365)) -> 0.97390321 | O34: =IF(OR(N33="",N34=""),"",N34/N33-1) -> -0.0044525732 | P34: =IF(N34="","",N34/MAX(N$5:N34)-1) -> -0.028729069 | Q34: =IF(OR('实盘净值数据(iFinD公式)'!$A34="",'实盘净值数据(iFinD公式)'!$B34=""),"",分期持仓明细!$AO$22*SUMPRODUCT(分期持仓明细!$B$22:$Y$22,'实盘净值数据(iFinD公式)'!$B34:$Y34/'实盘净值数据(iFinD公式)'!$B$25:$Y$25)*(1-实盘持仓配置!$AM$9)^(('实盘净值数据(iFinD公式)'!$A34-'实盘净值数据(iFinD公式)'!$A$8)/365)) -> 0.92445284 | R34: =IF(OR(Q33="",Q34=""),"",Q34/Q33-1) -> -0.015076923 | S34: =IF(Q34="","",Q34/MAX(Q$5:Q34)-1) -> -0.08357674
A35: =IF('实盘净值数据(iFinD公式)'!A35="","",'实盘净值数据(iFinD公式)'!A35) -> 46234 | B35: =IF(OR('实盘净值数据(iFinD公式)'!$A35="",'实盘净值数据(iFinD公式)'!$B35=""),"",分期持仓明细!$AO$17*SUMPRODUCT(分期持仓明细!$B$17:$Y$17,'实盘净值数据(iFinD公式)'!$B35:$Y35/'实盘净值数据(iFinD公式)'!$B$20:$Y$20)*(1-实盘持仓配置!$AM$4)^(('实盘净值数据(iFinD公式)'!$A35-'实盘净值数据(iFinD公式)'!$A$6)/365)) -> 0.72624632 | C35: =IF(OR(B34="",B35=""),"",B35/B34-1) -> 0.034580904 | D35: =IF(B35="","",B35/MAX(B$5:B35)-1) -> -0.32432644 | E35: =IF(OR('实盘净值数据(iFinD公式)'!$A35="",'实盘净值数据(iFinD公式)'!$B35=""),"",分期持仓明细!$AO$18*SUMPRODUCT(分期持仓明细!$B$18:$Y$18,'实盘净值数据(iFinD公式)'!$B35:$Y35/'实盘净值数据(iFinD公式)'!$B$20:$Y$20)*(1-实盘持仓配置!$AM$5)^(('实盘净值数据(iFinD公式)'!$A35-'实盘净值数据(iFinD公式)'!$A$5)/365)) -> 0.74282726 | F35: =IF(OR(E34="",E35=""),"",E35/E34-1) -> 0.034671425 | G35: =IF(E35="","",E35/MAX(E$5:E35)-1) -> -0.32454091 | H35: =IF(OR('实盘净值数据(iFinD公式)'!$A35="",'实盘净值数据(iFinD公式)'!$B35=""),"",分期持仓明细!$AO$19*SUMPRODUCT(分期持仓明细!$B$19:$Y$19,'实盘净值数据(iFinD公式)'!$B35:$Y35/'实盘净值数据(iFinD公式)'!$B$20:$Y$20)*(1-实盘持仓配置!$AM$6)^(('实盘净值数据(iFinD公式)'!$A35-'实盘净值数据(iFinD公式)'!$A$7)/365)) -> 0.7713325 | I35: =IF(OR(H34="",H35=""),"",H35/H34-1) -> 0.031366401 | J35: =IF(H35="","",H35/MAX(H$5:H35)-1) -> -0.30617266 | K35: =IF(OR('实盘净值数据(iFinD公式)'!$A35="",'实盘净值数据(iFinD公式)'!$B35=""),"",分期持仓明细!$AO$20*SUMPRODUCT(分期持仓明细!$B$20:$Y$20,'实盘净值数据(iFinD公式)'!$B35:$Y35/'实盘净值数据(iFinD公式)'!$B$25:$Y$25)*(1-实盘持仓配置!$AM$7)^(('实盘净值数据(iFinD公式)'!$A35-'实盘净值数据(iFinD公式)'!$A$8)/365)) -> 0.97927215 | L35: =IF(OR(K34="",K35=""),"",K35/K34-1) -> 0.0032277315 | M35: =IF(K35="","",K35/MAX(K$5:K35)-1) -> -0.023921573 | N35: =IF(OR('实盘净值数据(iFinD公式)'!$A35="",'实盘净值数据(iFinD公式)'!$B35=""),"",分期持仓明细!$AO$21*SUMPRODUCT(分期持仓明细!$B$21:$Y$21,'实盘净值数据(iFinD公式)'!$B35:$Y35/'实盘净值数据(iFinD公式)'!$B$25:$Y$25)*(1-实盘持仓配置!$AM$8)^(('实盘净值数据(iFinD公式)'!$A35-'实盘净值数据(iFinD公式)'!$A$5)/365)) -> 0.97719837 | O35: =IF(OR(N34="",N35=""),"",N35/N34-1) -> 0.0033834599 | P35: =IF(N35="","",N35/MAX(N$5:N35)-1) -> -0.025442813 | Q35: =IF(OR('实盘净值数据(iFinD公式)'!$A35="",'实盘净值数据(iFinD公式)'!$B35=""),"",分期持仓明细!$AO$22*SUMPRODUCT(分期持仓明细!$B$22:$Y$22,'实盘净值数据(iFinD公式)'!$B35:$Y35/'实盘净值数据(iFinD公式)'!$B$25:$Y$25)*(1-实盘持仓配置!$AM$9)^(('实盘净值数据(iFinD公式)'!$A35-'实盘净值数据(iFinD公式)'!$A$8)/365)) -> 0.93264827 | R35: =IF(OR(Q34="",Q35=""),"",Q35/Q34-1) -> 0.0088651622 | S35: =IF(Q35="","",Q35/MAX(Q$5:Q35)-1) -> -0.0754525
A36: =IF('实盘净值数据(iFinD公式)'!A36="","",'实盘净值数据(iFinD公式)'!A36) -> 46237 | B36: =IF(OR('实盘净值数据(iFinD公式)'!$A36="",'实盘净值数据(iFinD公式)'!$B36=""),"",分期持仓明细!$AO$17*SUMPRODUCT(分期持仓明细!$B$17:$Y$17,'实盘净值数据(iFinD公式)'!$B36:$Y36/'实盘净值数据(iFinD公式)'!$B$20:$Y$20)*(1-实盘持仓配置!$AM$4)^(('实盘净值数据(iFinD公式)'!$A36-'实盘净值数据(iFinD公式)'!$A$6)/365)) -> 0.69626831 | C36: =IF(OR(B35="",B36=""),"",B36/B35-1) -> -0.041278022 | D36: =IF(B36="","",B36/MAX(B$5:B36)-1) -> -0.3522169 | E36: =IF(OR('实盘净值数据(iFinD公式)'!$A36="",'实盘净值数据(iFinD公式)'!$B36=""),"",分期持仓明细!$AO$18*SUMPRODUCT(分期持仓明细!$B$18:$Y$18,'实盘净值数据(iFinD公式)'!$B36:$Y36/'实盘净值数据(iFinD公式)'!$B$20:$Y$20)*(1-实盘持仓配置!$AM$5)^(('实盘净值数据(iFinD公式)'!$A36-'实盘净值数据(iFinD公式)'!$A$5)/365)) -> 0.71222411 | F36: =IF(OR(E35="",E36=""),"",E36/E35-1) -> -0.041198216 | G36: =IF(E36="","",E36/MAX(E$5:E36)-1) -> -0.35236862 | H36: =IF(OR('实盘净值数据(iFinD公式)'!$A36="",'实盘净值数据(iFinD公式)'!$B36=""),"",分期持仓明细!$AO$19*SUMPRODUCT(分期持仓明细!$B$19:$Y$19,'实盘净值数据(iFinD公式)'!$B36:$Y36/'实盘净值数据(iFinD公式)'!$B$20:$Y$20)*(1-实盘持仓配置!$AM$6)^(('实盘净值数据(iFinD公式)'!$A36-'实盘净值数据(iFinD公式)'!$A$7)/365)) -> 0.73222495 | I36: =IF(OR(H35="",H36=""),"",H36/H35-1) -> -0.050701274 | J36: =IF(H36="","",H36/MAX(H$5:H36)-1) -> -0.34135059 | K36: =IF(OR('实盘净值数据(iFinD公式)'!$A36="",'实盘净值数据(iFinD公式)'!$B36=""),"",分期持仓明细!$AO$20*SUMPRODUCT(分期持仓明细!$B$20:$Y$20,'实盘净值数据(iFinD公式)'!$B36:$Y36/'实盘净值数据(iFinD公式)'!$B$25:$Y$25)*(1-实盘持仓配置!$AM$7)^(('实盘净值数据(iFinD公式)'!$A36-'实盘净值数据(iFinD公式)'!$A$8)/365)) -> 0.9764584 | L36: =IF(OR(K35="",K36=""),"",K36/K35-1) -> -0.002873302 | M36: =IF(K36="","",K36/MAX(K$5:K36)-1) -> -0.026726141 | N36: =IF(OR('实盘净值数据(iFinD公式)'!$A36="",'实盘净值数据(iFinD公式)'!$B36=""),"",分期持仓明细!$AO$21*SUMPRODUCT(分期持仓明细!$B$21:$Y$21,'实盘净值数据(iFinD公式)'!$B36:$Y36/'实盘净值数据(iFinD公式)'!$B$25:$Y$25)*(1-实盘持仓配置!$AM$8)^(('实盘净值数据(iFinD公式)'!$A36-'实盘净值数据(iFinD公式)'!$A$5)/365)) -> 0.974836 | O36: =IF(OR(N35="",N36=""),"",N36/N35-1) -> -0.0024174968 | P36: =IF(N36="","",N36/MAX(N$5:N36)-1) -> -0.027798802 | Q36: =IF(OR('实盘净值数据(iFinD公式)'!$A36="",'实盘净值数据(iFinD公式)'!$B36=""),"",分期持仓明细!$AO$22*SUMPRODUCT(分期持仓明细!$B$22:$Y$22,'实盘净值数据(iFinD公式)'!$B36:$Y36/'实盘净值数据(iFinD公式)'!$B$25:$Y$25)*(1-实盘持仓配置!$AM$9)^(('实盘净值数据(iFinD公式)'!$A36-'实盘净值数据(iFinD公式)'!$A$8)/365)) -> 0.92408566 | R36: =IF(OR(Q35="",Q36=""),"",Q36/Q35-1) -> -0.0091809606 | S36: =IF(Q36="","",Q36/MAX(Q$5:Q36)-1) -> -0.083940734
... A64: =IF('实盘净值数据(iFinD公式)'!A64="","",'实盘净值数据(iFinD公式)'!A64) -> 46275 | B64: =IF(OR('实盘净值数据(iFinD公式)'!$A64="",'实盘净值数据(iFinD公式)'!$B64=""),"",分期持仓明细!$AO$17*SUMPRODUCT(分期持仓明细!$B$17:$Y$17,'实盘净值数据(iFinD公式)'!$B64:$Y64/'实盘净值数据(iFinD公式)'!$B$20:$Y$20)*(1-实盘持仓配置!$AM$4)^(('实盘净值数据(iFinD公式)'!$A64-'实盘净值数据(iFinD公式)'!$A$6)/365)) -> 0.80517627 | C64: =IF(OR(B63="",B64=""),"",B64/B63-1) -> -0.0012446774 | D64: =IF(B64="","",B64/MAX(B$5:B64)-1) -> -0.25089284 | E64: =IF(OR('实盘净值数据(iFinD公式)'!$A64="",'实盘净值数据(iFinD公式)'!$B64=""),"",分期持仓明细!$AO$18*SUMPRODUCT(分期持仓明细!$B$18:$Y$18,'实盘净值数据(iFinD公式)'!$B64:$Y64/'实盘净值数据(iFinD公式)'!$B$20:$Y$20)*(1-实盘持仓配置!$AM$5)^(('实盘净值数据(iFinD公式)'!$A64-'实盘净值数据(iFinD公式)'!$A$5)/365)) -> 0.82415304 | F64: =IF(OR(E63="",E64=""),"",E64/E63-1) -> -0.00124762 | G64: =IF(E64="","",E64/MAX(E$5:E64)-1) -> -0.2505907 | H64: =IF(OR('实盘净值数据(iFinD公式)'!$A64="",'实盘净值数据(iFinD公式)'!$B64=""),"",分期持仓明细!$AO$19*SUMPRODUCT(分期持仓明细!$B$19:$Y$19,'实盘净值数据(iFinD公式)'!$B64:$Y64/'实盘净值数据(iFinD公式)'!$B$20:$Y$20)*(1-实盘持仓配置!$AM$6)^(('实盘净值数据(iFinD公式)'!$A64-'实盘净值数据(iFinD公式)'!$A$7)/365)) -> 0.81463138 | I64: =IF(OR(H63="",H64=""),"",H64/H63-1) -> -0.0038072868 | J64: =IF(H64="","",H64/MAX(H$5:H64)-1) -> -0.26722454 | K64: =IF(OR('实盘净值数据(iFinD公式)'!$A64="",'实盘净值数据(iFinD公式)'!$B64=""),"",分期持仓明细!$AO$20*SUMPRODUCT(分期持仓明细!$B$20:$Y$20,'实盘净值数据(iFinD公式)'!$B64:$Y64/'实盘净值数据(iFinD公式)'!$B$25:$Y$25)*(1-实盘持仓配置!$AM$7)^(('实盘净值数据(iFinD公式)'!$A64-'实盘净值数据(iFinD公式)'!$A$8)/365)) -> 0.99152316 | L64: =IF(OR(K63="",K64=""),"",K64/K63-1) -> -0.00062669915 | M64: =IF(K64="","",K64/MAX(K$5:K64)-1) -> -0.011710512 | N64: =IF(OR('实盘净值数据(iFinD公式)'!$A64="",'实盘净值数据(iFinD公式)'!$B64=""),"",分期持仓明细!$AO$21*SUMPRODUCT(分期持仓明细!$B$21:$Y$21,'实盘净值数据(iFinD公式)'!$B64:$Y64/'实盘净值数据(iFinD公式)'!$B$25:$Y$25)*(1-实盘持仓配置!$AM$8)^(('实盘净值数据(iFinD公式)'!$A64-'实盘净值数据(iFinD公式)'!$A$5)/365)) -> 0.99208716 | O64: =IF(OR(N63="",N64=""),"",N64/N63-1) -> -0.00049895094 | P64: =IF(N64="","",N64/MAX(N$5:N64)-1) -> -0.010594267 | Q64: =IF(OR('实盘净值数据(iFinD公式)'!$A64="",'实盘净值数据(iFinD公式)'!$B64=""),"",分期持仓明细!$AO$22*SUMPRODUCT(分期持仓明细!$B$22:$Y$22,'实盘净值数据(iFinD公式)'!$B64:$Y64/'实盘净值数据(iFinD公式)'!$B$25:$Y$25)*(1-实盘持仓配置!$AM$9)^(('实盘净值数据(iFinD公式)'!$A64-'实盘净值数据(iFinD公式)'!$A$8)/365)) -> 0.95881996 | R64: =IF(OR(Q63="",Q64=""),"",Q64/Q63-1) -> -0.0016184313 | S64: =IF(Q64="","",Q64/MAX(Q$5:Q64)-1) -> -0.049508125
A65: =IF('实盘净值数据(iFinD公式)'!A65="","",'实盘净值数据(iFinD公式)'!A65) -> 46276 | B65: =IF(OR('实盘净值数据(iFinD公式)'!$A65="",'实盘净值数据(iFinD公式)'!$B65=""),"",分期持仓明细!$AO$17*SUMPRODUCT(分期持仓明细!$B$17:$Y$17,'实盘净值数据(iFinD公式)'!$B65:$Y65/'实盘净值数据(iFinD公式)'!$B$20:$Y$20)*(1-实盘持仓配置!$AM$4)^(('实盘净值数据(iFinD公式)'!$A65-'实盘净值数据(iFinD公式)'!$A$6)/365)) -> 0.80038084 | C65: =IF(OR(B64="",B65=""),"",B65/B64-1) -> -0.0059557509 | D65: =IF(B65="","",B65/MAX(B$5:B65)-1) -> -0.25535433 | E65: =IF(OR('实盘净值数据(iFinD公式)'!$A65="",'实盘净值数据(iFinD公式)'!$B65=""),"",分期持仓明细!$AO$18*SUMPRODUCT(分期持仓明细!$B$18:$Y$18,'实盘净值数据(iFinD公式)'!$B65:$Y65/'实盘净值数据(iFinD公式)'!$B$20:$Y$20)*(1-实盘持仓配置!$AM$5)^(('实盘净值数据(iFinD公式)'!$A65-'实盘净值数据(iFinD公式)'!$A$5)/365)) -> 0.81927587 | F65: =IF(OR(E64="",E65=""),"",E65/E64-1) -> -0.0059178039 | G65: =IF(E65="","",E65/MAX(E$5:E65)-1) -> -0.25502555 | H65: =IF(OR('实盘净值数据(iFinD公式)'!$A65="",'实盘净值数据(iFinD公式)'!$B65=""),"",分期持仓明细!$AO$19*SUMPRODUCT(分期持仓明细!$B$19:$Y$19,'实盘净值数据(iFinD公式)'!$B65:$Y65/'实盘净值数据(iFinD公式)'!$B$20:$Y$20)*(1-实盘持仓配置!$AM$6)^(('实盘净值数据(iFinD公式)'!$A65-'实盘净值数据(iFinD公式)'!$A$7)/365)) -> 0.81020461 | I65: =IF(OR(H64="",H65=""),"",H65/H64-1) -> -0.0054340753 | J65: =IF(H65="","",H65/MAX(H$5:H65)-1) -> -0.2712065 | K65: =IF(OR('实盘净值数据(iFinD公式)'!$A65="",'实盘净值数据(iFinD公式)'!$B65="",'实盘净值数据(iFinD公式)'!$Z65="",'实盘净值数据(iFinD公式)'!$AA65=""),"",分期持仓明细!$AO$23*(SUMPRODUCT(分期持仓明细!$B$23:$Y$23,'实盘净值数据(iFinD公式)'!$B65:$Y65/'实盘净值数据(iFinD公式)'!$B$65:$Y$65)+SUMPRODUCT(分期持仓明细!$Z$23:$AA$23,'实盘净值数据(iFinD公式)'!$Z65:$AA65/'实盘净值数据(iFinD公式)'!$Z$65:$AA$65))*(1-实盘持仓配置!$AM$7)^(('实盘净值数据(iFinD公式)'!$A65-'实盘净值数据(iFinD公式)'!$A$8)/365)) -> 0.98931921 | L65: =IF(OR(K64="",K65=""),"",K65/K64-1) -> -0.002222801 | M65: =IF(K65="","",K65/MAX(K$5:K65)-1) -> -0.013907283 | N65: =IF(OR('实盘净值数据(iFinD公式)'!$A65="",'实盘净值数据(iFinD公式)'!$B65="",'实盘净值数据(iFinD公式)'!$Z65="",'实盘净值数据(iFinD公式)'!$AA65=""),"",分期持仓明细!$AO$24*(SUMPRODUCT(分期持仓明细!$B$24:$Y$24,'实盘净值数据(iFinD公式)'!$B65:$Y65/'实盘净值数据(iFinD公式)'!$B$65:$Y$65)+SUMPRODUCT(分期持仓明细!$Z$24:$AA$24,'实盘净值数据(iFinD公式)'!$Z65:$AA65/'实盘净值数据(iFinD公式)'!$Z$65:$AA$65))*(1-实盘持仓配置!$AM$8)^(('实盘净值数据(iFinD公式)'!$A65-'实盘净值数据(iFinD公式)'!$A$5)/365)) -> 0.98987276 | O65: =IF(OR(N64="",N65=""),"",N65/N64-1) -> -0.0022320667 | P65: =IF(N65="","",N65/MAX(N$5:N65)-1) -> -0.012802687 | Q65: =IF(OR('实盘净值数据(iFinD公式)'!$A65="",'实盘净值数据(iFinD公式)'!$B65="",'实盘净值数据(iFinD公式)'!$Z65="",'实盘净值数据(iFinD公式)'!$AA65=""),"",分期持仓明细!$AO$25*(SUMPRODUCT(分期持仓明细!$B$25:$Y$25,'实盘净值数据(iFinD公式)'!$B65:$Y65/'实盘净值数据(iFinD公式)'!$B$65:$Y$65)+SUMPRODUCT(分期持仓明细!$Z$25:$AA$25,'实盘净值数据(iFinD公式)'!$Z65:$AA65/'实盘净值数据(iFinD公式)'!$Z$65:$AA$65))*(1-实盘持仓配置!$AM$9)^(('实盘净值数据(iFinD公式)'!$A65-'实盘净值数据(iFinD公式)'!$A$8)/365)) -> 0.9536752 | R65: =IF(OR(Q64="",Q65=""),"",Q65/Q64-1) -> -0.0053657224 | S65: =IF(Q65="","",Q65/MAX(Q$5:Q65)-1) -> -0.054608201 | T65: 1
A66: =IF('实盘净值数据(iFinD公式)'!A66="","",'实盘净值数据(iFinD公式)'!A66) -> 46279 | B66: =IF(OR('实盘净值数据(iFinD公式)'!$A66="",'实盘净值数据(iFinD公式)'!$B66=""),"",分期持仓明细!$AO$17*SUMPRODUCT(分期持仓明细!$B$17:$Y$17,'实盘净值数据(iFinD公式)'!$B66:$Y66/'实盘净值数据(iFinD公式)'!$B$20:$Y$20)*(1-实盘持仓配置!$AM$4)^(('实盘净值数据(iFinD公式)'!$A66-'实盘净值数据(iFinD公式)'!$A$6)/365)) -> 0.78748331 | C66: =IF(OR(B65="",B66=""),"",B66/B65-1) -> -0.016114235 | D66: =IF(B66="","",B66/MAX(B$5:B66)-1) -> -0.26735373 | E66: =IF(OR('实盘净值数据(iFinD公式)'!$A66="",'实盘净值数据(iFinD公式)'!$B66=""),"",分期持仓明细!$AO$18*SUMPRODUCT(分期持仓明细!$B$18:$Y$18,'实盘净值数据(iFinD公式)'!$B66:$Y66/'实盘净值数据(iFinD公式)'!$B$20:$Y$20)*(1-实盘持仓配置!$AM$5)^(('实盘净值数据(iFinD公式)'!$A66-'实盘净值数据(iFinD公式)'!$A$5)/365)) -> 0.80607283 | F66: =IF(OR(E65="",E66=""),"",E66/E65-1) -> -0.016115502 | G66: =IF(E66="","",E66/MAX(E$5:E66)-1) -> -0.26703119 | H66: =IF(OR('实盘净值数据(iFinD公式)'!$A66="",'实盘净值数据(iFinD公式)'!$B66=""),"",分期持仓明细!$AO$19*SUMPRODUCT(分期持仓明细!$B$19:$Y$19,'实盘净值数据(iFinD公式)'!$B66:$Y66/'实盘净值数据(iFinD公式)'!$B$20:$Y$20)*(1-实盘持仓配置!$AM$6)^(('实盘净值数据(iFinD公式)'!$A66-'实盘净值数据(iFinD公式)'!$A$7)/365)) -> 0.79731839 | I66: =IF(OR(H65="",H66=""),"",H66/H65-1) -> -0.015904908 | J66: =IF(H66="","",H66/MAX(H$5:H66)-1) -> -0.28279789 | K66: =IF(OR('实盘净值数据(iFinD公式)'!$A66="",'实盘净值数据(iFinD公式)'!$B66="",'实盘净值数据(iFinD公式)'!$Z66="",'实盘净值数据(iFinD公式)'!$AA66=""),"",分期持仓明细!$AO$23*(SUMPRODUCT(分期持仓明细!$B$23:$Y$23,'实盘净值数据(iFinD公式)'!$B66:$Y66/'实盘净值数据(iFinD公式)'!$B$65:$Y$65)+SUMPRODUCT(分期持仓明细!$Z$23:$AA$23,'实盘净值数据(iFinD公式)'!$Z66:$AA66/'实盘净值数据(iFinD公式)'!$Z$65:$AA$65))*(1-实盘持仓配置!$AM$7)^(('实盘净值数据(iFinD公式)'!$A66-'实盘净值数据(iFinD公式)'!$A$8)/365)) -> 0.98823166 | L66: =IF(OR(K65="",K66=""),"",K66/K65-1) -> -0.001099284 | M66: =IF(K66="","",K66/MAX(K$5:K66)-1) -> -0.014991279 | N66: =IF(OR('实盘净值数据(iFinD公式)'!$A66="",'实盘净值数据(iFinD公式)'!$B66="",'实盘净值数据(iFinD公式)'!$Z66="",'实盘净值数据(iFinD公式)'!$AA66=""),"",分期持仓明细!$AO$24*(SUMPRODUCT(分期持仓明细!$B$24:$Y$24,'实盘净值数据(iFinD公式)'!$B66:$Y66/'实盘净值数据(iFinD公式)'!$B$65:$Y$65)+SUMPRODUCT(分期持仓明细!$Z$24:$AA$24,'实盘净值数据(iFinD公式)'!$Z66:$AA66/'实盘净值数据(iFinD公式)'!$Z$65:$AA$65))*(1-实盘持仓配置!$AM$8)^(('实盘净值数据(iFinD公式)'!$A66-'实盘净值数据(iFinD公式)'!$A$5)/365)) -> 0.98883695 | O66: =IF(OR(N65="",N66=""),"",N66/N65-1) -> -0.0010464027 | P66: =IF(N66="","",N66/MAX(N$5:N66)-1) -> -0.013835693 | Q66: =IF(OR('实盘净值数据(iFinD公式)'!$A66="",'实盘净值数据(iFinD公式)'!$B66="",'实盘净值数据(iFinD公式)'!$Z66="",'实盘净值数据(iFinD公式)'!$AA66=""),"",分期持仓明细!$AO$25*(SUMPRODUCT(分期持仓明细!$B$25:$Y$25,'实盘净值数据(iFinD公式)'!$B66:$Y66/'实盘净值数据(iFinD公式)'!$B$65:$Y$65)+SUMPRODUCT(分期持仓明细!$Z$25:$AA$25,'实盘净值数据(iFinD公式)'!$Z66:$AA66/'实盘净值数据(iFinD公式)'!$Z$65:$AA$65))*(1-实盘持仓配置!$AM$9)^(('实盘净值数据(iFinD公式)'!$A66-'实盘净值数据(iFinD公式)'!$A$8)/365)) -> 0.95086503 | R66: =IF(OR(Q65="",Q66=""),"",Q66/Q65-1) -> -0.0029466795 | S66: =IF(Q66="","",Q66/MAX(Q$5:Q66)-1) -> -0.057393967
A67: =IF('实盘净值数据(iFinD公式)'!A67="","",'实盘净值数据(iFinD公式)'!A67) -> 46280 | B67: =IF(OR('实盘净值数据(iFinD公式)'!$A67="",'实盘净值数据(iFinD公式)'!$B67=""),"",分期持仓明细!$AO$17*SUMPRODUCT(分期持仓明细!$B$17:$Y$17,'实盘净值数据(iFinD公式)'!$B67:$Y67/'实盘净值数据(iFinD公式)'!$B$20:$Y$20)*(1-实盘持仓配置!$AM$4)^(('实盘净值数据(iFinD公式)'!$A67-'实盘净值数据(iFinD公式)'!$A$6)/365)) -> 0.79629168 | C67: =IF(OR(B66="",B67=""),"",B67/B66-1) -> 0.011185464 | D67: =IF(B67="","",B67/MAX(B$5:B67)-1) -> -0.25915874 | E67: =IF(OR('实盘净值数据(iFinD公式)'!$A67="",'实盘净值数据(iFinD公式)'!$B67=""),"",分期持仓明细!$AO$18*SUMPRODUCT(分期持仓明细!$B$18:$Y$18,'实盘净值数据(iFinD公式)'!$B67:$Y67/'实盘净值数据(iFinD公式)'!$B$20:$Y$20)*(1-实盘持仓配置!$AM$5)^(('实盘净值数据(iFinD公式)'!$A67-'实盘净值数据(iFinD公式)'!$A$5)/365)) -> 0.81506943 | F67: =IF(OR(E66="",E67=""),"",E67/E66-1) -> 0.011161026 | G67: =IF(E67="","",E67/MAX(E$5:E67)-1) -> -0.25885051 | H67: =IF(OR('实盘净值数据(iFinD公式)'!$A67="",'实盘净值数据(iFinD公式)'!$B67=""),"",分期持仓明细!$AO$19*SUMPRODUCT(分期持仓明细!$B$19:$Y$19,'实盘净值数据(iFinD公式)'!$B67:$Y67/'实盘净值数据(iFinD公式)'!$B$20:$Y$20)*(1-实盘持仓配置!$AM$6)^(('实盘净值数据(iFinD公式)'!$A67-'实盘净值数据(iFinD公式)'!$A$7)/365)) -> 0.80809182 | I67: =IF(OR(H66="",H67=""),"",H67/H66-1) -> 0.013512087 | J67: =IF(H67="","",H67/MAX(H$5:H67)-1) -> -0.273107 | K67: =IF(OR('实盘净值数据(iFinD公式)'!$A67="",'实盘净值数据(iFinD公式)'!$B67="",'实盘净值数据(iFinD公式)'!$Z67="",'实盘净值数据(iFinD公式)'!$AA67=""),"",分期持仓明细!$AO$23*(SUMPRODUCT(分期持仓明细!$B$23:$Y$23,'实盘净值数据(iFinD公式)'!$B67:$Y67/'实盘净值数据(iFinD公式)'!$B$65:$Y$65)+SUMPRODUCT(分期持仓明细!$Z$23:$AA$23,'实盘净值数据(iFinD公式)'!$Z67:$AA67/'实盘净值数据(iFinD公式)'!$Z$65:$AA$65))*(1-实盘持仓配置!$AM$7)^(('实盘净值数据(iFinD公式)'!$A67-'实盘净值数据(iFinD公式)'!$A$8)/365)) -> 0.98844991 | L67: =IF(OR(K66="",K67=""),"",K67/K66-1) -> 0.00022084757 | M67: =IF(K67="","",K67/MAX(K$5:K67)-1) -> -0.014773742 | N67: =IF(OR('实盘净值数据(iFinD公式)'!$A67="",'实盘净值数据(iFinD公式)'!$B67="",'实盘净值数据(iFinD公式)'!$Z67="",'实盘净值数据(iFinD公式)'!$AA67=""),"",分期持仓明细!$AO$24*(SUMPRODUCT(分期持仓明细!$B$24:$Y$24,'实盘净值数据(iFinD公式)'!$B67:$Y67/'实盘净值数据(iFinD公式)'!$B$65:$Y$65)+SUMPRODUCT(分期持仓明细!$Z$24:$AA$24,'实盘净值数据(iFinD公式)'!$Z67:$AA67/'实盘净值数据(iFinD公式)'!$Z$65:$AA$65))*(1-实盘持仓配置!$AM$8)^(('实盘净值数据(iFinD公式)'!$A67-'实盘净值数据(iFinD公式)'!$A$5)/365)) -> 0.98910215 | O67: =IF(OR(N66="",N67=""),"",N67/N66-1) -> 0.00026819284 | P67: =IF(N67="","",N67/MAX(N$5:N67)-1) -> -0.013571211 | Q67: =IF(OR('实盘净值数据(iFinD公式)'!$A67="",'实盘净值数据(iFinD公式)'!$B67="",'实盘净值数据(iFinD公式)'!$Z67="",'实盘净值数据(iFinD公式)'!$AA67=""),"",分期持仓明细!$AO$25*(SUMPRODUCT(分期持仓明细!$B$25:$Y$25,'实盘净值数据(iFinD公式)'!$B67:$Y67/'实盘净值数据(iFinD公式)'!$B$65:$Y$65)+SUMPRODUCT(分期持仓明细!$Z$25:$AA$25,'实盘净值数据(iFinD公式)'!$Z67:$AA67/'实盘净值数据(iFinD公式)'!$Z$65:$AA$65))*(1-实盘持仓配置!$AM$9)^(('实盘净值数据(iFinD公式)'!$A67-'实盘净值数据(iFinD公式)'!$A$8)/365)) -> 0.95140352 | R67: =IF(OR(Q66="",Q67=""),"",Q67/Q66-1) -> 0.00056632258 | S67: =IF(Q67="","",Q67/MAX(Q$5:Q67)-1) -> -0.056860148
A68: =IF('实盘净值数据(iFinD公式)'!A68="","",'实盘净值数据(iFinD公式)'!A68) -> 46281 | B68: =IF(OR('实盘净值数据(iFinD公式)'!$A68="",'实盘净值数据(iFinD公式)'!$B68=""),"",分期持仓明细!$AO$17*SUMPRODUCT(分期持仓明细!$B$17:$Y$17,'实盘净值数据(iFinD公式)'!$B68:$Y68/'实盘净值数据(iFinD公式)'!$B$20:$Y$20)*(1-实盘持仓配置!$AM$4)^(('实盘净值数据(iFinD公式)'!$A68-'实盘净值数据(iFinD公式)'!$A$6)/365)) -> 0.831691 | C68: =IF(OR(B67="",B68=""),"",B68/B67-1) -> 0.044455222 | D68: =IF(B68="","",B68/MAX(B$5:B68)-1) -> -0.22622448 | E68: =IF(OR('实盘净值数据(iFinD公式)'!$A68="",'实盘净值数据(iFinD公式)'!$B68=""),"",分期持仓明细!$AO$18*SUMPRODUCT(分期持仓明细!$B$18:$Y$18,'实盘净值数据(iFinD公式)'!$B68:$Y68/'实盘净值数据(iFinD公式)'!$B$20:$Y$20)*(1-实盘持仓配置!$AM$5)^(('实盘净值数据(iFinD公式)'!$A68-'实盘净值数据(iFinD公式)'!$A$5)/365)) -> 0.85134101 | F68: =IF(OR(E67="",E68=""),"",E68/E67-1) -> 0.044501221 | G68: =IF(E68="","",E68/MAX(E$5:E68)-1) -> -0.22586845 | H68: =IF(OR('实盘净值数据(iFinD公式)'!$A68="",'实盘净值数据(iFinD公式)'!$B68=""),"",分期持仓明细!$AO$19*SUMPRODUCT(分期持仓明细!$B$19:$Y$19,'实盘净值数据(iFinD公式)'!$B68:$Y68/'实盘净值数据(iFinD公式)'!$B$20:$Y$20)*(1-实盘持仓配置!$AM$6)^(('实盘净值数据(iFinD公式)'!$A68-'实盘净值数据(iFinD公式)'!$A$7)/365)) -> 0.84193341 | I68: =IF(OR(H67="",H68=""),"",H68/H67-1) -> 0.041878402 | J68: =IF(H68="","",H68/MAX(H$5:H68)-1) -> -0.24266588 | K68: =IF(OR('实盘净值数据(iFinD公式)'!$A68="",'实盘净值数据(iFinD公式)'!$B68="",'实盘净值数据(iFinD公式)'!$Z68="",'实盘净值数据(iFinD公式)'!$AA68=""),"",分期持仓明细!$AO$23*(SUMPRODUCT(分期持仓明细!$B$23:$Y$23,'实盘净值数据(iFinD公式)'!$B68:$Y68/'实盘净值数据(iFinD公式)'!$B$65:$Y$65)+SUMPRODUCT(分期持仓明细!$Z$23:$AA$23,'实盘净值数据(iFinD公式)'!$Z68:$AA68/'实盘净值数据(iFinD公式)'!$Z$65:$AA$65))*(1-实盘持仓配置!$AM$7)^(('实盘净值数据(iFinD公式)'!$A68-'实盘净值数据(iFinD公式)'!$A$8)/365)) -> 0.99202542 | L68: =IF(OR(K67="",K68=""),"",K68/K67-1) -> 0.0036172848 | M68: =IF(K68="","",K68/MAX(K$5:K68)-1) -> -0.011209898 | N68: =IF(OR('实盘净值数据(iFinD公式)'!$A68="",'实盘净值数据(iFinD公式)'!$B68="",'实盘净值数据(iFinD公式)'!$Z68="",'实盘净值数据(iFinD公式)'!$AA68=""),"",分期持仓明细!$AO$24*(SUMPRODUCT(分期持仓明细!$B$24:$Y$24,'实盘净值数据(iFinD公式)'!$B68:$Y68/'实盘净值数据(iFinD公式)'!$B$65:$Y$65)+SUMPRODUCT(分期持仓明细!$Z$24:$AA$24,'实盘净值数据(iFinD公式)'!$Z68:$AA68/'实盘净值数据(iFinD公式)'!$Z$65:$AA$65))*(1-实盘持仓配置!$AM$8)^(('实盘净值数据(iFinD公式)'!$A68-'实盘净值数据(iFinD公式)'!$A$5)/365)) -> 0.99285115 | O68: =IF(OR(N67="",N68=""),"",N68/N67-1) -> 0.0037903091 | P68: =IF(N68="","",N68/MAX(N$5:N68)-1) -> -0.0098323407 | Q68: =IF(OR('实盘净值数据(iFinD公式)'!$A68="",'实盘净值数据(iFinD公式)'!$B68="",'实盘净值数据(iFinD公式)'!$Z68="",'实盘净值数据(iFinD公式)'!$AA68=""),"",分期持仓明细!$AO$25*(SUMPRODUCT(分期持仓明细!$B$25:$Y$25,'实盘净值数据(iFinD公式)'!$B68:$Y68/'实盘净值数据(iFinD公式)'!$B$65:$Y$65)+SUMPRODUCT(分期持仓明细!$Z$25:$AA$25,'实盘净值数据(iFinD公式)'!$Z68:$AA68/'实盘净值数据(iFinD公式)'!$Z$65:$AA$65))*(1-实盘持仓配置!$AM$9)^(('实盘净值数据(iFinD公式)'!$A68-'实盘净值数据(iFinD公式)'!$A$8)/365)) -> 0.96088568 | R68: =IF(OR(Q67="",Q68=""),"",Q68/Q67-1) -> 0.0099664972 | S68: =IF(Q68="","",Q68/MAX(Q$5:Q68)-1) -> -0.047460348
A69: =IF('实盘净值数据(iFinD公式)'!A69="","",'实盘净值数据(iFinD公式)'!A69) -> 46282 | B69: =IF(OR('实盘净值数据(iFinD公式)'!$A69="",'实盘净值数据(iFinD公式)'!$B69=""),"",分期持仓明细!$AO$17*SUMPRODUCT(分期持仓明细!$B$17:$Y$17,'实盘净值数据(iFinD公式)'!$B69:$Y69/'实盘净值数据(iFinD公式)'!$B$20:$Y$20)*(1-实盘持仓配置!$AM$4)^(('实盘净值数据(iFinD公式)'!$A69-'实盘净值数据(iFinD公式)'!$A$6)/365)) -> 0.8337151 | C69: =IF(OR(B68="",B69=""),"",B69/B68-1) -> 0.0024337095 | D69: =IF(B69="","",B69/MAX(B$5:B69)-1) -> -0.22434133 | E69: =IF(OR('实盘净值数据(iFinD公式)'!$A69="",'实盘净值数据(iFinD公式)'!$B69=""),"",分期持仓明细!$AO$18*SUMPRODUCT(分期持仓明细!$B$18:$Y$18,'实盘净值数据(iFinD公式)'!$B69:$Y69/'实盘净值数据(iFinD公式)'!$B$20:$Y$20)*(1-实盘持仓配置!$AM$5)^(('实盘净值数据(iFinD公式)'!$A69-'实盘净值数据(iFinD公式)'!$A$5)/365)) -> 0.85341019 | F69: =IF(OR(E68="",E69=""),"",E69/E68-1) -> 0.0024304991 | G69: =IF(E69="","",E69/MAX(E$5:E69)-1) -> -0.22398692 | H69: =IF(OR('实盘净值数据(iFinD公式)'!$A69="",'实盘净值数据(iFinD公式)'!$B69=""),"",分期持仓明细!$AO$19*SUMPRODUCT(分期持仓明细!$B$19:$Y$19,'实盘净值数据(iFinD公式)'!$B69:$Y69/'实盘净值数据(iFinD公式)'!$B$20:$Y$20)*(1-实盘持仓配置!$AM$6)^(('实盘净值数据(iFinD公式)'!$A69-'实盘净值数据(iFinD公式)'!$A$7)/365)) -> 0.84306322 | I69: =IF(OR(H68="",H69=""),"",H69/H68-1) -> 0.0013419175 | J69: =IF(H69="","",H69/MAX(H$5:H69)-1) -> -0.2416496 | K69: =IF(OR('实盘净值数据(iFinD公式)'!$A69="",'实盘净值数据(iFinD公式)'!$B69="",'实盘净值数据(iFinD公式)'!$Z69="",'实盘净值数据(iFinD公式)'!$AA69=""),"",分期持仓明细!$AO$23*(SUMPRODUCT(分期持仓明细!$B$23:$Y$23,'实盘净值数据(iFinD公式)'!$B69:$Y69/'实盘净值数据(iFinD公式)'!$B$65:$Y$65)+SUMPRODUCT(分期持仓明细!$Z$23:$AA$23,'实盘净值数据(iFinD公式)'!$Z69:$AA69/'实盘净值数据(iFinD公式)'!$Z$65:$AA$65))*(1-实盘持仓配置!$AM$7)^(('实盘净值数据(iFinD公式)'!$A69-'实盘净值数据(iFinD公式)'!$A$8)/365)) -> 0.99206907 | L69: =IF(OR(K68="",K69=""),"",K69/K68-1) -> 4.4001716e-05 | M69: =IF(K69="","",K69/MAX(K$5:K69)-1) -> -0.01116639 | N69: =IF(OR('实盘净值数据(iFinD公式)'!$A69="",'实盘净值数据(iFinD公式)'!$B69="",'实盘净值数据(iFinD公式)'!$Z69="",'实盘净值数据(iFinD公式)'!$AA69=""),"",分期持仓明细!$AO$24*(SUMPRODUCT(分期持仓明细!$B$24:$Y$24,'实盘净值数据(iFinD公式)'!$B69:$Y69/'实盘净值数据(iFinD公式)'!$B$65:$Y$65)+SUMPRODUCT(分期持仓明细!$Z$24:$AA$24,'实盘净值数据(iFinD公式)'!$Z69:$AA69/'实盘净值数据(iFinD公式)'!$Z$65:$AA$65))*(1-实盘持仓配置!$AM$8)^(('实盘净值数据(iFinD公式)'!$A69-'实盘净值数据(iFinD公式)'!$A$5)/365)) -> 0.99300441 | O69: =IF(OR(N68="",N69=""),"",N69/N68-1) -> 0.00015436164 | P69: =IF(N69="","",N69/MAX(N$5:N69)-1) -> -0.0096794968 | Q69: =IF(OR('实盘净值数据(iFinD公式)'!$A69="",'实盘净值数据(iFinD公式)'!$B69="",'实盘净值数据(iFinD公式)'!$Z69="",'实盘净值数据(iFinD公式)'!$AA69=""),"",分期持仓明细!$AO$25*(SUMPRODUCT(分期持仓明细!$B$25:$Y$25,'实盘净值数据(iFinD公式)'!$B69:$Y69/'实盘净值数据(iFinD公式)'!$B$65:$Y$65)+SUMPRODUCT(分期持仓明细!$Z$25:$AA$25,'实盘净值数据(iFinD公式)'!$Z69:$AA69/'实盘净值数据(iFinD公式)'!$Z$65:$AA$65))*(1-实盘持仓配置!$AM$9)^(('实盘净值数据(iFinD公式)'!$A69-'实盘净值数据(iFinD公式)'!$A$8)/365)) -> 0.96089765 | R69: =IF(OR(Q68="",Q69=""),"",Q69/Q68-1) -> 1.2451614e-05 | S69: =IF(Q69="","",Q69/MAX(Q$5:Q69)-1) -> -0.047448487 | T69: 1 | U69: =IF(OR(T68="",T69=""),"",T69/T68-1) | V69: =IF(T69="","",T69/MAX(T$5:T69)-1) -> 0
A70: =IF('实盘净值数据(iFinD公式)'!A70="","",'实盘净值数据(iFinD公式)'!A70) -> 46283 | B70: =IF(OR('实盘净值数据(iFinD公式)'!$A70="",'实盘净值数据(iFinD公式)'!$B70=""),"",分期持仓明细!$AO$17*SUMPRODUCT(分期持仓明细!$B$17:$Y$17,'实盘净值数据(iFinD公式)'!$B70:$Y70/'实盘净值数据(iFinD公式)'!$B$20:$Y$20)*(1-实盘持仓配置!$AM$4)^(('实盘净值数据(iFinD公式)'!$A70-'实盘净值数据(iFinD公式)'!$A$6)/365)) -> 0.85802852 | C70: =IF(OR(B69="",B70=""),"",B70/B69-1) -> 0.029162749 | D70: =IF(B70="","",B70/MAX(B$5:B70)-1) -> -0.20172099 | E70: =IF(OR('实盘净值数据(iFinD公式)'!$A70="",'实盘净值数据(iFinD公式)'!$B70=""),"",分期持仓明细!$AO$18*SUMPRODUCT(分期持仓明细!$B$18:$Y$18,'实盘净值数据(iFinD公式)'!$B70:$Y70/'实盘净值数据(iFinD公式)'!$B$20:$Y$20)*(1-实盘持仓配置!$AM$5)^(('实盘净值数据(iFinD公式)'!$A70-'实盘净值数据(iFinD公式)'!$A$5)/365)) -> 0.87831303 | F70: =IF(OR(E69="",E70=""),"",E70/E69-1) -> 0.02918038 | G70: =IF(E70="","",E70/MAX(E$5:E70)-1) -> -0.20134257 | H70: =IF(OR('实盘净值数据(iFinD公式)'!$A70="",'实盘净值数据(iFinD公式)'!$B70=""),"",分期持仓明细!$AO$19*SUMPRODUCT(分期持仓明细!$B$19:$Y$19,'实盘净值数据(iFinD公式)'!$B70:$Y70/'实盘净值数据(iFinD公式)'!$B$20:$Y$20)*(1-实盘持仓配置!$AM$6)^(('实盘净值数据(iFinD公式)'!$A70-'实盘净值数据(iFinD公式)'!$A$7)/365)) -> 0.86909518 | I70: =IF(OR(H69="",H70=""),"",H70/H69-1) -> 0.03087783 | J70: =IF(H70="","",H70/MAX(H$5:H70)-1) -> -0.21823338 | K70: =IF(OR('实盘净值数据(iFinD公式)'!$A70="",'实盘净值数据(iFinD公式)'!$B70="",'实盘净值数据(iFinD公式)'!$Z70="",'实盘净值数据(iFinD公式)'!$AA70=""),"",分期持仓明细!$AO$23*(SUMPRODUCT(分期持仓明细!$B$23:$Y$23,'实盘净值数据(iFinD公式)'!$B70:$Y70/'实盘净值数据(iFinD公式)'!$B$65:$Y$65)+SUMPRODUCT(分期持仓明细!$Z$23:$AA$23,'实盘净值数据(iFinD公式)'!$Z70:$AA70/'实盘净值数据(iFinD公式)'!$Z$65:$AA$65))*(1-实盘持仓配置!$AM$7)^(('实盘净值数据(iFinD公式)'!$A70-'实盘净值数据(iFinD公式)'!$A$8)/365)) -> 0.99564029 | L70: =IF(OR(K69="",K70=""),"",K70/K69-1) -> 0.0035997764 | M70: =IF(K70="","",K70/MAX(K$5:K70)-1) -> -0.0076068096 | N70: =IF(OR('实盘净值数据(iFinD公式)'!$A70="",'实盘净值数据(iFinD公式)'!$B70="",'实盘净值数据(iFinD公式)'!$Z70="",'实盘净值数据(iFinD公式)'!$AA70=""),"",分期持仓明细!$AO$24*(SUMPRODUCT(分期持仓明细!$B$24:$Y$24,'实盘净值数据(iFinD公式)'!$B70:$Y70/'实盘净值数据(iFinD公式)'!$B$65:$Y$65)+SUMPRODUCT(分期持仓明细!$Z$24:$AA$24,'实盘净值数据(iFinD公式)'!$Z70:$AA70/'实盘净值数据(iFinD公式)'!$Z$65:$AA$65))*(1-实盘持仓配置!$AM$8)^(('实盘净值数据(iFinD公式)'!$A70-'实盘净值数据(iFinD公式)'!$A$5)/365)) -> 0.99657917 | O70: =IF(OR(N69="",N70=""),"",N70/N69-1) -> 0.0035999481 | P70: =IF(N70="","",N70/MAX(N$5:N70)-1) -> -0.0061143944 | Q70: =IF(OR('实盘净值数据(iFinD公式)'!$A70="",'实盘净值数据(iFinD公式)'!$B70="",'实盘净值数据(iFinD公式)'!$Z70="",'实盘净值数据(iFinD公式)'!$AA70=""),"",分期持仓明细!$AO$25*(SUMPRODUCT(分期持仓明细!$B$25:$Y$25,'实盘净值数据(iFinD公式)'!$B70:$Y70/'实盘净值数据(iFinD公式)'!$B$65:$Y$65)+SUMPRODUCT(分期持仓明细!$Z$25:$AA$25,'实盘净值数据(iFinD公式)'!$Z70:$AA70/'实盘净值数据(iFinD公式)'!$Z$65:$AA$65))*(1-实盘持仓配置!$AM$9)^(('实盘净值数据(iFinD公式)'!$A70-'实盘净值数据(iFinD公式)'!$A$8)/365)) -> 0.96971929 | R70: =IF(OR(Q69="",Q70=""),"",Q70/Q69-1) -> 0.0091806265 | S70: =IF(Q70="","",Q70/MAX(Q$5:Q70)-1) -> -0.038703467 | T70: =IF(OR('实盘净值数据(iFinD公式)'!$A70="",'实盘净值数据(iFinD公式)'!$B70="",'实盘净值数据(iFinD公式)'!$Z70="",'实盘净值数据(iFinD公式)'!$AA70="",'实盘净值数据(iFinD公式)'!$AB70="",'实盘净值数据(iFinD公式)'!$AL70=""),"",(SUMPRODUCT(分期持仓明细!$B$26:$Y$26,'实盘净值数据(iFinD公式)'!$B70:$Y70/'实盘净值数据(iFinD公式)'!$B$69:$Y$69)+SUMPRODUCT(分期持仓明细!$Z$26:$AA$26,'实盘净值数据(iFinD公式)'!$Z70:$AA70/'实盘净值数据(iFinD公式)'!$Z$69:$AA$69)+SUMPRODUCT(分期持仓明细!$AB$26:$AL$26,'实盘净值数据(iFinD公式)'!$AB70:$AL70/'实盘净值数据(iFinD公式)'!$AB$69:$AL$69))*(1-实盘持仓配置!$AM$10)^(('实盘净值数据(iFinD公式)'!$A70-'实盘净值数据(iFinD公式)'!$A$69)/365)) -> 1.0028197 | U70: =IF(OR(T69="",T70=""),"",T70/T69-1) -> 0.0028197191 | V70: =IF(T70="","",T70/MAX(T$5:T70)-1) -> 0
A71: =IF('实盘净值数据(iFinD公式)'!A71="","",'实盘净值数据(iFinD公式)'!A71) -> 46286 | B71: =IF(OR('实盘净值数据(iFinD公式)'!$A71="",'实盘净值数据(iFinD公式)'!$B71=""),"",分期持仓明细!$AO$17*SUMPRODUCT(分期持仓明细!$B$17:$Y$17,'实盘净值数据(iFinD公式)'!$B71:$Y71/'实盘净值数据(iFinD公式)'!$B$20:$Y$20)*(1-实盘持仓配置!$AM$4)^(('实盘净值数据(iFinD公式)'!$A71-'实盘净值数据(iFinD公式)'!$A$6)/365)) -> 0.85764384 | C71: =IF(OR(B70="",B71=""),"",B71/B70-1) -> -0.00044833981 | D71: =IF(B71="","",B71/MAX(B$5:B71)-1) -> -0.20207889 | E71: =IF(OR('实盘净值数据(iFinD公式)'!$A71="",'实盘净值数据(iFinD公式)'!$B71=""),"",分期持仓明细!$AO$18*SUMPRODUCT(分期持仓明细!$B$18:$Y$18,'实盘净值数据(iFinD公式)'!$B71:$Y71/'实盘净值数据(iFinD公式)'!$B$20:$Y$20)*(1-实盘持仓配置!$AM$5)^(('实盘净值数据(iFinD公式)'!$A71-'实盘净值数据(iFinD公式)'!$A$5)/365)) -> 0.87795481 | F71: =IF(OR(E70="",E71=""),"",E71/E70-1) -> -0.0004078476 | G71: =IF(E71="","",E71/MAX(E$5:E71)-1) -> -0.2016683 | H71: =IF(OR('实盘净值数据(iFinD公式)'!$A71="",'实盘净值数据(iFinD公式)'!$B71=""),"",分期持仓明细!$AO$19*SUMPRODUCT(分期持仓明细!$B$19:$Y$19,'实盘净值数据(iFinD公式)'!$B71:$Y71/'实盘净值数据(iFinD公式)'!$B$20:$Y$20)*(1-实盘持仓配置!$AM$6)^(('实盘净值数据(iFinD公式)'!$A71-'实盘净值数据(iFinD公式)'!$A$7)/365)) -> 0.86863658 | I71: =IF(OR(H70="",H71=""),"",H71/H70-1) -> -0.0005276778 | J71: =IF(H71="","",H71/MAX(H$5:H71)-1) -> -0.2186459 | K71: =IF(OR('实盘净值数据(iFinD公式)'!$A71="",'实盘净值数据(iFinD公式)'!$B71="",'实盘净值数据(iFinD公式)'!$Z71="",'实盘净值数据(iFinD公式)'!$AA71=""),"",分期持仓明细!$AO$23*(SUMPRODUCT(分期持仓明细!$B$23:$Y$23,'实盘净值数据(iFinD公式)'!$B71:$Y71/'实盘净值数据(iFinD公式)'!$B$65:$Y$65)+SUMPRODUCT(分期持仓明细!$Z$23:$AA$23,'实盘净值数据(iFinD公式)'!$Z71:$AA71/'实盘净值数据(iFinD公式)'!$Z$65:$AA$65))*(1-实盘持仓配置!$AM$7)^(('实盘净值数据(iFinD公式)'!$A71-'实盘净值数据(iFinD公式)'!$A$8)/365)) -> 0.99605293 | L71: =IF(OR(K70="",K71=""),"",K71/K70-1) -> 0.0004144415 | M71: =IF(K71="","",K71/MAX(K$5:K71)-1) -> -0.0071955207 | N71: =IF(OR('实盘净值数据(iFinD公式)'!$A71="",'实盘净值数据(iFinD公式)'!$B71="",'实盘净值数据(iFinD公式)'!$Z71="",'实盘净值数据(iFinD公式)'!$AA71=""),"",分期持仓明细!$AO$24*(SUMPRODUCT(分期持仓明细!$B$24:$Y$24,'实盘净值数据(iFinD公式)'!$B71:$Y71/'实盘净值数据(iFinD公式)'!$B$65:$Y$65)+SUMPRODUCT(分期持仓明细!$Z$24:$AA$24,'实盘净值数据(iFinD公式)'!$Z71:$AA71/'实盘净值数据(iFinD公式)'!$Z$65:$AA$65))*(1-实盘持仓配置!$AM$8)^(('实盘净值数据(iFinD公式)'!$A71-'实盘净值数据(iFinD公式)'!$A$5)/365)) -> 0.99696347 | O71: =IF(OR(N70="",N71=""),"",N71/N70-1) -> 0.00038561204 | P71: =IF(N71="","",N71/MAX(N$5:N71)-1) -> -0.0057311402 | Q71: =IF(OR('实盘净值数据(iFinD公式)'!$A71="",'实盘净值数据(iFinD公式)'!$B71="",'实盘净值数据(iFinD公式)'!$Z71="",'实盘净值数据(iFinD公式)'!$AA71=""),"",分期持仓明细!$AO$25*(SUMPRODUCT(分期持仓明细!$B$25:$Y$25,'实盘净值数据(iFinD公式)'!$B71:$Y71/'实盘净值数据(iFinD公式)'!$B$65:$Y$65)+SUMPRODUCT(分期持仓明细!$Z$25:$AA$25,'实盘净值数据(iFinD公式)'!$Z71:$AA71/'实盘净值数据(iFinD公式)'!$Z$65:$AA$65))*(1-实盘持仓配置!$AM$9)^(('实盘净值数据(iFinD公式)'!$A71-'实盘净值数据(iFinD公式)'!$A$8)/365)) -> 0.97058693 | R71: =IF(OR(Q70="",Q71=""),"",Q71/Q70-1) -> 0.00089473523 | S71: =IF(Q71="","",Q71/MAX(Q$5:Q71)-1) -> -0.037843361 | T71: =IF(OR('实盘净值数据(iFinD公式)'!$A71="",'实盘净值数据(iFinD公式)'!$B71="",'实盘净值数据(iFinD公式)'!$Z71="",'实盘净值数据(iFinD公式)'!$AA71="",'实盘净值数据(iFinD公式)'!$AB71="",'实盘净值数据(iFinD公式)'!$AL71=""),"",(SUMPRODUCT(分期持仓明细!$B$26:$Y$26,'实盘净值数据(iFinD公式)'!$B71:$Y71/'实盘净值数据(iFinD公式)'!$B$69:$Y$69)+SUMPRODUCT(分期持仓明细!$Z$26:$AA$26,'实盘净值数据(iFinD公式)'!$Z71:$AA71/'实盘净值数据(iFinD公式)'!$Z$69:$AA$69)+SUMPRODUCT(分期持仓明细!$AB$26:$AL$26,'实盘净值数据(iFinD公式)'!$AB71:$AL71/'实盘净值数据(iFinD公式)'!$AB$69:$AL$69))*(1-实盘持仓配置!$AM$10)^(('实盘净值数据(iFinD公式)'!$A71-'实盘净值数据(iFinD公式)'!$A$69)/365)) -> 1.0039615 | U71: =IF(OR(T70="",T71=""),"",T71/T70-1) -> 0.0011386187 | V71: =IF(T71="","",T71/MAX(T$5:T71)-1) -> 0
A72: =IF('实盘净值数据(iFinD公式)'!A72="","",'实盘净值数据(iFinD公式)'!A72) -> 46287 | B72: =IF(OR('实盘净值数据(iFinD公式)'!$A72="",'实盘净值数据(iFinD公式)'!$B72=""),"",分期持仓明细!$AO$17*SUMPRODUCT(分期持仓明细!$B$17:$Y$17,'实盘净值数据(iFinD公式)'!$B72:$Y72/'实盘净值数据(iFinD公式)'!$B$20:$Y$20)*(1-实盘持仓配置!$AM$4)^(('实盘净值数据(iFinD公式)'!$A72-'实盘净值数据(iFinD公式)'!$A$6)/365)) -> 0.84824869 | C72: =IF(OR(B71="",B72=""),"",B72/B71-1) -> -0.010954605 | D72: =IF(B72="","",B72/MAX(B$5:B72)-1) -> -0.2108198 | E72: =IF(OR('实盘净值数据(iFinD公式)'!$A72="",'实盘净值数据(iFinD公式)'!$B72=""),"",分期持仓明细!$AO$18*SUMPRODUCT(分期持仓明细!$B$18:$Y$18,'实盘净值数据(iFinD公式)'!$B72:$Y72/'实盘净值数据(iFinD公式)'!$B$20:$Y$20)*(1-实盘持仓配置!$AM$5)^(('实盘净值数据(iFinD公式)'!$A72-'实盘净值数据(iFinD公式)'!$A$5)/365)) -> 0.86833244 | F72: =IF(OR(E71="",E72=""),"",E72/E71-1) -> -0.010959982 | G72: =IF(E72="","",E72/MAX(E$5:E72)-1) -> -0.210418 | H72: =IF(OR('实盘净值数据(iFinD公式)'!$A72="",'实盘净值数据(iFinD公式)'!$B72=""),"",分期持仓明细!$AO$19*SUMPRODUCT(分期持仓明细!$B$19:$Y$19,'实盘净值数据(iFinD公式)'!$B72:$Y72/'实盘净值数据(iFinD公式)'!$B$20:$Y$20)*(1-实盘持仓配置!$AM$6)^(('实盘净值数据(iFinD公式)'!$A72-'实盘净值数据(iFinD公式)'!$A$7)/365)) -> 0.86059487 | I72: =IF(OR(H71="",H72=""),"",H72/H71-1) -> -0.0092578487 | J72: =IF(H72="","",H72/MAX(H$5:H72)-1) -> -0.22587956 | K72: =IF(OR('实盘净值数据(iFinD公式)'!$A72="",'实盘净值数据(iFinD公式)'!$B72="",'实盘净值数据(iFinD公式)'!$Z72="",'实盘净值数据(iFinD公式)'!$AA72=""),"",分期持仓明细!$AO$23*(SUMPRODUCT(分期持仓明细!$B$23:$Y$23,'实盘净值数据(iFinD公式)'!$B72:$Y72/'实盘净值数据(iFinD公式)'!$B$65:$Y$65)+SUMPRODUCT(分期持仓明细!$Z$23:$AA$23,'实盘净值数据(iFinD公式)'!$Z72:$AA72/'实盘净值数据(iFinD公式)'!$Z$65:$AA$65))*(1-实盘持仓配置!$AM$7)^(('实盘净值数据(iFinD公式)'!$A72-'实盘净值数据(iFinD公式)'!$A$8)/365)) -> 0.99556491 | L72: =IF(OR(K71="",K72=""),"",K72/K71-1) -> -0.00048995526 | M72: =IF(K72="","",K72/MAX(K$5:K72)-1) -> -0.0076819505 | N72: =IF(OR('实盘净值数据(iFinD公式)'!$A72="",'实盘净值数据(iFinD公式)'!$B72="",'实盘净值数据(iFinD公式)'!$Z72="",'实盘净值数据(iFinD公式)'!$AA72=""),"",分期持仓明细!$AO$24*(SUMPRODUCT(分期持仓明细!$B$24:$Y$24,'实盘净值数据(iFinD公式)'!$B72:$Y72/'实盘净值数据(iFinD公式)'!$B$65:$Y$65)+SUMPRODUCT(分期持仓明细!$Z$24:$AA$24,'实盘净值数据(iFinD公式)'!$Z72:$AA72/'实盘净值数据(iFinD公式)'!$Z$65:$AA$65))*(1-实盘持仓配置!$AM$8)^(('实盘净值数据(iFinD公式)'!$A72-'实盘净值数据(iFinD公式)'!$A$5)/365)) -> 0.99637449 | O72: =IF(OR(N71="",N72=""),"",N72/N71-1) -> -0.00059077143 | P72: =IF(N72="","",N72/MAX(N$5:N72)-1) -> -0.0063185258 | Q72: =IF(OR('实盘净值数据(iFinD公式)'!$A72="",'实盘净值数据(iFinD公式)'!$B72="",'实盘净值数据(iFinD公式)'!$Z72="",'实盘净值数据(iFinD公式)'!$AA72=""),"",分期持仓明细!$AO$25*(SUMPRODUCT(分期持仓明细!$B$25:$Y$25,'实盘净值数据(iFinD公式)'!$B72:$Y72/'实盘净值数据(iFinD公式)'!$B$65:$Y$65)+SUMPRODUCT(分期持仓明细!$Z$25:$AA$25,'实盘净值数据(iFinD公式)'!$Z72:$AA72/'实盘净值数据(iFinD公式)'!$Z$65:$AA$65))*(1-实盘持仓配置!$AM$9)^(('实盘净值数据(iFinD公式)'!$A72-'实盘净值数据(iFinD公式)'!$A$8)/365)) -> 0.96860589 | R72: =IF(OR(Q71="",Q72=""),"",Q72/Q71-1) -> -0.0020410774 | S72: =IF(Q72="","",Q72/MAX(Q$5:Q72)-1) -> -0.039807198 | T72: =IF(OR('实盘净值数据(iFinD公式)'!$A72="",'实盘净值数据(iFinD公式)'!$B72="",'实盘净值数据(iFinD公式)'!$Z72="",'实盘净值数据(iFinD公式)'!$AA72="",'实盘净值数据(iFinD公式)'!$AB72="",'实盘净值数据(iFinD公式)'!$AL72=""),"",(SUMPRODUCT(分期持仓明细!$B$26:$Y$26,'实盘净值数据(iFinD公式)'!$B72:$Y72/'实盘净值数据(iFinD公式)'!$B$69:$Y$69)+SUMPRODUCT(分期持仓明细!$Z$26:$AA$26,'实盘净值数据(iFinD公式)'!$Z72:$AA72/'实盘净值数据(iFinD公式)'!$Z$69:$AA$69)+SUMPRODUCT(分期持仓明细!$AB$26:$AL$26,'实盘净值数据(iFinD公式)'!$AB72:$AL72/'实盘净值数据(iFinD公式)'!$AB$69:$AL$69))*(1-实盘持仓配置!$AM$10)^(('实盘净值数据(iFinD公式)'!$A72-'实盘净值数据(iFinD公式)'!$A$69)/365)) -> 1.0039108 | U72: =IF(OR(T71="",T72=""),"",T72/T71-1) -> -5.0574313e-05 | V72: =IF(T72="","",T72/MAX(T$5:T72)-1) -> -5.0574313e-05
A73: =IF('实盘净值数据(iFinD公式)'!A73="","",'实盘净值数据(iFinD公式)'!A73) -> 46288 | B73: =IF(OR('实盘净值数据(iFinD公式)'!$A73="",'实盘净值数据(iFinD公式)'!$B73=""),"",分期持仓明细!$AO$17*SUMPRODUCT(分期持仓明细!$B$17:$Y$17,'实盘净值数据(iFinD公式)'!$B73:$Y73/'实盘净值数据(iFinD公式)'!$B$20:$Y$20)*(1-实盘持仓配置!$AM$4)^(('实盘净值数据(iFinD公式)'!$A73-'实盘净值数据(iFinD公式)'!$A$6)/365)) -> 0.84768811 | C73: =IF(OR(B72="",B73=""),"",B73/B72-1) -> -0.00066086012 | D73: =IF(B73="","",B73/MAX(B$5:B73)-1) -> -0.21134134 | E73: =IF(OR('实盘净值数据(iFinD公式)'!$A73="",'实盘净值数据(iFinD公式)'!$B73=""),"",分期持仓明细!$AO$18*SUMPRODUCT(分期持仓明细!$B$18:$Y$18,'实盘净值数据(iFinD公式)'!$B73:$Y73/'实盘净值数据(iFinD公式)'!$B$20:$Y$20)*(1-实盘持仓配置!$AM$5)^(('实盘净值数据(iFinD公式)'!$A73-'实盘净值数据(iFinD公式)'!$A$5)/365)) -> 0.86776578 | F73: =IF(OR(E72="",E73=""),"",E73/E72-1) -> -0.00065258363 | G73: =IF(E73="","",E73/MAX(E$5:E73)-1) -> -0.21093327 | H73: =IF(OR('实盘净值数据(iFinD公式)'!$A73="",'实盘净值数据(iFinD公式)'!$B73=""),"",分期持仓明细!$AO$19*SUMPRODUCT(分期持仓明细!$B$19:$Y$19,'实盘净值数据(iFinD公式)'!$B73:$Y73/'实盘净值数据(iFinD公式)'!$B$20:$Y$20)*(1-实盘持仓配置!$AM$6)^(('实盘净值数据(iFinD公式)'!$A73-'实盘净值数据(iFinD公式)'!$A$7)/365)) -> 0.86034575 | I73: =IF(OR(H72="",H73=""),"",H73/H72-1) -> -0.00028947939 | J73: =IF(H73="","",H73/MAX(H$5:H73)-1) -> -0.22610365 | K73: =IF(OR('实盘净值数据(iFinD公式)'!$A73="",'实盘净值数据(iFinD公式)'!$B73="",'实盘净值数据(iFinD公式)'!$Z73="",'实盘净值数据(iFinD公式)'!$AA73=""),"",分期持仓明细!$AO$23*(SUMPRODUCT(分期持仓明细!$B$23:$Y$23,'实盘净值数据(iFinD公式)'!$B73:$Y73/'实盘净值数据(iFinD公式)'!$B$65:$Y$65)+SUMPRODUCT(分期持仓明细!$Z$23:$AA$23,'实盘净值数据(iFinD公式)'!$Z73:$AA73/'实盘净值数据(iFinD公式)'!$Z$65:$AA$65))*(1-实盘持仓配置!$AM$7)^(('实盘净值数据(iFinD公式)'!$A73-'实盘净值数据(iFinD公式)'!$A$8)/365)) -> 0.99552261 | L73: =IF(OR(K72="",K73=""),"",K73/K72-1) -> -4.2490621e-05 | M73: =IF(K73="","",K73/MAX(K$5:K73)-1) -> -0.0077241147 | N73: =IF(OR('实盘净值数据(iFinD公式)'!$A73="",'实盘净值数据(iFinD公式)'!$B73="",'实盘净值数据(iFinD公式)'!$Z73="",'实盘净值数据(iFinD公式)'!$AA73=""),"",分期持仓明细!$AO$24*(SUMPRODUCT(分期持仓明细!$B$24:$Y$24,'实盘净值数据(iFinD公式)'!$B73:$Y73/'实盘净值数据(iFinD公式)'!$B$65:$Y$65)+SUMPRODUCT(分期持仓明细!$Z$24:$AA$24,'实盘净值数据(iFinD公式)'!$Z73:$AA73/'实盘净值数据(iFinD公式)'!$Z$65:$AA$65))*(1-实盘持仓配置!$AM$8)^(('实盘净值数据(iFinD公式)'!$A73-'实盘净值数据(iFinD公式)'!$A$5)/365)) -> 0.99633704 | O73: =IF(OR(N72="",N73=""),"",N73/N72-1) -> -3.7587175e-05 | P73: =IF(N73="","",N73/MAX(N$5:N73)-1) -> -0.0063558755 | Q73: =IF(OR('实盘净值数据(iFinD公式)'!$A73="",'实盘净值数据(iFinD公式)'!$B73="",'实盘净值数据(iFinD公式)'!$Z73="",'实盘净值数据(iFinD公式)'!$AA73=""),"",分期持仓明细!$AO$25*(SUMPRODUCT(分期持仓明细!$B$25:$Y$25,'实盘净值数据(iFinD公式)'!$B73:$Y73/'实盘净值数据(iFinD公式)'!$B$65:$Y$65)+SUMPRODUCT(分期持仓明细!$Z$25:$AA$25,'实盘净值数据(iFinD公式)'!$Z73:$AA73/'实盘净值数据(iFinD公式)'!$Z$65:$AA$65))*(1-实盘持仓配置!$AM$9)^(('实盘净值数据(iFinD公式)'!$A73-'实盘净值数据(iFinD公式)'!$A$8)/365)) -> 0.96829913 | R73: =IF(OR(Q72="",Q73=""),"",Q73/Q72-1) -> -0.00031670119 | S73: =IF(Q73="","",Q73/MAX(Q$5:Q73)-1) -> -0.040111292 | T73: =IF(OR('实盘净值数据(iFinD公式)'!$A73="",'实盘净值数据(iFinD公式)'!$B73="",'实盘净值数据(iFinD公式)'!$Z73="",'实盘净值数据(iFinD公式)'!$AA73="",'实盘净值数据(iFinD公式)'!$AB73="",'实盘净值数据(iFinD公式)'!$AL73=""),"",(SUMPRODUCT(分期持仓明细!$B$26:$Y$26,'实盘净值数据(iFinD公式)'!$B73:$Y73/'实盘净值数据(iFinD公式)'!$B$69:$Y$69)+SUMPRODUCT(分期持仓明细!$Z$26:$AA$26,'实盘净值数据(iFinD公式)'!$Z73:$AA73/'实盘净值数据(iFinD公式)'!$Z$69:$AA$69)+SUMPRODUCT(分期持仓明细!$AB$26:$AL$26,'实盘净值数据(iFinD公式)'!$AB73:$AL73/'实盘净值数据(iFinD公式)'!$AB$69:$AL$69))*(1-实盘持仓配置!$AM$10)^(('实盘净值数据(iFinD公式)'!$A73-'实盘净值数据(iFinD公式)'!$A$69)/365)) -> 1.0035343 | U73: =IF(OR(T72="",T73=""),"",T73/T72-1) -> -0.00037500531 | V73: =IF(T73="","",T73/MAX(T$5:T73)-1) -> -0.00042556065
A74: =IF('实盘净值数据(iFinD公式)'!A74="","",'实盘净值数据(iFinD公式)'!A74) -> 46289 | B74: =IF(OR('实盘净值数据(iFinD公式)'!$A74="",'实盘净值数据(iFinD公式)'!$B74=""),"",分期持仓明细!$AO$17*SUMPRODUCT(分期持仓明细!$B$17:$Y$17,'实盘净值数据(iFinD公式)'!$B74:$Y74/'实盘净值数据(iFinD公式)'!$B$20:$Y$20)*(1-实盘持仓配置!$AM$4)^(('实盘净值数据(iFinD公式)'!$A74-'实盘净值数据(iFinD公式)'!$A$6)/365)) -> 0.82538728 | C74: =IF(OR(B73="",B74=""),"",B74/B73-1) -> -0.026307826 | D74: =IF(B74="","",B74/MAX(B$5:B74)-1) -> -0.23208924 | E74: =IF(OR('实盘净值数据(iFinD公式)'!$A74="",'实盘净值数据(iFinD公式)'!$B74=""),"",分期持仓明细!$AO$18*SUMPRODUCT(分期持仓明细!$B$18:$Y$18,'实盘净值数据(iFinD公式)'!$B74:$Y74/'实盘净值数据(iFinD公式)'!$B$20:$Y$20)*(1-实盘持仓配置!$AM$5)^(('实盘净值数据(iFinD公式)'!$A74-'实盘净值数据(iFinD公式)'!$A$5)/365)) -> 0.84490812 | F74: =IF(OR(E73="",E74=""),"",E74/E73-1) -> -0.026340821 | G74: =IF(E74="","",E74/MAX(E$5:E74)-1) -> -0.23171793 | H74: =IF(OR('实盘净值数据(iFinD公式)'!$A74="",'实盘净值数据(iFinD公式)'!$B74=""),"",分期持仓明细!$AO$19*SUMPRODUCT(分期持仓明细!$B$19:$Y$19,'实盘净值数据(iFinD公式)'!$B74:$Y74/'实盘净值数据(iFinD公式)'!$B$20:$Y$20)*(1-实盘持仓配置!$AM$6)^(('实盘净值数据(iFinD公式)'!$A74-'实盘净值数据(iFinD公式)'!$A$7)/365)) -> 0.83746582 | I74: =IF(OR(H73="",H74=""),"",H74/H73-1) -> -0.026593874 | J74: =IF(H74="","",H74/MAX(H$5:H74)-1) -> -0.24668456 | K74: =IF(OR('实盘净值数据(iFinD公式)'!$A74="",'实盘净值数据(iFinD公式)'!$B74="",'实盘净值数据(iFinD公式)'!$Z74="",'实盘净值数据(iFinD公式)'!$AA74=""),"",分期持仓明细!$AO$23*(SUMPRODUCT(分期持仓明细!$B$23:$Y$23,'实盘净值数据(iFinD公式)'!$B74:$Y74/'实盘净值数据(iFinD公式)'!$B$65:$Y$65)+SUMPRODUCT(分期持仓明细!$Z$23:$AA$23,'实盘净值数据(iFinD公式)'!$Z74:$AA74/'实盘净值数据(iFinD公式)'!$Z$65:$AA$65))*(1-实盘持仓配置!$AM$7)^(('实盘净值数据(iFinD公式)'!$A74-'实盘净值数据(iFinD公式)'!$A$8)/365)) -> 0.99340803 | L74: =IF(OR(K73="",K74=""),"",K74/K73-1) -> -0.002124082 | M74: =IF(K74="","",K74/MAX(K$5:K74)-1) -> -0.00983179 | N74: =IF(OR('实盘净值数据(iFinD公式)'!$A74="",'实盘净值数据(iFinD公式)'!$B74="",'实盘净值数据(iFinD公式)'!$Z74="",'实盘净值数据(iFinD公式)'!$AA74=""),"",分期持仓明细!$AO$24*(SUMPRODUCT(分期持仓明细!$B$24:$Y$24,'实盘净值数据(iFinD公式)'!$B74:$Y74/'实盘净值数据(iFinD公式)'!$B$65:$Y$65)+SUMPRODUCT(分期持仓明细!$Z$24:$AA$24,'实盘净值数据(iFinD公式)'!$Z74:$AA74/'实盘净值数据(iFinD公式)'!$Z$65:$AA$65))*(1-实盘持仓配置!$AM$8)^(('实盘净值数据(iFinD公式)'!$A74-'实盘净值数据(iFinD公式)'!$A$5)/365)) -> 0.99428115 | O74: =IF(OR(N73="",N74=""),"",N74/N73-1) -> -0.0020634484 | P74: =IF(N74="","",N74/MAX(N$5:N74)-1) -> -0.0084062088 | Q74: =IF(OR('实盘净值数据(iFinD公式)'!$A74="",'实盘净值数据(iFinD公式)'!$B74="",'实盘净值数据(iFinD公式)'!$Z74="",'实盘净值数据(iFinD公式)'!$AA74=""),"",分期持仓明细!$AO$25*(SUMPRODUCT(分期持仓明细!$B$25:$Y$25,'实盘净值数据(iFinD公式)'!$B74:$Y74/'实盘净值数据(iFinD公式)'!$B$65:$Y$65)+SUMPRODUCT(分期持仓明细!$Z$25:$AA$25,'实盘净值数据(iFinD公式)'!$Z74:$AA74/'实盘净值数据(iFinD公式)'!$Z$65:$AA$65))*(1-实盘持仓配置!$AM$9)^(('实盘净值数据(iFinD公式)'!$A74-'实盘净值数据(iFinD公式)'!$A$8)/365)) -> 0.96096485 | R74: =IF(OR(Q73="",Q74=""),"",Q74/Q73-1) -> -0.007574399 | S74: =IF(Q74="","",Q74/MAX(Q$5:Q74)-1) -> -0.047381872 | T74: =IF(OR('实盘净值数据(iFinD公式)'!$A74="",'实盘净值数据(iFinD公式)'!$B74="",'实盘净值数据(iFinD公式)'!$Z74="",'实盘净值数据(iFinD公式)'!$AA74="",'实盘净值数据(iFinD公式)'!$AB74="",'实盘净值数据(iFinD公式)'!$AL74=""),"",(SUMPRODUCT(分期持仓明细!$B$26:$Y$26,'实盘净值数据(iFinD公式)'!$B74:$Y74/'实盘净值数据(iFinD公式)'!$B$69:$Y$69)+SUMPRODUCT(分期持仓明细!$Z$26:$AA$26,'实盘净值数据(iFinD公式)'!$Z74:$AA74/'实盘净值数据(iFinD公式)'!$Z$69:$AA$69)+SUMPRODUCT(分期持仓明细!$AB$26:$AL$26,'实盘净值数据(iFinD公式)'!$AB74:$AL74/'实盘净值数据(iFinD公式)'!$AB$69:$AL$69))*(1-实盘持仓配置!$AM$10)^(('实盘净值数据(iFinD公式)'!$A74-'实盘净值数据(iFinD公式)'!$A$69)/365)) -> 1.0016411 | U74: =IF(OR(T73="",T74=""),"",T74/T73-1) -> -0.0018864944 | V74: =IF(T74="","",T74/MAX(T$5:T74)-1) -> -0.0023112522
