Workbook

Sheet 实盘持仓配置
A1: 持仓配置（实盘·初始权重）
A2: 基金简称 | B2: 华安黄金ETF联接A | C2: 嘉实快线货币A | D2: 宏利复兴混合A | E2: 博道沪深300增强A | F2: 博道沪深300指增C | G2: 国泰通信设备ETF联接A | H2: 国泰通信设备C | I2: 嘉实前沿科技创新 | J2: 银华集成电路混合A | K2: 银华集成电路混合C | L2: 天弘中证1000指增A | M2: 天弘中证1000指增C | N2: 中欧中证500指增A | O2: 中欧中证500指增C | P2: 信澳业绩驱动A | Q2: 嘉实信息产业A | R2: 嘉实信息产业C | S2: 宏利复兴伟业C | T2: 国泰半导体材料设备ETF联接A | U2: 国泰半导体材料设备C | V2: 华泰柏瑞中证2000指增A | W2: 华泰柏瑞中证2000指增C | X2: 易方达中债新综指LOFA | Y2: 合计 | Z2: 年化费率 | AA2: 净值起始日
A3: 基金代码 | B3: 000216.OF | C3: 000917.OF | D3: 001170.OF | E3: 007044.OF | F3: 007045.OF | G3: 007817.OF | H3: 007818.OF | I3: 009993.OF | J3: 013840.OF | K3: 013841.OF | L3: 014201.OF | M3: 014202.OF | N3: 015453.OF | O3: 015454.OF | P3: 016370.OF | Q3: 017488.OF | R3: 017489.OF | S3: 017612.OF | T3: 019632.OF | U3: 019633.OF | V3: 019923.OF | W3: 019924.OF | X3: 161119.OF
A4: 产业趋势 权重 | B4: 0 | C4: 0.02 | D4: 0.19 | E4: 0 | F4: 0 | G4: 0.11 | H4: 0 | I4: 0 | J4: 0.19 | K4: 0 | L4: 0 | M4: 0 | N4: 0 | O4: 0 | P4: 0.19 | Q4: 0.19 | R4: 0 | S4: 0 | T4: 0.11 | U4: 0 | V4: 0 | W4: 0 | X4: 0 | Y4: =SUM(B4:X4) -> 1 | Z4: 0.015 | AA4: 46195
A5: 产业趋势基石 权重 | B5: 0 | C5: 0.02 | D5: 0.19 | E5: 0 | F5: 0 | G5: 0.11 | H5: 0 | I5: 0 | J5: 0.19 | K5: 0 | L5: 0 | M5: 0 | N5: 0 | O5: 0 | P5: 0.19 | Q5: 0.19 | R5: 0 | S5: 0 | T5: 0.11 | U5: 0 | V5: 0 | W5: 0 | X5: 0 | Y5: =SUM(B5:X5) -> 1 | Z5: 0.012 | AA5: 46191
A6: 产业趋势2号 权重 | B6: 0 | C6: 0.02 | D6: 0 | E6: 0 | F6: 0 | G6: 0 | H6: 0.11 | I6: 0.19 | J6: 0 | K6: 0.19 | L6: 0 | M6: 0 | N6: 0 | O6: 0 | P6: 0 | Q6: 0 | R6: 0.19 | S6: 0.19 | T6: 0 | U6: 0.11 | V6: 0 | W6: 0 | X6: 0 | Y6: =SUM(B6:X6) -> 1 | Z6: 0.015 | AA6: 46196
A7: 10-90 权重 | B7: 0.05 | C7: 0.02 | D7: 0 | E7: 0 | F7: 0.0125 | G7: 0 | H7: 0.005 | I7: 0.01 | J7: 0 | K7: 0.01 | L7: 0 | M7: 0.0125 | N7: 0 | O7: 0.0125 | P7: 0 | Q7: 0 | R7: 0.01 | S7: 0.01 | T7: 0 | U7: 0.005 | V7: 0 | W7: 0.0125 | X7: 0.83 | Y7: =SUM(B7:X7) -> 1 | Z7: 0.008 | AA7: 46197
A8: 10-90基石 权重 | B8: 0.05 | C8: 0.02 | D8: 0.01 | E8: 0.0125 | F8: 0 | G8: 0.005 | H8: 0 | I8: 0 | J8: 0.01 | K8: 0 | L8: 0.0125 | M8: 0 | N8: 0.0125 | O8: 0 | P8: 0.01 | Q8: 0.01 | R8: 0 | S8: 0 | T8: 0.005 | U8: 0 | V8: 0.0125 | W8: 0 | X8: 0.83 | Y8: =SUM(B8:X8) -> 1 | Z8: 0.005 | AA8: 46191
A9: 30-70 权重 | B9: 0.1 | C9: 0.02 | D9: 0 | E9: 0 | F9: 0.0375 | G9: 0 | H9: 0.015 | I9: 0.03 | J9: 0 | K9: 0.03 | L9: 0 | M9: 0.0375 | N9: 0 | O9: 0.0375 | P9: 0 | Q9: 0 | R9: 0.03 | S9: 0.03 | T9: 0 | U9: 0.015 | V9: 0 | W9: 0.0375 | X9: 0.58 | Y9: =SUM(B9:X9) -> 1 | Z9: 0.012 | AA9: 46197
A11: 权重蓝色输入；Z列为各组合年化费率、AA列为各组合净值起始日(当日净值=1)。新增交易日下拉填充，下游净值与看板自动重算。

Sheet 实盘净值数据(iFinD公式)
A1: 净值数据 * 实盘
A2: =TODAY() -> 46205
A3: 基金代码→ | B3: =实盘持仓配置!B3 -> 000216.OF | C3: =实盘持仓配置!C3 -> 000917.OF | D3: =实盘持仓配置!D3 -> 001170.OF | E3: =实盘持仓配置!E3 -> 007044.OF | F3: =实盘持仓配置!F3 -> 007045.OF | G3: =实盘持仓配置!G3 -> 007817.OF | H3: =实盘持仓配置!H3 -> 007818.OF | I3: =实盘持仓配置!I3 -> 009993.OF | ... X3: =实盘持仓配置!X3 -> 161119.OF
A4: =[1]!HX_AutoDate(1,"2026-06-18",A2,-1,-1,0,0,0,0,0,"SSE",10,0) -> 日期 | B4: 华安黄金ETF联接A | C4: 嘉实快线货币A | D4: 宏利复兴混合A | E4: 博道沪深300增强A | F4: 博道沪深300指增C | G4: 国泰通信设备ETF联接A | H4: 国泰通信设备C | I4: 嘉实前沿科技创新 | J4: 银华集成电路混合A | K4: 银华集成电路混合C | L4: 天弘中证1000指增A | M4: 天弘中证1000指增C | N4: 中欧中证500指增A | O4: 中欧中证500指增C | P4: 信澳业绩驱动A | Q4: 嘉实信息产业A | R4: 嘉实信息产业C | S4: 宏利复兴伟业C | T4: 国泰半导体材料设备ETF联接A | U4: 国泰半导体材料设备C | V4: 华泰柏瑞中证2000指增A | W4: 华泰柏瑞中证2000指增C | X4: 易方达中债新综指LOFA
A5: 46191 | B5: =IF($A5="","",[1]!thsiFinD("ths_adjustment_nv_fund",B$3,$A5)) -> 3.2441 | C5: =IF($A5="","",[1]!thsiFinD("ths_adjustment_nv_fund",C$3,$A5)) -> 1.3172785 | D5: =IF($A5="","",[1]!thsiFinD("ths_adjustment_nv_fund",D$3,$A5)) -> 6.062 | E5: =IF($A5="","",[1]!thsiFinD("ths_adjustment_nv_fund",E$3,$A5)) -> 1.9904 | F5: =IF($A5="","",[1]!thsiFinD("ths_adjustment_nv_fund",F$3,$A5)) -> 1.9344 | G5: =IF($A5="","",[1]!thsiFinD("ths_adjustment_nv_fund",G$3,$A5)) -> 5.0275 | H5: =IF($A5="","",[1]!thsiFinD("ths_adjustment_nv_fund",H$3,$A5)) -> 4.9215 | I5: =IF($A5="","",[1]!thsiFinD("ths_adjustment_nv_fund",I$3,$A5)) -> 2.9226 | ... X5: =IF($A5="","",[1]!thsiFinD("ths_adjustment_nv_fund",X$3,$A5)) -> 1.7869
A6: 46195 | B6: =IF($A6="","",[1]!thsiFinD("ths_adjustment_nv_fund",B$3,$A6)) -> 3.168 | C6: =IF($A6="","",[1]!thsiFinD("ths_adjustment_nv_fund",C$3,$A6)) -> 1.3174604 | D6: =IF($A6="","",[1]!thsiFinD("ths_adjustment_nv_fund",D$3,$A6)) -> 6.259 | E6: =IF($A6="","",[1]!thsiFinD("ths_adjustment_nv_fund",E$3,$A6)) -> 2.0345 | F6: =IF($A6="","",[1]!thsiFinD("ths_adjustment_nv_fund",F$3,$A6)) -> 1.9772 | G6: =IF($A6="","",[1]!thsiFinD("ths_adjustment_nv_fund",G$3,$A6)) -> 5.1121 | H6: =IF($A6="","",[1]!thsiFinD("ths_adjustment_nv_fund",H$3,$A6)) -> 5.0042 | I6: =IF($A6="","",[1]!thsiFinD("ths_adjustment_nv_fund",I$3,$A6)) -> 2.9905 | ... X6: =IF($A6="","",[1]!thsiFinD("ths_adjustment_nv_fund",X$3,$A6)) -> 1.7871
A7: 46196 | B7: =IF($A7="","",[1]!thsiFinD("ths_adjustment_nv_fund",B$3,$A7)) -> 3.116 | C7: =IF($A7="","",[1]!thsiFinD("ths_adjustment_nv_fund",C$3,$A7)) -> 1.3175125 | D7: =IF($A7="","",[1]!thsiFinD("ths_adjustment_nv_fund",D$3,$A7)) -> 5.996 | E7: =IF($A7="","",[1]!thsiFinD("ths_adjustment_nv_fund",E$3,$A7)) -> 1.9837 | F7: =IF($A7="","",[1]!thsiFinD("ths_adjustment_nv_fund",F$3,$A7)) -> 1.9278 | G7: =IF($A7="","",[1]!thsiFinD("ths_adjustment_nv_fund",G$3,$A7)) -> 4.9665 | H7: =IF($A7="","",[1]!thsiFinD("ths_adjustment_nv_fund",H$3,$A7)) -> 4.8616 | I7: =IF($A7="","",[1]!thsiFinD("ths_adjustment_nv_fund",I$3,$A7)) -> 2.9276 | ... X7: =IF($A7="","",[1]!thsiFinD("ths_adjustment_nv_fund",X$3,$A7)) -> 1.7863
A8: 46197 | B8: =IF($A8="","",[1]!thsiFinD("ths_adjustment_nv_fund",B$3,$A8)) -> 3.0984 | C8: =IF($A8="","",[1]!thsiFinD("ths_adjustment_nv_fund",C$3,$A8)) -> 1.3175573 | D8: =IF($A8="","",[1]!thsiFinD("ths_adjustment_nv_fund",D$3,$A8)) -> 6.113 | E8: =IF($A8="","",[1]!thsiFinD("ths_adjustment_nv_fund",E$3,$A8)) -> 1.9931 | F8: =IF($A8="","",[1]!thsiFinD("ths_adjustment_nv_fund",F$3,$A8)) -> 1.9369 | G8: =IF($A8="","",[1]!thsiFinD("ths_adjustment_nv_fund",G$3,$A8)) -> 5.0423 | H8: =IF($A8="","",[1]!thsiFinD("ths_adjustment_nv_fund",H$3,$A8)) -> 4.9357 | I8: =IF($A8="","",[1]!thsiFinD("ths_adjustment_nv_fund",I$3,$A8)) -> 3.0529 | ... X8: =IF($A8="","",[1]!thsiFinD("ths_adjustment_nv_fund",X$3,$A8)) -> 1.7862
A9: 46198 | B9: =IF($A9="","",[1]!thsiFinD("ths_adjustment_nv_fund",B$3,$A9)) -> 3.0309 | C9: =IF($A9="","",[1]!thsiFinD("ths_adjustment_nv_fund",C$3,$A9)) -> 1.3176051 | D9: =IF($A9="","",[1]!thsiFinD("ths_adjustment_nv_fund",D$3,$A9)) -> 6.312 | E9: =IF($A9="","",[1]!thsiFinD("ths_adjustment_nv_fund",E$3,$A9)) -> 2.0205 | F9: =IF($A9="","",[1]!thsiFinD("ths_adjustment_nv_fund",F$3,$A9)) -> 1.9635 | G9: =IF($A9="","",[1]!thsiFinD("ths_adjustment_nv_fund",G$3,$A9)) -> 5.1945 | H9: =IF($A9="","",[1]!thsiFinD("ths_adjustment_nv_fund",H$3,$A9)) -> 5.0848 | I9: =IF($A9="","",[1]!thsiFinD("ths_adjustment_nv_fund",I$3,$A9)) -> 3.1735 | ... X9: =IF($A9="","",[1]!thsiFinD("ths_adjustment_nv_fund",X$3,$A9)) -> 1.7875
A10: 46199 | B10: =IF($A10="","",[1]!thsiFinD("ths_adjustment_nv_fund",B$3,$A10)) -> 3.0598 | C10: =IF($A10="","",[1]!thsiFinD("ths_adjustment_nv_fund",C$3,$A10)) -> 1.3176497 | D10: =IF($A10="","",[1]!thsiFinD("ths_adjustment_nv_fund",D$3,$A10)) -> 5.99 | E10: =IF($A10="","",[1]!thsiFinD("ths_adjustment_nv_fund",E$3,$A10)) -> 1.9618 | F10: =IF($A10="","",[1]!thsiFinD("ths_adjustment_nv_fund",F$3,$A10)) -> 1.9065 | G10: =IF($A10="","",[1]!thsiFinD("ths_adjustment_nv_fund",G$3,$A10)) -> 4.8685 | H10: =IF($A10="","",[1]!thsiFinD("ths_adjustment_nv_fund",H$3,$A10)) -> 4.7655 | I10: =IF($A10="","",[1]!thsiFinD("ths_adjustment_nv_fund",I$3,$A10)) -> 3.0956 | ... X10: =IF($A10="","",[1]!thsiFinD("ths_adjustment_nv_fund",X$3,$A10)) -> 1.788
A11: 46202 | B11: =IF($A11="","",[1]!thsiFinD("ths_adjustment_nv_fund",B$3,$A11)) -> 3.0723 | C11: =IF($A11="","",[1]!thsiFinD("ths_adjustment_nv_fund",C$3,$A11)) -> 1.3177908 | D11: =IF($A11="","",[1]!thsiFinD("ths_adjustment_nv_fund",D$3,$A11)) -> 5.795 | E11: =IF($A11="","",[1]!thsiFinD("ths_adjustment_nv_fund",E$3,$A11)) -> 1.9811 | F11: =IF($A11="","",[1]!thsiFinD("ths_adjustment_nv_fund",F$3,$A11)) -> 1.9252 | G11: =IF($A11="","",[1]!thsiFinD("ths_adjustment_nv_fund",G$3,$A11)) -> 4.7592 | H11: =IF($A11="","",[1]!thsiFinD("ths_adjustment_nv_fund",H$3,$A11)) -> 4.6585 | I11: =IF($A11="","",[1]!thsiFinD("ths_adjustment_nv_fund",I$3,$A11)) -> 3.1442 | ... X11: =IF($A11="","",[1]!thsiFinD("ths_adjustment_nv_fund",X$3,$A11)) -> 1.7897
A12: 46203 | B12: =IF($A12="","",[1]!thsiFinD("ths_adjustment_nv_fund",B$3,$A12)) -> 3.0429 | C12: =IF($A12="","",[1]!thsiFinD("ths_adjustment_nv_fund",C$3,$A12)) -> 1.3178318 | D12: =IF($A12="","",[1]!thsiFinD("ths_adjustment_nv_fund",D$3,$A12)) -> 6.024 | E12: =IF($A12="","",[1]!thsiFinD("ths_adjustment_nv_fund",E$3,$A12)) -> 2.0032 | F12: =IF($A12="","",[1]!thsiFinD("ths_adjustment_nv_fund",F$3,$A12)) -> 1.9466 | G12: =IF($A12="","",[1]!thsiFinD("ths_adjustment_nv_fund",G$3,$A12)) -> 4.9737 | H12: =IF($A12="","",[1]!thsiFinD("ths_adjustment_nv_fund",H$3,$A12)) -> 4.8684 | I12: =IF($A12="","",[1]!thsiFinD("ths_adjustment_nv_fund",I$3,$A12)) -> 3.2499 | ... X12: =IF($A12="","",[1]!thsiFinD("ths_adjustment_nv_fund",X$3,$A12)) -> 1.7882
A13: 46204 | B13: =IF($A13="","",[1]!thsiFinD("ths_adjustment_nv_fund",B$3,$A13)) -> 3.0102 | C13: =IF($A13="","",[1]!thsiFinD("ths_adjustment_nv_fund",C$3,$A13)) -> 1.3178766 | D13: =IF($A13="","",[1]!thsiFinD("ths_adjustment_nv_fund",D$3,$A13)) -> 5.777 | E13: =IF($A13="","",[1]!thsiFinD("ths_adjustment_nv_fund",E$3,$A13)) -> 1.9953 | F13: =IF($A13="","",[1]!thsiFinD("ths_adjustment_nv_fund",F$3,$A13)) -> 1.9389 | G13: =IF($A13="","",[1]!thsiFinD("ths_adjustment_nv_fund",G$3,$A13)) -> 4.77 | H13: =IF($A13="","",[1]!thsiFinD("ths_adjustment_nv_fund",H$3,$A13)) -> 4.6689 | I13: =IF($A13="","",[1]!thsiFinD("ths_adjustment_nv_fund",I$3,$A13)) -> 3.1869 | ... X13: =IF($A13="","",[1]!thsiFinD("ths_adjustment_nv_fund",X$3,$A13)) -> 1.7865
A14: 46205 | B14: =IF($A14="","",[1]!thsiFinD("ths_adjustment_nv_fund",B$3,$A14)) -> 3.0102 | C14: =IF($A14="","",[1]!thsiFinD("ths_adjustment_nv_fund",C$3,$A14)) -> 1.3178766 | D14: =IF($A14="","",[1]!thsiFinD("ths_adjustment_nv_fund",D$3,$A14)) -> 5.777 | E14: =IF($A14="","",[1]!thsiFinD("ths_adjustment_nv_fund",E$3,$A14)) -> 1.9953 | F14: =IF($A14="","",[1]!thsiFinD("ths_adjustment_nv_fund",F$3,$A14)) -> 1.9389 | G14: =IF($A14="","",[1]!thsiFinD("ths_adjustment_nv_fund",G$3,$A14)) -> 4.77 | H14: =IF($A14="","",[1]!thsiFinD("ths_adjustment_nv_fund",H$3,$A14)) -> 4.6689 | I14: =IF($A14="","",[1]!thsiFinD("ths_adjustment_nv_fund",I$3,$A14)) -> 3.1869 | ... X14: =IF($A14="","",[1]!thsiFinD("ths_adjustment_nv_fund",X$3,$A14)) -> 1.7865
B15: =IF($A15="","",[1]!thsiFinD("ths_adjustment_nv_fund",B$3,$A15)) | C15: =IF($A15="","",[1]!thsiFinD("ths_adjustment_nv_fund",C$3,$A15)) | D15: =IF($A15="","",[1]!thsiFinD("ths_adjustment_nv_fund",D$3,$A15)) | E15: =IF($A15="","",[1]!thsiFinD("ths_adjustment_nv_fund",E$3,$A15)) | F15: =IF($A15="","",[1]!thsiFinD("ths_adjustment_nv_fund",F$3,$A15)) | G15: =IF($A15="","",[1]!thsiFinD("ths_adjustment_nv_fund",G$3,$A15)) | H15: =IF($A15="","",[1]!thsiFinD("ths_adjustment_nv_fund",H$3,$A15)) | I15: =IF($A15="","",[1]!thsiFinD("ths_adjustment_nv_fund",I$3,$A15)) | ... X15: =IF($A15="","",[1]!thsiFinD("ths_adjustment_nv_fund",X$3,$A15))
B16: =IF($A16="","",[1]!thsiFinD("ths_adjustment_nv_fund",B$3,$A16)) | C16: =IF($A16="","",[1]!thsiFinD("ths_adjustment_nv_fund",C$3,$A16)) | D16: =IF($A16="","",[1]!thsiFinD("ths_adjustment_nv_fund",D$3,$A16)) | E16: =IF($A16="","",[1]!thsiFinD("ths_adjustment_nv_fund",E$3,$A16)) | F16: =IF($A16="","",[1]!thsiFinD("ths_adjustment_nv_fund",F$3,$A16)) | G16: =IF($A16="","",[1]!thsiFinD("ths_adjustment_nv_fund",G$3,$A16)) | H16: =IF($A16="","",[1]!thsiFinD("ths_adjustment_nv_fund",H$3,$A16)) | I16: =IF($A16="","",[1]!thsiFinD("ths_adjustment_nv_fund",I$3,$A16)) | ... X16: =IF($A16="","",[1]!thsiFinD("ths_adjustment_nv_fund",X$3,$A16))
B17: =IF($A17="","",[1]!thsiFinD("ths_adjustment_nv_fund",B$3,$A17)) | C17: =IF($A17="","",[1]!thsiFinD("ths_adjustment_nv_fund",C$3,$A17)) | D17: =IF($A17="","",[1]!thsiFinD("ths_adjustment_nv_fund",D$3,$A17)) | E17: =IF($A17="","",[1]!thsiFinD("ths_adjustment_nv_fund",E$3,$A17)) | F17: =IF($A17="","",[1]!thsiFinD("ths_adjustment_nv_fund",F$3,$A17)) | G17: =IF($A17="","",[1]!thsiFinD("ths_adjustment_nv_fund",G$3,$A17)) | H17: =IF($A17="","",[1]!thsiFinD("ths_adjustment_nv_fund",H$3,$A17)) | I17: =IF($A17="","",[1]!thsiFinD("ths_adjustment_nv_fund",I$3,$A17)) | ... X17: =IF($A17="","",[1]!thsiFinD("ths_adjustment_nv_fund",X$3,$A17))
B18: =IF($A18="","",[1]!thsiFinD("ths_adjustment_nv_fund",B$3,$A18)) | C18: =IF($A18="","",[1]!thsiFinD("ths_adjustment_nv_fund",C$3,$A18)) | D18: =IF($A18="","",[1]!thsiFinD("ths_adjustment_nv_fund",D$3,$A18)) | E18: =IF($A18="","",[1]!thsiFinD("ths_adjustment_nv_fund",E$3,$A18)) | F18: =IF($A18="","",[1]!thsiFinD("ths_adjustment_nv_fund",F$3,$A18)) | G18: =IF($A18="","",[1]!thsiFinD("ths_adjustment_nv_fund",G$3,$A18)) | H18: =IF($A18="","",[1]!thsiFinD("ths_adjustment_nv_fund",H$3,$A18)) | I18: =IF($A18="","",[1]!thsiFinD("ths_adjustment_nv_fund",I$3,$A18)) | ... X18: =IF($A18="","",[1]!thsiFinD("ths_adjustment_nv_fund",X$3,$A18))
B19: =IF($A19="","",[1]!thsiFinD("ths_adjustment_nv_fund",B$3,$A19)) | C19: =IF($A19="","",[1]!thsiFinD("ths_adjustment_nv_fund",C$3,$A19)) | D19: =IF($A19="","",[1]!thsiFinD("ths_adjustment_nv_fund",D$3,$A19)) | E19: =IF($A19="","",[1]!thsiFinD("ths_adjustment_nv_fund",E$3,$A19)) | F19: =IF($A19="","",[1]!thsiFinD("ths_adjustment_nv_fund",F$3,$A19)) | G19: =IF($A19="","",[1]!thsiFinD("ths_adjustment_nv_fund",G$3,$A19)) | H19: =IF($A19="","",[1]!thsiFinD("ths_adjustment_nv_fund",H$3,$A19)) | I19: =IF($A19="","",[1]!thsiFinD("ths_adjustment_nv_fund",I$3,$A19)) | ... X19: =IF($A19="","",[1]!thsiFinD("ths_adjustment_nv_fund",X$3,$A19))
B20: =IF($A20="","",[1]!thsiFinD("ths_adjustment_nv_fund",B$3,$A20)) | C20: =IF($A20="","",[1]!thsiFinD("ths_adjustment_nv_fund",C$3,$A20)) | D20: =IF($A20="","",[1]!thsiFinD("ths_adjustment_nv_fund",D$3,$A20)) | E20: =IF($A20="","",[1]!thsiFinD("ths_adjustment_nv_fund",E$3,$A20)) | F20: =IF($A20="","",[1]!thsiFinD("ths_adjustment_nv_fund",F$3,$A20)) | G20: =IF($A20="","",[1]!thsiFinD("ths_adjustment_nv_fund",G$3,$A20)) | H20: =IF($A20="","",[1]!thsiFinD("ths_adjustment_nv_fund",H$3,$A20)) | I20: =IF($A20="","",[1]!thsiFinD("ths_adjustment_nv_fund",I$3,$A20)) | ... X20: =IF($A20="","",[1]!thsiFinD("ths_adjustment_nv_fund",X$3,$A20))
B21: =IF($A21="","",[1]!thsiFinD("ths_adjustment_nv_fund",B$3,$A21)) | C21: =IF($A21="","",[1]!thsiFinD("ths_adjustment_nv_fund",C$3,$A21)) | D21: =IF($A21="","",[1]!thsiFinD("ths_adjustment_nv_fund",D$3,$A21)) | E21: =IF($A21="","",[1]!thsiFinD("ths_adjustment_nv_fund",E$3,$A21)) | F21: =IF($A21="","",[1]!thsiFinD("ths_adjustment_nv_fund",F$3,$A21)) | G21: =IF($A21="","",[1]!thsiFinD("ths_adjustment_nv_fund",G$3,$A21)) | H21: =IF($A21="","",[1]!thsiFinD("ths_adjustment_nv_fund",H$3,$A21)) | I21: =IF($A21="","",[1]!thsiFinD("ths_adjustment_nv_fund",I$3,$A21)) | ... X21: =IF($A21="","",[1]!thsiFinD("ths_adjustment_nv_fund",X$3,$A21))
B22: =IF($A22="","",[1]!thsiFinD("ths_adjustment_nv_fund",B$3,$A22)) | C22: =IF($A22="","",[1]!thsiFinD("ths_adjustment_nv_fund",C$3,$A22)) | D22: =IF($A22="","",[1]!thsiFinD("ths_adjustment_nv_fund",D$3,$A22)) | E22: =IF($A22="","",[1]!thsiFinD("ths_adjustment_nv_fund",E$3,$A22)) | F22: =IF($A22="","",[1]!thsiFinD("ths_adjustment_nv_fund",F$3,$A22)) | G22: =IF($A22="","",[1]!thsiFinD("ths_adjustment_nv_fund",G$3,$A22)) | H22: =IF($A22="","",[1]!thsiFinD("ths_adjustment_nv_fund",H$3,$A22)) | I22: =IF($A22="","",[1]!thsiFinD("ths_adjustment_nv_fund",I$3,$A22)) | ... X22: =IF($A22="","",[1]!thsiFinD("ths_adjustment_nv_fund",X$3,$A22))
B23: =IF($A23="","",[1]!thsiFinD("ths_adjustment_nv_fund",B$3,$A23)) | C23: =IF($A23="","",[1]!thsiFinD("ths_adjustment_nv_fund",C$3,$A23)) | D23: =IF($A23="","",[1]!thsiFinD("ths_adjustment_nv_fund",D$3,$A23)) | E23: =IF($A23="","",[1]!thsiFinD("ths_adjustment_nv_fund",E$3,$A23)) | F23: =IF($A23="","",[1]!thsiFinD("ths_adjustment_nv_fund",F$3,$A23)) | G23: =IF($A23="","",[1]!thsiFinD("ths_adjustment_nv_fund",G$3,$A23)) | H23: =IF($A23="","",[1]!thsiFinD("ths_adjustment_nv_fund",H$3,$A23)) | I23: =IF($A23="","",[1]!thsiFinD("ths_adjustment_nv_fund",I$3,$A23)) | ... X23: =IF($A23="","",[1]!thsiFinD("ths_adjustment_nv_fund",X$3,$A23))
B24: =IF($A24="","",[1]!thsiFinD("ths_adjustment_nv_fund",B$3,$A24)) | C24: =IF($A24="","",[1]!thsiFinD("ths_adjustment_nv_fund",C$3,$A24)) | D24: =IF($A24="","",[1]!thsiFinD("ths_adjustment_nv_fund",D$3,$A24)) | E24: =IF($A24="","",[1]!thsiFinD("ths_adjustment_nv_fund",E$3,$A24)) | F24: =IF($A24="","",[1]!thsiFinD("ths_adjustment_nv_fund",F$3,$A24)) | G24: =IF($A24="","",[1]!thsiFinD("ths_adjustment_nv_fund",G$3,$A24)) | H24: =IF($A24="","",[1]!thsiFinD("ths_adjustment_nv_fund",H$3,$A24)) | I24: =IF($A24="","",[1]!thsiFinD("ths_adjustment_nv_fund",I$3,$A24)) | ... X24: =IF($A24="","",[1]!thsiFinD("ths_adjustment_nv_fund",X$3,$A24))
B25: =IF($A25="","",[1]!thsiFinD("ths_adjustment_nv_fund",B$3,$A25)) | C25: =IF($A25="","",[1]!thsiFinD("ths_adjustment_nv_fund",C$3,$A25)) | D25: =IF($A25="","",[1]!thsiFinD("ths_adjustment_nv_fund",D$3,$A25)) | E25: =IF($A25="","",[1]!thsiFinD("ths_adjustment_nv_fund",E$3,$A25)) | F25: =IF($A25="","",[1]!thsiFinD("ths_adjustment_nv_fund",F$3,$A25)) | G25: =IF($A25="","",[1]!thsiFinD("ths_adjustment_nv_fund",G$3,$A25)) | H25: =IF($A25="","",[1]!thsiFinD("ths_adjustment_nv_fund",H$3,$A25)) | I25: =IF($A25="","",[1]!thsiFinD("ths_adjustment_nv_fund",I$3,$A25)) | ... X25: =IF($A25="","",[1]!thsiFinD("ths_adjustment_nv_fund",X$3,$A25))
B26: =IF($A26="","",[1]!thsiFinD("ths_adjustment_nv_fund",B$3,$A26)) | C26: =IF($A26="","",[1]!thsiFinD("ths_adjustment_nv_fund",C$3,$A26)) | D26: =IF($A26="","",[1]!thsiFinD("ths_adjustment_nv_fund",D$3,$A26)) | E26: =IF($A26="","",[1]!thsiFinD("ths_adjustment_nv_fund",E$3,$A26)) | F26: =IF($A26="","",[1]!thsiFinD("ths_adjustment_nv_fund",F$3,$A26)) | G26: =IF($A26="","",[1]!thsiFinD("ths_adjustment_nv_fund",G$3,$A26)) | H26: =IF($A26="","",[1]!thsiFinD("ths_adjustment_nv_fund",H$3,$A26)) | I26: =IF($A26="","",[1]!thsiFinD("ths_adjustment_nv_fund",I$3,$A26)) | ... X26: =IF($A26="","",[1]!thsiFinD("ths_adjustment_nv_fund",X$3,$A26))
... B60: =IF($A60="","",[1]!thsiFinD("ths_adjustment_nv_fund",B$3,$A60)) | C60: =IF($A60="","",[1]!thsiFinD("ths_adjustment_nv_fund",C$3,$A60)) | D60: =IF($A60="","",[1]!thsiFinD("ths_adjustment_nv_fund",D$3,$A60)) | E60: =IF($A60="","",[1]!thsiFinD("ths_adjustment_nv_fund",E$3,$A60)) | F60: =IF($A60="","",[1]!thsiFinD("ths_adjustment_nv_fund",F$3,$A60)) | G60: =IF($A60="","",[1]!thsiFinD("ths_adjustment_nv_fund",G$3,$A60)) | H60: =IF($A60="","",[1]!thsiFinD("ths_adjustment_nv_fund",H$3,$A60)) | I60: =IF($A60="","",[1]!thsiFinD("ths_adjustment_nv_fund",I$3,$A60)) | ... X60: =IF($A60="","",[1]!thsiFinD("ths_adjustment_nv_fund",X$3,$A60))

Sheet 实盘组合净值
A1: 组合净值（实盘）· 各组合自起始日买入持有逐日计算
B3: 组合 产业趋势 | E3: 组合 产业趋势基石 | H3: 组合 产业趋势2号 | K3: 组合 10-90 | N3: 组合 10-90基石 | Q3: 组合 30-70
A4: 日期 | B4: 净值 | C4: 日收益 | D4: 回撤 | E4: 净值 | F4: 日收益 | G4: 回撤 | H4: 净值 | I4: 日收益 | J4: 回撤 | K4: 净值 | L4: 日收益 | M4: 回撤 | N4: 净值 | O4: 日收益 | P4: 回撤 | Q4: 净值 | R4: 日收益 | S4: 回撤
A5: =IF('实盘净值数据(iFinD公式)'!A5="","",'实盘净值数据(iFinD公式)'!A5) -> 46191 | B5: =IF(OR((ROW()-1)<6,'实盘净值数据(iFinD公式)'!$A5="",'实盘净值数据(iFinD公式)'!$B5=""),"",SUMPRODUCT(实盘持仓配置!$B$4:$X$4,'实盘净值数据(iFinD公式)'!$B5:$X5/'实盘净值数据(iFinD公式)'!$B$6:$X$6)*(1-实盘持仓配置!$Z$4)^(('实盘净值数据(iFinD公式)'!$A5-'实盘净值数据(iFinD公式)'!$A$6)/365)) | D5: =IF(B5="","",B5/MAX(B$5:B5)-1) | E5: 1 | G5: =IF(E5="","",E5/MAX(E$5:E5)-1) -> 0 | H5: =IF(OR((ROW()-1)<7,'实盘净值数据(iFinD公式)'!$A5="",'实盘净值数据(iFinD公式)'!$B5=""),"",SUMPRODUCT(实盘持仓配置!$B$6:$X$6,'实盘净值数据(iFinD公式)'!$B5:$X5/'实盘净值数据(iFinD公式)'!$B$7:$X$7)*(1-实盘持仓配置!$Z$6)^(('实盘净值数据(iFinD公式)'!$A5-'实盘净值数据(iFinD公式)'!$A$7)/365)) | J5: =IF(H5="","",H5/MAX(H$5:H5)-1) | K5: =IF(OR((ROW()-1)<8,'实盘净值数据(iFinD公式)'!$A5="",'实盘净值数据(iFinD公式)'!$B5=""),"",SUMPRODUCT(实盘持仓配置!$B$7:$X$7,'实盘净值数据(iFinD公式)'!$B5:$X5/'实盘净值数据(iFinD公式)'!$B$8:$X$8)*(1-实盘持仓配置!$Z$7)^(('实盘净值数据(iFinD公式)'!$A5-'实盘净值数据(iFinD公式)'!$A$8)/365)) | M5: =IF(K5="","",K5/MAX(K$5:K5)-1) | N5: 1 | P5: =IF(N5="","",N5/MAX(N$5:N5)-1) -> 0 | Q5: =IF(OR((ROW()-1)<8,'实盘净值数据(iFinD公式)'!$A5="",'实盘净值数据(iFinD公式)'!$B5=""),"",SUMPRODUCT(实盘持仓配置!$B$9:$X$9,'实盘净值数据(iFinD公式)'!$B5:$X5/'实盘净值数据(iFinD公式)'!$B$8:$X$8)*(1-实盘持仓配置!$Z$9)^(('实盘净值数据(iFinD公式)'!$A5-'实盘净值数据(iFinD公式)'!$A$8)/365)) | S5: =IF(Q5="","",Q5/MAX(Q$5:Q5)-1)
A6: =IF('实盘净值数据(iFinD公式)'!A6="","",'实盘净值数据(iFinD公式)'!A6) -> 46195 | B6: 1 | C6: =IF(OR(B5="",'实盘净值数据(iFinD公式)'!$A6="",'实盘净值数据(iFinD公式)'!$B6=""),"",(SUMPRODUCT(实盘持仓配置!$B$4:$X$4,'实盘净值数据(iFinD公式)'!$B5:$X5/'实盘净值数据(iFinD公式)'!$B$6:$X$6,'实盘净值数据(iFinD公式)'!$B6:$X6/'实盘净值数据(iFinD公式)'!$B5:$X5)/SUMPRODUCT(实盘持仓配置!$B$4:$X$4,'实盘净值数据(iFinD公式)'!$B5:$X5/'实盘净值数据(iFinD公式)'!$B$6:$X$6))*(1-实盘持仓配置!$Z$4)^(('实盘净值数据(iFinD公式)'!$A6-'实盘净值数据(iFinD公式)'!$A5)/365)-1) | D6: =IF(B6="","",B6/MAX(B$5:B6)-1) -> 0 | E6: =IF(OR((ROW()-1)<5,'实盘净值数据(iFinD公式)'!$A6="",'实盘净值数据(iFinD公式)'!$B6=""),"",SUMPRODUCT(实盘持仓配置!$B$5:$X$5,'实盘净值数据(iFinD公式)'!$B6:$X6/'实盘净值数据(iFinD公式)'!$B$5:$X$5)*(1-实盘持仓配置!$Z$5)^(('实盘净值数据(iFinD公式)'!$A6-'实盘净值数据(iFinD公式)'!$A$5)/365)) -> 1.0234375 | F6: =IF(OR(E5="",'实盘净值数据(iFinD公式)'!$A6="",'实盘净值数据(iFinD公式)'!$B6=""),"",(SUMPRODUCT(实盘持仓配置!$B$5:$X$5,'实盘净值数据(iFinD公式)'!$B5:$X5/'实盘净值数据(iFinD公式)'!$B$5:$X$5,'实盘净值数据(iFinD公式)'!$B6:$X6/'实盘净值数据(iFinD公式)'!$B5:$X5)/SUMPRODUCT(实盘持仓配置!$B$5:$X$5,'实盘净值数据(iFinD公式)'!$B5:$X5/'实盘净值数据(iFinD公式)'!$B$5:$X$5))*(1-实盘持仓配置!$Z$5)^(('实盘净值数据(iFinD公式)'!$A6-'实盘净值数据(iFinD公式)'!$A5)/365)-1) -> 0.023437473 | G6: =IF(E6="","",E6/MAX(E$5:E6)-1) -> 0 | H6: =IF(OR((ROW()-1)<7,'实盘净值数据(iFinD公式)'!$A6="",'实盘净值数据(iFinD公式)'!$B6=""),"",SUMPRODUCT(实盘持仓配置!$B$6:$X$6,'实盘净值数据(iFinD公式)'!$B6:$X6/'实盘净值数据(iFinD公式)'!$B$7:$X$7)*(1-实盘持仓配置!$Z$6)^(('实盘净值数据(iFinD公式)'!$A6-'实盘净值数据(iFinD公式)'!$A$7)/365)) | I6: =IF(OR(H5="",'实盘净值数据(iFinD公式)'!$A6="",'实盘净值数据(iFinD公式)'!$B6=""),"",(SUMPRODUCT(实盘持仓配置!$B$6:$X$6,'实盘净值数据(iFinD公式)'!$B5:$X5/'实盘净值数据(iFinD公式)'!$B$7:$X$7,'实盘净值数据(iFinD公式)'!$B6:$X6/'实盘净值数据(iFinD公式)'!$B5:$X5)/SUMPRODUCT(实盘持仓配置!$B$6:$X$6,'实盘净值数据(iFinD公式)'!$B5:$X5/'实盘净值数据(iFinD公式)'!$B$7:$X$7))*(1-实盘持仓配置!$Z$6)^(('实盘净值数据(iFinD公式)'!$A6-'实盘净值数据(iFinD公式)'!$A5)/365)-1) | J6: =IF(H6="","",H6/MAX(H$5:H6)-1) | K6: =IF(OR((ROW()-1)<8,'实盘净值数据(iFinD公式)'!$A6="",'实盘净值数据(iFinD公式)'!$B6=""),"",SUMPRODUCT(实盘持仓配置!$B$7:$X$7,'实盘净值数据(iFinD公式)'!$B6:$X6/'实盘净值数据(iFinD公式)'!$B$8:$X$8)*(1-实盘持仓配置!$Z$7)^(('实盘净值数据(iFinD公式)'!$A6-'实盘净值数据(iFinD公式)'!$A$8)/365)) | L6: =IF(OR(K5="",'实盘净值数据(iFinD公式)'!$A6="",'实盘净值数据(iFinD公式)'!$B6=""),"",(SUMPRODUCT(实盘持仓配置!$B$7:$X$7,'实盘净值数据(iFinD公式)'!$B5:$X5/'实盘净值数据(iFinD公式)'!$B$8:$X$8,'实盘净值数据(iFinD公式)'!$B6:$X6/'实盘净值数据(iFinD公式)'!$B5:$X5)/SUMPRODUCT(实盘持仓配置!$B$7:$X$7,'实盘净值数据(iFinD公式)'!$B5:$X5/'实盘净值数据(iFinD公式)'!$B$8:$X$8))*(1-实盘持仓配置!$Z$7)^(('实盘净值数据(iFinD公式)'!$A6-'实盘净值数据(iFinD公式)'!$A5)/365)-1) | M6: =IF(K6="","",K6/MAX(K$5:K6)-1) | N6: =IF(OR((ROW()-1)<5,'实盘净值数据(iFinD公式)'!$A6="",'实盘净值数据(iFinD公式)'!$B6=""),"",SUMPRODUCT(实盘持仓配置!$B$8:$X$8,'实盘净值数据(iFinD公式)'!$B6:$X6/'实盘净值数据(iFinD公式)'!$B$5:$X$5)*(1-实盘持仓配置!$Z$8)^(('实盘净值数据(iFinD公式)'!$A6-'实盘净值数据(iFinD公式)'!$A$5)/365)) -> 1.0008955 | O6: =IF(OR(N5="",'实盘净值数据(iFinD公式)'!$A6="",'实盘净值数据(iFinD公式)'!$B6=""),"",(SUMPRODUCT(实盘持仓配置!$B$8:$X$8,'实盘净值数据(iFinD公式)'!$B5:$X5/'实盘净值数据(iFinD公式)'!$B$5:$X$5,'实盘净值数据(iFinD公式)'!$B6:$X6/'实盘净值数据(iFinD公式)'!$B5:$X5)/SUMPRODUCT(实盘持仓配置!$B$8:$X$8,'实盘净值数据(iFinD公式)'!$B5:$X5/'实盘净值数据(iFinD公式)'!$B$5:$X$5))*(1-实盘持仓配置!$Z$8)^(('实盘净值数据(iFinD公式)'!$A6-'实盘净值数据(iFinD公式)'!$A5)/365)-1) -> 0.00089553164 | P6: =IF(N6="","",N6/MAX(N$5:N6)-1) -> 0 | Q6: =IF(OR((ROW()-1)<8,'实盘净值数据(iFinD公式)'!$A6="",'实盘净值数据(iFinD公式)'!$B6=""),"",SUMPRODUCT(实盘持仓配置!$B$9:$X$9,'实盘净值数据(iFinD公式)'!$B6:$X6/'实盘净值数据(iFinD公式)'!$B$8:$X$8)*(1-实盘持仓配置!$Z$9)^(('实盘净值数据(iFinD公式)'!$A6-'实盘净值数据(iFinD公式)'!$A$8)/365)) | R6: =IF(OR(Q5="",'实盘净值数据(iFinD公式)'!$A6="",'实盘净值数据(iFinD公式)'!$B6=""),"",(SUMPRODUCT(实盘持仓配置!$B$9:$X$9,'实盘净值数据(iFinD公式)'!$B5:$X5/'实盘净值数据(iFinD公式)'!$B$8:$X$8,'实盘净值数据(iFinD公式)'!$B6:$X6/'实盘净值数据(iFinD公式)'!$B5:$X5)/SUMPRODUCT(实盘持仓配置!$B$9:$X$9,'实盘净值数据(iFinD公式)'!$B5:$X5/'实盘净值数据(iFinD公式)'!$B$8:$X$8))*(1-实盘持仓配置!$Z$9)^(('实盘净值数据(iFinD公式)'!$A6-'实盘净值数据(iFinD公式)'!$A5)/365)-1) | S6: =IF(Q6="","",Q6/MAX(Q$5:Q6)-1)
A7: =IF('实盘净值数据(iFinD公式)'!A7="","",'实盘净值数据(iFinD公式)'!A7) -> 46196 | B7: =IF(OR((ROW()-1)<6,'实盘净值数据(iFinD公式)'!$A7="",'实盘净值数据(iFinD公式)'!$B7=""),"",SUMPRODUCT(实盘持仓配置!$B$4:$X$4,'实盘净值数据(iFinD公式)'!$B7:$X7/'实盘净值数据(iFinD公式)'!$B$6:$X$6)*(1-实盘持仓配置!$Z$4)^(('实盘净值数据(iFinD公式)'!$A7-'实盘净值数据(iFinD公式)'!$A$6)/365)) -> 0.98042319 | C7: =IF(OR(B6="",'实盘净值数据(iFinD公式)'!$A7="",'实盘净值数据(iFinD公式)'!$B7=""),"",(SUMPRODUCT(实盘持仓配置!$B$4:$X$4,'实盘净值数据(iFinD公式)'!$B6:$X6/'实盘净值数据(iFinD公式)'!$B$6:$X$6,'实盘净值数据(iFinD公式)'!$B7:$X7/'实盘净值数据(iFinD公式)'!$B6:$X6)/SUMPRODUCT(实盘持仓配置!$B$4:$X$4,'实盘净值数据(iFinD公式)'!$B6:$X6/'实盘净值数据(iFinD公式)'!$B$6:$X$6))*(1-实盘持仓配置!$Z$4)^(('实盘净值数据(iFinD公式)'!$A7-'实盘净值数据(iFinD公式)'!$A6)/365)-1) -> -0.019576812 | D7: =IF(B7="","",B7/MAX(B$5:B7)-1) -> -0.019576812 | E7: =IF(OR((ROW()-1)<5,'实盘净值数据(iFinD公式)'!$A7="",'实盘净值数据(iFinD公式)'!$B7=""),"",SUMPRODUCT(实盘持仓配置!$B$5:$X$5,'实盘净值数据(iFinD公式)'!$B7:$X7/'实盘净值数据(iFinD公式)'!$B$5:$X$5)*(1-实盘持仓配置!$Z$5)^(('实盘净值数据(iFinD公式)'!$A7-'实盘净值数据(iFinD公式)'!$A$5)/365)) -> 1.0033379 | F7: =IF(OR(E6="",'实盘净值数据(iFinD公式)'!$A7="",'实盘净值数据(iFinD公式)'!$B7=""),"",(SUMPRODUCT(实盘持仓配置!$B$5:$X$5,'实盘净值数据(iFinD公式)'!$B6:$X6/'实盘净值数据(iFinD公式)'!$B$5:$X$5,'实盘净值数据(iFinD公式)'!$B7:$X7/'实盘净值数据(iFinD公式)'!$B6:$X6)/SUMPRODUCT(实盘持仓配置!$B$5:$X$5,'实盘净值数据(iFinD公式)'!$B6:$X6/'实盘净值数据(iFinD公式)'!$B$5:$X$5))*(1-实盘持仓配置!$Z$5)^(('实盘净值数据(iFinD公式)'!$A7-'实盘净值数据(iFinD公式)'!$A6)/365)-1) -> -0.019639287 | G7: =IF(E7="","",E7/MAX(E$5:E7)-1) -> -0.019639287 | H7: 1 | I7: =IF(OR(H6="",'实盘净值数据(iFinD公式)'!$A7="",'实盘净值数据(iFinD公式)'!$B7=""),"",(SUMPRODUCT(实盘持仓配置!$B$6:$X$6,'实盘净值数据(iFinD公式)'!$B6:$X6/'实盘净值数据(iFinD公式)'!$B$7:$X$7,'实盘净值数据(iFinD公式)'!$B7:$X7/'实盘净值数据(iFinD公式)'!$B6:$X6)/SUMPRODUCT(实盘持仓配置!$B$6:$X$6,'实盘净值数据(iFinD公式)'!$B6:$X6/'实盘净值数据(iFinD公式)'!$B$7:$X$7))*(1-实盘持仓配置!$Z$6)^(('实盘净值数据(iFinD公式)'!$A7-'实盘净值数据(iFinD公式)'!$A6)/365)-1) | J7: =IF(H7="","",H7/MAX(H$5:H7)-1) -> 0 | K7: =IF(OR((ROW()-1)<8,'实盘净值数据(iFinD公式)'!$A7="",'实盘净值数据(iFinD公式)'!$B7=""),"",SUMPRODUCT(实盘持仓配置!$B$7:$X$7,'实盘净值数据(iFinD公式)'!$B7:$X7/'实盘净值数据(iFinD公式)'!$B$8:$X$8)*(1-实盘持仓配置!$Z$7)^(('实盘净值数据(iFinD公式)'!$A7-'实盘净值数据(iFinD公式)'!$A$8)/365)) | L7: =IF(OR(K6="",'实盘净值数据(iFinD公式)'!$A7="",'实盘净值数据(iFinD公式)'!$B7=""),"",(SUMPRODUCT(实盘持仓配置!$B$7:$X$7,'实盘净值数据(iFinD公式)'!$B6:$X6/'实盘净值数据(iFinD公式)'!$B$8:$X$8,'实盘净值数据(iFinD公式)'!$B7:$X7/'实盘净值数据(iFinD公式)'!$B6:$X6)/SUMPRODUCT(实盘持仓配置!$B$7:$X$7,'实盘净值数据(iFinD公式)'!$B6:$X6/'实盘净值数据(iFinD公式)'!$B$8:$X$8))*(1-实盘持仓配置!$Z$7)^(('实盘净值数据(iFinD公式)'!$A7-'实盘净值数据(iFinD公式)'!$A6)/365)-1) | M7: =IF(K7="","",K7/MAX(K$5:K7)-1) | N7: =IF(OR((ROW()-1)<5,'实盘净值数据(iFinD公式)'!$A7="",'实盘净值数据(iFinD公式)'!$B7=""),"",SUMPRODUCT(实盘持仓配置!$B$8:$X$8,'实盘净值数据(iFinD公式)'!$B7:$X7/'实盘净值数据(iFinD公式)'!$B$5:$X$5)*(1-实盘持仓配置!$Z$8)^(('实盘净值数据(iFinD公式)'!$A7-'实盘净值数据(iFinD公式)'!$A$5)/365)) -> 0.99782264 | O7: =IF(OR(N6="",'实盘净值数据(iFinD公式)'!$A7="",'实盘净值数据(iFinD公式)'!$B7=""),"",(SUMPRODUCT(实盘持仓配置!$B$8:$X$8,'实盘净值数据(iFinD公式)'!$B6:$X6/'实盘净值数据(iFinD公式)'!$B$5:$X$5,'实盘净值数据(iFinD公式)'!$B7:$X7/'实盘净值数据(iFinD公式)'!$B6:$X6)/SUMPRODUCT(实盘持仓配置!$B$8:$X$8,'实盘净值数据(iFinD公式)'!$B6:$X6/'实盘净值数据(iFinD公式)'!$B$5:$X$5))*(1-实盘持仓配置!$Z$8)^(('实盘净值数据(iFinD公式)'!$A7-'实盘净值数据(iFinD公式)'!$A6)/365)-1) -> -0.0030701438 | P7: =IF(N7="","",N7/MAX(N$5:N7)-1) -> -0.0030701438 | Q7: =IF(OR((ROW()-1)<8,'实盘净值数据(iFinD公式)'!$A7="",'实盘净值数据(iFinD公式)'!$B7=""),"",SUMPRODUCT(实盘持仓配置!$B$9:$X$9,'实盘净值数据(iFinD公式)'!$B7:$X7/'实盘净值数据(iFinD公式)'!$B$8:$X$8)*(1-实盘持仓配置!$Z$9)^(('实盘净值数据(iFinD公式)'!$A7-'实盘净值数据(iFinD公式)'!$A$8)/365)) | R7: =IF(OR(Q6="",'实盘净值数据(iFinD公式)'!$A7="",'实盘净值数据(iFinD公式)'!$B7=""),"",(SUMPRODUCT(实盘持仓配置!$B$9:$X$9,'实盘净值数据(iFinD公式)'!$B6:$X6/'实盘净值数据(iFinD公式)'!$B$8:$X$8,'实盘净值数据(iFinD公式)'!$B7:$X7/'实盘净值数据(iFinD公式)'!$B6:$X6)/SUMPRODUCT(实盘持仓配置!$B$9:$X$9,'实盘净值数据(iFinD公式)'!$B6:$X6/'实盘净值数据(iFinD公式)'!$B$8:$X$8))*(1-实盘持仓配置!$Z$9)^(('实盘净值数据(iFinD公式)'!$A7-'实盘净值数据(iFinD公式)'!$A6)/365)-1) | S7: =IF(Q7="","",Q7/MAX(Q$5:Q7)-1)
A8: =IF('实盘净值数据(iFinD公式)'!A8="","",'实盘净值数据(iFinD公式)'!A8) -> 46197 | B8: =IF(OR((ROW()-1)<6,'实盘净值数据(iFinD公式)'!$A8="",'实盘净值数据(iFinD公式)'!$B8=""),"",SUMPRODUCT(实盘持仓配置!$B$4:$X$4,'实盘净值数据(iFinD公式)'!$B8:$X8/'实盘净值数据(iFinD公式)'!$B$6:$X$6)*(1-实盘持仓配置!$Z$4)^(('实盘净值数据(iFinD公式)'!$A8-'实盘净值数据(iFinD公式)'!$A$6)/365)) -> 1.0160197 | C8: =IF(OR(B7="",'实盘净值数据(iFinD公式)'!$A8="",'实盘净值数据(iFinD公式)'!$B8=""),"",(SUMPRODUCT(实盘持仓配置!$B$4:$X$4,'实盘净值数据(iFinD公式)'!$B7:$X7/'实盘净值数据(iFinD公式)'!$B$6:$X$6,'实盘净值数据(iFinD公式)'!$B8:$X8/'实盘净值数据(iFinD公式)'!$B7:$X7)/SUMPRODUCT(实盘持仓配置!$B$4:$X$4,'实盘净值数据(iFinD公式)'!$B7:$X7/'实盘净值数据(iFinD公式)'!$B$6:$X$6))*(1-实盘持仓配置!$Z$4)^(('实盘净值数据(iFinD公式)'!$A8-'实盘净值数据(iFinD公式)'!$A7)/365)-1) -> 0.036307314 | D8: =IF(B8="","",B8/MAX(B$5:B8)-1) -> 0 | E8: =IF(OR((ROW()-1)<5,'实盘净值数据(iFinD公式)'!$A8="",'实盘净值数据(iFinD公式)'!$B8=""),"",SUMPRODUCT(实盘持仓配置!$B$5:$X$5,'实盘净值数据(iFinD公式)'!$B8:$X8/'实盘净值数据(iFinD公式)'!$B$5:$X$5)*(1-实盘持仓配置!$Z$5)^(('实盘净值数据(iFinD公式)'!$A8-'实盘净值数据(iFinD公式)'!$A$5)/365)) -> 1.0397127 | F8: =IF(OR(E7="",'实盘净值数据(iFinD公式)'!$A8="",'实盘净值数据(iFinD公式)'!$B8=""),"",(SUMPRODUCT(实盘持仓配置!$B$5:$X$5,'实盘净值数据(iFinD公式)'!$B7:$X7/'实盘净值数据(iFinD公式)'!$B$5:$X$5,'实盘净值数据(iFinD公式)'!$B8:$X8/'实盘净值数据(iFinD公式)'!$B7:$X7)/SUMPRODUCT(实盘持仓配置!$B$5:$X$5,'实盘净值数据(iFinD公式)'!$B7:$X7/'实盘净值数据(iFinD公式)'!$B$5:$X$5))*(1-实盘持仓配置!$Z$5)^(('实盘净值数据(iFinD公式)'!$A8-'实盘净值数据(iFinD公式)'!$A7)/365)-1) -> 0.036253775 | G8: =IF(E8="","",E8/MAX(E$5:E8)-1) -> 0 | H8: =IF(OR((ROW()-1)<7,'实盘净值数据(iFinD公式)'!$A8="",'实盘净值数据(iFinD公式)'!$B8=""),"",SUMPRODUCT(实盘持仓配置!$B$6:$X$6,'实盘净值数据(iFinD公式)'!$B8:$X8/'实盘净值数据(iFinD公式)'!$B$7:$X$7)*(1-实盘持仓配置!$Z$6)^(('实盘净值数据(iFinD公式)'!$A8-'实盘净值数据(iFinD公式)'!$A$7)/365)) -> 1.039203 | I8: =IF(OR(H7="",'实盘净值数据(iFinD公式)'!$A8="",'实盘净值数据(iFinD公式)'!$B8=""),"",(SUMPRODUCT(实盘持仓配置!$B$6:$X$6,'实盘净值数据(iFinD公式)'!$B7:$X7/'实盘净值数据(iFinD公式)'!$B$7:$X$7,'实盘净值数据(iFinD公式)'!$B8:$X8/'实盘净值数据(iFinD公式)'!$B7:$X7)/SUMPRODUCT(实盘持仓配置!$B$6:$X$6,'实盘净值数据(iFinD公式)'!$B7:$X7/'实盘净值数据(iFinD公式)'!$B$7:$X$7))*(1-实盘持仓配置!$Z$6)^(('实盘净值数据(iFinD公式)'!$A8-'实盘净值数据(iFinD公式)'!$A7)/365)-1) -> 0.039202963 | J8: =IF(H8="","",H8/MAX(H$5:H8)-1) -> 0 | K8: 1 | L8: =IF(OR(K7="",'实盘净值数据(iFinD公式)'!$A8="",'实盘净值数据(iFinD公式)'!$B8=""),"",(SUMPRODUCT(实盘持仓配置!$B$7:$X$7,'实盘净值数据(iFinD公式)'!$B7:$X7/'实盘净值数据(iFinD公式)'!$B$8:$X$8,'实盘净值数据(iFinD公式)'!$B8:$X8/'实盘净值数据(iFinD公式)'!$B7:$X7)/SUMPRODUCT(实盘持仓配置!$B$7:$X$7,'实盘净值数据(iFinD公式)'!$B7:$X7/'实盘净值数据(iFinD公式)'!$B$8:$X$8))*(1-实盘持仓配置!$Z$7)^(('实盘净值数据(iFinD公式)'!$A8-'实盘净值数据(iFinD公式)'!$A7)/365)-1) | M8: =IF(K8="","",K8/MAX(K$5:K8)-1) -> 0 | N8: =IF(OR((ROW()-1)<5,'实盘净值数据(iFinD公式)'!$A8="",'实盘净值数据(iFinD公式)'!$B8=""),"",SUMPRODUCT(实盘持仓配置!$B$8:$X$8,'实盘净值数据(iFinD公式)'!$B8:$X8/'实盘净值数据(iFinD公式)'!$B$5:$X$5)*(1-实盘持仓配置!$Z$8)^(('实盘净值数据(iFinD公式)'!$A8-'实盘净值数据(iFinD公式)'!$A$5)/365)) -> 0.99977057 | O8: =IF(OR(N7="",'实盘净值数据(iFinD公式)'!$A8="",'实盘净值数据(iFinD公式)'!$B8=""),"",(SUMPRODUCT(实盘持仓配置!$B$8:$X$8,'实盘净值数据(iFinD公式)'!$B7:$X7/'实盘净值数据(iFinD公式)'!$B$5:$X$5,'实盘净值数据(iFinD公式)'!$B8:$X8/'实盘净值数据(iFinD公式)'!$B7:$X7)/SUMPRODUCT(实盘持仓配置!$B$8:$X$8,'实盘净值数据(iFinD公式)'!$B7:$X7/'实盘净值数据(iFinD公式)'!$B$5:$X$5))*(1-实盘持仓配置!$Z$8)^(('实盘净值数据(iFinD公式)'!$A8-'实盘净值数据(iFinD公式)'!$A7)/365)-1) -> 0.001952181 | P8: =IF(N8="","",N8/MAX(N$5:N8)-1) -> -0.0011239563 | Q8: 1 | R8: =IF(OR(Q7="",'实盘净值数据(iFinD公式)'!$A8="",'实盘净值数据(iFinD公式)'!$B8=""),"",(SUMPRODUCT(实盘持仓配置!$B$9:$X$9,'实盘净值数据(iFinD公式)'!$B7:$X7/'实盘净值数据(iFinD公式)'!$B$8:$X$8,'实盘净值数据(iFinD公式)'!$B8:$X8/'实盘净值数据(iFinD公式)'!$B7:$X7)/SUMPRODUCT(实盘持仓配置!$B$9:$X$9,'实盘净值数据(iFinD公式)'!$B7:$X7/'实盘净值数据(iFinD公式)'!$B$8:$X$8))*(1-实盘持仓配置!$Z$9)^(('实盘净值数据(iFinD公式)'!$A8-'实盘净值数据(iFinD公式)'!$A7)/365)-1) | S8: =IF(Q8="","",Q8/MAX(Q$5:Q8)-1) -> 0
A9: =IF('实盘净值数据(iFinD公式)'!A9="","",'实盘净值数据(iFinD公式)'!A9) -> 46198 | B9: =IF(OR((ROW()-1)<6,'实盘净值数据(iFinD公式)'!$A9="",'实盘净值数据(iFinD公式)'!$B9=""),"",SUMPRODUCT(实盘持仓配置!$B$4:$X$4,'实盘净值数据(iFinD公式)'!$B9:$X9/'实盘净值数据(iFinD公式)'!$B$6:$X$6)*(1-实盘持仓配置!$Z$4)^(('实盘净值数据(iFinD公式)'!$A9-'实盘净值数据(iFinD公式)'!$A$6)/365)) -> 1.0494432 | C9: =IF(OR(B8="",'实盘净值数据(iFinD公式)'!$A9="",'实盘净值数据(iFinD公式)'!$B9=""),"",(SUMPRODUCT(实盘持仓配置!$B$4:$X$4,'实盘净值数据(iFinD公式)'!$B8:$X8/'实盘净值数据(iFinD公式)'!$B$6:$X$6,'实盘净值数据(iFinD公式)'!$B9:$X9/'实盘净值数据(iFinD公式)'!$B8:$X8)/SUMPRODUCT(实盘持仓配置!$B$4:$X$4,'实盘净值数据(iFinD公式)'!$B8:$X8/'实盘净值数据(iFinD公式)'!$B$6:$X$6))*(1-实盘持仓配置!$Z$4)^(('实盘净值数据(iFinD公式)'!$A9-'实盘净值数据(iFinD公式)'!$A8)/365)-1) -> 0.032896442 | D9: =IF(B9="","",B9/MAX(B$5:B9)-1) -> 0 | E9: =IF(OR((ROW()-1)<5,'实盘净值数据(iFinD公式)'!$A9="",'实盘净值数据(iFinD公式)'!$B9=""),"",SUMPRODUCT(实盘持仓配置!$B$5:$X$5,'实盘净值数据(iFinD公式)'!$B9:$X9/'实盘净值数据(iFinD公式)'!$B$5:$X$5)*(1-实盘持仓配置!$Z$5)^(('实盘净值数据(iFinD公式)'!$A9-'实盘净值数据(iFinD公式)'!$A$5)/365)) -> 1.0739445 | F9: =IF(OR(E8="",'实盘净值数据(iFinD公式)'!$A9="",'实盘净值数据(iFinD公式)'!$B9=""),"",(SUMPRODUCT(实盘持仓配置!$B$5:$X$5,'实盘净值数据(iFinD公式)'!$B8:$X8/'实盘净值数据(iFinD公式)'!$B$5:$X$5,'实盘净值数据(iFinD公式)'!$B9:$X9/'实盘净值数据(iFinD公式)'!$B8:$X8)/SUMPRODUCT(实盘持仓配置!$B$5:$X$5,'实盘净值数据(iFinD公式)'!$B8:$X8/'实盘净值数据(iFinD公式)'!$B$5:$X$5))*(1-实盘持仓配置!$Z$5)^(('实盘净值数据(iFinD公式)'!$A9-'实盘净值数据(iFinD公式)'!$A8)/365)-1) -> 0.032924343 | G9: =IF(E9="","",E9/MAX(E$5:E9)-1) -> 0 | H9: =IF(OR((ROW()-1)<7,'实盘净值数据(iFinD公式)'!$A9="",'实盘净值数据(iFinD公式)'!$B9=""),"",SUMPRODUCT(实盘持仓配置!$B$6:$X$6,'实盘净值数据(iFinD公式)'!$B9:$X9/'实盘净值数据(iFinD公式)'!$B$7:$X$7)*(1-实盘持仓配置!$Z$6)^(('实盘净值数据(iFinD公式)'!$A9-'实盘净值数据(iFinD公式)'!$A$7)/365)) -> 1.0741076 | I9: =IF(OR(H8="",'实盘净值数据(iFinD公式)'!$A9="",'实盘净值数据(iFinD公式)'!$B9=""),"",(SUMPRODUCT(实盘持仓配置!$B$6:$X$6,'实盘净值数据(iFinD公式)'!$B8:$X8/'实盘净值数据(iFinD公式)'!$B$7:$X$7,'实盘净值数据(iFinD公式)'!$B9:$X9/'实盘净值数据(iFinD公式)'!$B8:$X8)/SUMPRODUCT(实盘持仓配置!$B$6:$X$6,'实盘净值数据(iFinD公式)'!$B8:$X8/'实盘净值数据(iFinD公式)'!$B$7:$X$7))*(1-实盘持仓配置!$Z$6)^(('实盘净值数据(iFinD公式)'!$A9-'实盘净值数据(iFinD公式)'!$A8)/365)-1) -> 0.033587935 | J9: =IF(H9="","",H9/MAX(H$5:H9)-1) -> 0 | K9: =IF(OR((ROW()-1)<8,'实盘净值数据(iFinD公式)'!$A9="",'实盘净值数据(iFinD公式)'!$B9=""),"",SUMPRODUCT(实盘持仓配置!$B$7:$X$7,'实盘净值数据(iFinD公式)'!$B9:$X9/'实盘净值数据(iFinD公式)'!$B$8:$X$8)*(1-实盘持仓配置!$Z$7)^(('实盘净值数据(iFinD公式)'!$A9-'实盘净值数据(iFinD公式)'!$A$8)/365)) -> 1.0014142 | L9: =IF(OR(K8="",'实盘净值数据(iFinD公式)'!$A9="",'实盘净值数据(iFinD公式)'!$B9=""),"",(SUMPRODUCT(实盘持仓配置!$B$7:$X$7,'实盘净值数据(iFinD公式)'!$B8:$X8/'实盘净值数据(iFinD公式)'!$B$8:$X$8,'实盘净值数据(iFinD公式)'!$B9:$X9/'实盘净值数据(iFinD公式)'!$B8:$X8)/SUMPRODUCT(实盘持仓配置!$B$7:$X$7,'实盘净值数据(iFinD公式)'!$B8:$X8/'实盘净值数据(iFinD公式)'!$B$8:$X$8))*(1-实盘持仓配置!$Z$7)^(('实盘净值数据(iFinD公式)'!$A9-'实盘净值数据(iFinD公式)'!$A8)/365)-1) -> 0.0014141946 | M9: =IF(K9="","",K9/MAX(K$5:K9)-1) -> 0 | N9: =IF(OR((ROW()-1)<5,'实盘净值数据(iFinD公式)'!$A9="",'实盘净值数据(iFinD公式)'!$B9=""),"",SUMPRODUCT(实盘持仓配置!$B$8:$X$8,'实盘净值数据(iFinD公式)'!$B9:$X9/'实盘净值数据(iFinD公式)'!$B$5:$X$5)*(1-实盘持仓配置!$Z$8)^(('实盘净值数据(iFinD公式)'!$A9-'实盘净值数据(iFinD公式)'!$A$5)/365)) -> 1.001278 | O9: =IF(OR(N8="",'实盘净值数据(iFinD公式)'!$A9="",'实盘净值数据(iFinD公式)'!$B9=""),"",(SUMPRODUCT(实盘持仓配置!$B$8:$X$8,'实盘净值数据(iFinD公式)'!$B8:$X8/'实盘净值数据(iFinD公式)'!$B$5:$X$5,'实盘净值数据(iFinD公式)'!$B9:$X9/'实盘净值数据(iFinD公式)'!$B8:$X8)/SUMPRODUCT(实盘持仓配置!$B$8:$X$8,'实盘净值数据(iFinD公式)'!$B8:$X8/'实盘净值数据(iFinD公式)'!$B$5:$X$5))*(1-实盘持仓配置!$Z$8)^(('实盘净值数据(iFinD公式)'!$A9-'实盘净值数据(iFinD公式)'!$A8)/365)-1) -> 0.0015077592 | P9: =IF(N9="","",N9/MAX(N$5:N9)-1) -> 0 | Q9: =IF(OR((ROW()-1)<8,'实盘净值数据(iFinD公式)'!$A9="",'实盘净值数据(iFinD公式)'!$B9=""),"",SUMPRODUCT(实盘持仓配置!$B$9:$X$9,'实盘净值数据(iFinD公式)'!$B9:$X9/'实盘净值数据(iFinD公式)'!$B$8:$X$8)*(1-实盘持仓配置!$Z$9)^(('实盘净值数据(iFinD公式)'!$A9-'实盘净值数据(iFinD公式)'!$A$8)/365)) -> 1.0039732 | R9: =IF(OR(Q8="",'实盘净值数据(iFinD公式)'!$A9="",'实盘净值数据(iFinD公式)'!$B9=""),"",(SUMPRODUCT(实盘持仓配置!$B$9:$X$9,'实盘净值数据(iFinD公式)'!$B8:$X8/'实盘净值数据(iFinD公式)'!$B$8:$X$8,'实盘净值数据(iFinD公式)'!$B9:$X9/'实盘净值数据(iFinD公式)'!$B8:$X8)/SUMPRODUCT(实盘持仓配置!$B$9:$X$9,'实盘净值数据(iFinD公式)'!$B8:$X8/'实盘净值数据(iFinD公式)'!$B$8:$X$8))*(1-实盘持仓配置!$Z$9)^(('实盘净值数据(iFinD公式)'!$A9-'实盘净值数据(iFinD公式)'!$A8)/365)-1) -> 0.0039732082 | S9: =IF(Q9="","",Q9/MAX(Q$5:Q9)-1) -> 0
A10: =IF('实盘净值数据(iFinD公式)'!A10="","",'实盘净值数据(iFinD公式)'!A10) -> 46199 | B10: =IF(OR((ROW()-1)<6,'实盘净值数据(iFinD公式)'!$A10="",'实盘净值数据(iFinD公式)'!$B10=""),"",SUMPRODUCT(实盘持仓配置!$B$4:$X$4,'实盘净值数据(iFinD公式)'!$B10:$X10/'实盘净值数据(iFinD公式)'!$B$6:$X$6)*(1-实盘持仓配置!$Z$4)^(('实盘净值数据(iFinD公式)'!$A10-'实盘净值数据(iFinD公式)'!$A$6)/365)) -> 1.0194457 | C10: =IF(OR(B9="",'实盘净值数据(iFinD公式)'!$A10="",'实盘净值数据(iFinD公式)'!$B10=""),"",(SUMPRODUCT(实盘持仓配置!$B$4:$X$4,'实盘净值数据(iFinD公式)'!$B9:$X9/'实盘净值数据(iFinD公式)'!$B$6:$X$6,'实盘净值数据(iFinD公式)'!$B10:$X10/'实盘净值数据(iFinD公式)'!$B9:$X9)/SUMPRODUCT(实盘持仓配置!$B$4:$X$4,'实盘净值数据(iFinD公式)'!$B9:$X9/'实盘净值数据(iFinD公式)'!$B$6:$X$6))*(1-实盘持仓配置!$Z$4)^(('实盘净值数据(iFinD公式)'!$A10-'实盘净值数据(iFinD公式)'!$A9)/365)-1) -> -0.028584129 | D10: =IF(B10="","",B10/MAX(B$5:B10)-1) -> -0.028584129 | E10: =IF(OR((ROW()-1)<5,'实盘净值数据(iFinD公式)'!$A10="",'实盘净值数据(iFinD公式)'!$B10=""),"",SUMPRODUCT(实盘持仓配置!$B$5:$X$5,'实盘净值数据(iFinD公式)'!$B10:$X10/'实盘净值数据(iFinD公式)'!$B$5:$X$5)*(1-实盘持仓配置!$Z$5)^(('实盘净值数据(iFinD公式)'!$A10-'实盘净值数据(iFinD公式)'!$A$5)/365)) -> 1.0431452 | F10: =IF(OR(E9="",'实盘净值数据(iFinD公式)'!$A10="",'实盘净值数据(iFinD公式)'!$B10=""),"",(SUMPRODUCT(实盘持仓配置!$B$5:$X$5,'实盘净值数据(iFinD公式)'!$B9:$X9/'实盘净值数据(iFinD公式)'!$B$5:$X$5,'实盘净值数据(iFinD公式)'!$B10:$X10/'实盘净值数据(iFinD公式)'!$B9:$X9)/SUMPRODUCT(实盘持仓配置!$B$5:$X$5,'实盘净值数据(iFinD公式)'!$B9:$X9/'实盘净值数据(iFinD公式)'!$B$5:$X$5))*(1-实盘持仓配置!$Z$5)^(('实盘净值数据(iFinD公式)'!$A10-'实盘净值数据(iFinD公式)'!$A9)/365)-1) -> -0.028678715 | G10: =IF(E10="","",E10/MAX(E$5:E10)-1) -> -0.028678715 | H10: =IF(OR((ROW()-1)<7,'实盘净值数据(iFinD公式)'!$A10="",'实盘净值数据(iFinD公式)'!$B10=""),"",SUMPRODUCT(实盘持仓配置!$B$6:$X$6,'实盘净值数据(iFinD公式)'!$B10:$X10/'实盘净值数据(iFinD公式)'!$B$7:$X$7)*(1-实盘持仓配置!$Z$6)^(('实盘净值数据(iFinD公式)'!$A10-'实盘净值数据(iFinD公式)'!$A$7)/365)) -> 1.0506457 | I10: =IF(OR(H9="",'实盘净值数据(iFinD公式)'!$A10="",'实盘净值数据(iFinD公式)'!$B10=""),"",(SUMPRODUCT(实盘持仓配置!$B$6:$X$6,'实盘净值数据(iFinD公式)'!$B9:$X9/'实盘净值数据(iFinD公式)'!$B$7:$X$7,'实盘净值数据(iFinD公式)'!$B10:$X10/'实盘净值数据(iFinD公式)'!$B9:$X9)/SUMPRODUCT(实盘持仓配置!$B$6:$X$6,'实盘净值数据(iFinD公式)'!$B9:$X9/'实盘净值数据(iFinD公式)'!$B$7:$X$7))*(1-实盘持仓配置!$Z$6)^(('实盘净值数据(iFinD公式)'!$A10-'实盘净值数据(iFinD公式)'!$A9)/365)-1) -> -0.021843224 | J10: =IF(H10="","",H10/MAX(H$5:H10)-1) -> -0.021843224 | K10: =IF(OR((ROW()-1)<8,'实盘净值数据(iFinD公式)'!$A10="",'实盘净值数据(iFinD公式)'!$B10=""),"",SUMPRODUCT(实盘持仓配置!$B$7:$X$7,'实盘净值数据(iFinD公式)'!$B10:$X10/'实盘净值数据(iFinD公式)'!$B$8:$X$8)*(1-实盘持仓配置!$Z$7)^(('实盘净值数据(iFinD公式)'!$A10-'实盘净值数据(iFinD公式)'!$A$8)/365)) -> 0.99948223 | L10: =IF(OR(K9="",'实盘净值数据(iFinD公式)'!$A10="",'实盘净值数据(iFinD公式)'!$B10=""),"",(SUMPRODUCT(实盘持仓配置!$B$7:$X$7,'实盘净值数据(iFinD公式)'!$B9:$X9/'实盘净值数据(iFinD公式)'!$B$8:$X$8,'实盘净值数据(iFinD公式)'!$B10:$X10/'实盘净值数据(iFinD公式)'!$B9:$X9)/SUMPRODUCT(实盘持仓配置!$B$7:$X$7,'实盘净值数据(iFinD公式)'!$B9:$X9/'实盘净值数据(iFinD公式)'!$B$8:$X$8))*(1-实盘持仓配置!$Z$7)^(('实盘净值数据(iFinD公式)'!$A10-'实盘净值数据(iFinD公式)'!$A9)/365)-1) -> -0.0019292328 | M10: =IF(K10="","",K10/MAX(K$5:K10)-1) -> -0.0019292328 | N10: =IF(OR((ROW()-1)<5,'实盘净值数据(iFinD公式)'!$A10="",'实盘净值数据(iFinD公式)'!$B10=""),"",SUMPRODUCT(实盘持仓配置!$B$8:$X$8,'实盘净值数据(iFinD公式)'!$B10:$X10/'实盘净值数据(iFinD公式)'!$B$5:$X$5)*(1-实盘持仓配置!$Z$8)^(('实盘净值数据(iFinD公式)'!$A10-'实盘净值数据(iFinD公式)'!$A$5)/365)) -> 0.9989298 | O10: =IF(OR(N9="",'实盘净值数据(iFinD公式)'!$A10="",'实盘净值数据(iFinD公式)'!$B10=""),"",(SUMPRODUCT(实盘持仓配置!$B$8:$X$8,'实盘净值数据(iFinD公式)'!$B9:$X9/'实盘净值数据(iFinD公式)'!$B$5:$X$5,'实盘净值数据(iFinD公式)'!$B10:$X10/'实盘净值数据(iFinD公式)'!$B9:$X9)/SUMPRODUCT(实盘持仓配置!$B$8:$X$8,'实盘净值数据(iFinD公式)'!$B9:$X9/'实盘净值数据(iFinD公式)'!$B$5:$X$5))*(1-实盘持仓配置!$Z$8)^(('实盘净值数据(iFinD公式)'!$A10-'实盘净值数据(iFinD公式)'!$A9)/365)-1) -> -0.0023451843 | P10: =IF(N10="","",N10/MAX(N$5:N10)-1) -> -0.0023451843 | Q10: =IF(OR((ROW()-1)<8,'实盘净值数据(iFinD公式)'!$A10="",'实盘净值数据(iFinD公式)'!$B10=""),"",SUMPRODUCT(实盘持仓配置!$B$9:$X$9,'实盘净值数据(iFinD公式)'!$B10:$X10/'实盘净值数据(iFinD公式)'!$B$8:$X$8)*(1-实盘持仓配置!$Z$9)^(('实盘净值数据(iFinD公式)'!$A10-'实盘净值数据(iFinD公式)'!$A$8)/365)) -> 0.99720804 | R10: =IF(OR(Q9="",'实盘净值数据(iFinD公式)'!$A10="",'实盘净值数据(iFinD公式)'!$B10=""),"",(SUMPRODUCT(实盘持仓配置!$B$9:$X$9,'实盘净值数据(iFinD公式)'!$B9:$X9/'实盘净值数据(iFinD公式)'!$B$8:$X$8,'实盘净值数据(iFinD公式)'!$B10:$X10/'实盘净值数据(iFinD公式)'!$B9:$X9)/SUMPRODUCT(实盘持仓配置!$B$9:$X$9,'实盘净值数据(iFinD公式)'!$B9:$X9/'实盘净值数据(iFinD公式)'!$B$8:$X$8))*(1-实盘持仓配置!$Z$9)^(('实盘净值数据(iFinD公式)'!$A10-'实盘净值数据(iFinD公式)'!$A9)/365)-1) -> -0.0067383921 | S10: =IF(Q10="","",Q10/MAX(Q$5:Q10)-1) -> -0.0067383921
A11: =IF('实盘净值数据(iFinD公式)'!A11="","",'实盘净值数据(iFinD公式)'!A11) -> 46202 | B11: =IF(OR((ROW()-1)<6,'实盘净值数据(iFinD公式)'!$A11="",'实盘净值数据(iFinD公式)'!$B11=""),"",SUMPRODUCT(实盘持仓配置!$B$4:$X$4,'实盘净值数据(iFinD公式)'!$B11:$X11/'实盘净值数据(iFinD公式)'!$B$6:$X$6)*(1-实盘持仓配置!$Z$4)^(('实盘净值数据(iFinD公式)'!$A11-'实盘净值数据(iFinD公式)'!$A$6)/365)) -> 1.0294387 | C11: =IF(OR(B10="",'实盘净值数据(iFinD公式)'!$A11="",'实盘净值数据(iFinD公式)'!$B11=""),"",(SUMPRODUCT(实盘持仓配置!$B$4:$X$4,'实盘净值数据(iFinD公式)'!$B10:$X10/'实盘净值数据(iFinD公式)'!$B$6:$X$6,'实盘净值数据(iFinD公式)'!$B11:$X11/'实盘净值数据(iFinD公式)'!$B10:$X10)/SUMPRODUCT(实盘持仓配置!$B$4:$X$4,'实盘净值数据(iFinD公式)'!$B10:$X10/'实盘净值数据(iFinD公式)'!$B$6:$X$6))*(1-实盘持仓配置!$Z$4)^(('实盘净值数据(iFinD公式)'!$A11-'实盘净值数据(iFinD公式)'!$A10)/365)-1) -> 0.0098023153 | D11: =IF(B11="","",B11/MAX(B$5:B11)-1) -> -0.019062005 | E11: =IF(OR((ROW()-1)<5,'实盘净值数据(iFinD公式)'!$A11="",'实盘净值数据(iFinD公式)'!$B11=""),"",SUMPRODUCT(实盘持仓配置!$B$5:$X$5,'实盘净值数据(iFinD公式)'!$B11:$X11/'实盘净值数据(iFinD公式)'!$B$5:$X$5)*(1-实盘持仓配置!$Z$5)^(('实盘净值数据(iFinD公式)'!$A11-'实盘净值数据(iFinD公式)'!$A$5)/365)) -> 1.0532584 | F11: =IF(OR(E10="",'实盘净值数据(iFinD公式)'!$A11="",'实盘净值数据(iFinD公式)'!$B11=""),"",(SUMPRODUCT(实盘持仓配置!$B$5:$X$5,'实盘净值数据(iFinD公式)'!$B10:$X10/'实盘净值数据(iFinD公式)'!$B$5:$X$5,'实盘净值数据(iFinD公式)'!$B11:$X11/'实盘净值数据(iFinD公式)'!$B10:$X10)/SUMPRODUCT(实盘持仓配置!$B$5:$X$5,'实盘净值数据(iFinD公式)'!$B10:$X10/'实盘净值数据(iFinD公式)'!$B$5:$X$5))*(1-实盘持仓配置!$Z$5)^(('实盘净值数据(iFinD公式)'!$A11-'实盘净值数据(iFinD公式)'!$A10)/365)-1) -> 0.0096949189 | G11: =IF(E11="","",E11/MAX(E$5:E11)-1) -> -0.019261834 | H11: =IF(OR((ROW()-1)<7,'实盘净值数据(iFinD公式)'!$A11="",'实盘净值数据(iFinD公式)'!$B11=""),"",SUMPRODUCT(实盘持仓配置!$B$6:$X$6,'实盘净值数据(iFinD公式)'!$B11:$X11/'实盘净值数据(iFinD公式)'!$B$7:$X$7)*(1-实盘持仓配置!$Z$6)^(('实盘净值数据(iFinD公式)'!$A11-'实盘净值数据(iFinD公式)'!$A$7)/365)) -> 1.0685099 | I11: =IF(OR(H10="",'实盘净值数据(iFinD公式)'!$A11="",'实盘净值数据(iFinD公式)'!$B11=""),"",(SUMPRODUCT(实盘持仓配置!$B$6:$X$6,'实盘净值数据(iFinD公式)'!$B10:$X10/'实盘净值数据(iFinD公式)'!$B$7:$X$7,'实盘净值数据(iFinD公式)'!$B11:$X11/'实盘净值数据(iFinD公式)'!$B10:$X10)/SUMPRODUCT(实盘持仓配置!$B$6:$X$6,'实盘净值数据(iFinD公式)'!$B10:$X10/'实盘净值数据(iFinD公式)'!$B$7:$X$7))*(1-实盘持仓配置!$Z$6)^(('实盘净值数据(iFinD公式)'!$A11-'实盘净值数据(iFinD公式)'!$A10)/365)-1) -> 0.017003074 | J11: =IF(H11="","",H11/MAX(H$5:H11)-1) -> -0.0052115523 | K11: =IF(OR((ROW()-1)<8,'实盘净值数据(iFinD公式)'!$A11="",'实盘净值数据(iFinD公式)'!$B11=""),"",SUMPRODUCT(实盘持仓配置!$B$7:$X$7,'实盘净值数据(iFinD公式)'!$B11:$X11/'实盘净值数据(iFinD公式)'!$B$8:$X$8)*(1-实盘持仓配置!$Z$7)^(('实盘净值数据(iFinD公式)'!$A11-'实盘净值数据(iFinD公式)'!$A$8)/365)) -> 1.0013814 | L11: =IF(OR(K10="",'实盘净值数据(iFinD公式)'!$A11="",'实盘净值数据(iFinD公式)'!$B11=""),"",(SUMPRODUCT(实盘持仓配置!$B$7:$X$7,'实盘净值数据(iFinD公式)'!$B10:$X10/'实盘净值数据(iFinD公式)'!$B$8:$X$8,'实盘净值数据(iFinD公式)'!$B11:$X11/'实盘净值数据(iFinD公式)'!$B10:$X10)/SUMPRODUCT(实盘持仓配置!$B$7:$X$7,'实盘净值数据(iFinD公式)'!$B10:$X10/'实盘净值数据(iFinD公式)'!$B$8:$X$8))*(1-实盘持仓配置!$Z$7)^(('实盘净值数据(iFinD公式)'!$A11-'实盘净值数据(iFinD公式)'!$A10)/365)-1) -> 0.0019001106 | M11: =IF(K11="","",K11/MAX(K$5:K11)-1) -> -3.2787891e-05 | N11: =IF(OR((ROW()-1)<5,'实盘净值数据(iFinD公式)'!$A11="",'实盘净值数据(iFinD公式)'!$B11=""),"",SUMPRODUCT(实盘持仓配置!$B$8:$X$8,'实盘净值数据(iFinD公式)'!$B11:$X11/'实盘净值数据(iFinD公式)'!$B$5:$X$5)*(1-实盘持仓配置!$Z$8)^(('实盘净值数据(iFinD公式)'!$A11-'实盘净值数据(iFinD公式)'!$A$5)/365)) -> 1.000521 | O11: =IF(OR(N10="",'实盘净值数据(iFinD公式)'!$A11="",'实盘净值数据(iFinD公式)'!$B11=""),"",(SUMPRODUCT(实盘持仓配置!$B$8:$X$8,'实盘净值数据(iFinD公式)'!$B10:$X10/'实盘净值数据(iFinD公式)'!$B$5:$X$5,'实盘净值数据(iFinD公式)'!$B11:$X11/'实盘净值数据(iFinD公式)'!$B10:$X10)/SUMPRODUCT(实盘持仓配置!$B$8:$X$8,'实盘净值数据(iFinD公式)'!$B10:$X10/'实盘净值数据(iFinD公式)'!$B$5:$X$5))*(1-实盘持仓配置!$Z$8)^(('实盘净值数据(iFinD公式)'!$A11-'实盘净值数据(iFinD公式)'!$A10)/365)-1) -> 0.0015929539 | P11: =IF(N11="","",N11/MAX(N$5:N11)-1) -> -0.00075596623 | Q11: =IF(OR((ROW()-1)<8,'实盘净值数据(iFinD公式)'!$A11="",'实盘净值数据(iFinD公式)'!$B11=""),"",SUMPRODUCT(实盘持仓配置!$B$9:$X$9,'实盘净值数据(iFinD公式)'!$B11:$X11/'实盘净值数据(iFinD公式)'!$B$8:$X$8)*(1-实盘持仓配置!$Z$9)^(('实盘净值数据(iFinD公式)'!$A11-'实盘净值数据(iFinD公式)'!$A$8)/365)) -> 1.0009806 | R11: =IF(OR(Q10="",'实盘净值数据(iFinD公式)'!$A11="",'实盘净值数据(iFinD公式)'!$B11=""),"",(SUMPRODUCT(实盘持仓配置!$B$9:$X$9,'实盘净值数据(iFinD公式)'!$B10:$X10/'实盘净值数据(iFinD公式)'!$B$8:$X$8,'实盘净值数据(iFinD公式)'!$B11:$X11/'实盘净值数据(iFinD公式)'!$B10:$X10)/SUMPRODUCT(实盘持仓配置!$B$9:$X$9,'实盘净值数据(iFinD公式)'!$B10:$X10/'实盘净值数据(iFinD公式)'!$B$8:$X$8))*(1-实盘持仓配置!$Z$9)^(('实盘净值数据(iFinD公式)'!$A11-'实盘净值数据(iFinD公式)'!$A10)/365)-1) -> 0.0037831247 | S11: =IF(Q11="","",Q11/MAX(Q$5:Q11)-1) -> -0.0029807597
A12: =IF('实盘净值数据(iFinD公式)'!A12="","",'实盘净值数据(iFinD公式)'!A12) -> 46203 | B12: =IF(OR((ROW()-1)<6,'实盘净值数据(iFinD公式)'!$A12="",'实盘净值数据(iFinD公式)'!$B12=""),"",SUMPRODUCT(实盘持仓配置!$B$4:$X$4,'实盘净值数据(iFinD公式)'!$B12:$X12/'实盘净值数据(iFinD公式)'!$B$6:$X$6)*(1-实盘持仓配置!$Z$4)^(('实盘净值数据(iFinD公式)'!$A12-'实盘净值数据(iFinD公式)'!$A$6)/365)) -> 1.0748479 | C12: =IF(OR(B11="",'实盘净值数据(iFinD公式)'!$A12="",'实盘净值数据(iFinD公式)'!$B12=""),"",(SUMPRODUCT(实盘持仓配置!$B$4:$X$4,'实盘净值数据(iFinD公式)'!$B11:$X11/'实盘净值数据(iFinD公式)'!$B$6:$X$6,'实盘净值数据(iFinD公式)'!$B12:$X12/'实盘净值数据(iFinD公式)'!$B11:$X11)/SUMPRODUCT(实盘持仓配置!$B$4:$X$4,'实盘净值数据(iFinD公式)'!$B11:$X11/'实盘净值数据(iFinD公式)'!$B$6:$X$6))*(1-实盘持仓配置!$Z$4)^(('实盘净值数据(iFinD公式)'!$A12-'实盘净值数据(iFinD公式)'!$A11)/365)-1) -> 0.044110687 | D12: =IF(B12="","",B12/MAX(B$5:B12)-1) -> 0 | E12: =IF(OR((ROW()-1)<5,'实盘净值数据(iFinD公式)'!$A12="",'实盘净值数据(iFinD公式)'!$B12=""),"",SUMPRODUCT(实盘持仓配置!$B$5:$X$5,'实盘净值数据(iFinD公式)'!$B12:$X12/'实盘净值数据(iFinD公式)'!$B$5:$X$5)*(1-实盘持仓配置!$Z$5)^(('实盘净值数据(iFinD公式)'!$A12-'实盘净值数据(iFinD公式)'!$A$5)/365)) -> 1.0997369 | F12: =IF(OR(E11="",'实盘净值数据(iFinD公式)'!$A12="",'实盘净值数据(iFinD公式)'!$B12=""),"",(SUMPRODUCT(实盘持仓配置!$B$5:$X$5,'实盘净值数据(iFinD公式)'!$B11:$X11/'实盘净值数据(iFinD公式)'!$B$5:$X$5,'实盘净值数据(iFinD公式)'!$B12:$X12/'实盘净值数据(iFinD公式)'!$B11:$X11)/SUMPRODUCT(实盘持仓配置!$B$5:$X$5,'实盘净值数据(iFinD公式)'!$B11:$X11/'实盘净值数据(iFinD公式)'!$B$5:$X$5))*(1-实盘持仓配置!$Z$5)^(('实盘净值数据(iFinD公式)'!$A12-'实盘净值数据(iFinD公式)'!$A11)/365)-1) -> 0.044128278 | G12: =IF(E12="","",E12/MAX(E$5:E12)-1) -> 0 | H12: =IF(OR((ROW()-1)<7,'实盘净值数据(iFinD公式)'!$A12="",'实盘净值数据(iFinD公式)'!$B12=""),"",SUMPRODUCT(实盘持仓配置!$B$6:$X$6,'实盘净值数据(iFinD公式)'!$B12:$X12/'实盘净值数据(iFinD公式)'!$B$7:$X$7)*(1-实盘持仓配置!$Z$6)^(('实盘净值数据(iFinD公式)'!$A12-'实盘净值数据(iFinD公式)'!$A$7)/365)) -> 1.1117067 | I12: =IF(OR(H11="",'实盘净值数据(iFinD公式)'!$A12="",'实盘净值数据(iFinD公式)'!$B12=""),"",(SUMPRODUCT(实盘持仓配置!$B$6:$X$6,'实盘净值数据(iFinD公式)'!$B11:$X11/'实盘净值数据(iFinD公式)'!$B$7:$X$7,'实盘净值数据(iFinD公式)'!$B12:$X12/'实盘净值数据(iFinD公式)'!$B11:$X11)/SUMPRODUCT(实盘持仓配置!$B$6:$X$6,'实盘净值数据(iFinD公式)'!$B11:$X11/'实盘净值数据(iFinD公式)'!$B$7:$X$7))*(1-实盘持仓配置!$Z$6)^(('实盘净值数据(iFinD公式)'!$A12-'实盘净值数据(iFinD公式)'!$A11)/365)-1) -> 0.04042716 | J12: =IF(H12="","",H12/MAX(H$5:H12)-1) -> 0 | K12: =IF(OR((ROW()-1)<8,'实盘净值数据(iFinD公式)'!$A12="",'实盘净值数据(iFinD公式)'!$B12=""),"",SUMPRODUCT(实盘持仓配置!$B$7:$X$7,'实盘净值数据(iFinD公式)'!$B12:$X12/'实盘净值数据(iFinD公式)'!$B$8:$X$8)*(1-实盘持仓配置!$Z$7)^(('实盘净值数据(iFinD公式)'!$A12-'实盘净值数据(iFinD公式)'!$A$8)/365)) -> 1.003272 | L12: =IF(OR(K11="",'实盘净值数据(iFinD公式)'!$A12="",'实盘净值数据(iFinD公式)'!$B12=""),"",(SUMPRODUCT(实盘持仓配置!$B$7:$X$7,'实盘净值数据(iFinD公式)'!$B11:$X11/'实盘净值数据(iFinD公式)'!$B$8:$X$8,'实盘净值数据(iFinD公式)'!$B12:$X12/'实盘净值数据(iFinD公式)'!$B11:$X11)/SUMPRODUCT(实盘持仓配置!$B$7:$X$7,'实盘净值数据(iFinD公式)'!$B11:$X11/'实盘净值数据(iFinD公式)'!$B$8:$X$8))*(1-实盘持仓配置!$Z$7)^(('实盘净值数据(iFinD公式)'!$A12-'实盘净值数据(iFinD公式)'!$A11)/365)-1) -> 0.0018880252 | M12: =IF(K12="","",K12/MAX(K$5:K12)-1) -> 0 | N12: =IF(OR((ROW()-1)<5,'实盘净值数据(iFinD公式)'!$A12="",'实盘净值数据(iFinD公式)'!$B12=""),"",SUMPRODUCT(实盘持仓配置!$B$8:$X$8,'实盘净值数据(iFinD公式)'!$B12:$X12/'实盘净值数据(iFinD公式)'!$B$5:$X$5)*(1-实盘持仓配置!$Z$8)^(('实盘净值数据(iFinD公式)'!$A12-'实盘净值数据(iFinD公式)'!$A$5)/365)) -> 1.0027101 | O12: =IF(OR(N11="",'实盘净值数据(iFinD公式)'!$A12="",'实盘净值数据(iFinD公式)'!$B12=""),"",(SUMPRODUCT(实盘持仓配置!$B$8:$X$8,'实盘净值数据(iFinD公式)'!$B11:$X11/'实盘净值数据(iFinD公式)'!$B$5:$X$5,'实盘净值数据(iFinD公式)'!$B12:$X12/'实盘净值数据(iFinD公式)'!$B11:$X11)/SUMPRODUCT(实盘持仓配置!$B$8:$X$8,'实盘净值数据(iFinD公式)'!$B11:$X11/'实盘净值数据(iFinD公式)'!$B$5:$X$5))*(1-实盘持仓配置!$Z$8)^(('实盘净值数据(iFinD公式)'!$A12-'实盘净值数据(iFinD公式)'!$A11)/365)-1) -> 0.0021879494 | P12: =IF(N12="","",N12/MAX(N$5:N12)-1) -> 0 | Q12: =IF(OR((ROW()-1)<8,'实盘净值数据(iFinD公式)'!$A12="",'实盘净值数据(iFinD公式)'!$B12=""),"",SUMPRODUCT(实盘持仓配置!$B$9:$X$9,'实盘净值数据(iFinD公式)'!$B12:$X12/'实盘净值数据(iFinD公式)'!$B$8:$X$8)*(1-实盘持仓配置!$Z$9)^(('实盘净值数据(iFinD公式)'!$A12-'实盘净值数据(iFinD公式)'!$A$8)/365)) -> 1.0087619 | R12: =IF(OR(Q11="",'实盘净值数据(iFinD公式)'!$A12="",'实盘净值数据(iFinD公式)'!$B12=""),"",(SUMPRODUCT(实盘持仓配置!$B$9:$X$9,'实盘净值数据(iFinD公式)'!$B11:$X11/'实盘净值数据(iFinD公式)'!$B$8:$X$8,'实盘净值数据(iFinD公式)'!$B12:$X12/'实盘净值数据(iFinD公式)'!$B11:$X11)/SUMPRODUCT(实盘持仓配置!$B$9:$X$9,'实盘净值数据(iFinD公式)'!$B11:$X11/'实盘净值数据(iFinD公式)'!$B$8:$X$8))*(1-实盘持仓配置!$Z$9)^(('实盘净值数据(iFinD公式)'!$A12-'实盘净值数据(iFinD公式)'!$A11)/365)-1) -> 0.0077736429 | S12: =IF(Q12="","",Q12/MAX(Q$5:Q12)-1) -> 0
A13: =IF('实盘净值数据(iFinD公式)'!A13="","",'实盘净值数据(iFinD公式)'!A13) -> 46204 | B13: =IF(OR((ROW()-1)<6,'实盘净值数据(iFinD公式)'!$A13="",'实盘净值数据(iFinD公式)'!$B13=""),"",SUMPRODUCT(实盘持仓配置!$B$4:$X$4,'实盘净值数据(iFinD公式)'!$B13:$X13/'实盘净值数据(iFinD公式)'!$B$6:$X$6)*(1-实盘持仓配置!$Z$4)^(('实盘净值数据(iFinD公式)'!$A13-'实盘净值数据(iFinD公式)'!$A$6)/365)) -> 1.0416673 | C13: =IF(OR(B12="",'实盘净值数据(iFinD公式)'!$A13="",'实盘净值数据(iFinD公式)'!$B13=""),"",(SUMPRODUCT(实盘持仓配置!$B$4:$X$4,'实盘净值数据(iFinD公式)'!$B12:$X12/'实盘净值数据(iFinD公式)'!$B$6:$X$6,'实盘净值数据(iFinD公式)'!$B13:$X13/'实盘净值数据(iFinD公式)'!$B12:$X12)/SUMPRODUCT(实盘持仓配置!$B$4:$X$4,'实盘净值数据(iFinD公式)'!$B12:$X12/'实盘净值数据(iFinD公式)'!$B$6:$X$6))*(1-实盘持仓配置!$Z$4)^(('实盘净值数据(iFinD公式)'!$A13-'实盘净值数据(iFinD公式)'!$A12)/365)-1) -> -0.030870027 | D13: =IF(B13="","",B13/MAX(B$5:B13)-1) -> -0.030870027 | E13: =IF(OR((ROW()-1)<5,'实盘净值数据(iFinD公式)'!$A13="",'实盘净值数据(iFinD公式)'!$B13=""),"",SUMPRODUCT(实盘持仓配置!$B$5:$X$5,'实盘净值数据(iFinD公式)'!$B13:$X13/'实盘净值数据(iFinD公式)'!$B$5:$X$5)*(1-实盘持仓配置!$Z$5)^(('实盘净值数据(iFinD公式)'!$A13-'实盘净值数据(iFinD公式)'!$A$5)/365)) -> 1.0657543 | F13: =IF(OR(E12="",'实盘净值数据(iFinD公式)'!$A13="",'实盘净值数据(iFinD公式)'!$B13=""),"",(SUMPRODUCT(实盘持仓配置!$B$5:$X$5,'实盘净值数据(iFinD公式)'!$B12:$X12/'实盘净值数据(iFinD公式)'!$B$5:$X$5,'实盘净值数据(iFinD公式)'!$B13:$X13/'实盘净值数据(iFinD公式)'!$B12:$X12)/SUMPRODUCT(实盘持仓配置!$B$5:$X$5,'实盘净值数据(iFinD公式)'!$B12:$X12/'实盘净值数据(iFinD公式)'!$B$5:$X$5))*(1-实盘持仓配置!$Z$5)^(('实盘净值数据(iFinD公式)'!$A13-'实盘净值数据(iFinD公式)'!$A12)/365)-1) -> -0.030900613 | G13: =IF(E13="","",E13/MAX(E$5:E13)-1) -> -0.030900613 | H13: =IF(OR((ROW()-1)<7,'实盘净值数据(iFinD公式)'!$A13="",'实盘净值数据(iFinD公式)'!$B13=""),"",SUMPRODUCT(实盘持仓配置!$B$6:$X$6,'实盘净值数据(iFinD公式)'!$B13:$X13/'实盘净值数据(iFinD公式)'!$B$7:$X$7)*(1-实盘持仓配置!$Z$6)^(('实盘净值数据(iFinD公式)'!$A13-'实盘净值数据(iFinD公式)'!$A$7)/365)) -> 1.0836175 | I13: =IF(OR(H12="",'实盘净值数据(iFinD公式)'!$A13="",'实盘净值数据(iFinD公式)'!$B13=""),"",(SUMPRODUCT(实盘持仓配置!$B$6:$X$6,'实盘净值数据(iFinD公式)'!$B12:$X12/'实盘净值数据(iFinD公式)'!$B$7:$X$7,'实盘净值数据(iFinD公式)'!$B13:$X13/'实盘净值数据(iFinD公式)'!$B12:$X12)/SUMPRODUCT(实盘持仓配置!$B$6:$X$6,'实盘净值数据(iFinD公式)'!$B12:$X12/'实盘净值数据(iFinD公式)'!$B$7:$X$7))*(1-实盘持仓配置!$Z$6)^(('实盘净值数据(iFinD公式)'!$A13-'实盘净值数据(iFinD公式)'!$A12)/365)-1) -> -0.025266743 | J13: =IF(H13="","",H13/MAX(H$5:H13)-1) -> -0.025266743 | K13: =IF(OR((ROW()-1)<8,'实盘净值数据(iFinD公式)'!$A13="",'实盘净值数据(iFinD公式)'!$B13=""),"",SUMPRODUCT(实盘持仓配置!$B$7:$X$7,'实盘净值数据(iFinD公式)'!$B13:$X13/'实盘净值数据(iFinD公式)'!$B$8:$X$8)*(1-实盘持仓配置!$Z$7)^(('实盘净值数据(iFinD公式)'!$A13-'实盘净值数据(iFinD公式)'!$A$8)/365)) -> 1.0008642 | L13: =IF(OR(K12="",'实盘净值数据(iFinD公式)'!$A13="",'实盘净值数据(iFinD公式)'!$B13=""),"",(SUMPRODUCT(实盘持仓配置!$B$7:$X$7,'实盘净值数据(iFinD公式)'!$B12:$X12/'实盘净值数据(iFinD公式)'!$B$8:$X$8,'实盘净值数据(iFinD公式)'!$B13:$X13/'实盘净值数据(iFinD公式)'!$B12:$X12)/SUMPRODUCT(实盘持仓配置!$B$7:$X$7,'实盘净值数据(iFinD公式)'!$B12:$X12/'实盘净值数据(iFinD公式)'!$B$8:$X$8))*(1-实盘持仓配置!$Z$7)^(('实盘净值数据(iFinD公式)'!$A13-'实盘净值数据(iFinD公式)'!$A12)/365)-1) -> -0.0023999339 | M13: =IF(K13="","",K13/MAX(K$5:K13)-1) -> -0.0023999339 | N13: =IF(OR((ROW()-1)<5,'实盘净值数据(iFinD公式)'!$A13="",'实盘净值数据(iFinD公式)'!$B13=""),"",SUMPRODUCT(实盘持仓配置!$B$8:$X$8,'实盘净值数据(iFinD公式)'!$B13:$X13/'实盘净值数据(iFinD公式)'!$B$5:$X$5)*(1-实盘持仓配置!$Z$8)^(('实盘净值数据(iFinD公式)'!$A13-'实盘净值数据(iFinD公式)'!$A$5)/365)) -> 0.99998437 | O13: =IF(OR(N12="",'实盘净值数据(iFinD公式)'!$A13="",'实盘净值数据(iFinD公式)'!$B13=""),"",(SUMPRODUCT(实盘持仓配置!$B$8:$X$8,'实盘净值数据(iFinD公式)'!$B12:$X12/'实盘净值数据(iFinD公式)'!$B$5:$X$5,'实盘净值数据(iFinD公式)'!$B13:$X13/'实盘净值数据(iFinD公式)'!$B12:$X12)/SUMPRODUCT(实盘持仓配置!$B$8:$X$8,'实盘净值数据(iFinD公式)'!$B12:$X12/'实盘净值数据(iFinD公式)'!$B$5:$X$5))*(1-实盘持仓配置!$Z$8)^(('实盘净值数据(iFinD公式)'!$A13-'实盘净值数据(iFinD公式)'!$A12)/365)-1) -> -0.0027184046 | P13: =IF(N13="","",N13/MAX(N$5:N13)-1) -> -0.0027184046 | Q13: =IF(OR((ROW()-1)<8,'实盘净值数据(iFinD公式)'!$A13="",'实盘净值数据(iFinD公式)'!$B13=""),"",SUMPRODUCT(实盘持仓配置!$B$9:$X$9,'实盘净值数据(iFinD公式)'!$B13:$X13/'实盘净值数据(iFinD公式)'!$B$8:$X$8)*(1-实盘持仓配置!$Z$9)^(('实盘净值数据(iFinD公式)'!$A13-'实盘净值数据(iFinD公式)'!$A$8)/365)) -> 1.0039155 | R13: =IF(OR(Q12="",'实盘净值数据(iFinD公式)'!$A13="",'实盘净值数据(iFinD公式)'!$B13=""),"",(SUMPRODUCT(实盘持仓配置!$B$9:$X$9,'实盘净值数据(iFinD公式)'!$B12:$X12/'实盘净值数据(iFinD公式)'!$B$8:$X$8,'实盘净值数据(iFinD公式)'!$B13:$X13/'实盘净值数据(iFinD公式)'!$B12:$X12)/SUMPRODUCT(实盘持仓配置!$B$9:$X$9,'实盘净值数据(iFinD公式)'!$B12:$X12/'实盘净值数据(iFinD公式)'!$B$8:$X$8))*(1-实盘持仓配置!$Z$9)^(('实盘净值数据(iFinD公式)'!$A13-'实盘净值数据(iFinD公式)'!$A12)/365)-1) -> -0.0048042295 | S13: =IF(Q13="","",Q13/MAX(Q$5:Q13)-1) -> -0.0048042295
A14: =IF('实盘净值数据(iFinD公式)'!A14="","",'实盘净值数据(iFinD公式)'!A14) -> 46205 | B14: =IF(OR((ROW()-1)<6,'实盘净值数据(iFinD公式)'!$A14="",'实盘净值数据(iFinD公式)'!$B14=""),"",SUMPRODUCT(实盘持仓配置!$B$4:$X$4,'实盘净值数据(iFinD公式)'!$B14:$X14/'实盘净值数据(iFinD公式)'!$B$6:$X$6)*(1-实盘持仓配置!$Z$4)^(('实盘净值数据(iFinD公式)'!$A14-'实盘净值数据(iFinD公式)'!$A$6)/365)) -> 1.0416242 | C14: =IF(OR(B13="",'实盘净值数据(iFinD公式)'!$A14="",'实盘净值数据(iFinD公式)'!$B14=""),"",(SUMPRODUCT(实盘持仓配置!$B$4:$X$4,'实盘净值数据(iFinD公式)'!$B13:$X13/'实盘净值数据(iFinD公式)'!$B$6:$X$6,'实盘净值数据(iFinD公式)'!$B14:$X14/'实盘净值数据(iFinD公式)'!$B13:$X13)/SUMPRODUCT(实盘持仓配置!$B$4:$X$4,'实盘净值数据(iFinD公式)'!$B13:$X13/'实盘净值数据(iFinD公式)'!$B$6:$X$6))*(1-实盘持仓配置!$Z$4)^(('实盘净值数据(iFinD公式)'!$A14-'实盘净值数据(iFinD公式)'!$A13)/365)-1) -> -4.140637e-05 | D14: =IF(B14="","",B14/MAX(B$5:B14)-1) -> -0.030910156 | E14: =IF(OR((ROW()-1)<5,'实盘净值数据(iFinD公式)'!$A14="",'实盘净值数据(iFinD公式)'!$B14=""),"",SUMPRODUCT(实盘持仓配置!$B$5:$X$5,'实盘净值数据(iFinD公式)'!$B14:$X14/'实盘净值数据(iFinD公式)'!$B$5:$X$5)*(1-实盘持仓配置!$Z$5)^(('实盘净值数据(iFinD公式)'!$A14-'实盘净值数据(iFinD公式)'!$A$5)/365)) -> 1.0657191 | F14: =IF(OR(E13="",'实盘净值数据(iFinD公式)'!$A14="",'实盘净值数据(iFinD公式)'!$B14=""),"",(SUMPRODUCT(实盘持仓配置!$B$5:$X$5,'实盘净值数据(iFinD公式)'!$B13:$X13/'实盘净值数据(iFinD公式)'!$B$5:$X$5,'实盘净值数据(iFinD公式)'!$B14:$X14/'实盘净值数据(iFinD公式)'!$B13:$X13)/SUMPRODUCT(实盘持仓配置!$B$5:$X$5,'实盘净值数据(iFinD公式)'!$B13:$X13/'实盘净值数据(iFinD公式)'!$B$5:$X$5))*(1-实盘持仓配置!$Z$5)^(('实盘净值数据(iFinD公式)'!$A14-'实盘净值数据(iFinD公式)'!$A13)/365)-1) -> -3.3075018e-05 | G14: =IF(E14="","",E14/MAX(E$5:E14)-1) -> -0.030932666 | H14: =IF(OR((ROW()-1)<7,'实盘净值数据(iFinD公式)'!$A14="",'实盘净值数据(iFinD公式)'!$B14=""),"",SUMPRODUCT(实盘持仓配置!$B$6:$X$6,'实盘净值数据(iFinD公式)'!$B14:$X14/'实盘净值数据(iFinD公式)'!$B$7:$X$7)*(1-实盘持仓配置!$Z$6)^(('实盘净值数据(iFinD公式)'!$A14-'实盘净值数据(iFinD公式)'!$A$7)/365)) -> 1.0835726 | I14: =IF(OR(H13="",'实盘净值数据(iFinD公式)'!$A14="",'实盘净值数据(iFinD公式)'!$B14=""),"",(SUMPRODUCT(实盘持仓配置!$B$6:$X$6,'实盘净值数据(iFinD公式)'!$B13:$X13/'实盘净值数据(iFinD公式)'!$B$7:$X$7,'实盘净值数据(iFinD公式)'!$B14:$X14/'实盘净值数据(iFinD公式)'!$B13:$X13)/SUMPRODUCT(实盘持仓配置!$B$6:$X$6,'实盘净值数据(iFinD公式)'!$B13:$X13/'实盘净值数据(iFinD公式)'!$B$7:$X$7))*(1-实盘持仓配置!$Z$6)^(('实盘净值数据(iFinD公式)'!$A14-'实盘净值数据(iFinD公式)'!$A13)/365)-1) -> -4.140637e-05 | J14: =IF(H14="","",H14/MAX(H$5:H14)-1) -> -0.025307103 | K14: =IF(OR((ROW()-1)<8,'实盘净值数据(iFinD公式)'!$A14="",'实盘净值数据(iFinD公式)'!$B14=""),"",SUMPRODUCT(实盘持仓配置!$B$7:$X$7,'实盘净值数据(iFinD公式)'!$B14:$X14/'实盘净值数据(iFinD公式)'!$B$8:$X$8)*(1-实盘持仓配置!$Z$7)^(('实盘净值数据(iFinD公式)'!$A14-'实盘净值数据(iFinD公式)'!$A$8)/365)) -> 1.0008422 | L14: =IF(OR(K13="",'实盘净值数据(iFinD公式)'!$A14="",'实盘净值数据(iFinD公式)'!$B14=""),"",(SUMPRODUCT(实盘持仓配置!$B$7:$X$7,'实盘净值数据(iFinD公式)'!$B13:$X13/'实盘净值数据(iFinD公式)'!$B$8:$X$8,'实盘净值数据(iFinD公式)'!$B14:$X14/'实盘净值数据(iFinD公式)'!$B13:$X13)/SUMPRODUCT(实盘持仓配置!$B$7:$X$7,'实盘净值数据(iFinD公式)'!$B13:$X13/'实盘净值数据(iFinD公式)'!$B$8:$X$8))*(1-实盘持仓配置!$Z$7)^(('实盘净值数据(iFinD公式)'!$A14-'实盘净值数据(iFinD公式)'!$A13)/365)-1) -> -2.2005708e-05 | M14: =IF(K14="","",K14/MAX(K$5:K14)-1) -> -0.0024218868 | N14: =IF(OR((ROW()-1)<5,'实盘净值数据(iFinD公式)'!$A14="",'实盘净值数据(iFinD公式)'!$B14=""),"",SUMPRODUCT(实盘持仓配置!$B$8:$X$8,'实盘净值数据(iFinD公式)'!$B14:$X14/'实盘净值数据(iFinD公式)'!$B$5:$X$5)*(1-实盘持仓配置!$Z$8)^(('实盘净值数据(iFinD公式)'!$A14-'实盘净值数据(iFinD公式)'!$A$5)/365)) -> 0.99997063 | O14: =IF(OR(N13="",'实盘净值数据(iFinD公式)'!$A14="",'实盘净值数据(iFinD公式)'!$B14=""),"",(SUMPRODUCT(实盘持仓配置!$B$8:$X$8,'实盘净值数据(iFinD公式)'!$B13:$X13/'实盘净值数据(iFinD公式)'!$B$5:$X$5,'实盘净值数据(iFinD公式)'!$B14:$X14/'实盘净值数据(iFinD公式)'!$B13:$X13)/SUMPRODUCT(实盘持仓配置!$B$8:$X$8,'实盘净值数据(iFinD公式)'!$B13:$X13/'实盘净值数据(iFinD公式)'!$B$5:$X$5))*(1-实盘持仓配置!$Z$8)^(('实盘净值数据(iFinD公式)'!$A14-'实盘净值数据(iFinD公式)'!$A13)/365)-1) -> -1.3732897e-05 | P14: =IF(N14="","",N14/MAX(N$5:N14)-1) -> -0.0027321001 | Q14: =IF(OR((ROW()-1)<8,'实盘净值数据(iFinD公式)'!$A14="",'实盘净值数据(iFinD公式)'!$B14=""),"",SUMPRODUCT(实盘持仓配置!$B$9:$X$9,'实盘净值数据(iFinD公式)'!$B14:$X14/'实盘净值数据(iFinD公式)'!$B$8:$X$8)*(1-实盘持仓配置!$Z$9)^(('实盘净值数据(iFinD公式)'!$A14-'实盘净值数据(iFinD公式)'!$A$8)/365)) -> 1.0038823 | R14: =IF(OR(Q13="",'实盘净值数据(iFinD公式)'!$A14="",'实盘净值数据(iFinD公式)'!$B14=""),"",(SUMPRODUCT(实盘持仓配置!$B$9:$X$9,'实盘净值数据(iFinD公式)'!$B13:$X13/'实盘净值数据(iFinD公式)'!$B$8:$X$8,'实盘净值数据(iFinD公式)'!$B14:$X14/'实盘净值数据(iFinD公式)'!$B13:$X13)/SUMPRODUCT(实盘持仓配置!$B$9:$X$9,'实盘净值数据(iFinD公式)'!$B13:$X13/'实盘净值数据(iFinD公式)'!$B$8:$X$8))*(1-实盘持仓配置!$Z$9)^(('实盘净值数据(iFinD公式)'!$A14-'实盘净值数据(iFinD公式)'!$A13)/365)-1) -> -3.3075018e-05 | S14: =IF(Q14="","",Q14/MAX(Q$5:Q14)-1) -> -0.0048371456
A15: =IF('实盘净值数据(iFinD公式)'!A15="","",'实盘净值数据(iFinD公式)'!A15) | B15: =IF(OR((ROW()-1)<6,'实盘净值数据(iFinD公式)'!$A15="",'实盘净值数据(iFinD公式)'!$B15=""),"",SUMPRODUCT(实盘持仓配置!$B$4:$X$4,'实盘净值数据(iFinD公式)'!$B15:$X15/'实盘净值数据(iFinD公式)'!$B$6:$X$6)*(1-实盘持仓配置!$Z$4)^(('实盘净值数据(iFinD公式)'!$A15-'实盘净值数据(iFinD公式)'!$A$6)/365)) | C15: =IF(OR(B14="",'实盘净值数据(iFinD公式)'!$A15="",'实盘净值数据(iFinD公式)'!$B15=""),"",(SUMPRODUCT(实盘持仓配置!$B$4:$X$4,'实盘净值数据(iFinD公式)'!$B14:$X14/'实盘净值数据(iFinD公式)'!$B$6:$X$6,'实盘净值数据(iFinD公式)'!$B15:$X15/'实盘净值数据(iFinD公式)'!$B14:$X14)/SUMPRODUCT(实盘持仓配置!$B$4:$X$4,'实盘净值数据(iFinD公式)'!$B14:$X14/'实盘净值数据(iFinD公式)'!$B$6:$X$6))*(1-实盘持仓配置!$Z$4)^(('实盘净值数据(iFinD公式)'!$A15-'实盘净值数据(iFinD公式)'!$A14)/365)-1) | D15: =IF(B15="","",B15/MAX(B$5:B15)-1) | E15: =IF(OR((ROW()-1)<5,'实盘净值数据(iFinD公式)'!$A15="",'实盘净值数据(iFinD公式)'!$B15=""),"",SUMPRODUCT(实盘持仓配置!$B$5:$X$5,'实盘净值数据(iFinD公式)'!$B15:$X15/'实盘净值数据(iFinD公式)'!$B$5:$X$5)*(1-实盘持仓配置!$Z$5)^(('实盘净值数据(iFinD公式)'!$A15-'实盘净值数据(iFinD公式)'!$A$5)/365)) | F15: =IF(OR(E14="",'实盘净值数据(iFinD公式)'!$A15="",'实盘净值数据(iFinD公式)'!$B15=""),"",(SUMPRODUCT(实盘持仓配置!$B$5:$X$5,'实盘净值数据(iFinD公式)'!$B14:$X14/'实盘净值数据(iFinD公式)'!$B$5:$X$5,'实盘净值数据(iFinD公式)'!$B15:$X15/'实盘净值数据(iFinD公式)'!$B14:$X14)/SUMPRODUCT(实盘持仓配置!$B$5:$X$5,'实盘净值数据(iFinD公式)'!$B14:$X14/'实盘净值数据(iFinD公式)'!$B$5:$X$5))*(1-实盘持仓配置!$Z$5)^(('实盘净值数据(iFinD公式)'!$A15-'实盘净值数据(iFinD公式)'!$A14)/365)-1) | G15: =IF(E15="","",E15/MAX(E$5:E15)-1) | H15: =IF(OR((ROW()-1)<7,'实盘净值数据(iFinD公式)'!$A15="",'实盘净值数据(iFinD公式)'!$B15=""),"",SUMPRODUCT(实盘持仓配置!$B$6:$X$6,'实盘净值数据(iFinD公式)'!$B15:$X15/'实盘净值数据(iFinD公式)'!$B$7:$X$7)*(1-实盘持仓配置!$Z$6)^(('实盘净值数据(iFinD公式)'!$A15-'实盘净值数据(iFinD公式)'!$A$7)/365)) | I15: =IF(OR(H14="",'实盘净值数据(iFinD公式)'!$A15="",'实盘净值数据(iFinD公式)'!$B15=""),"",(SUMPRODUCT(实盘持仓配置!$B$6:$X$6,'实盘净值数据(iFinD公式)'!$B14:$X14/'实盘净值数据(iFinD公式)'!$B$7:$X$7,'实盘净值数据(iFinD公式)'!$B15:$X15/'实盘净值数据(iFinD公式)'!$B14:$X14)/SUMPRODUCT(实盘持仓配置!$B$6:$X$6,'实盘净值数据(iFinD公式)'!$B14:$X14/'实盘净值数据(iFinD公式)'!$B$7:$X$7))*(1-实盘持仓配置!$Z$6)^(('实盘净值数据(iFinD公式)'!$A15-'实盘净值数据(iFinD公式)'!$A14)/365)-1) | J15: =IF(H15="","",H15/MAX(H$5:H15)-1) | K15: =IF(OR((ROW()-1)<8,'实盘净值数据(iFinD公式)'!$A15="",'实盘净值数据(iFinD公式)'!$B15=""),"",SUMPRODUCT(实盘持仓配置!$B$7:$X$7,'实盘净值数据(iFinD公式)'!$B15:$X15/'实盘净值数据(iFinD公式)'!$B$8:$X$8)*(1-实盘持仓配置!$Z$7)^(('实盘净值数据(iFinD公式)'!$A15-'实盘净值数据(iFinD公式)'!$A$8)/365)) | L15: =IF(OR(K14="",'实盘净值数据(iFinD公式)'!$A15="",'实盘净值数据(iFinD公式)'!$B15=""),"",(SUMPRODUCT(实盘持仓配置!$B$7:$X$7,'实盘净值数据(iFinD公式)'!$B14:$X14/'实盘净值数据(iFinD公式)'!$B$8:$X$8,'实盘净值数据(iFinD公式)'!$B15:$X15/'实盘净值数据(iFinD公式)'!$B14:$X14)/SUMPRODUCT(实盘持仓配置!$B$7:$X$7,'实盘净值数据(iFinD公式)'!$B14:$X14/'实盘净值数据(iFinD公式)'!$B$8:$X$8))*(1-实盘持仓配置!$Z$7)^(('实盘净值数据(iFinD公式)'!$A15-'实盘净值数据(iFinD公式)'!$A14)/365)-1) | M15: =IF(K15="","",K15/MAX(K$5:K15)-1) | N15: =IF(OR((ROW()-1)<5,'实盘净值数据(iFinD公式)'!$A15="",'实盘净值数据(iFinD公式)'!$B15=""),"",SUMPRODUCT(实盘持仓配置!$B$8:$X$8,'实盘净值数据(iFinD公式)'!$B15:$X15/'实盘净值数据(iFinD公式)'!$B$5:$X$5)*(1-实盘持仓配置!$Z$8)^(('实盘净值数据(iFinD公式)'!$A15-'实盘净值数据(iFinD公式)'!$A$5)/365)) | O15: =IF(OR(N14="",'实盘净值数据(iFinD公式)'!$A15="",'实盘净值数据(iFinD公式)'!$B15=""),"",(SUMPRODUCT(实盘持仓配置!$B$8:$X$8,'实盘净值数据(iFinD公式)'!$B14:$X14/'实盘净值数据(iFinD公式)'!$B$5:$X$5,'实盘净值数据(iFinD公式)'!$B15:$X15/'实盘净值数据(iFinD公式)'!$B14:$X14)/SUMPRODUCT(实盘持仓配置!$B$8:$X$8,'实盘净值数据(iFinD公式)'!$B14:$X14/'实盘净值数据(iFinD公式)'!$B$5:$X$5))*(1-实盘持仓配置!$Z$8)^(('实盘净值数据(iFinD公式)'!$A15-'实盘净值数据(iFinD公式)'!$A14)/365)-1) | P15: =IF(N15="","",N15/MAX(N$5:N15)-1) | Q15: =IF(OR((ROW()-1)<8,'实盘净值数据(iFinD公式)'!$A15="",'实盘净值数据(iFinD公式)'!$B15=""),"",SUMPRODUCT(实盘持仓配置!$B$9:$X$9,'实盘净值数据(iFinD公式)'!$B15:$X15/'实盘净值数据(iFinD公式)'!$B$8:$X$8)*(1-实盘持仓配置!$Z$9)^(('实盘净值数据(iFinD公式)'!$A15-'实盘净值数据(iFinD公式)'!$A$8)/365)) | R15: =IF(OR(Q14="",'实盘净值数据(iFinD公式)'!$A15="",'实盘净值数据(iFinD公式)'!$B15=""),"",(SUMPRODUCT(实盘持仓配置!$B$9:$X$9,'实盘净值数据(iFinD公式)'!$B14:$X14/'实盘净值数据(iFinD公式)'!$B$8:$X$8,'实盘净值数据(iFinD公式)'!$B15:$X15/'实盘净值数据(iFinD公式)'!$B14:$X14)/SUMPRODUCT(实盘持仓配置!$B$9:$X$9,'实盘净值数据(iFinD公式)'!$B14:$X14/'实盘净值数据(iFinD公式)'!$B$8:$X$8))*(1-实盘持仓配置!$Z$9)^(('实盘净值数据(iFinD公式)'!$A15-'实盘净值数据(iFinD公式)'!$A14)/365)-1) | S15: =IF(Q15="","",Q15/MAX(Q$5:Q15)-1)
A16: =IF('实盘净值数据(iFinD公式)'!A16="","",'实盘净值数据(iFinD公式)'!A16) | B16: =IF(OR((ROW()-1)<6,'实盘净值数据(iFinD公式)'!$A16="",'实盘净值数据(iFinD公式)'!$B16=""),"",SUMPRODUCT(实盘持仓配置!$B$4:$X$4,'实盘净值数据(iFinD公式)'!$B16:$X16/'实盘净值数据(iFinD公式)'!$B$6:$X$6)*(1-实盘持仓配置!$Z$4)^(('实盘净值数据(iFinD公式)'!$A16-'实盘净值数据(iFinD公式)'!$A$6)/365)) | C16: =IF(OR(B15="",'实盘净值数据(iFinD公式)'!$A16="",'实盘净值数据(iFinD公式)'!$B16=""),"",(SUMPRODUCT(实盘持仓配置!$B$4:$X$4,'实盘净值数据(iFinD公式)'!$B15:$X15/'实盘净值数据(iFinD公式)'!$B$6:$X$6,'实盘净值数据(iFinD公式)'!$B16:$X16/'实盘净值数据(iFinD公式)'!$B15:$X15)/SUMPRODUCT(实盘持仓配置!$B$4:$X$4,'实盘净值数据(iFinD公式)'!$B15:$X15/'实盘净值数据(iFinD公式)'!$B$6:$X$6))*(1-实盘持仓配置!$Z$4)^(('实盘净值数据(iFinD公式)'!$A16-'实盘净值数据(iFinD公式)'!$A15)/365)-1) | D16: =IF(B16="","",B16/MAX(B$5:B16)-1) | E16: =IF(OR((ROW()-1)<5,'实盘净值数据(iFinD公式)'!$A16="",'实盘净值数据(iFinD公式)'!$B16=""),"",SUMPRODUCT(实盘持仓配置!$B$5:$X$5,'实盘净值数据(iFinD公式)'!$B16:$X16/'实盘净值数据(iFinD公式)'!$B$5:$X$5)*(1-实盘持仓配置!$Z$5)^(('实盘净值数据(iFinD公式)'!$A16-'实盘净值数据(iFinD公式)'!$A$5)/365)) | F16: =IF(OR(E15="",'实盘净值数据(iFinD公式)'!$A16="",'实盘净值数据(iFinD公式)'!$B16=""),"",(SUMPRODUCT(实盘持仓配置!$B$5:$X$5,'实盘净值数据(iFinD公式)'!$B15:$X15/'实盘净值数据(iFinD公式)'!$B$5:$X$5,'实盘净值数据(iFinD公式)'!$B16:$X16/'实盘净值数据(iFinD公式)'!$B15:$X15)/SUMPRODUCT(实盘持仓配置!$B$5:$X$5,'实盘净值数据(iFinD公式)'!$B15:$X15/'实盘净值数据(iFinD公式)'!$B$5:$X$5))*(1-实盘持仓配置!$Z$5)^(('实盘净值数据(iFinD公式)'!$A16-'实盘净值数据(iFinD公式)'!$A15)/365)-1) | G16: =IF(E16="","",E16/MAX(E$5:E16)-1) | H16: =IF(OR((ROW()-1)<7,'实盘净值数据(iFinD公式)'!$A16="",'实盘净值数据(iFinD公式)'!$B16=""),"",SUMPRODUCT(实盘持仓配置!$B$6:$X$6,'实盘净值数据(iFinD公式)'!$B16:$X16/'实盘净值数据(iFinD公式)'!$B$7:$X$7)*(1-实盘持仓配置!$Z$6)^(('实盘净值数据(iFinD公式)'!$A16-'实盘净值数据(iFinD公式)'!$A$7)/365)) | I16: =IF(OR(H15="",'实盘净值数据(iFinD公式)'!$A16="",'实盘净值数据(iFinD公式)'!$B16=""),"",(SUMPRODUCT(实盘持仓配置!$B$6:$X$6,'实盘净值数据(iFinD公式)'!$B15:$X15/'实盘净值数据(iFinD公式)'!$B$7:$X$7,'实盘净值数据(iFinD公式)'!$B16:$X16/'实盘净值数据(iFinD公式)'!$B15:$X15)/SUMPRODUCT(实盘持仓配置!$B$6:$X$6,'实盘净值数据(iFinD公式)'!$B15:$X15/'实盘净值数据(iFinD公式)'!$B$7:$X$7))*(1-实盘持仓配置!$Z$6)^(('实盘净值数据(iFinD公式)'!$A16-'实盘净值数据(iFinD公式)'!$A15)/365)-1) | J16: =IF(H16="","",H16/MAX(H$5:H16)-1) | K16: =IF(OR((ROW()-1)<8,'实盘净值数据(iFinD公式)'!$A16="",'实盘净值数据(iFinD公式)'!$B16=""),"",SUMPRODUCT(实盘持仓配置!$B$7:$X$7,'实盘净值数据(iFinD公式)'!$B16:$X16/'实盘净值数据(iFinD公式)'!$B$8:$X$8)*(1-实盘持仓配置!$Z$7)^(('实盘净值数据(iFinD公式)'!$A16-'实盘净值数据(iFinD公式)'!$A$8)/365)) | L16: =IF(OR(K15="",'实盘净值数据(iFinD公式)'!$A16="",'实盘净值数据(iFinD公式)'!$B16=""),"",(SUMPRODUCT(实盘持仓配置!$B$7:$X$7,'实盘净值数据(iFinD公式)'!$B15:$X15/'实盘净值数据(iFinD公式)'!$B$8:$X$8,'实盘净值数据(iFinD公式)'!$B16:$X16/'实盘净值数据(iFinD公式)'!$B15:$X15)/SUMPRODUCT(实盘持仓配置!$B$7:$X$7,'实盘净值数据(iFinD公式)'!$B15:$X15/'实盘净值数据(iFinD公式)'!$B$8:$X$8))*(1-实盘持仓配置!$Z$7)^(('实盘净值数据(iFinD公式)'!$A16-'实盘净值数据(iFinD公式)'!$A15)/365)-1) | M16: =IF(K16="","",K16/MAX(K$5:K16)-1) | N16: =IF(OR((ROW()-1)<5,'实盘净值数据(iFinD公式)'!$A16="",'实盘净值数据(iFinD公式)'!$B16=""),"",SUMPRODUCT(实盘持仓配置!$B$8:$X$8,'实盘净值数据(iFinD公式)'!$B16:$X16/'实盘净值数据(iFinD公式)'!$B$5:$X$5)*(1-实盘持仓配置!$Z$8)^(('实盘净值数据(iFinD公式)'!$A16-'实盘净值数据(iFinD公式)'!$A$5)/365)) | O16: =IF(OR(N15="",'实盘净值数据(iFinD公式)'!$A16="",'实盘净值数据(iFinD公式)'!$B16=""),"",(SUMPRODUCT(实盘持仓配置!$B$8:$X$8,'实盘净值数据(iFinD公式)'!$B15:$X15/'实盘净值数据(iFinD公式)'!$B$5:$X$5,'实盘净值数据(iFinD公式)'!$B16:$X16/'实盘净值数据(iFinD公式)'!$B15:$X15)/SUMPRODUCT(实盘持仓配置!$B$8:$X$8,'实盘净值数据(iFinD公式)'!$B15:$X15/'实盘净值数据(iFinD公式)'!$B$5:$X$5))*(1-实盘持仓配置!$Z$8)^(('实盘净值数据(iFinD公式)'!$A16-'实盘净值数据(iFinD公式)'!$A15)/365)-1) | P16: =IF(N16="","",N16/MAX(N$5:N16)-1) | Q16: =IF(OR((ROW()-1)<8,'实盘净值数据(iFinD公式)'!$A16="",'实盘净值数据(iFinD公式)'!$B16=""),"",SUMPRODUCT(实盘持仓配置!$B$9:$X$9,'实盘净值数据(iFinD公式)'!$B16:$X16/'实盘净值数据(iFinD公式)'!$B$8:$X$8)*(1-实盘持仓配置!$Z$9)^(('实盘净值数据(iFinD公式)'!$A16-'实盘净值数据(iFinD公式)'!$A$8)/365)) | R16: =IF(OR(Q15="",'实盘净值数据(iFinD公式)'!$A16="",'实盘净值数据(iFinD公式)'!$B16=""),"",(SUMPRODUCT(实盘持仓配置!$B$9:$X$9,'实盘净值数据(iFinD公式)'!$B15:$X15/'实盘净值数据(iFinD公式)'!$B$8:$X$8,'实盘净值数据(iFinD公式)'!$B16:$X16/'实盘净值数据(iFinD公式)'!$B15:$X15)/SUMPRODUCT(实盘持仓配置!$B$9:$X$9,'实盘净值数据(iFinD公式)'!$B15:$X15/'实盘净值数据(iFinD公式)'!$B$8:$X$8))*(1-实盘持仓配置!$Z$9)^(('实盘净值数据(iFinD公式)'!$A16-'实盘净值数据(iFinD公式)'!$A15)/365)-1) | S16: =IF(Q16="","",Q16/MAX(Q$5:Q16)-1)
A17: =IF('实盘净值数据(iFinD公式)'!A17="","",'实盘净值数据(iFinD公式)'!A17) | B17: =IF(OR((ROW()-1)<6,'实盘净值数据(iFinD公式)'!$A17="",'实盘净值数据(iFinD公式)'!$B17=""),"",SUMPRODUCT(实盘持仓配置!$B$4:$X$4,'实盘净值数据(iFinD公式)'!$B17:$X17/'实盘净值数据(iFinD公式)'!$B$6:$X$6)*(1-实盘持仓配置!$Z$4)^(('实盘净值数据(iFinD公式)'!$A17-'实盘净值数据(iFinD公式)'!$A$6)/365)) | C17: =IF(OR(B16="",'实盘净值数据(iFinD公式)'!$A17="",'实盘净值数据(iFinD公式)'!$B17=""),"",(SUMPRODUCT(实盘持仓配置!$B$4:$X$4,'实盘净值数据(iFinD公式)'!$B16:$X16/'实盘净值数据(iFinD公式)'!$B$6:$X$6,'实盘净值数据(iFinD公式)'!$B17:$X17/'实盘净值数据(iFinD公式)'!$B16:$X16)/SUMPRODUCT(实盘持仓配置!$B$4:$X$4,'实盘净值数据(iFinD公式)'!$B16:$X16/'实盘净值数据(iFinD公式)'!$B$6:$X$6))*(1-实盘持仓配置!$Z$4)^(('实盘净值数据(iFinD公式)'!$A17-'实盘净值数据(iFinD公式)'!$A16)/365)-1) | D17: =IF(B17="","",B17/MAX(B$5:B17)-1) | E17: =IF(OR((ROW()-1)<5,'实盘净值数据(iFinD公式)'!$A17="",'实盘净值数据(iFinD公式)'!$B17=""),"",SUMPRODUCT(实盘持仓配置!$B$5:$X$5,'实盘净值数据(iFinD公式)'!$B17:$X17/'实盘净值数据(iFinD公式)'!$B$5:$X$5)*(1-实盘持仓配置!$Z$5)^(('实盘净值数据(iFinD公式)'!$A17-'实盘净值数据(iFinD公式)'!$A$5)/365)) | F17: =IF(OR(E16="",'实盘净值数据(iFinD公式)'!$A17="",'实盘净值数据(iFinD公式)'!$B17=""),"",(SUMPRODUCT(实盘持仓配置!$B$5:$X$5,'实盘净值数据(iFinD公式)'!$B16:$X16/'实盘净值数据(iFinD公式)'!$B$5:$X$5,'实盘净值数据(iFinD公式)'!$B17:$X17/'实盘净值数据(iFinD公式)'!$B16:$X16)/SUMPRODUCT(实盘持仓配置!$B$5:$X$5,'实盘净值数据(iFinD公式)'!$B16:$X16/'实盘净值数据(iFinD公式)'!$B$5:$X$5))*(1-实盘持仓配置!$Z$5)^(('实盘净值数据(iFinD公式)'!$A17-'实盘净值数据(iFinD公式)'!$A16)/365)-1) | G17: =IF(E17="","",E17/MAX(E$5:E17)-1) | H17: =IF(OR((ROW()-1)<7,'实盘净值数据(iFinD公式)'!$A17="",'实盘净值数据(iFinD公式)'!$B17=""),"",SUMPRODUCT(实盘持仓配置!$B$6:$X$6,'实盘净值数据(iFinD公式)'!$B17:$X17/'实盘净值数据(iFinD公式)'!$B$7:$X$7)*(1-实盘持仓配置!$Z$6)^(('实盘净值数据(iFinD公式)'!$A17-'实盘净值数据(iFinD公式)'!$A$7)/365)) | I17: =IF(OR(H16="",'实盘净值数据(iFinD公式)'!$A17="",'实盘净值数据(iFinD公式)'!$B17=""),"",(SUMPRODUCT(实盘持仓配置!$B$6:$X$6,'实盘净值数据(iFinD公式)'!$B16:$X16/'实盘净值数据(iFinD公式)'!$B$7:$X$7,'实盘净值数据(iFinD公式)'!$B17:$X17/'实盘净值数据(iFinD公式)'!$B16:$X16)/SUMPRODUCT(实盘持仓配置!$B$6:$X$6,'实盘净值数据(iFinD公式)'!$B16:$X16/'实盘净值数据(iFinD公式)'!$B$7:$X$7))*(1-实盘持仓配置!$Z$6)^(('实盘净值数据(iFinD公式)'!$A17-'实盘净值数据(iFinD公式)'!$A16)/365)-1) | J17: =IF(H17="","",H17/MAX(H$5:H17)-1) | K17: =IF(OR((ROW()-1)<8,'实盘净值数据(iFinD公式)'!$A17="",'实盘净值数据(iFinD公式)'!$B17=""),"",SUMPRODUCT(实盘持仓配置!$B$7:$X$7,'实盘净值数据(iFinD公式)'!$B17:$X17/'实盘净值数据(iFinD公式)'!$B$8:$X$8)*(1-实盘持仓配置!$Z$7)^(('实盘净值数据(iFinD公式)'!$A17-'实盘净值数据(iFinD公式)'!$A$8)/365)) | L17: =IF(OR(K16="",'实盘净值数据(iFinD公式)'!$A17="",'实盘净值数据(iFinD公式)'!$B17=""),"",(SUMPRODUCT(实盘持仓配置!$B$7:$X$7,'实盘净值数据(iFinD公式)'!$B16:$X16/'实盘净值数据(iFinD公式)'!$B$8:$X$8,'实盘净值数据(iFinD公式)'!$B17:$X17/'实盘净值数据(iFinD公式)'!$B16:$X16)/SUMPRODUCT(实盘持仓配置!$B$7:$X$7,'实盘净值数据(iFinD公式)'!$B16:$X16/'实盘净值数据(iFinD公式)'!$B$8:$X$8))*(1-实盘持仓配置!$Z$7)^(('实盘净值数据(iFinD公式)'!$A17-'实盘净值数据(iFinD公式)'!$A16)/365)-1) | M17: =IF(K17="","",K17/MAX(K$5:K17)-1) | N17: =IF(OR((ROW()-1)<5,'实盘净值数据(iFinD公式)'!$A17="",'实盘净值数据(iFinD公式)'!$B17=""),"",SUMPRODUCT(实盘持仓配置!$B$8:$X$8,'实盘净值数据(iFinD公式)'!$B17:$X17/'实盘净值数据(iFinD公式)'!$B$5:$X$5)*(1-实盘持仓配置!$Z$8)^(('实盘净值数据(iFinD公式)'!$A17-'实盘净值数据(iFinD公式)'!$A$5)/365)) | O17: =IF(OR(N16="",'实盘净值数据(iFinD公式)'!$A17="",'实盘净值数据(iFinD公式)'!$B17=""),"",(SUMPRODUCT(实盘持仓配置!$B$8:$X$8,'实盘净值数据(iFinD公式)'!$B16:$X16/'实盘净值数据(iFinD公式)'!$B$5:$X$5,'实盘净值数据(iFinD公式)'!$B17:$X17/'实盘净值数据(iFinD公式)'!$B16:$X16)/SUMPRODUCT(实盘持仓配置!$B$8:$X$8,'实盘净值数据(iFinD公式)'!$B16:$X16/'实盘净值数据(iFinD公式)'!$B$5:$X$5))*(1-实盘持仓配置!$Z$8)^(('实盘净值数据(iFinD公式)'!$A17-'实盘净值数据(iFinD公式)'!$A16)/365)-1) | P17: =IF(N17="","",N17/MAX(N$5:N17)-1) | Q17: =IF(OR((ROW()-1)<8,'实盘净值数据(iFinD公式)'!$A17="",'实盘净值数据(iFinD公式)'!$B17=""),"",SUMPRODUCT(实盘持仓配置!$B$9:$X$9,'实盘净值数据(iFinD公式)'!$B17:$X17/'实盘净值数据(iFinD公式)'!$B$8:$X$8)*(1-实盘持仓配置!$Z$9)^(('实盘净值数据(iFinD公式)'!$A17-'实盘净值数据(iFinD公式)'!$A$8)/365)) | R17: =IF(OR(Q16="",'实盘净值数据(iFinD公式)'!$A17="",'实盘净值数据(iFinD公式)'!$B17=""),"",(SUMPRODUCT(实盘持仓配置!$B$9:$X$9,'实盘净值数据(iFinD公式)'!$B16:$X16/'实盘净值数据(iFinD公式)'!$B$8:$X$8,'实盘净值数据(iFinD公式)'!$B17:$X17/'实盘净值数据(iFinD公式)'!$B16:$X16)/SUMPRODUCT(实盘持仓配置!$B$9:$X$9,'实盘净值数据(iFinD公式)'!$B16:$X16/'实盘净值数据(iFinD公式)'!$B$8:$X$8))*(1-实盘持仓配置!$Z$9)^(('实盘净值数据(iFinD公式)'!$A17-'实盘净值数据(iFinD公式)'!$A16)/365)-1) | S17: =IF(Q17="","",Q17/MAX(Q$5:Q17)-1)
A18: =IF('实盘净值数据(iFinD公式)'!A18="","",'实盘净值数据(iFinD公式)'!A18) | B18: =IF(OR((ROW()-1)<6,'实盘净值数据(iFinD公式)'!$A18="",'实盘净值数据(iFinD公式)'!$B18=""),"",SUMPRODUCT(实盘持仓配置!$B$4:$X$4,'实盘净值数据(iFinD公式)'!$B18:$X18/'实盘净值数据(iFinD公式)'!$B$6:$X$6)*(1-实盘持仓配置!$Z$4)^(('实盘净值数据(iFinD公式)'!$A18-'实盘净值数据(iFinD公式)'!$A$6)/365)) | C18: =IF(OR(B17="",'实盘净值数据(iFinD公式)'!$A18="",'实盘净值数据(iFinD公式)'!$B18=""),"",(SUMPRODUCT(实盘持仓配置!$B$4:$X$4,'实盘净值数据(iFinD公式)'!$B17:$X17/'实盘净值数据(iFinD公式)'!$B$6:$X$6,'实盘净值数据(iFinD公式)'!$B18:$X18/'实盘净值数据(iFinD公式)'!$B17:$X17)/SUMPRODUCT(实盘持仓配置!$B$4:$X$4,'实盘净值数据(iFinD公式)'!$B17:$X17/'实盘净值数据(iFinD公式)'!$B$6:$X$6))*(1-实盘持仓配置!$Z$4)^(('实盘净值数据(iFinD公式)'!$A18-'实盘净值数据(iFinD公式)'!$A17)/365)-1) | D18: =IF(B18="","",B18/MAX(B$5:B18)-1) | E18: =IF(OR((ROW()-1)<5,'实盘净值数据(iFinD公式)'!$A18="",'实盘净值数据(iFinD公式)'!$B18=""),"",SUMPRODUCT(实盘持仓配置!$B$5:$X$5,'实盘净值数据(iFinD公式)'!$B18:$X18/'实盘净值数据(iFinD公式)'!$B$5:$X$5)*(1-实盘持仓配置!$Z$5)^(('实盘净值数据(iFinD公式)'!$A18-'实盘净值数据(iFinD公式)'!$A$5)/365)) | F18: =IF(OR(E17="",'实盘净值数据(iFinD公式)'!$A18="",'实盘净值数据(iFinD公式)'!$B18=""),"",(SUMPRODUCT(实盘持仓配置!$B$5:$X$5,'实盘净值数据(iFinD公式)'!$B17:$X17/'实盘净值数据(iFinD公式)'!$B$5:$X$5,'实盘净值数据(iFinD公式)'!$B18:$X18/'实盘净值数据(iFinD公式)'!$B17:$X17)/SUMPRODUCT(实盘持仓配置!$B$5:$X$5,'实盘净值数据(iFinD公式)'!$B17:$X17/'实盘净值数据(iFinD公式)'!$B$5:$X$5))*(1-实盘持仓配置!$Z$5)^(('实盘净值数据(iFinD公式)'!$A18-'实盘净值数据(iFinD公式)'!$A17)/365)-1) | G18: =IF(E18="","",E18/MAX(E$5:E18)-1) | H18: =IF(OR((ROW()-1)<7,'实盘净值数据(iFinD公式)'!$A18="",'实盘净值数据(iFinD公式)'!$B18=""),"",SUMPRODUCT(实盘持仓配置!$B$6:$X$6,'实盘净值数据(iFinD公式)'!$B18:$X18/'实盘净值数据(iFinD公式)'!$B$7:$X$7)*(1-实盘持仓配置!$Z$6)^(('实盘净值数据(iFinD公式)'!$A18-'实盘净值数据(iFinD公式)'!$A$7)/365)) | I18: =IF(OR(H17="",'实盘净值数据(iFinD公式)'!$A18="",'实盘净值数据(iFinD公式)'!$B18=""),"",(SUMPRODUCT(实盘持仓配置!$B$6:$X$6,'实盘净值数据(iFinD公式)'!$B17:$X17/'实盘净值数据(iFinD公式)'!$B$7:$X$7,'实盘净值数据(iFinD公式)'!$B18:$X18/'实盘净值数据(iFinD公式)'!$B17:$X17)/SUMPRODUCT(实盘持仓配置!$B$6:$X$6,'实盘净值数据(iFinD公式)'!$B17:$X17/'实盘净值数据(iFinD公式)'!$B$7:$X$7))*(1-实盘持仓配置!$Z$6)^(('实盘净值数据(iFinD公式)'!$A18-'实盘净值数据(iFinD公式)'!$A17)/365)-1) | J18: =IF(H18="","",H18/MAX(H$5:H18)-1) | K18: =IF(OR((ROW()-1)<8,'实盘净值数据(iFinD公式)'!$A18="",'实盘净值数据(iFinD公式)'!$B18=""),"",SUMPRODUCT(实盘持仓配置!$B$7:$X$7,'实盘净值数据(iFinD公式)'!$B18:$X18/'实盘净值数据(iFinD公式)'!$B$8:$X$8)*(1-实盘持仓配置!$Z$7)^(('实盘净值数据(iFinD公式)'!$A18-'实盘净值数据(iFinD公式)'!$A$8)/365)) | L18: =IF(OR(K17="",'实盘净值数据(iFinD公式)'!$A18="",'实盘净值数据(iFinD公式)'!$B18=""),"",(SUMPRODUCT(实盘持仓配置!$B$7:$X$7,'实盘净值数据(iFinD公式)'!$B17:$X17/'实盘净值数据(iFinD公式)'!$B$8:$X$8,'实盘净值数据(iFinD公式)'!$B18:$X18/'实盘净值数据(iFinD公式)'!$B17:$X17)/SUMPRODUCT(实盘持仓配置!$B$7:$X$7,'实盘净值数据(iFinD公式)'!$B17:$X17/'实盘净值数据(iFinD公式)'!$B$8:$X$8))*(1-实盘持仓配置!$Z$7)^(('实盘净值数据(iFinD公式)'!$A18-'实盘净值数据(iFinD公式)'!$A17)/365)-1) | M18: =IF(K18="","",K18/MAX(K$5:K18)-1) | N18: =IF(OR((ROW()-1)<5,'实盘净值数据(iFinD公式)'!$A18="",'实盘净值数据(iFinD公式)'!$B18=""),"",SUMPRODUCT(实盘持仓配置!$B$8:$X$8,'实盘净值数据(iFinD公式)'!$B18:$X18/'实盘净值数据(iFinD公式)'!$B$5:$X$5)*(1-实盘持仓配置!$Z$8)^(('实盘净值数据(iFinD公式)'!$A18-'实盘净值数据(iFinD公式)'!$A$5)/365)) | O18: =IF(OR(N17="",'实盘净值数据(iFinD公式)'!$A18="",'实盘净值数据(iFinD公式)'!$B18=""),"",(SUMPRODUCT(实盘持仓配置!$B$8:$X$8,'实盘净值数据(iFinD公式)'!$B17:$X17/'实盘净值数据(iFinD公式)'!$B$5:$X$5,'实盘净值数据(iFinD公式)'!$B18:$X18/'实盘净值数据(iFinD公式)'!$B17:$X17)/SUMPRODUCT(实盘持仓配置!$B$8:$X$8,'实盘净值数据(iFinD公式)'!$B17:$X17/'实盘净值数据(iFinD公式)'!$B$5:$X$5))*(1-实盘持仓配置!$Z$8)^(('实盘净值数据(iFinD公式)'!$A18-'实盘净值数据(iFinD公式)'!$A17)/365)-1) | P18: =IF(N18="","",N18/MAX(N$5:N18)-1) | Q18: =IF(OR((ROW()-1)<8,'实盘净值数据(iFinD公式)'!$A18="",'实盘净值数据(iFinD公式)'!$B18=""),"",SUMPRODUCT(实盘持仓配置!$B$9:$X$9,'实盘净值数据(iFinD公式)'!$B18:$X18/'实盘净值数据(iFinD公式)'!$B$8:$X$8)*(1-实盘持仓配置!$Z$9)^(('实盘净值数据(iFinD公式)'!$A18-'实盘净值数据(iFinD公式)'!$A$8)/365)) | R18: =IF(OR(Q17="",'实盘净值数据(iFinD公式)'!$A18="",'实盘净值数据(iFinD公式)'!$B18=""),"",(SUMPRODUCT(实盘持仓配置!$B$9:$X$9,'实盘净值数据(iFinD公式)'!$B17:$X17/'实盘净值数据(iFinD公式)'!$B$8:$X$8,'实盘净值数据(iFinD公式)'!$B18:$X18/'实盘净值数据(iFinD公式)'!$B17:$X17)/SUMPRODUCT(实盘持仓配置!$B$9:$X$9,'实盘净值数据(iFinD公式)'!$B17:$X17/'实盘净值数据(iFinD公式)'!$B$8:$X$8))*(1-实盘持仓配置!$Z$9)^(('实盘净值数据(iFinD公式)'!$A18-'实盘净值数据(iFinD公式)'!$A17)/365)-1) | S18: =IF(Q18="","",Q18/MAX(Q$5:Q18)-1)
A19: =IF('实盘净值数据(iFinD公式)'!A19="","",'实盘净值数据(iFinD公式)'!A19) | B19: =IF(OR((ROW()-1)<6,'实盘净值数据(iFinD公式)'!$A19="",'实盘净值数据(iFinD公式)'!$B19=""),"",SUMPRODUCT(实盘持仓配置!$B$4:$X$4,'实盘净值数据(iFinD公式)'!$B19:$X19/'实盘净值数据(iFinD公式)'!$B$6:$X$6)*(1-实盘持仓配置!$Z$4)^(('实盘净值数据(iFinD公式)'!$A19-'实盘净值数据(iFinD公式)'!$A$6)/365)) | C19: =IF(OR(B18="",'实盘净值数据(iFinD公式)'!$A19="",'实盘净值数据(iFinD公式)'!$B19=""),"",(SUMPRODUCT(实盘持仓配置!$B$4:$X$4,'实盘净值数据(iFinD公式)'!$B18:$X18/'实盘净值数据(iFinD公式)'!$B$6:$X$6,'实盘净值数据(iFinD公式)'!$B19:$X19/'实盘净值数据(iFinD公式)'!$B18:$X18)/SUMPRODUCT(实盘持仓配置!$B$4:$X$4,'实盘净值数据(iFinD公式)'!$B18:$X18/'实盘净值数据(iFinD公式)'!$B$6:$X$6))*(1-实盘持仓配置!$Z$4)^(('实盘净值数据(iFinD公式)'!$A19-'实盘净值数据(iFinD公式)'!$A18)/365)-1) | D19: =IF(B19="","",B19/MAX(B$5:B19)-1) | E19: =IF(OR((ROW()-1)<5,'实盘净值数据(iFinD公式)'!$A19="",'实盘净值数据(iFinD公式)'!$B19=""),"",SUMPRODUCT(实盘持仓配置!$B$5:$X$5,'实盘净值数据(iFinD公式)'!$B19:$X19/'实盘净值数据(iFinD公式)'!$B$5:$X$5)*(1-实盘持仓配置!$Z$5)^(('实盘净值数据(iFinD公式)'!$A19-'实盘净值数据(iFinD公式)'!$A$5)/365)) | F19: =IF(OR(E18="",'实盘净值数据(iFinD公式)'!$A19="",'实盘净值数据(iFinD公式)'!$B19=""),"",(SUMPRODUCT(实盘持仓配置!$B$5:$X$5,'实盘净值数据(iFinD公式)'!$B18:$X18/'实盘净值数据(iFinD公式)'!$B$5:$X$5,'实盘净值数据(iFinD公式)'!$B19:$X19/'实盘净值数据(iFinD公式)'!$B18:$X18)/SUMPRODUCT(实盘持仓配置!$B$5:$X$5,'实盘净值数据(iFinD公式)'!$B18:$X18/'实盘净值数据(iFinD公式)'!$B$5:$X$5))*(1-实盘持仓配置!$Z$5)^(('实盘净值数据(iFinD公式)'!$A19-'实盘净值数据(iFinD公式)'!$A18)/365)-1) | G19: =IF(E19="","",E19/MAX(E$5:E19)-1) | H19: =IF(OR((ROW()-1)<7,'实盘净值数据(iFinD公式)'!$A19="",'实盘净值数据(iFinD公式)'!$B19=""),"",SUMPRODUCT(实盘持仓配置!$B$6:$X$6,'实盘净值数据(iFinD公式)'!$B19:$X19/'实盘净值数据(iFinD公式)'!$B$7:$X$7)*(1-实盘持仓配置!$Z$6)^(('实盘净值数据(iFinD公式)'!$A19-'实盘净值数据(iFinD公式)'!$A$7)/365)) | I19: =IF(OR(H18="",'实盘净值数据(iFinD公式)'!$A19="",'实盘净值数据(iFinD公式)'!$B19=""),"",(SUMPRODUCT(实盘持仓配置!$B$6:$X$6,'实盘净值数据(iFinD公式)'!$B18:$X18/'实盘净值数据(iFinD公式)'!$B$7:$X$7,'实盘净值数据(iFinD公式)'!$B19:$X19/'实盘净值数据(iFinD公式)'!$B18:$X18)/SUMPRODUCT(实盘持仓配置!$B$6:$X$6,'实盘净值数据(iFinD公式)'!$B18:$X18/'实盘净值数据(iFinD公式)'!$B$7:$X$7))*(1-实盘持仓配置!$Z$6)^(('实盘净值数据(iFinD公式)'!$A19-'实盘净值数据(iFinD公式)'!$A18)/365)-1) | J19: =IF(H19="","",H19/MAX(H$5:H19)-1) | K19: =IF(OR((ROW()-1)<8,'实盘净值数据(iFinD公式)'!$A19="",'实盘净值数据(iFinD公式)'!$B19=""),"",SUMPRODUCT(实盘持仓配置!$B$7:$X$7,'实盘净值数据(iFinD公式)'!$B19:$X19/'实盘净值数据(iFinD公式)'!$B$8:$X$8)*(1-实盘持仓配置!$Z$7)^(('实盘净值数据(iFinD公式)'!$A19-'实盘净值数据(iFinD公式)'!$A$8)/365)) | L19: =IF(OR(K18="",'实盘净值数据(iFinD公式)'!$A19="",'实盘净值数据(iFinD公式)'!$B19=""),"",(SUMPRODUCT(实盘持仓配置!$B$7:$X$7,'实盘净值数据(iFinD公式)'!$B18:$X18/'实盘净值数据(iFinD公式)'!$B$8:$X$8,'实盘净值数据(iFinD公式)'!$B19:$X19/'实盘净值数据(iFinD公式)'!$B18:$X18)/SUMPRODUCT(实盘持仓配置!$B$7:$X$7,'实盘净值数据(iFinD公式)'!$B18:$X18/'实盘净值数据(iFinD公式)'!$B$8:$X$8))*(1-实盘持仓配置!$Z$7)^(('实盘净值数据(iFinD公式)'!$A19-'实盘净值数据(iFinD公式)'!$A18)/365)-1) | M19: =IF(K19="","",K19/MAX(K$5:K19)-1) | N19: =IF(OR((ROW()-1)<5,'实盘净值数据(iFinD公式)'!$A19="",'实盘净值数据(iFinD公式)'!$B19=""),"",SUMPRODUCT(实盘持仓配置!$B$8:$X$8,'实盘净值数据(iFinD公式)'!$B19:$X19/'实盘净值数据(iFinD公式)'!$B$5:$X$5)*(1-实盘持仓配置!$Z$8)^(('实盘净值数据(iFinD公式)'!$A19-'实盘净值数据(iFinD公式)'!$A$5)/365)) | O19: =IF(OR(N18="",'实盘净值数据(iFinD公式)'!$A19="",'实盘净值数据(iFinD公式)'!$B19=""),"",(SUMPRODUCT(实盘持仓配置!$B$8:$X$8,'实盘净值数据(iFinD公式)'!$B18:$X18/'实盘净值数据(iFinD公式)'!$B$5:$X$5,'实盘净值数据(iFinD公式)'!$B19:$X19/'实盘净值数据(iFinD公式)'!$B18:$X18)/SUMPRODUCT(实盘持仓配置!$B$8:$X$8,'实盘净值数据(iFinD公式)'!$B18:$X18/'实盘净值数据(iFinD公式)'!$B$5:$X$5))*(1-实盘持仓配置!$Z$8)^(('实盘净值数据(iFinD公式)'!$A19-'实盘净值数据(iFinD公式)'!$A18)/365)-1) | P19: =IF(N19="","",N19/MAX(N$5:N19)-1) | Q19: =IF(OR((ROW()-1)<8,'实盘净值数据(iFinD公式)'!$A19="",'实盘净值数据(iFinD公式)'!$B19=""),"",SUMPRODUCT(实盘持仓配置!$B$9:$X$9,'实盘净值数据(iFinD公式)'!$B19:$X19/'实盘净值数据(iFinD公式)'!$B$8:$X$8)*(1-实盘持仓配置!$Z$9)^(('实盘净值数据(iFinD公式)'!$A19-'实盘净值数据(iFinD公式)'!$A$8)/365)) | R19: =IF(OR(Q18="",'实盘净值数据(iFinD公式)'!$A19="",'实盘净值数据(iFinD公式)'!$B19=""),"",(SUMPRODUCT(实盘持仓配置!$B$9:$X$9,'实盘净值数据(iFinD公式)'!$B18:$X18/'实盘净值数据(iFinD公式)'!$B$8:$X$8,'实盘净值数据(iFinD公式)'!$B19:$X19/'实盘净值数据(iFinD公式)'!$B18:$X18)/SUMPRODUCT(实盘持仓配置!$B$9:$X$9,'实盘净值数据(iFinD公式)'!$B18:$X18/'实盘净值数据(iFinD公式)'!$B$8:$X$8))*(1-实盘持仓配置!$Z$9)^(('实盘净值数据(iFinD公式)'!$A19-'实盘净值数据(iFinD公式)'!$A18)/365)-1) | S19: =IF(Q19="","",Q19/MAX(Q$5:Q19)-1)
A20: =IF('实盘净值数据(iFinD公式)'!A20="","",'实盘净值数据(iFinD公式)'!A20) | B20: =IF(OR((ROW()-1)<6,'实盘净值数据(iFinD公式)'!$A20="",'实盘净值数据(iFinD公式)'!$B20=""),"",SUMPRODUCT(实盘持仓配置!$B$4:$X$4,'实盘净值数据(iFinD公式)'!$B20:$X20/'实盘净值数据(iFinD公式)'!$B$6:$X$6)*(1-实盘持仓配置!$Z$4)^(('实盘净值数据(iFinD公式)'!$A20-'实盘净值数据(iFinD公式)'!$A$6)/365)) | C20: =IF(OR(B19="",'实盘净值数据(iFinD公式)'!$A20="",'实盘净值数据(iFinD公式)'!$B20=""),"",(SUMPRODUCT(实盘持仓配置!$B$4:$X$4,'实盘净值数据(iFinD公式)'!$B19:$X19/'实盘净值数据(iFinD公式)'!$B$6:$X$6,'实盘净值数据(iFinD公式)'!$B20:$X20/'实盘净值数据(iFinD公式)'!$B19:$X19)/SUMPRODUCT(实盘持仓配置!$B$4:$X$4,'实盘净值数据(iFinD公式)'!$B19:$X19/'实盘净值数据(iFinD公式)'!$B$6:$X$6))*(1-实盘持仓配置!$Z$4)^(('实盘净值数据(iFinD公式)'!$A20-'实盘净值数据(iFinD公式)'!$A19)/365)-1) | D20: =IF(B20="","",B20/MAX(B$5:B20)-1) | E20: =IF(OR((ROW()-1)<5,'实盘净值数据(iFinD公式)'!$A20="",'实盘净值数据(iFinD公式)'!$B20=""),"",SUMPRODUCT(实盘持仓配置!$B$5:$X$5,'实盘净值数据(iFinD公式)'!$B20:$X20/'实盘净值数据(iFinD公式)'!$B$5:$X$5)*(1-实盘持仓配置!$Z$5)^(('实盘净值数据(iFinD公式)'!$A20-'实盘净值数据(iFinD公式)'!$A$5)/365)) | F20: =IF(OR(E19="",'实盘净值数据(iFinD公式)'!$A20="",'实盘净值数据(iFinD公式)'!$B20=""),"",(SUMPRODUCT(实盘持仓配置!$B$5:$X$5,'实盘净值数据(iFinD公式)'!$B19:$X19/'实盘净值数据(iFinD公式)'!$B$5:$X$5,'实盘净值数据(iFinD公式)'!$B20:$X20/'实盘净值数据(iFinD公式)'!$B19:$X19)/SUMPRODUCT(实盘持仓配置!$B$5:$X$5,'实盘净值数据(iFinD公式)'!$B19:$X19/'实盘净值数据(iFinD公式)'!$B$5:$X$5))*(1-实盘持仓配置!$Z$5)^(('实盘净值数据(iFinD公式)'!$A20-'实盘净值数据(iFinD公式)'!$A19)/365)-1) | G20: =IF(E20="","",E20/MAX(E$5:E20)-1) | H20: =IF(OR((ROW()-1)<7,'实盘净值数据(iFinD公式)'!$A20="",'实盘净值数据(iFinD公式)'!$B20=""),"",SUMPRODUCT(实盘持仓配置!$B$6:$X$6,'实盘净值数据(iFinD公式)'!$B20:$X20/'实盘净值数据(iFinD公式)'!$B$7:$X$7)*(1-实盘持仓配置!$Z$6)^(('实盘净值数据(iFinD公式)'!$A20-'实盘净值数据(iFinD公式)'!$A$7)/365)) | I20: =IF(OR(H19="",'实盘净值数据(iFinD公式)'!$A20="",'实盘净值数据(iFinD公式)'!$B20=""),"",(SUMPRODUCT(实盘持仓配置!$B$6:$X$6,'实盘净值数据(iFinD公式)'!$B19:$X19/'实盘净值数据(iFinD公式)'!$B$7:$X$7,'实盘净值数据(iFinD公式)'!$B20:$X20/'实盘净值数据(iFinD公式)'!$B19:$X19)/SUMPRODUCT(实盘持仓配置!$B$6:$X$6,'实盘净值数据(iFinD公式)'!$B19:$X19/'实盘净值数据(iFinD公式)'!$B$7:$X$7))*(1-实盘持仓配置!$Z$6)^(('实盘净值数据(iFinD公式)'!$A20-'实盘净值数据(iFinD公式)'!$A19)/365)-1) | J20: =IF(H20="","",H20/MAX(H$5:H20)-1) | K20: =IF(OR((ROW()-1)<8,'实盘净值数据(iFinD公式)'!$A20="",'实盘净值数据(iFinD公式)'!$B20=""),"",SUMPRODUCT(实盘持仓配置!$B$7:$X$7,'实盘净值数据(iFinD公式)'!$B20:$X20/'实盘净值数据(iFinD公式)'!$B$8:$X$8)*(1-实盘持仓配置!$Z$7)^(('实盘净值数据(iFinD公式)'!$A20-'实盘净值数据(iFinD公式)'!$A$8)/365)) | L20: =IF(OR(K19="",'实盘净值数据(iFinD公式)'!$A20="",'实盘净值数据(iFinD公式)'!$B20=""),"",(SUMPRODUCT(实盘持仓配置!$B$7:$X$7,'实盘净值数据(iFinD公式)'!$B19:$X19/'实盘净值数据(iFinD公式)'!$B$8:$X$8,'实盘净值数据(iFinD公式)'!$B20:$X20/'实盘净值数据(iFinD公式)'!$B19:$X19)/SUMPRODUCT(实盘持仓配置!$B$7:$X$7,'实盘净值数据(iFinD公式)'!$B19:$X19/'实盘净值数据(iFinD公式)'!$B$8:$X$8))*(1-实盘持仓配置!$Z$7)^(('实盘净值数据(iFinD公式)'!$A20-'实盘净值数据(iFinD公式)'!$A19)/365)-1) | M20: =IF(K20="","",K20/MAX(K$5:K20)-1) | N20: =IF(OR((ROW()-1)<5,'实盘净值数据(iFinD公式)'!$A20="",'实盘净值数据(iFinD公式)'!$B20=""),"",SUMPRODUCT(实盘持仓配置!$B$8:$X$8,'实盘净值数据(iFinD公式)'!$B20:$X20/'实盘净值数据(iFinD公式)'!$B$5:$X$5)*(1-实盘持仓配置!$Z$8)^(('实盘净值数据(iFinD公式)'!$A20-'实盘净值数据(iFinD公式)'!$A$5)/365)) | O20: =IF(OR(N19="",'实盘净值数据(iFinD公式)'!$A20="",'实盘净值数据(iFinD公式)'!$B20=""),"",(SUMPRODUCT(实盘持仓配置!$B$8:$X$8,'实盘净值数据(iFinD公式)'!$B19:$X19/'实盘净值数据(iFinD公式)'!$B$5:$X$5,'实盘净值数据(iFinD公式)'!$B20:$X20/'实盘净值数据(iFinD公式)'!$B19:$X19)/SUMPRODUCT(实盘持仓配置!$B$8:$X$8,'实盘净值数据(iFinD公式)'!$B19:$X19/'实盘净值数据(iFinD公式)'!$B$5:$X$5))*(1-实盘持仓配置!$Z$8)^(('实盘净值数据(iFinD公式)'!$A20-'实盘净值数据(iFinD公式)'!$A19)/365)-1) | P20: =IF(N20="","",N20/MAX(N$5:N20)-1) | Q20: =IF(OR((ROW()-1)<8,'实盘净值数据(iFinD公式)'!$A20="",'实盘净值数据(iFinD公式)'!$B20=""),"",SUMPRODUCT(实盘持仓配置!$B$9:$X$9,'实盘净值数据(iFinD公式)'!$B20:$X20/'实盘净值数据(iFinD公式)'!$B$8:$X$8)*(1-实盘持仓配置!$Z$9)^(('实盘净值数据(iFinD公式)'!$A20-'实盘净值数据(iFinD公式)'!$A$8)/365)) | R20: =IF(OR(Q19="",'实盘净值数据(iFinD公式)'!$A20="",'实盘净值数据(iFinD公式)'!$B20=""),"",(SUMPRODUCT(实盘持仓配置!$B$9:$X$9,'实盘净值数据(iFinD公式)'!$B19:$X19/'实盘净值数据(iFinD公式)'!$B$8:$X$8,'实盘净值数据(iFinD公式)'!$B20:$X20/'实盘净值数据(iFinD公式)'!$B19:$X19)/SUMPRODUCT(实盘持仓配置!$B$9:$X$9,'实盘净值数据(iFinD公式)'!$B19:$X19/'实盘净值数据(iFinD公式)'!$B$8:$X$8))*(1-实盘持仓配置!$Z$9)^(('实盘净值数据(iFinD公式)'!$A20-'实盘净值数据(iFinD公式)'!$A19)/365)-1) | S20: =IF(Q20="","",Q20/MAX(Q$5:Q20)-1)
... A59: =IF('实盘净值数据(iFinD公式)'!A59="","",'实盘净值数据(iFinD公式)'!A59) | B59: =IF(OR((ROW()-1)<6,'实盘净值数据(iFinD公式)'!$A59="",'实盘净值数据(iFinD公式)'!$B59=""),"",SUMPRODUCT(实盘持仓配置!$B$4:$X$4,'实盘净值数据(iFinD公式)'!$B59:$X59/'实盘净值数据(iFinD公式)'!$B$6:$X$6)*(1-实盘持仓配置!$Z$4)^(('实盘净值数据(iFinD公式)'!$A59-'实盘净值数据(iFinD公式)'!$A$6)/365)) | C59: =IF(OR(B58="",'实盘净值数据(iFinD公式)'!$A59="",'实盘净值数据(iFinD公式)'!$B59=""),"",(SUMPRODUCT(实盘持仓配置!$B$4:$X$4,'实盘净值数据(iFinD公式)'!$B58:$X58/'实盘净值数据(iFinD公式)'!$B$6:$X$6,'实盘净值数据(iFinD公式)'!$B59:$X59/'实盘净值数据(iFinD公式)'!$B58:$X58)/SUMPRODUCT(实盘持仓配置!$B$4:$X$4,'实盘净值数据(iFinD公式)'!$B58:$X58/'实盘净值数据(iFinD公式)'!$B$6:$X$6))*(1-实盘持仓配置!$Z$4)^(('实盘净值数据(iFinD公式)'!$A59-'实盘净值数据(iFinD公式)'!$A58)/365)-1) | D59: =IF(B59="","",B59/MAX(B$5:B59)-1) | E59: =IF(OR((ROW()-1)<5,'实盘净值数据(iFinD公式)'!$A59="",'实盘净值数据(iFinD公式)'!$B59=""),"",SUMPRODUCT(实盘持仓配置!$B$5:$X$5,'实盘净值数据(iFinD公式)'!$B59:$X59/'实盘净值数据(iFinD公式)'!$B$5:$X$5)*(1-实盘持仓配置!$Z$5)^(('实盘净值数据(iFinD公式)'!$A59-'实盘净值数据(iFinD公式)'!$A$5)/365)) | F59: =IF(OR(E58="",'实盘净值数据(iFinD公式)'!$A59="",'实盘净值数据(iFinD公式)'!$B59=""),"",(SUMPRODUCT(实盘持仓配置!$B$5:$X$5,'实盘净值数据(iFinD公式)'!$B58:$X58/'实盘净值数据(iFinD公式)'!$B$5:$X$5,'实盘净值数据(iFinD公式)'!$B59:$X59/'实盘净值数据(iFinD公式)'!$B58:$X58)/SUMPRODUCT(实盘持仓配置!$B$5:$X$5,'实盘净值数据(iFinD公式)'!$B58:$X58/'实盘净值数据(iFinD公式)'!$B$5:$X$5))*(1-实盘持仓配置!$Z$5)^(('实盘净值数据(iFinD公式)'!$A59-'实盘净值数据(iFinD公式)'!$A58)/365)-1) | G59: =IF(E59="","",E59/MAX(E$5:E59)-1) | H59: =IF(OR((ROW()-1)<7,'实盘净值数据(iFinD公式)'!$A59="",'实盘净值数据(iFinD公式)'!$B59=""),"",SUMPRODUCT(实盘持仓配置!$B$6:$X$6,'实盘净值数据(iFinD公式)'!$B59:$X59/'实盘净值数据(iFinD公式)'!$B$7:$X$7)*(1-实盘持仓配置!$Z$6)^(('实盘净值数据(iFinD公式)'!$A59-'实盘净值数据(iFinD公式)'!$A$7)/365)) | I59: =IF(OR(H58="",'实盘净值数据(iFinD公式)'!$A59="",'实盘净值数据(iFinD公式)'!$B59=""),"",(SUMPRODUCT(实盘持仓配置!$B$6:$X$6,'实盘净值数据(iFinD公式)'!$B58:$X58/'实盘净值数据(iFinD公式)'!$B$7:$X$7,'实盘净值数据(iFinD公式)'!$B59:$X59/'实盘净值数据(iFinD公式)'!$B58:$X58)/SUMPRODUCT(实盘持仓配置!$B$6:$X$6,'实盘净值数据(iFinD公式)'!$B58:$X58/'实盘净值数据(iFinD公式)'!$B$7:$X$7))*(1-实盘持仓配置!$Z$6)^(('实盘净值数据(iFinD公式)'!$A59-'实盘净值数据(iFinD公式)'!$A58)/365)-1) | J59: =IF(H59="","",H59/MAX(H$5:H59)-1) | K59: =IF(OR((ROW()-1)<8,'实盘净值数据(iFinD公式)'!$A59="",'实盘净值数据(iFinD公式)'!$B59=""),"",SUMPRODUCT(实盘持仓配置!$B$7:$X$7,'实盘净值数据(iFinD公式)'!$B59:$X59/'实盘净值数据(iFinD公式)'!$B$8:$X$8)*(1-实盘持仓配置!$Z$7)^(('实盘净值数据(iFinD公式)'!$A59-'实盘净值数据(iFinD公式)'!$A$8)/365)) | L59: =IF(OR(K58="",'实盘净值数据(iFinD公式)'!$A59="",'实盘净值数据(iFinD公式)'!$B59=""),"",(SUMPRODUCT(实盘持仓配置!$B$7:$X$7,'实盘净值数据(iFinD公式)'!$B58:$X58/'实盘净值数据(iFinD公式)'!$B$8:$X$8,'实盘净值数据(iFinD公式)'!$B59:$X59/'实盘净值数据(iFinD公式)'!$B58:$X58)/SUMPRODUCT(实盘持仓配置!$B$7:$X$7,'实盘净值数据(iFinD公式)'!$B58:$X58/'实盘净值数据(iFinD公式)'!$B$8:$X$8))*(1-实盘持仓配置!$Z$7)^(('实盘净值数据(iFinD公式)'!$A59-'实盘净值数据(iFinD公式)'!$A58)/365)-1) | M59: =IF(K59="","",K59/MAX(K$5:K59)-1) | N59: =IF(OR((ROW()-1)<5,'实盘净值数据(iFinD公式)'!$A59="",'实盘净值数据(iFinD公式)'!$B59=""),"",SUMPRODUCT(实盘持仓配置!$B$8:$X$8,'实盘净值数据(iFinD公式)'!$B59:$X59/'实盘净值数据(iFinD公式)'!$B$5:$X$5)*(1-实盘持仓配置!$Z$8)^(('实盘净值数据(iFinD公式)'!$A59-'实盘净值数据(iFinD公式)'!$A$5)/365)) | O59: =IF(OR(N58="",'实盘净值数据(iFinD公式)'!$A59="",'实盘净值数据(iFinD公式)'!$B59=""),"",(SUMPRODUCT(实盘持仓配置!$B$8:$X$8,'实盘净值数据(iFinD公式)'!$B58:$X58/'实盘净值数据(iFinD公式)'!$B$5:$X$5,'实盘净值数据(iFinD公式)'!$B59:$X59/'实盘净值数据(iFinD公式)'!$B58:$X58)/SUMPRODUCT(实盘持仓配置!$B$8:$X$8,'实盘净值数据(iFinD公式)'!$B58:$X58/'实盘净值数据(iFinD公式)'!$B$5:$X$5))*(1-实盘持仓配置!$Z$8)^(('实盘净值数据(iFinD公式)'!$A59-'实盘净值数据(iFinD公式)'!$A58)/365)-1) | P59: =IF(N59="","",N59/MAX(N$5:N59)-1) | Q59: =IF(OR((ROW()-1)<8,'实盘净值数据(iFinD公式)'!$A59="",'实盘净值数据(iFinD公式)'!$B59=""),"",SUMPRODUCT(实盘持仓配置!$B$9:$X$9,'实盘净值数据(iFinD公式)'!$B59:$X59/'实盘净值数据(iFinD公式)'!$B$8:$X$8)*(1-实盘持仓配置!$Z$9)^(('实盘净值数据(iFinD公式)'!$A59-'实盘净值数据(iFinD公式)'!$A$8)/365)) | R59: =IF(OR(Q58="",'实盘净值数据(iFinD公式)'!$A59="",'实盘净值数据(iFinD公式)'!$B59=""),"",(SUMPRODUCT(实盘持仓配置!$B$9:$X$9,'实盘净值数据(iFinD公式)'!$B58:$X58/'实盘净值数据(iFinD公式)'!$B$8:$X$8,'实盘净值数据(iFinD公式)'!$B59:$X59/'实盘净值数据(iFinD公式)'!$B58:$X58)/SUMPRODUCT(实盘持仓配置!$B$9:$X$9,'实盘净值数据(iFinD公式)'!$B58:$X58/'实盘净值数据(iFinD公式)'!$B$8:$X$8))*(1-实盘持仓配置!$Z$9)^(('实盘净值数据(iFinD公式)'!$A59-'实盘净值数据(iFinD公式)'!$A58)/365)-1) | S59: =IF(Q59="","",Q59/MAX(Q$5:Q59)-1)
A61: 各组合自其净值起始日起=1.0000；买入持有，权重随涨跌漂移；净值已按各自年化费率折每日扣费。新增日期下拉填充。

Sheet 看板-产业趋势
B2: 样板间组合走势看板（产业趋势组合）
B3: ="买入持有 · 已扣年化费率 "&TEXT(实盘持仓配置!$Z$4,"0.0%")&"（折每日计入净值）" -> 买入持有 · 已扣年化费率 1.5%（折每日计入净值） | E3: ="净值日期："&TEXT(LOOKUP(2,1/(实盘组合净值!$B$5:$B$59<>""),实盘组合净值!$A$5:$A$59),"yyyy-mm-dd") -> 净值日期：2026-07-02
B5: 产品业绩表现（历史表现不代表未来收益承诺）
B6: 最新净值 | C6: 累计收益 | D6: 年化收益 | E6: 年化波动率 | F6: 最大回撤 | G6: 夏普比率
B7: =LOOKUP(2,1/(实盘组合净值!$B$5:$B$59<>""),实盘组合净值!$B$5:$B$59) -> 1.0416242 | C7: =(LOOKUP(2,1/(实盘组合净值!$B$5:$B$59<>""),实盘组合净值!$B$5:$B$59))/1-1 -> 0.041624195 | D7: =(LOOKUP(2,1/(实盘组合净值!$B$5:$B$59<>""),实盘组合净值!$B$5:$B$59)/1)^(说明!$C$17/MAX(COUNT(实盘组合净值!$C$5:$C$59),1))-1 -> 2.4336778 | E7: =STDEV(实盘组合净值!$C$5:$C$59)*SQRT(说明!$C$17) -> 0.46864983 | F7: =MIN(实盘组合净值!$D$5:$D$59) -> -0.030910156 | G7: =(((LOOKUP(2,1/(实盘组合净值!$B$5:$B$59<>""),实盘组合净值!$B$5:$B$59)/1)^(说明!$C$17/MAX(COUNT(实盘组合净值!$C$5:$C$59),1))-1)-说明!$C$16)/IF((STDEV(实盘组合净值!$C$5:$C$59)*SQRT(说明!$C$17))=0,"",(STDEV(实盘组合净值!$C$5:$C$59)*SQRT(说明!$C$17))) -> 5.1929558
B9: 收益表现 | E9: 风险特征
B10: 区间 | C10: 累计收益 | D10: 年化收益 | E10: 指标 | G10: 数值
B11: 起始以来 | C11: =IFERROR((LOOKUP(2,1/(实盘组合净值!$B$5:$B$59<>""),实盘组合净值!$B$5:$B$59))/(1)-1,"") -> 0.041624195 | D11: =IFERROR((LOOKUP(2,1/(实盘组合净值!$B$5:$B$59<>""),实盘组合净值!$B$5:$B$59)/(1))^(说明!$C$17/COUNT(实盘组合净值!$C$5:$C$59))-1,"") -> 2.4336778 | E11: 最大回撤 | G11: =MIN(实盘组合净值!$D$5:$D$59) -> -0.030910156
B12: 2026YTD | C12: =IFERROR((LOOKUP(2,1/(实盘组合净值!$B$5:$B$59<>""),实盘组合净值!$B$5:$B$59))/(IFERROR(LOOKUP(DATE(2026,1,1),实盘组合净值!$A$5:$A$59,实盘组合净值!$B$5:$B$59),1))-1,"") -> 0.041624195 | D12: =IFERROR((LOOKUP(2,1/(实盘组合净值!$B$5:$B$59<>""),实盘组合净值!$B$5:$B$59)/(IFERROR(LOOKUP(DATE(2026,1,1),实盘组合净值!$A$5:$A$59,实盘组合净值!$B$5:$B$59),1)))^(说明!$C$17/MAX(COUNTIF(实盘组合净值!$A$5:$A$59,">="&(DATE(2026,1,1))),1))-1,"") -> 1.6829195 | E12: 回撤修复天数(未创新高) | G12: =IFERROR((LOOKUP(2,1/(实盘组合净值!$B$5:$B$59<>""),ROW(实盘组合净值!$B$5:$B$59)))-(LOOKUP(2,1/(实盘组合净值!$D$5:$D$59=0),ROW(实盘组合净值!$D$5:$D$59))),"") -> 2
B13: 近3个月 | C13: =IFERROR((LOOKUP(2,1/(实盘组合净值!$B$5:$B$59<>""),实盘组合净值!$B$5:$B$59))/(IFERROR(LOOKUP(EDATE(LOOKUP(2,1/(实盘组合净值!$B$5:$B$59<>""),实盘组合净值!$A$5:$A$59),-3),实盘组合净值!$A$5:$A$59,实盘组合净值!$B$5:$B$59),1))-1,"") -> 0.041624195 | D13: =IFERROR((LOOKUP(2,1/(实盘组合净值!$B$5:$B$59<>""),实盘组合净值!$B$5:$B$59)/(IFERROR(LOOKUP(EDATE(LOOKUP(2,1/(实盘组合净值!$B$5:$B$59<>""),实盘组合净值!$A$5:$A$59),-3),实盘组合净值!$A$5:$A$59,实盘组合净值!$B$5:$B$59),1)))^(说明!$C$17/MAX(COUNTIF(实盘组合净值!$A$5:$A$59,">="&(EDATE(LOOKUP(2,1/(实盘组合净值!$B$5:$B$59<>""),实盘组合净值!$A$5:$A$59),-3))),1))-1,"") -> 1.6829195 | E13: 正收益占比 | G13: =COUNTIF(实盘组合净值!$C$5:$C$59,">0")/MAX(COUNT(实盘组合净值!$C$5:$C$59),1) -> 0.5
B14: 近6个月 | C14: =IFERROR((LOOKUP(2,1/(实盘组合净值!$B$5:$B$59<>""),实盘组合净值!$B$5:$B$59))/(IFERROR(LOOKUP(EDATE(LOOKUP(2,1/(实盘组合净值!$B$5:$B$59<>""),实盘组合净值!$A$5:$A$59),-6),实盘组合净值!$A$5:$A$59,实盘组合净值!$B$5:$B$59),1))-1,"") -> 0.041624195 | D14: =IFERROR((LOOKUP(2,1/(实盘组合净值!$B$5:$B$59<>""),实盘组合净值!$B$5:$B$59)/(IFERROR(LOOKUP(EDATE(LOOKUP(2,1/(实盘组合净值!$B$5:$B$59<>""),实盘组合净值!$A$5:$A$59),-6),实盘组合净值!$A$5:$A$59,实盘组合净值!$B$5:$B$59),1)))^(说明!$C$17/MAX(COUNTIF(实盘组合净值!$A$5:$A$59,">="&(EDATE(LOOKUP(2,1/(实盘组合净值!$B$5:$B$59<>""),实盘组合净值!$A$5:$A$59),-6))),1))-1,"") -> 1.6829195 | E14: 年化波动率 | G14: =STDEV(实盘组合净值!$C$5:$C$59)*SQRT(说明!$C$17) -> 0.46864983
B15: 近1年 | C15: =IFERROR((LOOKUP(2,1/(实盘组合净值!$B$5:$B$59<>""),实盘组合净值!$B$5:$B$59))/(IFERROR(LOOKUP(EDATE(LOOKUP(2,1/(实盘组合净值!$B$5:$B$59<>""),实盘组合净值!$A$5:$A$59),-12),实盘组合净值!$A$5:$A$59,实盘组合净值!$B$5:$B$59),1))-1,"") -> 0.041624195 | D15: =IFERROR((LOOKUP(2,1/(实盘组合净值!$B$5:$B$59<>""),实盘组合净值!$B$5:$B$59)/(IFERROR(LOOKUP(EDATE(LOOKUP(2,1/(实盘组合净值!$B$5:$B$59<>""),实盘组合净值!$A$5:$A$59),-12),实盘组合净值!$A$5:$A$59,实盘组合净值!$B$5:$B$59),1)))^(说明!$C$17/MAX(COUNTIF(实盘组合净值!$A$5:$A$59,">="&(EDATE(LOOKUP(2,1/(实盘组合净值!$B$5:$B$59<>""),实盘组合净值!$A$5:$A$59),-12))),1))-1,"") -> 1.6829195 | E15: 夏普比率 | G15: =(((LOOKUP(2,1/(实盘组合净值!$B$5:$B$59<>""),实盘组合净值!$B$5:$B$59)/1)^(说明!$C$17/MAX(COUNT(实盘组合净值!$C$5:$C$59),1))-1)-说明!$C$16)/IF((STDEV(实盘组合净值!$C$5:$C$59)*SQRT(说明!$C$17))=0,"",(STDEV(实盘组合净值!$C$5:$C$59)*SQRT(说明!$C$17))) -> 5.1929558
E16: 卡玛比率 | G16: =IFERROR(((LOOKUP(2,1/(实盘组合净值!$B$5:$B$59<>""),实盘组合净值!$B$5:$B$59)/1)^(说明!$C$17/MAX(COUNT(实盘组合净值!$C$5:$C$59),1))-1)/ABS(MIN(实盘组合净值!$D$5:$D$59)),"") -> 78.733924
B18: 产品运作情况 · 组合净值曲线
B35: 统计区间自2026/6/1起；运作初期样本少，年化类指标仅供参考。新增交易日后请同步扩展本图数据区。

Sheet 看板-产业趋势基石
B2: 样板间组合走势看板（产业趋势基石组合）
B3: ="买入持有 · 已扣年化费率 "&TEXT(实盘持仓配置!$Z$5,"0.0%")&"（折每日计入净值）" -> 买入持有 · 已扣年化费率 1.2%（折每日计入净值） | E3: ="净值日期："&TEXT(LOOKUP(2,1/(实盘组合净值!$E$5:$E$59<>""),实盘组合净值!$A$5:$A$59),"yyyy-mm-dd") -> 净值日期：2026-07-02
B5: 产品业绩表现（历史表现不代表未来收益承诺）
B6: 最新净值 | C6: 累计收益 | D6: 年化收益 | E6: 年化波动率 | F6: 最大回撤 | G6: 夏普比率
B7: =LOOKUP(2,1/(实盘组合净值!$E$5:$E$59<>""),实盘组合净值!$E$5:$E$59) -> 1.0657191 | C7: =(LOOKUP(2,1/(实盘组合净值!$E$5:$E$59<>""),实盘组合净值!$E$5:$E$59))/1-1 -> 0.065719078 | D7: =(LOOKUP(2,1/(实盘组合净值!$E$5:$E$59<>""),实盘组合净值!$E$5:$E$59)/1)^(说明!$C$17/MAX(COUNT(实盘组合净值!$F$5:$F$59),1))-1 -> 4.5371027 | E7: =STDEV(实盘组合净值!$F$5:$F$59)*SQRT(说明!$C$17) -> 0.44852532 | F7: =MIN(实盘组合净值!$G$5:$G$59) -> -0.030932666 | G7: =(((LOOKUP(2,1/(实盘组合净值!$E$5:$E$59<>""),实盘组合净值!$E$5:$E$59)/1)^(说明!$C$17/MAX(COUNT(实盘组合净值!$F$5:$F$59),1))-1)-说明!$C$16)/IF((STDEV(实盘组合净值!$F$5:$F$59)*SQRT(说明!$C$17))=0,"",(STDEV(实盘组合净值!$F$5:$F$59)*SQRT(说明!$C$17))) -> 10.1156
B9: 收益表现 | E9: 风险特征
B10: 区间 | C10: 累计收益 | D10: 年化收益 | E10: 指标 | G10: 数值
B11: 起始以来 | C11: =IFERROR((LOOKUP(2,1/(实盘组合净值!$E$5:$E$59<>""),实盘组合净值!$E$5:$E$59))/(1)-1,"") -> 0.065719078 | D11: =IFERROR((LOOKUP(2,1/(实盘组合净值!$E$5:$E$59<>""),实盘组合净值!$E$5:$E$59)/(1))^(说明!$C$17/COUNT(实盘组合净值!$F$5:$F$59))-1,"") -> 4.5371027 | E11: 最大回撤 | G11: =MIN(实盘组合净值!$G$5:$G$59) -> -0.030932666
B12: 2026YTD | C12: =IFERROR((LOOKUP(2,1/(实盘组合净值!$E$5:$E$59<>""),实盘组合净值!$E$5:$E$59))/(IFERROR(LOOKUP(DATE(2026,1,1),实盘组合净值!$A$5:$A$59,实盘组合净值!$E$5:$E$59),1))-1,"") -> 0.065719078 | D12: =IFERROR((LOOKUP(2,1/(实盘组合净值!$E$5:$E$59<>""),实盘组合净值!$E$5:$E$59)/(IFERROR(LOOKUP(DATE(2026,1,1),实盘组合净值!$A$5:$A$59,实盘组合净值!$E$5:$E$59),1)))^(说明!$C$17/MAX(COUNTIF(实盘组合净值!$A$5:$A$59,">="&(DATE(2026,1,1))),1))-1,"") -> 3.666103 | E12: 回撤修复天数(未创新高) | G12: =IFERROR((LOOKUP(2,1/(实盘组合净值!$E$5:$E$59<>""),ROW(实盘组合净值!$E$5:$E$59)))-(LOOKUP(2,1/(实盘组合净值!$G$5:$G$59=0),ROW(实盘组合净值!$G$5:$G$59))),"") -> 2
B13: 近3个月 | C13: =IFERROR((LOOKUP(2,1/(实盘组合净值!$E$5:$E$59<>""),实盘组合净值!$E$5:$E$59))/(IFERROR(LOOKUP(EDATE(LOOKUP(2,1/(实盘组合净值!$E$5:$E$59<>""),实盘组合净值!$A$5:$A$59),-3),实盘组合净值!$A$5:$A$59,实盘组合净值!$E$5:$E$59),1))-1,"") -> 0.065719078 | D13: =IFERROR((LOOKUP(2,1/(实盘组合净值!$E$5:$E$59<>""),实盘组合净值!$E$5:$E$59)/(IFERROR(LOOKUP(EDATE(LOOKUP(2,1/(实盘组合净值!$E$5:$E$59<>""),实盘组合净值!$A$5:$A$59),-3),实盘组合净值!$A$5:$A$59,实盘组合净值!$E$5:$E$59),1)))^(说明!$C$17/MAX(COUNTIF(实盘组合净值!$A$5:$A$59,">="&(EDATE(LOOKUP(2,1/(实盘组合净值!$E$5:$E$59<>""),实盘组合净值!$A$5:$A$59),-3))),1))-1,"") -> 3.666103 | E13: 正收益占比 | G13: =COUNTIF(实盘组合净值!$F$5:$F$59,">0")/MAX(COUNT(实盘组合净值!$F$5:$F$59),1) -> 0.55555556
B14: 近6个月 | C14: =IFERROR((LOOKUP(2,1/(实盘组合净值!$E$5:$E$59<>""),实盘组合净值!$E$5:$E$59))/(IFERROR(LOOKUP(EDATE(LOOKUP(2,1/(实盘组合净值!$E$5:$E$59<>""),实盘组合净值!$A$5:$A$59),-6),实盘组合净值!$A$5:$A$59,实盘组合净值!$E$5:$E$59),1))-1,"") -> 0.065719078 | D14: =IFERROR((LOOKUP(2,1/(实盘组合净值!$E$5:$E$59<>""),实盘组合净值!$E$5:$E$59)/(IFERROR(LOOKUP(EDATE(LOOKUP(2,1/(实盘组合净值!$E$5:$E$59<>""),实盘组合净值!$A$5:$A$59),-6),实盘组合净值!$A$5:$A$59,实盘组合净值!$E$5:$E$59),1)))^(说明!$C$17/MAX(COUNTIF(实盘组合净值!$A$5:$A$59,">="&(EDATE(LOOKUP(2,1/(实盘组合净值!$E$5:$E$59<>""),实盘组合净值!$A$5:$A$59),-6))),1))-1,"") -> 3.666103 | E14: 年化波动率 | G14: =STDEV(实盘组合净值!$F$5:$F$59)*SQRT(说明!$C$17) -> 0.44852532
B15: 近1年 | C15: =IFERROR((LOOKUP(2,1/(实盘组合净值!$E$5:$E$59<>""),实盘组合净值!$E$5:$E$59))/(IFERROR(LOOKUP(EDATE(LOOKUP(2,1/(实盘组合净值!$E$5:$E$59<>""),实盘组合净值!$A$5:$A$59),-12),实盘组合净值!$A$5:$A$59,实盘组合净值!$E$5:$E$59),1))-1,"") -> 0.065719078 | D15: =IFERROR((LOOKUP(2,1/(实盘组合净值!$E$5:$E$59<>""),实盘组合净值!$E$5:$E$59)/(IFERROR(LOOKUP(EDATE(LOOKUP(2,1/(实盘组合净值!$E$5:$E$59<>""),实盘组合净值!$A$5:$A$59),-12),实盘组合净值!$A$5:$A$59,实盘组合净值!$E$5:$E$59),1)))^(说明!$C$17/MAX(COUNTIF(实盘组合净值!$A$5:$A$59,">="&(EDATE(LOOKUP(2,1/(实盘组合净值!$E$5:$E$59<>""),实盘组合净值!$A$5:$A$59),-12))),1))-1,"") -> 3.666103 | E15: 夏普比率 | G15: =(((LOOKUP(2,1/(实盘组合净值!$E$5:$E$59<>""),实盘组合净值!$E$5:$E$59)/1)^(说明!$C$17/MAX(COUNT(实盘组合净值!$F$5:$F$59),1))-1)-说明!$C$16)/IF((STDEV(实盘组合净值!$F$5:$F$59)*SQRT(说明!$C$17))=0,"",(STDEV(实盘组合净值!$F$5:$F$59)*SQRT(说明!$C$17))) -> 10.1156
E16: 卡玛比率 | G16: =IFERROR(((LOOKUP(2,1/(实盘组合净值!$E$5:$E$59<>""),实盘组合净值!$E$5:$E$59)/1)^(说明!$C$17/MAX(COUNT(实盘组合净值!$F$5:$F$59),1))-1)/ABS(MIN(实盘组合净值!$G$5:$G$59)),"") -> 146.67674
B18: 产品运作情况 · 组合净值曲线
B35: 统计区间自2026/6/1起；运作初期样本少，年化类指标仅供参考。新增交易日后请同步扩展本图数据区。

Sheet 看板-产业趋势2号
B2: 样板间组合走势看板（产业趋势2号组合）
B3: ="买入持有 · 已扣年化费率 "&TEXT(实盘持仓配置!$Z$6,"0.0%")&"（折每日计入净值）" -> 买入持有 · 已扣年化费率 1.5%（折每日计入净值） | E3: ="净值日期："&TEXT(LOOKUP(2,1/(实盘组合净值!$H$5:$H$59<>""),实盘组合净值!$A$5:$A$59),"yyyy-mm-dd") -> 净值日期：2026-07-02
B5: 产品业绩表现（历史表现不代表未来收益承诺）
B6: 最新净值 | C6: 累计收益 | D6: 年化收益 | E6: 年化波动率 | F6: 最大回撤 | G6: 夏普比率
B7: =LOOKUP(2,1/(实盘组合净值!$H$5:$H$59<>""),实盘组合净值!$H$5:$H$59) -> 1.0835726 | C7: =(LOOKUP(2,1/(实盘组合净值!$H$5:$H$59<>""),实盘组合净值!$H$5:$H$59))/1-1 -> 0.083572619 | D7: =(LOOKUP(2,1/(实盘组合净值!$H$5:$H$59<>""),实盘组合净值!$H$5:$H$59)/1)^(说明!$C$17/MAX(COUNT(实盘组合净值!$I$5:$I$59),1))-1 -> 15.035837 | E7: =STDEV(实盘组合净值!$I$5:$I$59)*SQRT(说明!$C$17) -> 0.43623565 | F7: =MIN(实盘组合净值!$J$5:$J$59) -> -0.025307103 | G7: =(((LOOKUP(2,1/(实盘组合净值!$H$5:$H$59<>""),实盘组合净值!$H$5:$H$59)/1)^(说明!$C$17/MAX(COUNT(实盘组合净值!$I$5:$I$59),1))-1)-说明!$C$16)/IF((STDEV(实盘组合净值!$I$5:$I$59)*SQRT(说明!$C$17))=0,"",(STDEV(实盘组合净值!$I$5:$I$59)*SQRT(说明!$C$17))) -> 34.467236
B9: 收益表现 | E9: 风险特征
B10: 区间 | C10: 累计收益 | D10: 年化收益 | E10: 指标 | G10: 数值
B11: 起始以来 | C11: =IFERROR((LOOKUP(2,1/(实盘组合净值!$H$5:$H$59<>""),实盘组合净值!$H$5:$H$59))/(1)-1,"") -> 0.083572619 | D11: =IFERROR((LOOKUP(2,1/(实盘组合净值!$H$5:$H$59<>""),实盘组合净值!$H$5:$H$59)/(1))^(说明!$C$17/COUNT(实盘组合净值!$I$5:$I$59))-1,"") -> 15.035837 | E11: 最大回撤 | G11: =MIN(实盘组合净值!$J$5:$J$59) -> -0.025307103
B12: 2026YTD | C12: =IFERROR((LOOKUP(2,1/(实盘组合净值!$H$5:$H$59<>""),实盘组合净值!$H$5:$H$59))/(IFERROR(LOOKUP(DATE(2026,1,1),实盘组合净值!$A$5:$A$59,实盘组合净值!$H$5:$H$59),1))-1,"") -> 0.083572619 | D12: =IFERROR((LOOKUP(2,1/(实盘组合净值!$H$5:$H$59<>""),实盘组合净值!$H$5:$H$59)/(IFERROR(LOOKUP(DATE(2026,1,1),实盘组合净值!$A$5:$A$59,实盘组合净值!$H$5:$H$59),1)))^(说明!$C$17/MAX(COUNTIF(实盘组合净值!$A$5:$A$59,">="&(DATE(2026,1,1))),1))-1,"") -> 5.9753201 | E12: 回撤修复天数(未创新高) | G12: =IFERROR((LOOKUP(2,1/(实盘组合净值!$H$5:$H$59<>""),ROW(实盘组合净值!$H$5:$H$59)))-(LOOKUP(2,1/(实盘组合净值!$J$5:$J$59=0),ROW(实盘组合净值!$J$5:$J$59))),"") -> 2
B13: 近3个月 | C13: =IFERROR((LOOKUP(2,1/(实盘组合净值!$H$5:$H$59<>""),实盘组合净值!$H$5:$H$59))/(IFERROR(LOOKUP(EDATE(LOOKUP(2,1/(实盘组合净值!$H$5:$H$59<>""),实盘组合净值!$A$5:$A$59),-3),实盘组合净值!$A$5:$A$59,实盘组合净值!$H$5:$H$59),1))-1,"") -> 0.083572619 | D13: =IFERROR((LOOKUP(2,1/(实盘组合净值!$H$5:$H$59<>""),实盘组合净值!$H$5:$H$59)/(IFERROR(LOOKUP(EDATE(LOOKUP(2,1/(实盘组合净值!$H$5:$H$59<>""),实盘组合净值!$A$5:$A$59),-3),实盘组合净值!$A$5:$A$59,实盘组合净值!$H$5:$H$59),1)))^(说明!$C$17/MAX(COUNTIF(实盘组合净值!$A$5:$A$59,">="&(EDATE(LOOKUP(2,1/(实盘组合净值!$H$5:$H$59<>""),实盘组合净值!$A$5:$A$59),-3))),1))-1,"") -> 5.9753201 | E13: 正收益占比 | G13: =COUNTIF(实盘组合净值!$I$5:$I$59,">0")/MAX(COUNT(实盘组合净值!$I$5:$I$59),1) -> 0.57142857
B14: 近6个月 | C14: =IFERROR((LOOKUP(2,1/(实盘组合净值!$H$5:$H$59<>""),实盘组合净值!$H$5:$H$59))/(IFERROR(LOOKUP(EDATE(LOOKUP(2,1/(实盘组合净值!$H$5:$H$59<>""),实盘组合净值!$A$5:$A$59),-6),实盘组合净值!$A$5:$A$59,实盘组合净值!$H$5:$H$59),1))-1,"") -> 0.083572619 | D14: =IFERROR((LOOKUP(2,1/(实盘组合净值!$H$5:$H$59<>""),实盘组合净值!$H$5:$H$59)/(IFERROR(LOOKUP(EDATE(LOOKUP(2,1/(实盘组合净值!$H$5:$H$59<>""),实盘组合净值!$A$5:$A$59),-6),实盘组合净值!$A$5:$A$59,实盘组合净值!$H$5:$H$59),1)))^(说明!$C$17/MAX(COUNTIF(实盘组合净值!$A$5:$A$59,">="&(EDATE(LOOKUP(2,1/(实盘组合净值!$H$5:$H$59<>""),实盘组合净值!$A$5:$A$59),-6))),1))-1,"") -> 5.9753201 | E14: 年化波动率 | G14: =STDEV(实盘组合净值!$I$5:$I$59)*SQRT(说明!$C$17) -> 0.43623565
B15: 近1年 | C15: =IFERROR((LOOKUP(2,1/(实盘组合净值!$H$5:$H$59<>""),实盘组合净值!$H$5:$H$59))/(IFERROR(LOOKUP(EDATE(LOOKUP(2,1/(实盘组合净值!$H$5:$H$59<>""),实盘组合净值!$A$5:$A$59),-12),实盘组合净值!$A$5:$A$59,实盘组合净值!$H$5:$H$59),1))-1,"") -> 0.083572619 | D15: =IFERROR((LOOKUP(2,1/(实盘组合净值!$H$5:$H$59<>""),实盘组合净值!$H$5:$H$59)/(IFERROR(LOOKUP(EDATE(LOOKUP(2,1/(实盘组合净值!$H$5:$H$59<>""),实盘组合净值!$A$5:$A$59),-12),实盘组合净值!$A$5:$A$59,实盘组合净值!$H$5:$H$59),1)))^(说明!$C$17/MAX(COUNTIF(实盘组合净值!$A$5:$A$59,">="&(EDATE(LOOKUP(2,1/(实盘组合净值!$H$5:$H$59<>""),实盘组合净值!$A$5:$A$59),-12))),1))-1,"") -> 5.9753201 | E15: 夏普比率 | G15: =(((LOOKUP(2,1/(实盘组合净值!$H$5:$H$59<>""),实盘组合净值!$H$5:$H$59)/1)^(说明!$C$17/MAX(COUNT(实盘组合净值!$I$5:$I$59),1))-1)-说明!$C$16)/IF((STDEV(实盘组合净值!$I$5:$I$59)*SQRT(说明!$C$17))=0,"",(STDEV(实盘组合净值!$I$5:$I$59)*SQRT(说明!$C$17))) -> 34.467236
E16: 卡玛比率 | G16: =IFERROR(((LOOKUP(2,1/(实盘组合净值!$H$5:$H$59<>""),实盘组合净值!$H$5:$H$59)/1)^(说明!$C$17/MAX(COUNT(实盘组合净值!$I$5:$I$59),1))-1)/ABS(MIN(实盘组合净值!$J$5:$J$59)),"") -> 594.13505
B18: 产品运作情况 · 组合净值曲线
B35: 统计区间自2026/6/1起；运作初期样本少，年化类指标仅供参考。新增交易日后请同步扩展本图数据区。

Sheet 看板-10-90
B2: 样板间组合走势看板（10-90组合）
B3: ="买入持有 · 已扣年化费率 "&TEXT(实盘持仓配置!$Z$7,"0.0%")&"（折每日计入净值）" -> 买入持有 · 已扣年化费率 0.8%（折每日计入净值） | E3: ="净值日期："&TEXT(LOOKUP(2,1/(实盘组合净值!$K$5:$K$59<>""),实盘组合净值!$A$5:$A$59),"yyyy-mm-dd") -> 净值日期：2026-07-02
B5: 产品业绩表现（历史表现不代表未来收益承诺）
B6: 最新净值 | C6: 累计收益 | D6: 年化收益 | E6: 年化波动率 | F6: 最大回撤 | G6: 夏普比率
B7: =LOOKUP(2,1/(实盘组合净值!$K$5:$K$59<>""),实盘组合净值!$K$5:$K$59) -> 1.0008422 | C7: =(LOOKUP(2,1/(实盘组合净值!$K$5:$K$59<>""),实盘组合净值!$K$5:$K$59))/1-1 -> 0.00084218241 | D7: =(LOOKUP(2,1/(实盘组合净值!$K$5:$K$59<>""),实盘组合净值!$K$5:$K$59)/1)^(说明!$C$17/MAX(COUNT(实盘组合净值!$L$5:$L$59),1))-1 -> 0.034536736 | E7: =STDEV(实盘组合净值!$L$5:$L$59)*SQRT(说明!$C$17) -> 0.029952632 | F7: =MIN(实盘组合净值!$M$5:$M$59) -> -0.0024218868 | G7: =(((LOOKUP(2,1/(实盘组合净值!$K$5:$K$59<>""),实盘组合净值!$K$5:$K$59)/1)^(说明!$C$17/MAX(COUNT(实盘组合净值!$L$5:$L$59),1))-1)-说明!$C$16)/IF((STDEV(实盘组合净值!$L$5:$L$59)*SQRT(说明!$C$17))=0,"",(STDEV(实盘组合净值!$L$5:$L$59)*SQRT(说明!$C$17))) -> 1.1530451
B9: 收益表现 | E9: 风险特征
B10: 区间 | C10: 累计收益 | D10: 年化收益 | E10: 指标 | G10: 数值
B11: 起始以来 | C11: =IFERROR((LOOKUP(2,1/(实盘组合净值!$K$5:$K$59<>""),实盘组合净值!$K$5:$K$59))/(1)-1,"") -> 0.00084218241 | D11: =IFERROR((LOOKUP(2,1/(实盘组合净值!$K$5:$K$59<>""),实盘组合净值!$K$5:$K$59)/(1))^(说明!$C$17/COUNT(实盘组合净值!$L$5:$L$59))-1,"") -> 0.034536736 | E11: 最大回撤 | G11: =MIN(实盘组合净值!$M$5:$M$59) -> -0.0024218868
B12: 2026YTD | C12: =IFERROR((LOOKUP(2,1/(实盘组合净值!$K$5:$K$59<>""),实盘组合净值!$K$5:$K$59))/(IFERROR(LOOKUP(DATE(2026,1,1),实盘组合净值!$A$5:$A$59,实盘组合净值!$K$5:$K$59),1))-1,"") -> 0.00084218241 | D12: =IFERROR((LOOKUP(2,1/(实盘组合净值!$K$5:$K$59<>""),实盘组合净值!$K$5:$K$59)/(IFERROR(LOOKUP(DATE(2026,1,1),实盘组合净值!$A$5:$A$59,实盘组合净值!$K$5:$K$59),1)))^(说明!$C$17/MAX(COUNTIF(实盘组合净值!$A$5:$A$59,">="&(DATE(2026,1,1))),1))-1,"") -> 0.020581167 | E12: 回撤修复天数(未创新高) | G12: =IFERROR((LOOKUP(2,1/(实盘组合净值!$K$5:$K$59<>""),ROW(实盘组合净值!$K$5:$K$59)))-(LOOKUP(2,1/(实盘组合净值!$M$5:$M$59=0),ROW(实盘组合净值!$M$5:$M$59))),"") -> 2
B13: 近3个月 | C13: =IFERROR((LOOKUP(2,1/(实盘组合净值!$K$5:$K$59<>""),实盘组合净值!$K$5:$K$59))/(IFERROR(LOOKUP(EDATE(LOOKUP(2,1/(实盘组合净值!$K$5:$K$59<>""),实盘组合净值!$A$5:$A$59),-3),实盘组合净值!$A$5:$A$59,实盘组合净值!$K$5:$K$59),1))-1,"") -> 0.00084218241 | D13: =IFERROR((LOOKUP(2,1/(实盘组合净值!$K$5:$K$59<>""),实盘组合净值!$K$5:$K$59)/(IFERROR(LOOKUP(EDATE(LOOKUP(2,1/(实盘组合净值!$K$5:$K$59<>""),实盘组合净值!$A$5:$A$59),-3),实盘组合净值!$A$5:$A$59,实盘组合净值!$K$5:$K$59),1)))^(说明!$C$17/MAX(COUNTIF(实盘组合净值!$A$5:$A$59,">="&(EDATE(LOOKUP(2,1/(实盘组合净值!$K$5:$K$59<>""),实盘组合净值!$A$5:$A$59),-3))),1))-1,"") -> 0.020581167 | E13: 正收益占比 | G13: =COUNTIF(实盘组合净值!$L$5:$L$59,">0")/MAX(COUNT(实盘组合净值!$L$5:$L$59),1) -> 0.5
B14: 近6个月 | C14: =IFERROR((LOOKUP(2,1/(实盘组合净值!$K$5:$K$59<>""),实盘组合净值!$K$5:$K$59))/(IFERROR(LOOKUP(EDATE(LOOKUP(2,1/(实盘组合净值!$K$5:$K$59<>""),实盘组合净值!$A$5:$A$59),-6),实盘组合净值!$A$5:$A$59,实盘组合净值!$K$5:$K$59),1))-1,"") -> 0.00084218241 | D14: =IFERROR((LOOKUP(2,1/(实盘组合净值!$K$5:$K$59<>""),实盘组合净值!$K$5:$K$59)/(IFERROR(LOOKUP(EDATE(LOOKUP(2,1/(实盘组合净值!$K$5:$K$59<>""),实盘组合净值!$A$5:$A$59),-6),实盘组合净值!$A$5:$A$59,实盘组合净值!$K$5:$K$59),1)))^(说明!$C$17/MAX(COUNTIF(实盘组合净值!$A$5:$A$59,">="&(EDATE(LOOKUP(2,1/(实盘组合净值!$K$5:$K$59<>""),实盘组合净值!$A$5:$A$59),-6))),1))-1,"") -> 0.020581167 | E14: 年化波动率 | G14: =STDEV(实盘组合净值!$L$5:$L$59)*SQRT(说明!$C$17) -> 0.029952632
B15: 近1年 | C15: =IFERROR((LOOKUP(2,1/(实盘组合净值!$K$5:$K$59<>""),实盘组合净值!$K$5:$K$59))/(IFERROR(LOOKUP(EDATE(LOOKUP(2,1/(实盘组合净值!$K$5:$K$59<>""),实盘组合净值!$A$5:$A$59),-12),实盘组合净值!$A$5:$A$59,实盘组合净值!$K$5:$K$59),1))-1,"") -> 0.00084218241 | D15: =IFERROR((LOOKUP(2,1/(实盘组合净值!$K$5:$K$59<>""),实盘组合净值!$K$5:$K$59)/(IFERROR(LOOKUP(EDATE(LOOKUP(2,1/(实盘组合净值!$K$5:$K$59<>""),实盘组合净值!$A$5:$A$59),-12),实盘组合净值!$A$5:$A$59,实盘组合净值!$K$5:$K$59),1)))^(说明!$C$17/MAX(COUNTIF(实盘组合净值!$A$5:$A$59,">="&(EDATE(LOOKUP(2,1/(实盘组合净值!$K$5:$K$59<>""),实盘组合净值!$A$5:$A$59),-12))),1))-1,"") -> 0.020581167 | E15: 夏普比率 | G15: =(((LOOKUP(2,1/(实盘组合净值!$K$5:$K$59<>""),实盘组合净值!$K$5:$K$59)/1)^(说明!$C$17/MAX(COUNT(实盘组合净值!$L$5:$L$59),1))-1)-说明!$C$16)/IF((STDEV(实盘组合净值!$L$5:$L$59)*SQRT(说明!$C$17))=0,"",(STDEV(实盘组合净值!$L$5:$L$59)*SQRT(说明!$C$17))) -> 1.1530451
E16: 卡玛比率 | G16: =IFERROR(((LOOKUP(2,1/(实盘组合净值!$K$5:$K$59<>""),实盘组合净值!$K$5:$K$59)/1)^(说明!$C$17/MAX(COUNT(实盘组合净值!$L$5:$L$59),1))-1)/ABS(MIN(实盘组合净值!$M$5:$M$59)),"") -> 14.26026
B18: 产品运作情况 · 组合净值曲线
B35: 统计区间自2026/6/1起；运作初期样本少，年化类指标仅供参考。新增交易日后请同步扩展本图数据区。

Sheet 看板-10-90基石
B2: 样板间组合走势看板（10-90基石组合）
B3: ="买入持有 · 已扣年化费率 "&TEXT(实盘持仓配置!$Z$8,"0.0%")&"（折每日计入净值）" -> 买入持有 · 已扣年化费率 0.5%（折每日计入净值） | E3: ="净值日期："&TEXT(LOOKUP(2,1/(实盘组合净值!$N$5:$N$59<>""),实盘组合净值!$A$5:$A$59),"yyyy-mm-dd") -> 净值日期：2026-07-02
B5: 产品业绩表现（历史表现不代表未来收益承诺）
B6: 最新净值 | C6: 累计收益 | D6: 年化收益 | E6: 年化波动率 | F6: 最大回撤 | G6: 夏普比率
B7: =LOOKUP(2,1/(实盘组合净值!$N$5:$N$59<>""),实盘组合净值!$N$5:$N$59) -> 0.99997063 | C7: =(LOOKUP(2,1/(实盘组合净值!$N$5:$N$59<>""),实盘组合净值!$N$5:$N$59))/1-1 -> -2.9365364e-05 | D7: =(LOOKUP(2,1/(实盘组合净值!$N$5:$N$59<>""),实盘组合净值!$N$5:$N$59)/1)^(说明!$C$17/MAX(COUNT(实盘组合净值!$O$5:$O$59),1))-1 -> -0.00078930195 | E7: =STDEV(实盘组合净值!$O$5:$O$59)*SQRT(说明!$C$17) -> 0.033240446 | F7: =MIN(实盘组合净值!$P$5:$P$59) -> -0.0030701438 | G7: =(((LOOKUP(2,1/(实盘组合净值!$N$5:$N$59<>""),实盘组合净值!$N$5:$N$59)/1)^(说明!$C$17/MAX(COUNT(实盘组合净值!$O$5:$O$59),1))-1)-说明!$C$16)/IF((STDEV(实盘组合净值!$O$5:$O$59)*SQRT(说明!$C$17))=0,"",(STDEV(实盘组合净值!$O$5:$O$59)*SQRT(说明!$C$17))) -> -0.023745227
B9: 收益表现 | E9: 风险特征
B10: 区间 | C10: 累计收益 | D10: 年化收益 | E10: 指标 | G10: 数值
B11: 起始以来 | C11: =IFERROR((LOOKUP(2,1/(实盘组合净值!$N$5:$N$59<>""),实盘组合净值!$N$5:$N$59))/(1)-1,"") -> -2.9365364e-05 | D11: =IFERROR((LOOKUP(2,1/(实盘组合净值!$N$5:$N$59<>""),实盘组合净值!$N$5:$N$59)/(1))^(说明!$C$17/COUNT(实盘组合净值!$O$5:$O$59))-1,"") -> -0.00078930195 | E11: 最大回撤 | G11: =MIN(实盘组合净值!$P$5:$P$59) -> -0.0030701438
B12: 2026YTD | C12: =IFERROR((LOOKUP(2,1/(实盘组合净值!$N$5:$N$59<>""),实盘组合净值!$N$5:$N$59))/(IFERROR(LOOKUP(DATE(2026,1,1),实盘组合净值!$A$5:$A$59,实盘组合净值!$N$5:$N$59),1))-1,"") -> -2.9365364e-05 | D12: =IFERROR((LOOKUP(2,1/(实盘组合净值!$N$5:$N$59<>""),实盘组合净值!$N$5:$N$59)/(IFERROR(LOOKUP(DATE(2026,1,1),实盘组合净值!$A$5:$A$59,实盘组合净值!$N$5:$N$59),1)))^(说明!$C$17/MAX(COUNTIF(实盘组合净值!$A$5:$A$59,">="&(DATE(2026,1,1))),1))-1,"") -> -0.0007103998 | E12: 回撤修复天数(未创新高) | G12: =IFERROR((LOOKUP(2,1/(实盘组合净值!$N$5:$N$59<>""),ROW(实盘组合净值!$N$5:$N$59)))-(LOOKUP(2,1/(实盘组合净值!$P$5:$P$59=0),ROW(实盘组合净值!$P$5:$P$59))),"") -> 2
B13: 近3个月 | C13: =IFERROR((LOOKUP(2,1/(实盘组合净值!$N$5:$N$59<>""),实盘组合净值!$N$5:$N$59))/(IFERROR(LOOKUP(EDATE(LOOKUP(2,1/(实盘组合净值!$N$5:$N$59<>""),实盘组合净值!$A$5:$A$59),-3),实盘组合净值!$A$5:$A$59,实盘组合净值!$N$5:$N$59),1))-1,"") -> -2.9365364e-05 | D13: =IFERROR((LOOKUP(2,1/(实盘组合净值!$N$5:$N$59<>""),实盘组合净值!$N$5:$N$59)/(IFERROR(LOOKUP(EDATE(LOOKUP(2,1/(实盘组合净值!$N$5:$N$59<>""),实盘组合净值!$A$5:$A$59),-3),实盘组合净值!$A$5:$A$59,实盘组合净值!$N$5:$N$59),1)))^(说明!$C$17/MAX(COUNTIF(实盘组合净值!$A$5:$A$59,">="&(EDATE(LOOKUP(2,1/(实盘组合净值!$N$5:$N$59<>""),实盘组合净值!$A$5:$A$59),-3))),1))-1,"") -> -0.0007103998 | E13: 正收益占比 | G13: =COUNTIF(实盘组合净值!$O$5:$O$59,">0")/MAX(COUNT(实盘组合净值!$O$5:$O$59),1) -> 0.55555556
B14: 近6个月 | C14: =IFERROR((LOOKUP(2,1/(实盘组合净值!$N$5:$N$59<>""),实盘组合净值!$N$5:$N$59))/(IFERROR(LOOKUP(EDATE(LOOKUP(2,1/(实盘组合净值!$N$5:$N$59<>""),实盘组合净值!$A$5:$A$59),-6),实盘组合净值!$A$5:$A$59,实盘组合净值!$N$5:$N$59),1))-1,"") -> -2.9365364e-05 | D14: =IFERROR((LOOKUP(2,1/(实盘组合净值!$N$5:$N$59<>""),实盘组合净值!$N$5:$N$59)/(IFERROR(LOOKUP(EDATE(LOOKUP(2,1/(实盘组合净值!$N$5:$N$59<>""),实盘组合净值!$A$5:$A$59),-6),实盘组合净值!$A$5:$A$59,实盘组合净值!$N$5:$N$59),1)))^(说明!$C$17/MAX(COUNTIF(实盘组合净值!$A$5:$A$59,">="&(EDATE(LOOKUP(2,1/(实盘组合净值!$N$5:$N$59<>""),实盘组合净值!$A$5:$A$59),-6))),1))-1,"") -> -0.0007103998 | E14: 年化波动率 | G14: =STDEV(实盘组合净值!$O$5:$O$59)*SQRT(说明!$C$17) -> 0.033240446
B15: 近1年 | C15: =IFERROR((LOOKUP(2,1/(实盘组合净值!$N$5:$N$59<>""),实盘组合净值!$N$5:$N$59))/(IFERROR(LOOKUP(EDATE(LOOKUP(2,1/(实盘组合净值!$N$5:$N$59<>""),实盘组合净值!$A$5:$A$59),-12),实盘组合净值!$A$5:$A$59,实盘组合净值!$N$5:$N$59),1))-1,"") -> -2.9365364e-05 | D15: =IFERROR((LOOKUP(2,1/(实盘组合净值!$N$5:$N$59<>""),实盘组合净值!$N$5:$N$59)/(IFERROR(LOOKUP(EDATE(LOOKUP(2,1/(实盘组合净值!$N$5:$N$59<>""),实盘组合净值!$A$5:$A$59),-12),实盘组合净值!$A$5:$A$59,实盘组合净值!$N$5:$N$59),1)))^(说明!$C$17/MAX(COUNTIF(实盘组合净值!$A$5:$A$59,">="&(EDATE(LOOKUP(2,1/(实盘组合净值!$N$5:$N$59<>""),实盘组合净值!$A$5:$A$59),-12))),1))-1,"") -> -0.0007103998 | E15: 夏普比率 | G15: =(((LOOKUP(2,1/(实盘组合净值!$N$5:$N$59<>""),实盘组合净值!$N$5:$N$59)/1)^(说明!$C$17/MAX(COUNT(实盘组合净值!$O$5:$O$59),1))-1)-说明!$C$16)/IF((STDEV(实盘组合净值!$O$5:$O$59)*SQRT(说明!$C$17))=0,"",(STDEV(实盘组合净值!$O$5:$O$59)*SQRT(说明!$C$17))) -> -0.023745227
E16: 卡玛比率 | G16: =IFERROR(((LOOKUP(2,1/(实盘组合净值!$N$5:$N$59<>""),实盘组合净值!$N$5:$N$59)/1)^(说明!$C$17/MAX(COUNT(实盘组合净值!$O$5:$O$59),1))-1)/ABS(MIN(实盘组合净值!$P$5:$P$59)),"") -> -0.25708957
B18: 产品运作情况 · 组合净值曲线
B35: 统计区间自2026/6/1起；运作初期样本少，年化类指标仅供参考。新增交易日后请同步扩展本图数据区。

Sheet 看板-30-70
B2: 样板间组合走势看板（30-70组合）
B3: ="买入持有 · 已扣年化费率 "&TEXT(实盘持仓配置!$Z$9,"0.0%")&"（折每日计入净值）" -> 买入持有 · 已扣年化费率 1.2%（折每日计入净值） | E3: ="净值日期："&TEXT(LOOKUP(2,1/(实盘组合净值!$Q$5:$Q$59<>""),实盘组合净值!$A$5:$A$59),"yyyy-mm-dd") -> 净值日期：2026-07-02
B5: 产品业绩表现（历史表现不代表未来收益承诺）
B6: 最新净值 | C6: 累计收益 | D6: 年化收益 | E6: 年化波动率 | F6: 最大回撤 | G6: 夏普比率
B7: =LOOKUP(2,1/(实盘组合净值!$Q$5:$Q$59<>""),实盘组合净值!$Q$5:$Q$59) -> 1.0038823 | C7: =(LOOKUP(2,1/(实盘组合净值!$Q$5:$Q$59<>""),实盘组合净值!$Q$5:$Q$59))/1-1 -> 0.0038823431 | D7: =(LOOKUP(2,1/(实盘组合净值!$Q$5:$Q$59<>""),实盘组合净值!$Q$5:$Q$59)/1)^(说明!$C$17/MAX(COUNT(实盘组合净值!$R$5:$R$59),1))-1 -> 0.16915897 | E7: =STDEV(实盘组合净值!$R$5:$R$59)*SQRT(说明!$C$17) -> 0.087007018 | F7: =MIN(实盘组合净值!$S$5:$S$59) -> -0.0067383921 | G7: =(((LOOKUP(2,1/(实盘组合净值!$Q$5:$Q$59<>""),实盘组合净值!$Q$5:$Q$59)/1)^(说明!$C$17/MAX(COUNT(实盘组合净值!$R$5:$R$59),1))-1)-说明!$C$16)/IF((STDEV(实盘组合净值!$R$5:$R$59)*SQRT(说明!$C$17))=0,"",(STDEV(实盘组合净值!$R$5:$R$59)*SQRT(说明!$C$17))) -> 1.9441991
B9: 收益表现 | E9: 风险特征
B10: 区间 | C10: 累计收益 | D10: 年化收益 | E10: 指标 | G10: 数值
B11: 起始以来 | C11: =IFERROR((LOOKUP(2,1/(实盘组合净值!$Q$5:$Q$59<>""),实盘组合净值!$Q$5:$Q$59))/(1)-1,"") -> 0.0038823431 | D11: =IFERROR((LOOKUP(2,1/(实盘组合净值!$Q$5:$Q$59<>""),实盘组合净值!$Q$5:$Q$59)/(1))^(说明!$C$17/COUNT(实盘组合净值!$R$5:$R$59))-1,"") -> 0.16915897 | E11: 最大回撤 | G11: =MIN(实盘组合净值!$S$5:$S$59) -> -0.0067383921
B12: 2026YTD | C12: =IFERROR((LOOKUP(2,1/(实盘组合净值!$Q$5:$Q$59<>""),实盘组合净值!$Q$5:$Q$59))/(IFERROR(LOOKUP(DATE(2026,1,1),实盘组合净值!$A$5:$A$59,实盘组合净值!$Q$5:$Q$59),1))-1,"") -> 0.0038823431 | D12: =IFERROR((LOOKUP(2,1/(实盘组合净值!$Q$5:$Q$59<>""),实盘组合净值!$Q$5:$Q$59)/(IFERROR(LOOKUP(DATE(2026,1,1),实盘组合净值!$A$5:$A$59,实盘组合净值!$Q$5:$Q$59),1)))^(说明!$C$17/MAX(COUNTIF(实盘组合净值!$A$5:$A$59,">="&(DATE(2026,1,1))),1))-1,"") -> 0.09830798 | E12: 回撤修复天数(未创新高) | G12: =IFERROR((LOOKUP(2,1/(实盘组合净值!$Q$5:$Q$59<>""),ROW(实盘组合净值!$Q$5:$Q$59)))-(LOOKUP(2,1/(实盘组合净值!$S$5:$S$59=0),ROW(实盘组合净值!$S$5:$S$59))),"") -> 2
B13: 近3个月 | C13: =IFERROR((LOOKUP(2,1/(实盘组合净值!$Q$5:$Q$59<>""),实盘组合净值!$Q$5:$Q$59))/(IFERROR(LOOKUP(EDATE(LOOKUP(2,1/(实盘组合净值!$Q$5:$Q$59<>""),实盘组合净值!$A$5:$A$59),-3),实盘组合净值!$A$5:$A$59,实盘组合净值!$Q$5:$Q$59),1))-1,"") -> 0.0038823431 | D13: =IFERROR((LOOKUP(2,1/(实盘组合净值!$Q$5:$Q$59<>""),实盘组合净值!$Q$5:$Q$59)/(IFERROR(LOOKUP(EDATE(LOOKUP(2,1/(实盘组合净值!$Q$5:$Q$59<>""),实盘组合净值!$A$5:$A$59),-3),实盘组合净值!$A$5:$A$59,实盘组合净值!$Q$5:$Q$59),1)))^(说明!$C$17/MAX(COUNTIF(实盘组合净值!$A$5:$A$59,">="&(EDATE(LOOKUP(2,1/(实盘组合净值!$Q$5:$Q$59<>""),实盘组合净值!$A$5:$A$59),-3))),1))-1,"") -> 0.09830798 | E13: 正收益占比 | G13: =COUNTIF(实盘组合净值!$R$5:$R$59,">0")/MAX(COUNT(实盘组合净值!$R$5:$R$59),1) -> 0.5
B14: 近6个月 | C14: =IFERROR((LOOKUP(2,1/(实盘组合净值!$Q$5:$Q$59<>""),实盘组合净值!$Q$5:$Q$59))/(IFERROR(LOOKUP(EDATE(LOOKUP(2,1/(实盘组合净值!$Q$5:$Q$59<>""),实盘组合净值!$A$5:$A$59),-6),实盘组合净值!$A$5:$A$59,实盘组合净值!$Q$5:$Q$59),1))-1,"") -> 0.0038823431 | D14: =IFERROR((LOOKUP(2,1/(实盘组合净值!$Q$5:$Q$59<>""),实盘组合净值!$Q$5:$Q$59)/(IFERROR(LOOKUP(EDATE(LOOKUP(2,1/(实盘组合净值!$Q$5:$Q$59<>""),实盘组合净值!$A$5:$A$59),-6),实盘组合净值!$A$5:$A$59,实盘组合净值!$Q$5:$Q$59),1)))^(说明!$C$17/MAX(COUNTIF(实盘组合净值!$A$5:$A$59,">="&(EDATE(LOOKUP(2,1/(实盘组合净值!$Q$5:$Q$59<>""),实盘组合净值!$A$5:$A$59),-6))),1))-1,"") -> 0.09830798 | E14: 年化波动率 | G14: =STDEV(实盘组合净值!$R$5:$R$59)*SQRT(说明!$C$17) -> 0.087007018
B15: 近1年 | C15: =IFERROR((LOOKUP(2,1/(实盘组合净值!$Q$5:$Q$59<>""),实盘组合净值!$Q$5:$Q$59))/(IFERROR(LOOKUP(EDATE(LOOKUP(2,1/(实盘组合净值!$Q$5:$Q$59<>""),实盘组合净值!$A$5:$A$59),-12),实盘组合净值!$A$5:$A$59,实盘组合净值!$Q$5:$Q$59),1))-1,"") -> 0.0038823431 | D15: =IFERROR((LOOKUP(2,1/(实盘组合净值!$Q$5:$Q$59<>""),实盘组合净值!$Q$5:$Q$59)/(IFERROR(LOOKUP(EDATE(LOOKUP(2,1/(实盘组合净值!$Q$5:$Q$59<>""),实盘组合净值!$A$5:$A$59),-12),实盘组合净值!$A$5:$A$59,实盘组合净值!$Q$5:$Q$59),1)))^(说明!$C$17/MAX(COUNTIF(实盘组合净值!$A$5:$A$59,">="&(EDATE(LOOKUP(2,1/(实盘组合净值!$Q$5:$Q$59<>""),实盘组合净值!$A$5:$A$59),-12))),1))-1,"") -> 0.09830798 | E15: 夏普比率 | G15: =(((LOOKUP(2,1/(实盘组合净值!$Q$5:$Q$59<>""),实盘组合净值!$Q$5:$Q$59)/1)^(说明!$C$17/MAX(COUNT(实盘组合净值!$R$5:$R$59),1))-1)-说明!$C$16)/IF((STDEV(实盘组合净值!$R$5:$R$59)*SQRT(说明!$C$17))=0,"",(STDEV(实盘组合净值!$R$5:$R$59)*SQRT(说明!$C$17))) -> 1.9441991
E16: 卡玛比率 | G16: =IFERROR(((LOOKUP(2,1/(实盘组合净值!$Q$5:$Q$59<>""),实盘组合净值!$Q$5:$Q$59)/1)^(说明!$C$17/MAX(COUNT(实盘组合净值!$R$5:$R$59),1))-1)/ABS(MIN(实盘组合净值!$S$5:$S$59)),"") -> 25.103758
B18: 产品运作情况 · 组合净值曲线
B35: 统计区间自2026/6/1起；运作初期样本少，年化类指标仅供参考。新增交易日后请同步扩展本图数据区。

Sheet 说明
B2: 样板间投顾组合 · 净值监控模板
B3: 运作起始日（实盘）：产业趋势基石/10-90基石 2026/6/18 · 产业趋势 6/22 · 产业趋势2号 6/23 · 10-90/30-70 6/24 ｜ 净值口径：复权单位净值(iFinD) ｜ 买入持有(权重漂移)，各组合自其起始日净值=1
B5: 一、模板结构
B6: 持仓配置 | C6: 实盘6组合(产业趋势/产业趋势基石/产业趋势2号/10-90/10-90基石/30-70)成份基金、代码、初始权重、年化费率、净值起始日，可直接编辑。
B7: 净值数据(iFinD公式) | C7: 同花顺公式拉取复权单位净值
B8: 组合净值 | C8: 按买入持有逐日计算四组合净值、日收益与回撤；净值已按年化费率折每日扣费(扣费后口径)。
B9: 看板-10/20/30/增值 | C9: 6个组合各一页：业绩KPI＋收益表现＋风险特征＋净值曲线。
B11: 二、使用说明
B12: 每日更新 | C12: 在『净值数据』『组合净值』底部按日期顺序新增一行(公式可下拉)，看板自动刷新。
B13: iFinD指标 | C13: 复权净值指标代码集中在『净值数据』B2，与本地版本不符时只改此处。
B14: 买入持有口径 | C14: 起始日按初始权重买入后持有，权重随涨跌漂移；组合起始净值=1.0000。
B15: 扣费方式 | C15: 各组合年化费率见『实盘持仓配置』Z列；按 净值×(1-费率)^(已运作交易日数/年化交易日数) 折每日计入，看板均为扣费后口径。
B16: 参数：无风险利率(年化) | C16: 0
B17: 参数：年化交易日数 | C17: 242
B18: 净值曲线 | C18: 净值曲线改用日期轴+直接区域引用，横轴自起始日起、自动延伸到最新交易日，无需手改图表数据区。
B19: 数据来源：同花顺 iFinD(复权单位净值)

Sheet 持仓权重预警
A1: 三个产业趋势组合 · 动态持仓权重监控（单只权重超过20%自动标红预警） | F1: 末行序号(自动) | G1: =COUNT('实盘净值数据(iFinD公式)'!$B$5:$B$60) -> 10
A2: 截止净值日期： | B2: =INDEX('实盘净值数据(iFinD公式)'!$A$5:$A$60,$G$1) -> 46205 | F2: 产业趋势毛净值 | G2: =SUMPRODUCT(实盘持仓配置!$B$4:$X$4,INDEX('实盘净值数据(iFinD公式)'!$B$5:$X$60,$G$1,0)/'实盘净值数据(iFinD公式)'!$B$6:$X$6) -> 1.0420556
F3: 基石毛净值 | G3: =SUMPRODUCT(实盘持仓配置!$B$5:$X$5,INDEX('实盘净值数据(iFinD公式)'!$B$5:$X$60,$G$1,0)/'实盘净值数据(iFinD公式)'!$B$5:$X$5) -> 1.0662127
F4: 2号毛净值 | G4: =SUMPRODUCT(实盘持仓配置!$B$6:$X$6,INDEX('实盘净值数据(iFinD公式)'!$B$5:$X$60,$G$1,0)/'实盘净值数据(iFinD公式)'!$B$7:$X$7) -> 1.0839765
A5: 基金简称 | B5: 基金代码 | C5: 初始权重 | D5: 动态权重(截止前一交易日)
A6: 国泰半导体ETF联接A | B6: 019632.OF | C6: =实盘持仓配置!T$4 -> 0.11 | D6: =实盘持仓配置!T$4*INDEX('实盘净值数据(iFinD公式)'!T$5:T$60,$G$1)/'实盘净值数据(iFinD公式)'!T$6/$G$2 -> 0.13144788
A7: 国泰通信ETF联接A | B7: 007817.OF | C7: =实盘持仓配置!G$4 -> 0.11 | D7: =实盘持仓配置!G$4*INDEX('实盘净值数据(iFinD公式)'!G$5:G$60,$G$1)/'实盘净值数据(iFinD公式)'!G$6/$G$2 -> 0.098496508
A8: 宏利复兴混合A | B8: 001170.OF | C8: =实盘持仓配置!D$4 -> 0.19 | D8: =实盘持仓配置!D$4*INDEX('实盘净值数据(iFinD公式)'!D$5:D$60,$G$1)/'实盘净值数据(iFinD公式)'!D$6/$G$2 -> 0.1682907
A9: 嘉实信息产业A | B9: 017488.OF | C9: =实盘持仓配置!Q$4 -> 0.19 | D9: =实盘持仓配置!Q$4*INDEX('实盘净值数据(iFinD公式)'!Q$5:Q$60,$G$1)/'实盘净值数据(iFinD公式)'!Q$6/$G$2 -> 0.1763092
A10: 信澳业绩驱动A | B10: 016370.OF | C10: =实盘持仓配置!P$4 -> 0.19 | D10: =实盘持仓配置!P$4*INDEX('实盘净值数据(iFinD公式)'!P$5:P$60,$G$1)/'实盘净值数据(iFinD公式)'!P$6/$G$2 -> 0.17098885
A11: 银华集成电路混合A | B11: 013840.OF | C11: =实盘持仓配置!J$4 -> 0.19 | D11: =实盘持仓配置!J$4*INDEX('实盘净值数据(iFinD公式)'!J$5:J$60,$G$1)/'实盘净值数据(iFinD公式)'!J$6/$G$2 -> 0.23526795
A12: 嘉实快线货币A | B12: 000917.OF | C12: =实盘持仓配置!C$4 -> 0.02 | D12: =实盘持仓配置!C$4*INDEX('实盘净值数据(iFinD公式)'!C$5:C$60,$G$1)/'实盘净值数据(iFinD公式)'!C$6/$G$2 -> 0.019198898
A13: 合计 | C13: =SUM(C6:C12) -> 1 | D13: =SUM(D6:D12) -> 1
A15: 产业趋势基石组合（起始日 2026-06-18）
A16: 基金简称 | B16: 基金代码 | C16: 初始权重 | D16: 动态权重(截止前一交易日)
A17: 国泰半导体ETF联接A | B17: 019632.OF | C17: =实盘持仓配置!T$5 -> 0.11 | D17: =实盘持仓配置!T$5*INDEX('实盘净值数据(iFinD公式)'!T$5:T$60,$G$1)/'实盘净值数据(iFinD公式)'!T$5/$G$3 -> 0.13205951
A18: 国泰通信ETF联接A | B18: 007817.OF | C18: =实盘持仓配置!G$5 -> 0.11 | D18: =实盘持仓配置!G$5*INDEX('实盘净值数据(iFinD公式)'!G$5:G$60,$G$1)/'实盘净值数据(iFinD公式)'!G$5/$G$3 -> 0.097884774
A19: 宏利复兴混合A | B19: 001170.OF | C19: =实盘持仓配置!D$5 -> 0.19 | D19: =实盘持仓配置!D$5*INDEX('实盘净值数据(iFinD公式)'!D$5:D$60,$G$1)/'实盘净值数据(iFinD公式)'!D$5/$G$3 -> 0.16982288
A20: 嘉实信息产业A | B20: 017488.OF | C20: =实盘持仓配置!Q$5 -> 0.19 | D20: =实盘持仓配置!Q$5*INDEX('实盘净值数据(iFinD公式)'!Q$5:Q$60,$G$1)/'实盘净值数据(iFinD公式)'!Q$5/$G$3 -> 0.17708364
A21: 信澳业绩驱动A | B21: 016370.OF | C21: =实盘持仓配置!P$5 -> 0.19 | D21: =实盘持仓配置!P$5*INDEX('实盘净值数据(iFinD公式)'!P$5:P$60,$G$1)/'实盘净值数据(iFinD公式)'!P$5/$G$3 -> 0.17083333
A22: 银华集成电路混合A | B22: 013840.OF | C22: =实盘持仓配置!J$5 -> 0.19 | D22: =实盘持仓配置!J$5*INDEX('实盘净值数据(iFinD公式)'!J$5:J$60,$G$1)/'实盘净值数据(iFinD公式)'!J$5/$G$3 -> 0.23354937
A23: 嘉实快线货币A | B23: 000917.OF | C23: =实盘持仓配置!C$5 -> 0.02 | D23: =实盘持仓配置!C$5*INDEX('实盘净值数据(iFinD公式)'!C$5:C$60,$G$1)/'实盘净值数据(iFinD公式)'!C$5/$G$3 -> 0.018766501
A24: 合计 | C24: =SUM(C17:C23) -> 1 | D24: =SUM(D17:D23) -> 1
A26: 产业趋势2号组合（起始日 2026-06-23）
A27: 基金简称 | B27: 基金代码 | C27: 初始权重 | D27: 动态权重(截止前一交易日)
A28: 国泰半导体C | B28: 019633.OF | C28: =实盘持仓配置!U$6 -> 0.11 | D28: =实盘持仓配置!U$6*INDEX('实盘净值数据(iFinD公式)'!U$5:U$60,$G$1)/'实盘净值数据(iFinD公式)'!U$7/$G$4 -> 0.12639407
A29: 国泰通信设备C | B29: 007818.OF | C29: =实盘持仓配置!H$6 -> 0.11 | D29: =实盘持仓配置!H$6*INDEX('实盘净值数据(iFinD公式)'!H$5:H$60,$G$1)/'实盘净值数据(iFinD公式)'!H$7/$G$4 -> 0.097455906
A30: 宏利复兴伟业C | B30: 017612.OF | C30: =实盘持仓配置!S$6 -> 0.19 | D30: =实盘持仓配置!S$6*INDEX('实盘净值数据(iFinD公式)'!S$5:S$60,$G$1)/'实盘净值数据(iFinD公式)'!S$7/$G$4 -> 0.16887181
A31: 嘉实信息产业C | B31: 017489.OF | C31: =实盘持仓配置!R$6 -> 0.19 | D31: =实盘持仓配置!R$6*INDEX('实盘净值数据(iFinD公式)'!R$5:R$60,$G$1)/'实盘净值数据(iFinD公式)'!R$7/$G$4 -> 0.17350819
A32: 嘉实前沿科技创新 | B32: 009993.OF | C32: =实盘持仓配置!I$6 -> 0.19 | D32: =实盘持仓配置!I$6*INDEX('实盘净值数据(iFinD公式)'!I$5:I$60,$G$1)/'实盘净值数据(iFinD公式)'!I$7/$G$4 -> 0.1908053
A33: 银华集成电路混合C | B33: 013841.OF | C33: =实盘持仓配置!K$6 -> 0.19 | D33: =实盘持仓配置!K$6*INDEX('实盘净值数据(iFinD公式)'!K$5:K$60,$G$1)/'实盘净值数据(iFinD公式)'!K$7/$G$4 -> 0.22450903
A34: 嘉实快线货币A | B34: 000917.OF | C34: =实盘持仓配置!C$6 -> 0.02 | D34: =实盘持仓配置!C$6*INDEX('实盘净值数据(iFinD公式)'!C$5:C$60,$G$1)/'实盘净值数据(iFinD公式)'!C$7/$G$4 -> 0.018455683
A35: 合计 | C35: =SUM(C28:C34) -> 1 | D35: =SUM(D28:D34) -> 1
