Workbook

Sheet 实盘持仓配置
A1: 持仓配置（实盘·初始权重）
A2: 基金简称 | B2: 华安黄金ETF联接A | C2: 嘉实快线货币A | D2: 宏利复兴混合A | E2: 博道沪深300增强A | F2: 博道沪深300指增C | G2: 国泰通信设备ETF联接A | H2: 国泰通信设备C | I2: 嘉实前沿科技创新 | J2: 银华集成电路混合A | K2: 银华集成电路混合C | L2: 天弘中证1000指增A | M2: 天弘中证1000指增C | N2: 中欧中证500指增A | O2: 中欧中证500指增C | P2: 信澳业绩驱动A | Q2: 嘉实信息产业A | R2: 嘉实信息产业C | S2: 宏利复兴伟业C | T2: 国泰半导体材料设备ETF联接A | U2: 国泰半导体材料设备C | V2: 华泰柏瑞中证2000指增A | W2: 华泰柏瑞中证2000指增C | X2: 易方达中债新综指LOFA | Y2: 合计 | Z2: 年化费率 | AA2: 净值起始日
A3: 基金代码 | B3: 000216.OF | C3: 000917.OF | D3: 001170.OF | E3: 007044.OF | F3: 007045.OF | G3: 007817.OF | H3: 007818.OF | I3: 009993.OF | J3: 013840.OF | K3: 013841.OF | L3: 014201.OF | M3: 014202.OF | N3: 015453.OF | O3: 015454.OF | P3: 016370.OF | Q3: 017488.OF | R3: 017489.OF | S3: 017612.OF | T3: 019632.OF | U3: 019633.OF | V3: 019923.OF | W3: 019924.OF | X3: 161119.OF
A4: 产业趋势 权重 | B4: 0 | C4: 0.02 | D4: 0.19 | E4: 0 | F4: 0 | G4: 0.11 | H4: 0 | I4: 0 | J4: 0.19 | K4: 0 | L4: 0 | M4: 0 | N4: 0 | O4: 0 | P4: 0.19 | Q4: 0.19 | R4: 0 | S4: 0 | T4: 0.11 | U4: 0 | V4: 0 | W4: 0 | X4: 0 | Y4: =SUM(B4:X4) | Z4: 0.015 | AA4: 46195
A5: 产业趋势基石 权重 | B5: 0 | C5: 0.02 | D5: 0.19 | E5: 0 | F5: 0 | G5: 0.11 | H5: 0 | I5: 0 | J5: 0.19 | K5: 0 | L5: 0 | M5: 0 | N5: 0 | O5: 0 | P5: 0.19 | Q5: 0.19 | R5: 0 | S5: 0 | T5: 0.11 | U5: 0 | V5: 0 | W5: 0 | X5: 0 | Y5: =SUM(B5:X5) | Z5: 0.012 | AA5: 46191
A6: 产业趋势2号 权重 | B6: 0 | C6: 0.02 | D6: 0 | E6: 0 | F6: 0 | G6: 0 | H6: 0.11 | I6: 0.19 | J6: 0 | K6: 0.19 | L6: 0 | M6: 0 | N6: 0 | O6: 0 | P6: 0 | Q6: 0 | R6: 0.19 | S6: 0.19 | T6: 0 | U6: 0.11 | V6: 0 | W6: 0 | X6: 0 | Y6: =SUM(B6:X6) | Z6: 0.015 | AA6: 46196
A7: 10-90 权重 | B7: 0.05 | C7: 0.02 | D7: 0 | E7: 0 | F7: 0.0125 | G7: 0 | H7: 0.005 | I7: 0.01 | J7: 0 | K7: 0.01 | L7: 0 | M7: 0.0125 | N7: 0 | O7: 0.0125 | P7: 0 | Q7: 0 | R7: 0.01 | S7: 0.01 | T7: 0 | U7: 0.005 | V7: 0 | W7: 0.0125 | X7: 0.83 | Y7: =SUM(B7:X7) | Z7: 0.008 | AA7: 46197
A8: 10-90基石 权重 | B8: 0.05 | C8: 0.02 | D8: 0.01 | E8: 0.0125 | F8: 0 | G8: 0.005 | H8: 0 | I8: 0 | J8: 0.01 | K8: 0 | L8: 0.0125 | M8: 0 | N8: 0.0125 | O8: 0 | P8: 0.01 | Q8: 0.01 | R8: 0 | S8: 0 | T8: 0.005 | U8: 0 | V8: 0.0125 | W8: 0 | X8: 0.83 | Y8: =SUM(B8:X8) | Z8: 0.005 | AA8: 46191
A9: 30-70 权重 | B9: 0.1 | C9: 0.02 | D9: 0 | E9: 0 | F9: 0.0375 | G9: 0 | H9: 0.015 | I9: 0.03 | J9: 0 | K9: 0.03 | L9: 0 | M9: 0.0375 | N9: 0 | O9: 0.0375 | P9: 0 | Q9: 0 | R9: 0.03 | S9: 0.03 | T9: 0 | U9: 0.015 | V9: 0 | W9: 0.0375 | X9: 0.58 | Y9: =SUM(B9:X9) | Z9: 0.012 | AA9: 46197
A11: 权重蓝色输入；Z列为各组合年化费率、AA列为各组合净值起始日(当日净值=1)。新增交易日下拉填充，下游净值与看板自动重算。

Sheet 实盘净值数据(iFinD公式)
A1: 净值数据 * 实盘
A2: =TODAY()
A3: 基金代码→ | B3: =实盘持仓配置!B3 | C3: =实盘持仓配置!C3 | D3: =实盘持仓配置!D3 | E3: =实盘持仓配置!E3 | F3: =实盘持仓配置!F3 | G3: =实盘持仓配置!G3 | H3: =实盘持仓配置!H3 | I3: =实盘持仓配置!I3 | ... X3: =实盘持仓配置!X3 | Y3: 162214.OF
A4: =[1]!HX_AutoDate(1,"2026-06-18",A2,-1,-1,0,0,0,0,0,"SSE",10,0) | B4: 华安黄金ETF联接A | C4: 嘉实快线货币A | D4: 宏利复兴混合A | E4: 博道沪深300增强A | F4: 博道沪深300指增C | G4: 国泰通信设备ETF联接A | H4: 国泰通信设备C | I4: 嘉实前沿科技创新 | J4: 银华集成电路混合A | K4: 银华集成电路混合C | L4: 天弘中证1000指增A | M4: 天弘中证1000指增C | N4: 中欧中证500指增A | O4: 中欧中证500指增C | P4: 信澳业绩驱动A | Q4: 嘉实信息产业A | R4: 嘉实信息产业C | S4: 宏利复兴伟业C | T4: 国泰半导体材料设备ETF联接A | U4: 国泰半导体材料设备C | V4: 华泰柏瑞中证2000指增A | W4: 华泰柏瑞中证2000指增C | X4: 易方达中债新综指LOFA | Y4: 宏利领先中小盘混合
A5: 46191 | B5: =IF($A5="","",[1]!thsiFinD("ths_adjustment_nv_fund",B$3,$A5)) | C5: =IF($A5="","",[1]!thsiFinD("ths_adjustment_nv_fund",C$3,$A5)) | D5: =IF($A5="","",[1]!thsiFinD("ths_adjustment_nv_fund",D$3,$A5)) | E5: =IF($A5="","",[1]!thsiFinD("ths_adjustment_nv_fund",E$3,$A5)) | F5: =IF($A5="","",[1]!thsiFinD("ths_adjustment_nv_fund",F$3,$A5)) | G5: =IF($A5="","",[1]!thsiFinD("ths_adjustment_nv_fund",G$3,$A5)) | H5: =IF($A5="","",[1]!thsiFinD("ths_adjustment_nv_fund",H$3,$A5)) | I5: =IF($A5="","",[1]!thsiFinD("ths_adjustment_nv_fund",I$3,$A5)) | ... Y5: =IF($A5="","",[1]!thsiFinD("ths_adjustment_nv_fund",Y$3,$A5))
A6: 46195 | B6: =IF($A6="","",[1]!thsiFinD("ths_adjustment_nv_fund",B$3,$A6)) | C6: =IF($A6="","",[1]!thsiFinD("ths_adjustment_nv_fund",C$3,$A6)) | D6: =IF($A6="","",[1]!thsiFinD("ths_adjustment_nv_fund",D$3,$A6)) | E6: =IF($A6="","",[1]!thsiFinD("ths_adjustment_nv_fund",E$3,$A6)) | F6: =IF($A6="","",[1]!thsiFinD("ths_adjustment_nv_fund",F$3,$A6)) | G6: =IF($A6="","",[1]!thsiFinD("ths_adjustment_nv_fund",G$3,$A6)) | H6: =IF($A6="","",[1]!thsiFinD("ths_adjustment_nv_fund",H$3,$A6)) | I6: =IF($A6="","",[1]!thsiFinD("ths_adjustment_nv_fund",I$3,$A6)) | ... Y6: =IF($A6="","",[1]!thsiFinD("ths_adjustment_nv_fund",Y$3,$A6))
A7: 46196 | B7: =IF($A7="","",[1]!thsiFinD("ths_adjustment_nv_fund",B$3,$A7)) | C7: =IF($A7="","",[1]!thsiFinD("ths_adjustment_nv_fund",C$3,$A7)) | D7: =IF($A7="","",[1]!thsiFinD("ths_adjustment_nv_fund",D$3,$A7)) | E7: =IF($A7="","",[1]!thsiFinD("ths_adjustment_nv_fund",E$3,$A7)) | F7: =IF($A7="","",[1]!thsiFinD("ths_adjustment_nv_fund",F$3,$A7)) | G7: =IF($A7="","",[1]!thsiFinD("ths_adjustment_nv_fund",G$3,$A7)) | H7: =IF($A7="","",[1]!thsiFinD("ths_adjustment_nv_fund",H$3,$A7)) | I7: =IF($A7="","",[1]!thsiFinD("ths_adjustment_nv_fund",I$3,$A7)) | ... Y7: =IF($A7="","",[1]!thsiFinD("ths_adjustment_nv_fund",Y$3,$A7))
A8: 46197 | B8: =IF($A8="","",[1]!thsiFinD("ths_adjustment_nv_fund",B$3,$A8)) | C8: =IF($A8="","",[1]!thsiFinD("ths_adjustment_nv_fund",C$3,$A8)) | D8: =IF($A8="","",[1]!thsiFinD("ths_adjustment_nv_fund",D$3,$A8)) | E8: =IF($A8="","",[1]!thsiFinD("ths_adjustment_nv_fund",E$3,$A8)) | F8: =IF($A8="","",[1]!thsiFinD("ths_adjustment_nv_fund",F$3,$A8)) | G8: =IF($A8="","",[1]!thsiFinD("ths_adjustment_nv_fund",G$3,$A8)) | H8: =IF($A8="","",[1]!thsiFinD("ths_adjustment_nv_fund",H$3,$A8)) | I8: =IF($A8="","",[1]!thsiFinD("ths_adjustment_nv_fund",I$3,$A8)) | ... Y8: =IF($A8="","",[1]!thsiFinD("ths_adjustment_nv_fund",Y$3,$A8))
A9: 46198 | B9: =IF($A9="","",[1]!thsiFinD("ths_adjustment_nv_fund",B$3,$A9)) | C9: =IF($A9="","",[1]!thsiFinD("ths_adjustment_nv_fund",C$3,$A9)) | D9: =IF($A9="","",[1]!thsiFinD("ths_adjustment_nv_fund",D$3,$A9)) | E9: =IF($A9="","",[1]!thsiFinD("ths_adjustment_nv_fund",E$3,$A9)) | F9: =IF($A9="","",[1]!thsiFinD("ths_adjustment_nv_fund",F$3,$A9)) | G9: =IF($A9="","",[1]!thsiFinD("ths_adjustment_nv_fund",G$3,$A9)) | H9: =IF($A9="","",[1]!thsiFinD("ths_adjustment_nv_fund",H$3,$A9)) | I9: =IF($A9="","",[1]!thsiFinD("ths_adjustment_nv_fund",I$3,$A9)) | ... Y9: =IF($A9="","",[1]!thsiFinD("ths_adjustment_nv_fund",Y$3,$A9))
A10: 46199 | B10: =IF($A10="","",[1]!thsiFinD("ths_adjustment_nv_fund",B$3,$A10)) | C10: =IF($A10="","",[1]!thsiFinD("ths_adjustment_nv_fund",C$3,$A10)) | D10: =IF($A10="","",[1]!thsiFinD("ths_adjustment_nv_fund",D$3,$A10)) | E10: =IF($A10="","",[1]!thsiFinD("ths_adjustment_nv_fund",E$3,$A10)) | F10: =IF($A10="","",[1]!thsiFinD("ths_adjustment_nv_fund",F$3,$A10)) | G10: =IF($A10="","",[1]!thsiFinD("ths_adjustment_nv_fund",G$3,$A10)) | H10: =IF($A10="","",[1]!thsiFinD("ths_adjustment_nv_fund",H$3,$A10)) | I10: =IF($A10="","",[1]!thsiFinD("ths_adjustment_nv_fund",I$3,$A10)) | ... Y10: =IF($A10="","",[1]!thsiFinD("ths_adjustment_nv_fund",Y$3,$A10))
A11: 46202 | B11: =IF($A11="","",[1]!thsiFinD("ths_adjustment_nv_fund",B$3,$A11)) | C11: =IF($A11="","",[1]!thsiFinD("ths_adjustment_nv_fund",C$3,$A11)) | D11: =IF($A11="","",[1]!thsiFinD("ths_adjustment_nv_fund",D$3,$A11)) | E11: =IF($A11="","",[1]!thsiFinD("ths_adjustment_nv_fund",E$3,$A11)) | F11: =IF($A11="","",[1]!thsiFinD("ths_adjustment_nv_fund",F$3,$A11)) | G11: =IF($A11="","",[1]!thsiFinD("ths_adjustment_nv_fund",G$3,$A11)) | H11: =IF($A11="","",[1]!thsiFinD("ths_adjustment_nv_fund",H$3,$A11)) | I11: =IF($A11="","",[1]!thsiFinD("ths_adjustment_nv_fund",I$3,$A11)) | ... Y11: =IF($A11="","",[1]!thsiFinD("ths_adjustment_nv_fund",Y$3,$A11))
A12: 46203 | B12: =IF($A12="","",[1]!thsiFinD("ths_adjustment_nv_fund",B$3,$A12)) | C12: =IF($A12="","",[1]!thsiFinD("ths_adjustment_nv_fund",C$3,$A12)) | D12: =IF($A12="","",[1]!thsiFinD("ths_adjustment_nv_fund",D$3,$A12)) | E12: =IF($A12="","",[1]!thsiFinD("ths_adjustment_nv_fund",E$3,$A12)) | F12: =IF($A12="","",[1]!thsiFinD("ths_adjustment_nv_fund",F$3,$A12)) | G12: =IF($A12="","",[1]!thsiFinD("ths_adjustment_nv_fund",G$3,$A12)) | H12: =IF($A12="","",[1]!thsiFinD("ths_adjustment_nv_fund",H$3,$A12)) | I12: =IF($A12="","",[1]!thsiFinD("ths_adjustment_nv_fund",I$3,$A12)) | ... Y12: =IF($A12="","",[1]!thsiFinD("ths_adjustment_nv_fund",Y$3,$A12))
A13: 46204 | B13: =IF($A13="","",[1]!thsiFinD("ths_adjustment_nv_fund",B$3,$A13)) | C13: =IF($A13="","",[1]!thsiFinD("ths_adjustment_nv_fund",C$3,$A13)) | D13: =IF($A13="","",[1]!thsiFinD("ths_adjustment_nv_fund",D$3,$A13)) | E13: =IF($A13="","",[1]!thsiFinD("ths_adjustment_nv_fund",E$3,$A13)) | F13: =IF($A13="","",[1]!thsiFinD("ths_adjustment_nv_fund",F$3,$A13)) | G13: =IF($A13="","",[1]!thsiFinD("ths_adjustment_nv_fund",G$3,$A13)) | H13: =IF($A13="","",[1]!thsiFinD("ths_adjustment_nv_fund",H$3,$A13)) | I13: =IF($A13="","",[1]!thsiFinD("ths_adjustment_nv_fund",I$3,$A13)) | ... Y13: =IF($A13="","",[1]!thsiFinD("ths_adjustment_nv_fund",Y$3,$A13))
A14: 46205 | B14: =IF($A14="","",[1]!thsiFinD("ths_adjustment_nv_fund",B$3,$A14)) | C14: =IF($A14="","",[1]!thsiFinD("ths_adjustment_nv_fund",C$3,$A14)) | D14: =IF($A14="","",[1]!thsiFinD("ths_adjustment_nv_fund",D$3,$A14)) | E14: =IF($A14="","",[1]!thsiFinD("ths_adjustment_nv_fund",E$3,$A14)) | F14: =IF($A14="","",[1]!thsiFinD("ths_adjustment_nv_fund",F$3,$A14)) | G14: =IF($A14="","",[1]!thsiFinD("ths_adjustment_nv_fund",G$3,$A14)) | H14: =IF($A14="","",[1]!thsiFinD("ths_adjustment_nv_fund",H$3,$A14)) | I14: =IF($A14="","",[1]!thsiFinD("ths_adjustment_nv_fund",I$3,$A14)) | ... Y14: =IF($A14="","",[1]!thsiFinD("ths_adjustment_nv_fund",Y$3,$A14))
B15: =IF($A15="","",[1]!thsiFinD("ths_adjustment_nv_fund",B$3,$A15)) | C15: =IF($A15="","",[1]!thsiFinD("ths_adjustment_nv_fund",C$3,$A15)) | D15: =IF($A15="","",[1]!thsiFinD("ths_adjustment_nv_fund",D$3,$A15)) | E15: =IF($A15="","",[1]!thsiFinD("ths_adjustment_nv_fund",E$3,$A15)) | F15: =IF($A15="","",[1]!thsiFinD("ths_adjustment_nv_fund",F$3,$A15)) | G15: =IF($A15="","",[1]!thsiFinD("ths_adjustment_nv_fund",G$3,$A15)) | H15: =IF($A15="","",[1]!thsiFinD("ths_adjustment_nv_fund",H$3,$A15)) | I15: =IF($A15="","",[1]!thsiFinD("ths_adjustment_nv_fund",I$3,$A15)) | ... Y15: =IF($A15="","",[1]!thsiFinD("ths_adjustment_nv_fund",Y$3,$A15))
B16: =IF($A16="","",[1]!thsiFinD("ths_adjustment_nv_fund",B$3,$A16)) | C16: =IF($A16="","",[1]!thsiFinD("ths_adjustment_nv_fund",C$3,$A16)) | D16: =IF($A16="","",[1]!thsiFinD("ths_adjustment_nv_fund",D$3,$A16)) | E16: =IF($A16="","",[1]!thsiFinD("ths_adjustment_nv_fund",E$3,$A16)) | F16: =IF($A16="","",[1]!thsiFinD("ths_adjustment_nv_fund",F$3,$A16)) | G16: =IF($A16="","",[1]!thsiFinD("ths_adjustment_nv_fund",G$3,$A16)) | H16: =IF($A16="","",[1]!thsiFinD("ths_adjustment_nv_fund",H$3,$A16)) | I16: =IF($A16="","",[1]!thsiFinD("ths_adjustment_nv_fund",I$3,$A16)) | ... Y16: =IF($A16="","",[1]!thsiFinD("ths_adjustment_nv_fund",Y$3,$A16))
B17: =IF($A17="","",[1]!thsiFinD("ths_adjustment_nv_fund",B$3,$A17)) | C17: =IF($A17="","",[1]!thsiFinD("ths_adjustment_nv_fund",C$3,$A17)) | D17: =IF($A17="","",[1]!thsiFinD("ths_adjustment_nv_fund",D$3,$A17)) | E17: =IF($A17="","",[1]!thsiFinD("ths_adjustment_nv_fund",E$3,$A17)) | F17: =IF($A17="","",[1]!thsiFinD("ths_adjustment_nv_fund",F$3,$A17)) | G17: =IF($A17="","",[1]!thsiFinD("ths_adjustment_nv_fund",G$3,$A17)) | H17: =IF($A17="","",[1]!thsiFinD("ths_adjustment_nv_fund",H$3,$A17)) | I17: =IF($A17="","",[1]!thsiFinD("ths_adjustment_nv_fund",I$3,$A17)) | ... Y17: =IF($A17="","",[1]!thsiFinD("ths_adjustment_nv_fund",Y$3,$A17))
B18: =IF($A18="","",[1]!thsiFinD("ths_adjustment_nv_fund",B$3,$A18)) | C18: =IF($A18="","",[1]!thsiFinD("ths_adjustment_nv_fund",C$3,$A18)) | D18: =IF($A18="","",[1]!thsiFinD("ths_adjustment_nv_fund",D$3,$A18)) | E18: =IF($A18="","",[1]!thsiFinD("ths_adjustment_nv_fund",E$3,$A18)) | F18: =IF($A18="","",[1]!thsiFinD("ths_adjustment_nv_fund",F$3,$A18)) | G18: =IF($A18="","",[1]!thsiFinD("ths_adjustment_nv_fund",G$3,$A18)) | H18: =IF($A18="","",[1]!thsiFinD("ths_adjustment_nv_fund",H$3,$A18)) | I18: =IF($A18="","",[1]!thsiFinD("ths_adjustment_nv_fund",I$3,$A18)) | ... Y18: =IF($A18="","",[1]!thsiFinD("ths_adjustment_nv_fund",Y$3,$A18))
B19: =IF($A19="","",[1]!thsiFinD("ths_adjustment_nv_fund",B$3,$A19)) | C19: =IF($A19="","",[1]!thsiFinD("ths_adjustment_nv_fund",C$3,$A19)) | D19: =IF($A19="","",[1]!thsiFinD("ths_adjustment_nv_fund",D$3,$A19)) | E19: =IF($A19="","",[1]!thsiFinD("ths_adjustment_nv_fund",E$3,$A19)) | F19: =IF($A19="","",[1]!thsiFinD("ths_adjustment_nv_fund",F$3,$A19)) | G19: =IF($A19="","",[1]!thsiFinD("ths_adjustment_nv_fund",G$3,$A19)) | H19: =IF($A19="","",[1]!thsiFinD("ths_adjustment_nv_fund",H$3,$A19)) | I19: =IF($A19="","",[1]!thsiFinD("ths_adjustment_nv_fund",I$3,$A19)) | ... Y19: =IF($A19="","",[1]!thsiFinD("ths_adjustment_nv_fund",Y$3,$A19))
B20: =IF($A20="","",[1]!thsiFinD("ths_adjustment_nv_fund",B$3,$A20)) | C20: =IF($A20="","",[1]!thsiFinD("ths_adjustment_nv_fund",C$3,$A20)) | D20: =IF($A20="","",[1]!thsiFinD("ths_adjustment_nv_fund",D$3,$A20)) | E20: =IF($A20="","",[1]!thsiFinD("ths_adjustment_nv_fund",E$3,$A20)) | F20: =IF($A20="","",[1]!thsiFinD("ths_adjustment_nv_fund",F$3,$A20)) | G20: =IF($A20="","",[1]!thsiFinD("ths_adjustment_nv_fund",G$3,$A20)) | H20: =IF($A20="","",[1]!thsiFinD("ths_adjustment_nv_fund",H$3,$A20)) | I20: =IF($A20="","",[1]!thsiFinD("ths_adjustment_nv_fund",I$3,$A20)) | ... Y20: =IF($A20="","",[1]!thsiFinD("ths_adjustment_nv_fund",Y$3,$A20))
B21: =IF($A21="","",[1]!thsiFinD("ths_adjustment_nv_fund",B$3,$A21)) | C21: =IF($A21="","",[1]!thsiFinD("ths_adjustment_nv_fund",C$3,$A21)) | D21: =IF($A21="","",[1]!thsiFinD("ths_adjustment_nv_fund",D$3,$A21)) | E21: =IF($A21="","",[1]!thsiFinD("ths_adjustment_nv_fund",E$3,$A21)) | F21: =IF($A21="","",[1]!thsiFinD("ths_adjustment_nv_fund",F$3,$A21)) | G21: =IF($A21="","",[1]!thsiFinD("ths_adjustment_nv_fund",G$3,$A21)) | H21: =IF($A21="","",[1]!thsiFinD("ths_adjustment_nv_fund",H$3,$A21)) | I21: =IF($A21="","",[1]!thsiFinD("ths_adjustment_nv_fund",I$3,$A21)) | ... Y21: =IF($A21="","",[1]!thsiFinD("ths_adjustment_nv_fund",Y$3,$A21))
B22: =IF($A22="","",[1]!thsiFinD("ths_adjustment_nv_fund",B$3,$A22)) | C22: =IF($A22="","",[1]!thsiFinD("ths_adjustment_nv_fund",C$3,$A22)) | D22: =IF($A22="","",[1]!thsiFinD("ths_adjustment_nv_fund",D$3,$A22)) | E22: =IF($A22="","",[1]!thsiFinD("ths_adjustment_nv_fund",E$3,$A22)) | F22: =IF($A22="","",[1]!thsiFinD("ths_adjustment_nv_fund",F$3,$A22)) | G22: =IF($A22="","",[1]!thsiFinD("ths_adjustment_nv_fund",G$3,$A22)) | H22: =IF($A22="","",[1]!thsiFinD("ths_adjustment_nv_fund",H$3,$A22)) | I22: =IF($A22="","",[1]!thsiFinD("ths_adjustment_nv_fund",I$3,$A22)) | ... Y22: =IF($A22="","",[1]!thsiFinD("ths_adjustment_nv_fund",Y$3,$A22))
B23: =IF($A23="","",[1]!thsiFinD("ths_adjustment_nv_fund",B$3,$A23)) | C23: =IF($A23="","",[1]!thsiFinD("ths_adjustment_nv_fund",C$3,$A23)) | D23: =IF($A23="","",[1]!thsiFinD("ths_adjustment_nv_fund",D$3,$A23)) | E23: =IF($A23="","",[1]!thsiFinD("ths_adjustment_nv_fund",E$3,$A23)) | F23: =IF($A23="","",[1]!thsiFinD("ths_adjustment_nv_fund",F$3,$A23)) | G23: =IF($A23="","",[1]!thsiFinD("ths_adjustment_nv_fund",G$3,$A23)) | H23: =IF($A23="","",[1]!thsiFinD("ths_adjustment_nv_fund",H$3,$A23)) | I23: =IF($A23="","",[1]!thsiFinD("ths_adjustment_nv_fund",I$3,$A23)) | ... Y23: =IF($A23="","",[1]!thsiFinD("ths_adjustment_nv_fund",Y$3,$A23))
B24: =IF($A24="","",[1]!thsiFinD("ths_adjustment_nv_fund",B$3,$A24)) | C24: =IF($A24="","",[1]!thsiFinD("ths_adjustment_nv_fund",C$3,$A24)) | D24: =IF($A24="","",[1]!thsiFinD("ths_adjustment_nv_fund",D$3,$A24)) | E24: =IF($A24="","",[1]!thsiFinD("ths_adjustment_nv_fund",E$3,$A24)) | F24: =IF($A24="","",[1]!thsiFinD("ths_adjustment_nv_fund",F$3,$A24)) | G24: =IF($A24="","",[1]!thsiFinD("ths_adjustment_nv_fund",G$3,$A24)) | H24: =IF($A24="","",[1]!thsiFinD("ths_adjustment_nv_fund",H$3,$A24)) | I24: =IF($A24="","",[1]!thsiFinD("ths_adjustment_nv_fund",I$3,$A24)) | ... Y24: =IF($A24="","",[1]!thsiFinD("ths_adjustment_nv_fund",Y$3,$A24))
B25: =IF($A25="","",[1]!thsiFinD("ths_adjustment_nv_fund",B$3,$A25)) | C25: =IF($A25="","",[1]!thsiFinD("ths_adjustment_nv_fund",C$3,$A25)) | D25: =IF($A25="","",[1]!thsiFinD("ths_adjustment_nv_fund",D$3,$A25)) | E25: =IF($A25="","",[1]!thsiFinD("ths_adjustment_nv_fund",E$3,$A25)) | F25: =IF($A25="","",[1]!thsiFinD("ths_adjustment_nv_fund",F$3,$A25)) | G25: =IF($A25="","",[1]!thsiFinD("ths_adjustment_nv_fund",G$3,$A25)) | H25: =IF($A25="","",[1]!thsiFinD("ths_adjustment_nv_fund",H$3,$A25)) | I25: =IF($A25="","",[1]!thsiFinD("ths_adjustment_nv_fund",I$3,$A25)) | ... Y25: =IF($A25="","",[1]!thsiFinD("ths_adjustment_nv_fund",Y$3,$A25))
B26: =IF($A26="","",[1]!thsiFinD("ths_adjustment_nv_fund",B$3,$A26)) | C26: =IF($A26="","",[1]!thsiFinD("ths_adjustment_nv_fund",C$3,$A26)) | D26: =IF($A26="","",[1]!thsiFinD("ths_adjustment_nv_fund",D$3,$A26)) | E26: =IF($A26="","",[1]!thsiFinD("ths_adjustment_nv_fund",E$3,$A26)) | F26: =IF($A26="","",[1]!thsiFinD("ths_adjustment_nv_fund",F$3,$A26)) | G26: =IF($A26="","",[1]!thsiFinD("ths_adjustment_nv_fund",G$3,$A26)) | H26: =IF($A26="","",[1]!thsiFinD("ths_adjustment_nv_fund",H$3,$A26)) | I26: =IF($A26="","",[1]!thsiFinD("ths_adjustment_nv_fund",I$3,$A26)) | ... Y26: =IF($A26="","",[1]!thsiFinD("ths_adjustment_nv_fund",Y$3,$A26))
... B59: =IF($A59="","",[1]!thsiFinD("ths_adjustment_nv_fund",B$3,$A59)) | C59: =IF($A59="","",[1]!thsiFinD("ths_adjustment_nv_fund",C$3,$A59)) | D59: =IF($A59="","",[1]!thsiFinD("ths_adjustment_nv_fund",D$3,$A59)) | E59: =IF($A59="","",[1]!thsiFinD("ths_adjustment_nv_fund",E$3,$A59)) | F59: =IF($A59="","",[1]!thsiFinD("ths_adjustment_nv_fund",F$3,$A59)) | G59: =IF($A59="","",[1]!thsiFinD("ths_adjustment_nv_fund",G$3,$A59)) | H59: =IF($A59="","",[1]!thsiFinD("ths_adjustment_nv_fund",H$3,$A59)) | I59: =IF($A59="","",[1]!thsiFinD("ths_adjustment_nv_fund",I$3,$A59)) | ... Y59: =IF($A59="","",[1]!thsiFinD("ths_adjustment_nv_fund",Y$3,$A59))
B60: =IF($A60="","",[1]!thsiFinD("ths_adjustment_nv_fund",B$3,$A60)) | C60: =IF($A60="","",[1]!thsiFinD("ths_adjustment_nv_fund",C$3,$A60)) | D60: =IF($A60="","",[1]!thsiFinD("ths_adjustment_nv_fund",D$3,$A60)) | E60: =IF($A60="","",[1]!thsiFinD("ths_adjustment_nv_fund",E$3,$A60)) | F60: =IF($A60="","",[1]!thsiFinD("ths_adjustment_nv_fund",F$3,$A60)) | G60: =IF($A60="","",[1]!thsiFinD("ths_adjustment_nv_fund",G$3,$A60)) | H60: =IF($A60="","",[1]!thsiFinD("ths_adjustment_nv_fund",H$3,$A60)) | I60: =IF($A60="","",[1]!thsiFinD("ths_adjustment_nv_fund",I$3,$A60)) | ... X60: =IF($A60="","",[1]!thsiFinD("ths_adjustment_nv_fund",X$3,$A60))

Sheet 实盘组合净值
A1: 组合净值（实盘）· 各组合自起始日买入持有逐日计算
B3: 组合 产业趋势 | E3: 组合 产业趋势基石 | H3: 组合 产业趋势2号 | K3: 组合 10-90 | N3: 组合 10-90基石 | Q3: 组合 30-70
A4: 日期 | B4: 净值 | C4: 日收益 | D4: 回撤 | E4: 净值 | F4: 日收益 | G4: 回撤 | H4: 净值 | I4: 日收益 | J4: 回撤 | K4: 净值 | L4: 日收益 | M4: 回撤 | N4: 净值 | O4: 日收益 | P4: 回撤 | Q4: 净值 | R4: 日收益 | S4: 回撤
A5: =IF('实盘净值数据(iFinD公式)'!A5="","",'实盘净值数据(iFinD公式)'!A5) | B5: =IF(OR((ROW()-1)<6,'实盘净值数据(iFinD公式)'!$A5="",'实盘净值数据(iFinD公式)'!$B5=""),"",SUMPRODUCT(实盘持仓配置!$B$4:$X$4,'实盘净值数据(iFinD公式)'!$B5:$X5/'实盘净值数据(iFinD公式)'!$B$6:$X$6)*(1-实盘持仓配置!$Z$4)^(('实盘净值数据(iFinD公式)'!$A5-'实盘净值数据(iFinD公式)'!$A$6)/365)) | D5: =IF(B5="","",B5/MAX(B$5:B5)-1) | E5: 1 | G5: =IF(E5="","",E5/MAX(E$5:E5)-1) | H5: =IF(OR((ROW()-1)<7,'实盘净值数据(iFinD公式)'!$A5="",'实盘净值数据(iFinD公式)'!$B5=""),"",SUMPRODUCT(实盘持仓配置!$B$6:$X$6,'实盘净值数据(iFinD公式)'!$B5:$X5/'实盘净值数据(iFinD公式)'!$B$7:$X$7)*(1-实盘持仓配置!$Z$6)^(('实盘净值数据(iFinD公式)'!$A5-'实盘净值数据(iFinD公式)'!$A$7)/365)) | J5: =IF(H5="","",H5/MAX(H$5:H5)-1) | K5: =IF(OR((ROW()-1)<8,'实盘净值数据(iFinD公式)'!$A5="",'实盘净值数据(iFinD公式)'!$B5=""),"",SUMPRODUCT(实盘持仓配置!$B$7:$X$7,'实盘净值数据(iFinD公式)'!$B5:$X5/'实盘净值数据(iFinD公式)'!$B$8:$X$8)*(1-实盘持仓配置!$Z$7)^(('实盘净值数据(iFinD公式)'!$A5-'实盘净值数据(iFinD公式)'!$A$8)/365)) | M5: =IF(K5="","",K5/MAX(K$5:K5)-1) | N5: 1 | P5: =IF(N5="","",N5/MAX(N$5:N5)-1) | Q5: =IF(OR((ROW()-1)<8,'实盘净值数据(iFinD公式)'!$A5="",'实盘净值数据(iFinD公式)'!$B5=""),"",SUMPRODUCT(实盘持仓配置!$B$9:$X$9,'实盘净值数据(iFinD公式)'!$B5:$X5/'实盘净值数据(iFinD公式)'!$B$8:$X$8)*(1-实盘持仓配置!$Z$9)^(('实盘净值数据(iFinD公式)'!$A5-'实盘净值数据(iFinD公式)'!$A$8)/365)) | S5: =IF(Q5="","",Q5/MAX(Q$5:Q5)-1)
A6: =IF('实盘净值数据(iFinD公式)'!A6="","",'实盘净值数据(iFinD公式)'!A6) | B6: 1 | C6: =IF(OR(B5="",'实盘净值数据(iFinD公式)'!$A6="",'实盘净值数据(iFinD公式)'!$B6=""),"",(SUMPRODUCT(实盘持仓配置!$B$4:$X$4,'实盘净值数据(iFinD公式)'!$B5:$X5/'实盘净值数据(iFinD公式)'!$B$6:$X$6,'实盘净值数据(iFinD公式)'!$B6:$X6/'实盘净值数据(iFinD公式)'!$B5:$X5)/SUMPRODUCT(实盘持仓配置!$B$4:$X$4,'实盘净值数据(iFinD公式)'!$B5:$X5/'实盘净值数据(iFinD公式)'!$B$6:$X$6))*(1-实盘持仓配置!$Z$4)^(('实盘净值数据(iFinD公式)'!$A6-'实盘净值数据(iFinD公式)'!$A5)/365)-1) | D6: =IF(B6="","",B6/MAX(B$5:B6)-1) | E6: =IF(OR((ROW()-1)<5,'实盘净值数据(iFinD公式)'!$A6="",'实盘净值数据(iFinD公式)'!$B6=""),"",SUMPRODUCT(实盘持仓配置!$B$5:$X$5,'实盘净值数据(iFinD公式)'!$B6:$X6/'实盘净值数据(iFinD公式)'!$B$5:$X$5)*(1-实盘持仓配置!$Z$5)^(('实盘净值数据(iFinD公式)'!$A6-'实盘净值数据(iFinD公式)'!$A$5)/365)) | F6: =IF(OR(E5="",'实盘净值数据(iFinD公式)'!$A6="",'实盘净值数据(iFinD公式)'!$B6=""),"",(SUMPRODUCT(实盘持仓配置!$B$5:$X$5,'实盘净值数据(iFinD公式)'!$B5:$X5/'实盘净值数据(iFinD公式)'!$B$5:$X$5,'实盘净值数据(iFinD公式)'!$B6:$X6/'实盘净值数据(iFinD公式)'!$B5:$X5)/SUMPRODUCT(实盘持仓配置!$B$5:$X$5,'实盘净值数据(iFinD公式)'!$B5:$X5/'实盘净值数据(iFinD公式)'!$B$5:$X$5))*(1-实盘持仓配置!$Z$5)^(('实盘净值数据(iFinD公式)'!$A6-'实盘净值数据(iFinD公式)'!$A5)/365)-1) | G6: =IF(E6="","",E6/MAX(E$5:E6)-1) | H6: =IF(OR((ROW()-1)<7,'实盘净值数据(iFinD公式)'!$A6="",'实盘净值数据(iFinD公式)'!$B6=""),"",SUMPRODUCT(实盘持仓配置!$B$6:$X$6,'实盘净值数据(iFinD公式)'!$B6:$X6/'实盘净值数据(iFinD公式)'!$B$7:$X$7)*(1-实盘持仓配置!$Z$6)^(('实盘净值数据(iFinD公式)'!$A6-'实盘净值数据(iFinD公式)'!$A$7)/365)) | I6: =IF(OR(H5="",'实盘净值数据(iFinD公式)'!$A6="",'实盘净值数据(iFinD公式)'!$B6=""),"",(SUMPRODUCT(实盘持仓配置!$B$6:$X$6,'实盘净值数据(iFinD公式)'!$B5:$X5/'实盘净值数据(iFinD公式)'!$B$7:$X$7,'实盘净值数据(iFinD公式)'!$B6:$X6/'实盘净值数据(iFinD公式)'!$B5:$X5)/SUMPRODUCT(实盘持仓配置!$B$6:$X$6,'实盘净值数据(iFinD公式)'!$B5:$X5/'实盘净值数据(iFinD公式)'!$B$7:$X$7))*(1-实盘持仓配置!$Z$6)^(('实盘净值数据(iFinD公式)'!$A6-'实盘净值数据(iFinD公式)'!$A5)/365)-1) | J6: =IF(H6="","",H6/MAX(H$5:H6)-1) | K6: =IF(OR((ROW()-1)<8,'实盘净值数据(iFinD公式)'!$A6="",'实盘净值数据(iFinD公式)'!$B6=""),"",SUMPRODUCT(实盘持仓配置!$B$7:$X$7,'实盘净值数据(iFinD公式)'!$B6:$X6/'实盘净值数据(iFinD公式)'!$B$8:$X$8)*(1-实盘持仓配置!$Z$7)^(('实盘净值数据(iFinD公式)'!$A6-'实盘净值数据(iFinD公式)'!$A$8)/365)) | L6: =IF(OR(K5="",'实盘净值数据(iFinD公式)'!$A6="",'实盘净值数据(iFinD公式)'!$B6=""),"",(SUMPRODUCT(实盘持仓配置!$B$7:$X$7,'实盘净值数据(iFinD公式)'!$B5:$X5/'实盘净值数据(iFinD公式)'!$B$8:$X$8,'实盘净值数据(iFinD公式)'!$B6:$X6/'实盘净值数据(iFinD公式)'!$B5:$X5)/SUMPRODUCT(实盘持仓配置!$B$7:$X$7,'实盘净值数据(iFinD公式)'!$B5:$X5/'实盘净值数据(iFinD公式)'!$B$8:$X$8))*(1-实盘持仓配置!$Z$7)^(('实盘净值数据(iFinD公式)'!$A6-'实盘净值数据(iFinD公式)'!$A5)/365)-1) | M6: =IF(K6="","",K6/MAX(K$5:K6)-1) | N6: =IF(OR((ROW()-1)<5,'实盘净值数据(iFinD公式)'!$A6="",'实盘净值数据(iFinD公式)'!$B6=""),"",SUMPRODUCT(实盘持仓配置!$B$8:$X$8,'实盘净值数据(iFinD公式)'!$B6:$X6/'实盘净值数据(iFinD公式)'!$B$5:$X$5)*(1-实盘持仓配置!$Z$8)^(('实盘净值数据(iFinD公式)'!$A6-'实盘净值数据(iFinD公式)'!$A$5)/365)) | O6: =IF(OR(N5="",'实盘净值数据(iFinD公式)'!$A6="",'实盘净值数据(iFinD公式)'!$B6=""),"",(SUMPRODUCT(实盘持仓配置!$B$8:$X$8,'实盘净值数据(iFinD公式)'!$B5:$X5/'实盘净值数据(iFinD公式)'!$B$5:$X$5,'实盘净值数据(iFinD公式)'!$B6:$X6/'实盘净值数据(iFinD公式)'!$B5:$X5)/SUMPRODUCT(实盘持仓配置!$B$8:$X$8,'实盘净值数据(iFinD公式)'!$B5:$X5/'实盘净值数据(iFinD公式)'!$B$5:$X$5))*(1-实盘持仓配置!$Z$8)^(('实盘净值数据(iFinD公式)'!$A6-'实盘净值数据(iFinD公式)'!$A5)/365)-1) | P6: =IF(N6="","",N6/MAX(N$5:N6)-1) | Q6: =IF(OR((ROW()-1)<8,'实盘净值数据(iFinD公式)'!$A6="",'实盘净值数据(iFinD公式)'!$B6=""),"",SUMPRODUCT(实盘持仓配置!$B$9:$X$9,'实盘净值数据(iFinD公式)'!$B6:$X6/'实盘净值数据(iFinD公式)'!$B$8:$X$8)*(1-实盘持仓配置!$Z$9)^(('实盘净值数据(iFinD公式)'!$A6-'实盘净值数据(iFinD公式)'!$A$8)/365)) | R6: =IF(OR(Q5="",'实盘净值数据(iFinD公式)'!$A6="",'实盘净值数据(iFinD公式)'!$B6=""),"",(SUMPRODUCT(实盘持仓配置!$B$9:$X$9,'实盘净值数据(iFinD公式)'!$B5:$X5/'实盘净值数据(iFinD公式)'!$B$8:$X$8,'实盘净值数据(iFinD公式)'!$B6:$X6/'实盘净值数据(iFinD公式)'!$B5:$X5)/SUMPRODUCT(实盘持仓配置!$B$9:$X$9,'实盘净值数据(iFinD公式)'!$B5:$X5/'实盘净值数据(iFinD公式)'!$B$8:$X$8))*(1-实盘持仓配置!$Z$9)^(('实盘净值数据(iFinD公式)'!$A6-'实盘净值数据(iFinD公式)'!$A5)/365)-1) | S6: =IF(Q6="","",Q6/MAX(Q$5:Q6)-1)
A7: =IF('实盘净值数据(iFinD公式)'!A7="","",'实盘净值数据(iFinD公式)'!A7) | B7: =IF(OR((ROW()-1)<6,'实盘净值数据(iFinD公式)'!$A7="",'实盘净值数据(iFinD公式)'!$B7=""),"",SUMPRODUCT(实盘持仓配置!$B$4:$X$4,'实盘净值数据(iFinD公式)'!$B7:$X7/'实盘净值数据(iFinD公式)'!$B$6:$X$6)*(1-实盘持仓配置!$Z$4)^(('实盘净值数据(iFinD公式)'!$A7-'实盘净值数据(iFinD公式)'!$A$6)/365)) | C7: =IF(OR(B6="",'实盘净值数据(iFinD公式)'!$A7="",'实盘净值数据(iFinD公式)'!$B7=""),"",(SUMPRODUCT(实盘持仓配置!$B$4:$X$4,'实盘净值数据(iFinD公式)'!$B6:$X6/'实盘净值数据(iFinD公式)'!$B$6:$X$6,'实盘净值数据(iFinD公式)'!$B7:$X7/'实盘净值数据(iFinD公式)'!$B6:$X6)/SUMPRODUCT(实盘持仓配置!$B$4:$X$4,'实盘净值数据(iFinD公式)'!$B6:$X6/'实盘净值数据(iFinD公式)'!$B$6:$X$6))*(1-实盘持仓配置!$Z$4)^(('实盘净值数据(iFinD公式)'!$A7-'实盘净值数据(iFinD公式)'!$A6)/365)-1) | D7: =IF(B7="","",B7/MAX(B$5:B7)-1) | E7: =IF(OR((ROW()-1)<5,'实盘净值数据(iFinD公式)'!$A7="",'实盘净值数据(iFinD公式)'!$B7=""),"",SUMPRODUCT(实盘持仓配置!$B$5:$X$5,'实盘净值数据(iFinD公式)'!$B7:$X7/'实盘净值数据(iFinD公式)'!$B$5:$X$5)*(1-实盘持仓配置!$Z$5)^(('实盘净值数据(iFinD公式)'!$A7-'实盘净值数据(iFinD公式)'!$A$5)/365)) | F7: =IF(OR(E6="",'实盘净值数据(iFinD公式)'!$A7="",'实盘净值数据(iFinD公式)'!$B7=""),"",(SUMPRODUCT(实盘持仓配置!$B$5:$X$5,'实盘净值数据(iFinD公式)'!$B6:$X6/'实盘净值数据(iFinD公式)'!$B$5:$X$5,'实盘净值数据(iFinD公式)'!$B7:$X7/'实盘净值数据(iFinD公式)'!$B6:$X6)/SUMPRODUCT(实盘持仓配置!$B$5:$X$5,'实盘净值数据(iFinD公式)'!$B6:$X6/'实盘净值数据(iFinD公式)'!$B$5:$X$5))*(1-实盘持仓配置!$Z$5)^(('实盘净值数据(iFinD公式)'!$A7-'实盘净值数据(iFinD公式)'!$A6)/365)-1) | G7: =IF(E7="","",E7/MAX(E$5:E7)-1) | H7: 1 | I7: =IF(OR(H6="",'实盘净值数据(iFinD公式)'!$A7="",'实盘净值数据(iFinD公式)'!$B7=""),"",(SUMPRODUCT(实盘持仓配置!$B$6:$X$6,'实盘净值数据(iFinD公式)'!$B6:$X6/'实盘净值数据(iFinD公式)'!$B$7:$X$7,'实盘净值数据(iFinD公式)'!$B7:$X7/'实盘净值数据(iFinD公式)'!$B6:$X6)/SUMPRODUCT(实盘持仓配置!$B$6:$X$6,'实盘净值数据(iFinD公式)'!$B6:$X6/'实盘净值数据(iFinD公式)'!$B$7:$X$7))*(1-实盘持仓配置!$Z$6)^(('实盘净值数据(iFinD公式)'!$A7-'实盘净值数据(iFinD公式)'!$A6)/365)-1) | J7: =IF(H7="","",H7/MAX(H$5:H7)-1) | K7: =IF(OR((ROW()-1)<8,'实盘净值数据(iFinD公式)'!$A7="",'实盘净值数据(iFinD公式)'!$B7=""),"",SUMPRODUCT(实盘持仓配置!$B$7:$X$7,'实盘净值数据(iFinD公式)'!$B7:$X7/'实盘净值数据(iFinD公式)'!$B$8:$X$8)*(1-实盘持仓配置!$Z$7)^(('实盘净值数据(iFinD公式)'!$A7-'实盘净值数据(iFinD公式)'!$A$8)/365)) | L7: =IF(OR(K6="",'实盘净值数据(iFinD公式)'!$A7="",'实盘净值数据(iFinD公式)'!$B7=""),"",(SUMPRODUCT(实盘持仓配置!$B$7:$X$7,'实盘净值数据(iFinD公式)'!$B6:$X6/'实盘净值数据(iFinD公式)'!$B$8:$X$8,'实盘净值数据(iFinD公式)'!$B7:$X7/'实盘净值数据(iFinD公式)'!$B6:$X6)/SUMPRODUCT(实盘持仓配置!$B$7:$X$7,'实盘净值数据(iFinD公式)'!$B6:$X6/'实盘净值数据(iFinD公式)'!$B$8:$X$8))*(1-实盘持仓配置!$Z$7)^(('实盘净值数据(iFinD公式)'!$A7-'实盘净值数据(iFinD公式)'!$A6)/365)-1) | M7: =IF(K7="","",K7/MAX(K$5:K7)-1) | N7: =IF(OR((ROW()-1)<5,'实盘净值数据(iFinD公式)'!$A7="",'实盘净值数据(iFinD公式)'!$B7=""),"",SUMPRODUCT(实盘持仓配置!$B$8:$X$8,'实盘净值数据(iFinD公式)'!$B7:$X7/'实盘净值数据(iFinD公式)'!$B$5:$X$5)*(1-实盘持仓配置!$Z$8)^(('实盘净值数据(iFinD公式)'!$A7-'实盘净值数据(iFinD公式)'!$A$5)/365)) | O7: =IF(OR(N6="",'实盘净值数据(iFinD公式)'!$A7="",'实盘净值数据(iFinD公式)'!$B7=""),"",(SUMPRODUCT(实盘持仓配置!$B$8:$X$8,'实盘净值数据(iFinD公式)'!$B6:$X6/'实盘净值数据(iFinD公式)'!$B$5:$X$5,'实盘净值数据(iFinD公式)'!$B7:$X7/'实盘净值数据(iFinD公式)'!$B6:$X6)/SUMPRODUCT(实盘持仓配置!$B$8:$X$8,'实盘净值数据(iFinD公式)'!$B6:$X6/'实盘净值数据(iFinD公式)'!$B$5:$X$5))*(1-实盘持仓配置!$Z$8)^(('实盘净值数据(iFinD公式)'!$A7-'实盘净值数据(iFinD公式)'!$A6)/365)-1) | P7: =IF(N7="","",N7/MAX(N$5:N7)-1) | Q7: =IF(OR((ROW()-1)<8,'实盘净值数据(iFinD公式)'!$A7="",'实盘净值数据(iFinD公式)'!$B7=""),"",SUMPRODUCT(实盘持仓配置!$B$9:$X$9,'实盘净值数据(iFinD公式)'!$B7:$X7/'实盘净值数据(iFinD公式)'!$B$8:$X$8)*(1-实盘持仓配置!$Z$9)^(('实盘净值数据(iFinD公式)'!$A7-'实盘净值数据(iFinD公式)'!$A$8)/365)) | R7: =IF(OR(Q6="",'实盘净值数据(iFinD公式)'!$A7="",'实盘净值数据(iFinD公式)'!$B7=""),"",(SUMPRODUCT(实盘持仓配置!$B$9:$X$9,'实盘净值数据(iFinD公式)'!$B6:$X6/'实盘净值数据(iFinD公式)'!$B$8:$X$8,'实盘净值数据(iFinD公式)'!$B7:$X7/'实盘净值数据(iFinD公式)'!$B6:$X6)/SUMPRODUCT(实盘持仓配置!$B$9:$X$9,'实盘净值数据(iFinD公式)'!$B6:$X6/'实盘净值数据(iFinD公式)'!$B$8:$X$8))*(1-实盘持仓配置!$Z$9)^(('实盘净值数据(iFinD公式)'!$A7-'实盘净值数据(iFinD公式)'!$A6)/365)-1) | S7: =IF(Q7="","",Q7/MAX(Q$5:Q7)-1)
A8: =IF('实盘净值数据(iFinD公式)'!A8="","",'实盘净值数据(iFinD公式)'!A8) | B8: =IF(OR((ROW()-1)<6,'实盘净值数据(iFinD公式)'!$A8="",'实盘净值数据(iFinD公式)'!$B8=""),"",SUMPRODUCT(实盘持仓配置!$B$4:$X$4,'实盘净值数据(iFinD公式)'!$B8:$X8/'实盘净值数据(iFinD公式)'!$B$6:$X$6)*(1-实盘持仓配置!$Z$4)^(('实盘净值数据(iFinD公式)'!$A8-'实盘净值数据(iFinD公式)'!$A$6)/365)) | C8: =IF(OR(B7="",'实盘净值数据(iFinD公式)'!$A8="",'实盘净值数据(iFinD公式)'!$B8=""),"",(SUMPRODUCT(实盘持仓配置!$B$4:$X$4,'实盘净值数据(iFinD公式)'!$B7:$X7/'实盘净值数据(iFinD公式)'!$B$6:$X$6,'实盘净值数据(iFinD公式)'!$B8:$X8/'实盘净值数据(iFinD公式)'!$B7:$X7)/SUMPRODUCT(实盘持仓配置!$B$4:$X$4,'实盘净值数据(iFinD公式)'!$B7:$X7/'实盘净值数据(iFinD公式)'!$B$6:$X$6))*(1-实盘持仓配置!$Z$4)^(('实盘净值数据(iFinD公式)'!$A8-'实盘净值数据(iFinD公式)'!$A7)/365)-1) | D8: =IF(B8="","",B8/MAX(B$5:B8)-1) | E8: =IF(OR((ROW()-1)<5,'实盘净值数据(iFinD公式)'!$A8="",'实盘净值数据(iFinD公式)'!$B8=""),"",SUMPRODUCT(实盘持仓配置!$B$5:$X$5,'实盘净值数据(iFinD公式)'!$B8:$X8/'实盘净值数据(iFinD公式)'!$B$5:$X$5)*(1-实盘持仓配置!$Z$5)^(('实盘净值数据(iFinD公式)'!$A8-'实盘净值数据(iFinD公式)'!$A$5)/365)) | F8: =IF(OR(E7="",'实盘净值数据(iFinD公式)'!$A8="",'实盘净值数据(iFinD公式)'!$B8=""),"",(SUMPRODUCT(实盘持仓配置!$B$5:$X$5,'实盘净值数据(iFinD公式)'!$B7:$X7/'实盘净值数据(iFinD公式)'!$B$5:$X$5,'实盘净值数据(iFinD公式)'!$B8:$X8/'实盘净值数据(iFinD公式)'!$B7:$X7)/SUMPRODUCT(实盘持仓配置!$B$5:$X$5,'实盘净值数据(iFinD公式)'!$B7:$X7/'实盘净值数据(iFinD公式)'!$B$5:$X$5))*(1-实盘持仓配置!$Z$5)^(('实盘净值数据(iFinD公式)'!$A8-'实盘净值数据(iFinD公式)'!$A7)/365)-1) | G8: =IF(E8="","",E8/MAX(E$5:E8)-1) | H8: =IF(OR((ROW()-1)<7,'实盘净值数据(iFinD公式)'!$A8="",'实盘净值数据(iFinD公式)'!$B8=""),"",SUMPRODUCT(实盘持仓配置!$B$6:$X$6,'实盘净值数据(iFinD公式)'!$B8:$X8/'实盘净值数据(iFinD公式)'!$B$7:$X$7)*(1-实盘持仓配置!$Z$6)^(('实盘净值数据(iFinD公式)'!$A8-'实盘净值数据(iFinD公式)'!$A$7)/365)) | I8: =IF(OR(H7="",'实盘净值数据(iFinD公式)'!$A8="",'实盘净值数据(iFinD公式)'!$B8=""),"",(SUMPRODUCT(实盘持仓配置!$B$6:$X$6,'实盘净值数据(iFinD公式)'!$B7:$X7/'实盘净值数据(iFinD公式)'!$B$7:$X$7,'实盘净值数据(iFinD公式)'!$B8:$X8/'实盘净值数据(iFinD公式)'!$B7:$X7)/SUMPRODUCT(实盘持仓配置!$B$6:$X$6,'实盘净值数据(iFinD公式)'!$B7:$X7/'实盘净值数据(iFinD公式)'!$B$7:$X$7))*(1-实盘持仓配置!$Z$6)^(('实盘净值数据(iFinD公式)'!$A8-'实盘净值数据(iFinD公式)'!$A7)/365)-1) | J8: =IF(H8="","",H8/MAX(H$5:H8)-1) | K8: 1 | L8: =IF(OR(K7="",'实盘净值数据(iFinD公式)'!$A8="",'实盘净值数据(iFinD公式)'!$B8=""),"",(SUMPRODUCT(实盘持仓配置!$B$7:$X$7,'实盘净值数据(iFinD公式)'!$B7:$X7/'实盘净值数据(iFinD公式)'!$B$8:$X$8,'实盘净值数据(iFinD公式)'!$B8:$X8/'实盘净值数据(iFinD公式)'!$B7:$X7)/SUMPRODUCT(实盘持仓配置!$B$7:$X$7,'实盘净值数据(iFinD公式)'!$B7:$X7/'实盘净值数据(iFinD公式)'!$B$8:$X$8))*(1-实盘持仓配置!$Z$7)^(('实盘净值数据(iFinD公式)'!$A8-'实盘净值数据(iFinD公式)'!$A7)/365)-1) | M8: =IF(K8="","",K8/MAX(K$5:K8)-1) | N8: =IF(OR((ROW()-1)<5,'实盘净值数据(iFinD公式)'!$A8="",'实盘净值数据(iFinD公式)'!$B8=""),"",SUMPRODUCT(实盘持仓配置!$B$8:$X$8,'实盘净值数据(iFinD公式)'!$B8:$X8/'实盘净值数据(iFinD公式)'!$B$5:$X$5)*(1-实盘持仓配置!$Z$8)^(('实盘净值数据(iFinD公式)'!$A8-'实盘净值数据(iFinD公式)'!$A$5)/365)) | O8: =IF(OR(N7="",'实盘净值数据(iFinD公式)'!$A8="",'实盘净值数据(iFinD公式)'!$B8=""),"",(SUMPRODUCT(实盘持仓配置!$B$8:$X$8,'实盘净值数据(iFinD公式)'!$B7:$X7/'实盘净值数据(iFinD公式)'!$B$5:$X$5,'实盘净值数据(iFinD公式)'!$B8:$X8/'实盘净值数据(iFinD公式)'!$B7:$X7)/SUMPRODUCT(实盘持仓配置!$B$8:$X$8,'实盘净值数据(iFinD公式)'!$B7:$X7/'实盘净值数据(iFinD公式)'!$B$5:$X$5))*(1-实盘持仓配置!$Z$8)^(('实盘净值数据(iFinD公式)'!$A8-'实盘净值数据(iFinD公式)'!$A7)/365)-1) | P8: =IF(N8="","",N8/MAX(N$5:N8)-1) | Q8: 1 | R8: =IF(OR(Q7="",'实盘净值数据(iFinD公式)'!$A8="",'实盘净值数据(iFinD公式)'!$B8=""),"",(SUMPRODUCT(实盘持仓配置!$B$9:$X$9,'实盘净值数据(iFinD公式)'!$B7:$X7/'实盘净值数据(iFinD公式)'!$B$8:$X$8,'实盘净值数据(iFinD公式)'!$B8:$X8/'实盘净值数据(iFinD公式)'!$B7:$X7)/SUMPRODUCT(实盘持仓配置!$B$9:$X$9,'实盘净值数据(iFinD公式)'!$B7:$X7/'实盘净值数据(iFinD公式)'!$B$8:$X$8))*(1-实盘持仓配置!$Z$9)^(('实盘净值数据(iFinD公式)'!$A8-'实盘净值数据(iFinD公式)'!$A7)/365)-1) | S8: =IF(Q8="","",Q8/MAX(Q$5:Q8)-1)
A9: =IF('实盘净值数据(iFinD公式)'!A9="","",'实盘净值数据(iFinD公式)'!A9) | B9: =IF(OR((ROW()-1)<6,'实盘净值数据(iFinD公式)'!$A9="",'实盘净值数据(iFinD公式)'!$B9=""),"",SUMPRODUCT(实盘持仓配置!$B$4:$X$4,'实盘净值数据(iFinD公式)'!$B9:$X9/'实盘净值数据(iFinD公式)'!$B$6:$X$6)*(1-实盘持仓配置!$Z$4)^(('实盘净值数据(iFinD公式)'!$A9-'实盘净值数据(iFinD公式)'!$A$6)/365)) | C9: =IF(OR(B8="",'实盘净值数据(iFinD公式)'!$A9="",'实盘净值数据(iFinD公式)'!$B9=""),"",(SUMPRODUCT(实盘持仓配置!$B$4:$X$4,'实盘净值数据(iFinD公式)'!$B8:$X8/'实盘净值数据(iFinD公式)'!$B$6:$X$6,'实盘净值数据(iFinD公式)'!$B9:$X9/'实盘净值数据(iFinD公式)'!$B8:$X8)/SUMPRODUCT(实盘持仓配置!$B$4:$X$4,'实盘净值数据(iFinD公式)'!$B8:$X8/'实盘净值数据(iFinD公式)'!$B$6:$X$6))*(1-实盘持仓配置!$Z$4)^(('实盘净值数据(iFinD公式)'!$A9-'实盘净值数据(iFinD公式)'!$A8)/365)-1) | D9: =IF(B9="","",B9/MAX(B$5:B9)-1) | E9: =IF(OR((ROW()-1)<5,'实盘净值数据(iFinD公式)'!$A9="",'实盘净值数据(iFinD公式)'!$B9=""),"",SUMPRODUCT(实盘持仓配置!$B$5:$X$5,'实盘净值数据(iFinD公式)'!$B9:$X9/'实盘净值数据(iFinD公式)'!$B$5:$X$5)*(1-实盘持仓配置!$Z$5)^(('实盘净值数据(iFinD公式)'!$A9-'实盘净值数据(iFinD公式)'!$A$5)/365)) | F9: =IF(OR(E8="",'实盘净值数据(iFinD公式)'!$A9="",'实盘净值数据(iFinD公式)'!$B9=""),"",(SUMPRODUCT(实盘持仓配置!$B$5:$X$5,'实盘净值数据(iFinD公式)'!$B8:$X8/'实盘净值数据(iFinD公式)'!$B$5:$X$5,'实盘净值数据(iFinD公式)'!$B9:$X9/'实盘净值数据(iFinD公式)'!$B8:$X8)/SUMPRODUCT(实盘持仓配置!$B$5:$X$5,'实盘净值数据(iFinD公式)'!$B8:$X8/'实盘净值数据(iFinD公式)'!$B$5:$X$5))*(1-实盘持仓配置!$Z$5)^(('实盘净值数据(iFinD公式)'!$A9-'实盘净值数据(iFinD公式)'!$A8)/365)-1) | G9: =IF(E9="","",E9/MAX(E$5:E9)-1) | H9: =IF(OR((ROW()-1)<7,'实盘净值数据(iFinD公式)'!$A9="",'实盘净值数据(iFinD公式)'!$B9=""),"",SUMPRODUCT(实盘持仓配置!$B$6:$X$6,'实盘净值数据(iFinD公式)'!$B9:$X9/'实盘净值数据(iFinD公式)'!$B$7:$X$7)*(1-实盘持仓配置!$Z$6)^(('实盘净值数据(iFinD公式)'!$A9-'实盘净值数据(iFinD公式)'!$A$7)/365)) | I9: =IF(OR(H8="",'实盘净值数据(iFinD公式)'!$A9="",'实盘净值数据(iFinD公式)'!$B9=""),"",(SUMPRODUCT(实盘持仓配置!$B$6:$X$6,'实盘净值数据(iFinD公式)'!$B8:$X8/'实盘净值数据(iFinD公式)'!$B$7:$X$7,'实盘净值数据(iFinD公式)'!$B9:$X9/'实盘净值数据(iFinD公式)'!$B8:$X8)/SUMPRODUCT(实盘持仓配置!$B$6:$X$6,'实盘净值数据(iFinD公式)'!$B8:$X8/'实盘净值数据(iFinD公式)'!$B$7:$X$7))*(1-实盘持仓配置!$Z$6)^(('实盘净值数据(iFinD公式)'!$A9-'实盘净值数据(iFinD公式)'!$A8)/365)-1) | J9: =IF(H9="","",H9/MAX(H$5:H9)-1) | K9: =IF(OR((ROW()-1)<8,'实盘净值数据(iFinD公式)'!$A9="",'实盘净值数据(iFinD公式)'!$B9=""),"",SUMPRODUCT(实盘持仓配置!$B$7:$X$7,'实盘净值数据(iFinD公式)'!$B9:$X9/'实盘净值数据(iFinD公式)'!$B$8:$X$8)*(1-实盘持仓配置!$Z$7)^(('实盘净值数据(iFinD公式)'!$A9-'实盘净值数据(iFinD公式)'!$A$8)/365)) | L9: =IF(OR(K8="",'实盘净值数据(iFinD公式)'!$A9="",'实盘净值数据(iFinD公式)'!$B9=""),"",(SUMPRODUCT(实盘持仓配置!$B$7:$X$7,'实盘净值数据(iFinD公式)'!$B8:$X8/'实盘净值数据(iFinD公式)'!$B$8:$X$8,'实盘净值数据(iFinD公式)'!$B9:$X9/'实盘净值数据(iFinD公式)'!$B8:$X8)/SUMPRODUCT(实盘持仓配置!$B$7:$X$7,'实盘净值数据(iFinD公式)'!$B8:$X8/'实盘净值数据(iFinD公式)'!$B$8:$X$8))*(1-实盘持仓配置!$Z$7)^(('实盘净值数据(iFinD公式)'!$A9-'实盘净值数据(iFinD公式)'!$A8)/365)-1) | M9: =IF(K9="","",K9/MAX(K$5:K9)-1) | N9: =IF(OR((ROW()-1)<5,'实盘净值数据(iFinD公式)'!$A9="",'实盘净值数据(iFinD公式)'!$B9=""),"",SUMPRODUCT(实盘持仓配置!$B$8:$X$8,'实盘净值数据(iFinD公式)'!$B9:$X9/'实盘净值数据(iFinD公式)'!$B$5:$X$5)*(1-实盘持仓配置!$Z$8)^(('实盘净值数据(iFinD公式)'!$A9-'实盘净值数据(iFinD公式)'!$A$5)/365)) | O9: =IF(OR(N8="",'实盘净值数据(iFinD公式)'!$A9="",'实盘净值数据(iFinD公式)'!$B9=""),"",(SUMPRODUCT(实盘持仓配置!$B$8:$X$8,'实盘净值数据(iFinD公式)'!$B8:$X8/'实盘净值数据(iFinD公式)'!$B$5:$X$5,'实盘净值数据(iFinD公式)'!$B9:$X9/'实盘净值数据(iFinD公式)'!$B8:$X8)/SUMPRODUCT(实盘持仓配置!$B$8:$X$8,'实盘净值数据(iFinD公式)'!$B8:$X8/'实盘净值数据(iFinD公式)'!$B$5:$X$5))*(1-实盘持仓配置!$Z$8)^(('实盘净值数据(iFinD公式)'!$A9-'实盘净值数据(iFinD公式)'!$A8)/365)-1) | P9: =IF(N9="","",N9/MAX(N$5:N9)-1) | Q9: =IF(OR((ROW()-1)<8,'实盘净值数据(iFinD公式)'!$A9="",'实盘净值数据(iFinD公式)'!$B9=""),"",SUMPRODUCT(实盘持仓配置!$B$9:$X$9,'实盘净值数据(iFinD公式)'!$B9:$X9/'实盘净值数据(iFinD公式)'!$B$8:$X$8)*(1-实盘持仓配置!$Z$9)^(('实盘净值数据(iFinD公式)'!$A9-'实盘净值数据(iFinD公式)'!$A$8)/365)) | R9: =IF(OR(Q8="",'实盘净值数据(iFinD公式)'!$A9="",'实盘净值数据(iFinD公式)'!$B9=""),"",(SUMPRODUCT(实盘持仓配置!$B$9:$X$9,'实盘净值数据(iFinD公式)'!$B8:$X8/'实盘净值数据(iFinD公式)'!$B$8:$X$8,'实盘净值数据(iFinD公式)'!$B9:$X9/'实盘净值数据(iFinD公式)'!$B8:$X8)/SUMPRODUCT(实盘持仓配置!$B$9:$X$9,'实盘净值数据(iFinD公式)'!$B8:$X8/'实盘净值数据(iFinD公式)'!$B$8:$X$8))*(1-实盘持仓配置!$Z$9)^(('实盘净值数据(iFinD公式)'!$A9-'实盘净值数据(iFinD公式)'!$A8)/365)-1) | S9: =IF(Q9="","",Q9/MAX(Q$5:Q9)-1)
A10: =IF('实盘净值数据(iFinD公式)'!A10="","",'实盘净值数据(iFinD公式)'!A10) | B10: =IF(OR((ROW()-1)<6,'实盘净值数据(iFinD公式)'!$A10="",'实盘净值数据(iFinD公式)'!$B10=""),"",SUMPRODUCT(实盘持仓配置!$B$4:$X$4,'实盘净值数据(iFinD公式)'!$B10:$X10/'实盘净值数据(iFinD公式)'!$B$6:$X$6)*(1-实盘持仓配置!$Z$4)^(('实盘净值数据(iFinD公式)'!$A10-'实盘净值数据(iFinD公式)'!$A$6)/365)) | C10: =IF(OR(B9="",'实盘净值数据(iFinD公式)'!$A10="",'实盘净值数据(iFinD公式)'!$B10=""),"",(SUMPRODUCT(实盘持仓配置!$B$4:$X$4,'实盘净值数据(iFinD公式)'!$B9:$X9/'实盘净值数据(iFinD公式)'!$B$6:$X$6,'实盘净值数据(iFinD公式)'!$B10:$X10/'实盘净值数据(iFinD公式)'!$B9:$X9)/SUMPRODUCT(实盘持仓配置!$B$4:$X$4,'实盘净值数据(iFinD公式)'!$B9:$X9/'实盘净值数据(iFinD公式)'!$B$6:$X$6))*(1-实盘持仓配置!$Z$4)^(('实盘净值数据(iFinD公式)'!$A10-'实盘净值数据(iFinD公式)'!$A9)/365)-1) | D10: =IF(B10="","",B10/MAX(B$5:B10)-1) | E10: =IF(OR((ROW()-1)<5,'实盘净值数据(iFinD公式)'!$A10="",'实盘净值数据(iFinD公式)'!$B10=""),"",SUMPRODUCT(实盘持仓配置!$B$5:$X$5,'实盘净值数据(iFinD公式)'!$B10:$X10/'实盘净值数据(iFinD公式)'!$B$5:$X$5)*(1-实盘持仓配置!$Z$5)^(('实盘净值数据(iFinD公式)'!$A10-'实盘净值数据(iFinD公式)'!$A$5)/365)) | F10: =IF(OR(E9="",'实盘净值数据(iFinD公式)'!$A10="",'实盘净值数据(iFinD公式)'!$B10=""),"",(SUMPRODUCT(实盘持仓配置!$B$5:$X$5,'实盘净值数据(iFinD公式)'!$B9:$X9/'实盘净值数据(iFinD公式)'!$B$5:$X$5,'实盘净值数据(iFinD公式)'!$B10:$X10/'实盘净值数据(iFinD公式)'!$B9:$X9)/SUMPRODUCT(实盘持仓配置!$B$5:$X$5,'实盘净值数据(iFinD公式)'!$B9:$X9/'实盘净值数据(iFinD公式)'!$B$5:$X$5))*(1-实盘持仓配置!$Z$5)^(('实盘净值数据(iFinD公式)'!$A10-'实盘净值数据(iFinD公式)'!$A9)/365)-1) | G10: =IF(E10="","",E10/MAX(E$5:E10)-1) | H10: =IF(OR((ROW()-1)<7,'实盘净值数据(iFinD公式)'!$A10="",'实盘净值数据(iFinD公式)'!$B10=""),"",SUMPRODUCT(实盘持仓配置!$B$6:$X$6,'实盘净值数据(iFinD公式)'!$B10:$X10/'实盘净值数据(iFinD公式)'!$B$7:$X$7)*(1-实盘持仓配置!$Z$6)^(('实盘净值数据(iFinD公式)'!$A10-'实盘净值数据(iFinD公式)'!$A$7)/365)) | I10: =IF(OR(H9="",'实盘净值数据(iFinD公式)'!$A10="",'实盘净值数据(iFinD公式)'!$B10=""),"",(SUMPRODUCT(实盘持仓配置!$B$6:$X$6,'实盘净值数据(iFinD公式)'!$B9:$X9/'实盘净值数据(iFinD公式)'!$B$7:$X$7,'实盘净值数据(iFinD公式)'!$B10:$X10/'实盘净值数据(iFinD公式)'!$B9:$X9)/SUMPRODUCT(实盘持仓配置!$B$6:$X$6,'实盘净值数据(iFinD公式)'!$B9:$X9/'实盘净值数据(iFinD公式)'!$B$7:$X$7))*(1-实盘持仓配置!$Z$6)^(('实盘净值数据(iFinD公式)'!$A10-'实盘净值数据(iFinD公式)'!$A9)/365)-1) | J10: =IF(H10="","",H10/MAX(H$5:H10)-1) | K10: =IF(OR((ROW()-1)<8,'实盘净值数据(iFinD公式)'!$A10="",'实盘净值数据(iFinD公式)'!$B10=""),"",SUMPRODUCT(实盘持仓配置!$B$7:$X$7,'实盘净值数据(iFinD公式)'!$B10:$X10/'实盘净值数据(iFinD公式)'!$B$8:$X$8)*(1-实盘持仓配置!$Z$7)^(('实盘净值数据(iFinD公式)'!$A10-'实盘净值数据(iFinD公式)'!$A$8)/365)) | L10: =IF(OR(K9="",'实盘净值数据(iFinD公式)'!$A10="",'实盘净值数据(iFinD公式)'!$B10=""),"",(SUMPRODUCT(实盘持仓配置!$B$7:$X$7,'实盘净值数据(iFinD公式)'!$B9:$X9/'实盘净值数据(iFinD公式)'!$B$8:$X$8,'实盘净值数据(iFinD公式)'!$B10:$X10/'实盘净值数据(iFinD公式)'!$B9:$X9)/SUMPRODUCT(实盘持仓配置!$B$7:$X$7,'实盘净值数据(iFinD公式)'!$B9:$X9/'实盘净值数据(iFinD公式)'!$B$8:$X$8))*(1-实盘持仓配置!$Z$7)^(('实盘净值数据(iFinD公式)'!$A10-'实盘净值数据(iFinD公式)'!$A9)/365)-1) | M10: =IF(K10="","",K10/MAX(K$5:K10)-1) | N10: =IF(OR((ROW()-1)<5,'实盘净值数据(iFinD公式)'!$A10="",'实盘净值数据(iFinD公式)'!$B10=""),"",SUMPRODUCT(实盘持仓配置!$B$8:$X$8,'实盘净值数据(iFinD公式)'!$B10:$X10/'实盘净值数据(iFinD公式)'!$B$5:$X$5)*(1-实盘持仓配置!$Z$8)^(('实盘净值数据(iFinD公式)'!$A10-'实盘净值数据(iFinD公式)'!$A$5)/365)) | O10: =IF(OR(N9="",'实盘净值数据(iFinD公式)'!$A10="",'实盘净值数据(iFinD公式)'!$B10=""),"",(SUMPRODUCT(实盘持仓配置!$B$8:$X$8,'实盘净值数据(iFinD公式)'!$B9:$X9/'实盘净值数据(iFinD公式)'!$B$5:$X$5,'实盘净值数据(iFinD公式)'!$B10:$X10/'实盘净值数据(iFinD公式)'!$B9:$X9)/SUMPRODUCT(实盘持仓配置!$B$8:$X$8,'实盘净值数据(iFinD公式)'!$B9:$X9/'实盘净值数据(iFinD公式)'!$B$5:$X$5))*(1-实盘持仓配置!$Z$8)^(('实盘净值数据(iFinD公式)'!$A10-'实盘净值数据(iFinD公式)'!$A9)/365)-1) | P10: =IF(N10="","",N10/MAX(N$5:N10)-1) | Q10: =IF(OR((ROW()-1)<8,'实盘净值数据(iFinD公式)'!$A10="",'实盘净值数据(iFinD公式)'!$B10=""),"",SUMPRODUCT(实盘持仓配置!$B$9:$X$9,'实盘净值数据(iFinD公式)'!$B10:$X10/'实盘净值数据(iFinD公式)'!$B$8:$X$8)*(1-实盘持仓配置!$Z$9)^(('实盘净值数据(iFinD公式)'!$A10-'实盘净值数据(iFinD公式)'!$A$8)/365)) | R10: =IF(OR(Q9="",'实盘净值数据(iFinD公式)'!$A10="",'实盘净值数据(iFinD公式)'!$B10=""),"",(SUMPRODUCT(实盘持仓配置!$B$9:$X$9,'实盘净值数据(iFinD公式)'!$B9:$X9/'实盘净值数据(iFinD公式)'!$B$8:$X$8,'实盘净值数据(iFinD公式)'!$B10:$X10/'实盘净值数据(iFinD公式)'!$B9:$X9)/SUMPRODUCT(实盘持仓配置!$B$9:$X$9,'实盘净值数据(iFinD公式)'!$B9:$X9/'实盘净值数据(iFinD公式)'!$B$8:$X$8))*(1-实盘持仓配置!$Z$9)^(('实盘净值数据(iFinD公式)'!$A10-'实盘净值数据(iFinD公式)'!$A9)/365)-1) | S10: =IF(Q10="","",Q10/MAX(Q$5:Q10)-1)
A11: =IF('实盘净值数据(iFinD公式)'!A11="","",'实盘净值数据(iFinD公式)'!A11) | B11: =IF(OR((ROW()-1)<6,'实盘净值数据(iFinD公式)'!$A11="",'实盘净值数据(iFinD公式)'!$B11=""),"",SUMPRODUCT(实盘持仓配置!$B$4:$X$4,'实盘净值数据(iFinD公式)'!$B11:$X11/'实盘净值数据(iFinD公式)'!$B$6:$X$6)*(1-实盘持仓配置!$Z$4)^(('实盘净值数据(iFinD公式)'!$A11-'实盘净值数据(iFinD公式)'!$A$6)/365)) | C11: =IF(OR(B10="",'实盘净值数据(iFinD公式)'!$A11="",'实盘净值数据(iFinD公式)'!$B11=""),"",(SUMPRODUCT(实盘持仓配置!$B$4:$X$4,'实盘净值数据(iFinD公式)'!$B10:$X10/'实盘净值数据(iFinD公式)'!$B$6:$X$6,'实盘净值数据(iFinD公式)'!$B11:$X11/'实盘净值数据(iFinD公式)'!$B10:$X10)/SUMPRODUCT(实盘持仓配置!$B$4:$X$4,'实盘净值数据(iFinD公式)'!$B10:$X10/'实盘净值数据(iFinD公式)'!$B$6:$X$6))*(1-实盘持仓配置!$Z$4)^(('实盘净值数据(iFinD公式)'!$A11-'实盘净值数据(iFinD公式)'!$A10)/365)-1) | D11: =IF(B11="","",B11/MAX(B$5:B11)-1) | E11: =IF(OR((ROW()-1)<5,'实盘净值数据(iFinD公式)'!$A11="",'实盘净值数据(iFinD公式)'!$B11=""),"",SUMPRODUCT(实盘持仓配置!$B$5:$X$5,'实盘净值数据(iFinD公式)'!$B11:$X11/'实盘净值数据(iFinD公式)'!$B$5:$X$5)*(1-实盘持仓配置!$Z$5)^(('实盘净值数据(iFinD公式)'!$A11-'实盘净值数据(iFinD公式)'!$A$5)/365)) | F11: =IF(OR(E10="",'实盘净值数据(iFinD公式)'!$A11="",'实盘净值数据(iFinD公式)'!$B11=""),"",(SUMPRODUCT(实盘持仓配置!$B$5:$X$5,'实盘净值数据(iFinD公式)'!$B10:$X10/'实盘净值数据(iFinD公式)'!$B$5:$X$5,'实盘净值数据(iFinD公式)'!$B11:$X11/'实盘净值数据(iFinD公式)'!$B10:$X10)/SUMPRODUCT(实盘持仓配置!$B$5:$X$5,'实盘净值数据(iFinD公式)'!$B10:$X10/'实盘净值数据(iFinD公式)'!$B$5:$X$5))*(1-实盘持仓配置!$Z$5)^(('实盘净值数据(iFinD公式)'!$A11-'实盘净值数据(iFinD公式)'!$A10)/365)-1) | G11: =IF(E11="","",E11/MAX(E$5:E11)-1) | H11: =IF(OR((ROW()-1)<7,'实盘净值数据(iFinD公式)'!$A11="",'实盘净值数据(iFinD公式)'!$B11=""),"",SUMPRODUCT(实盘持仓配置!$B$6:$X$6,'实盘净值数据(iFinD公式)'!$B11:$X11/'实盘净值数据(iFinD公式)'!$B$7:$X$7)*(1-实盘持仓配置!$Z$6)^(('实盘净值数据(iFinD公式)'!$A11-'实盘净值数据(iFinD公式)'!$A$7)/365)) | I11: =IF(OR(H10="",'实盘净值数据(iFinD公式)'!$A11="",'实盘净值数据(iFinD公式)'!$B11=""),"",(SUMPRODUCT(实盘持仓配置!$B$6:$X$6,'实盘净值数据(iFinD公式)'!$B10:$X10/'实盘净值数据(iFinD公式)'!$B$7:$X$7,'实盘净值数据(iFinD公式)'!$B11:$X11/'实盘净值数据(iFinD公式)'!$B10:$X10)/SUMPRODUCT(实盘持仓配置!$B$6:$X$6,'实盘净值数据(iFinD公式)'!$B10:$X10/'实盘净值数据(iFinD公式)'!$B$7:$X$7))*(1-实盘持仓配置!$Z$6)^(('实盘净值数据(iFinD公式)'!$A11-'实盘净值数据(iFinD公式)'!$A10)/365)-1) | J11: =IF(H11="","",H11/MAX(H$5:H11)-1) | K11: =IF(OR((ROW()-1)<8,'实盘净值数据(iFinD公式)'!$A11="",'实盘净值数据(iFinD公式)'!$B11=""),"",SUMPRODUCT(实盘持仓配置!$B$7:$X$7,'实盘净值数据(iFinD公式)'!$B11:$X11/'实盘净值数据(iFinD公式)'!$B$8:$X$8)*(1-实盘持仓配置!$Z$7)^(('实盘净值数据(iFinD公式)'!$A11-'实盘净值数据(iFinD公式)'!$A$8)/365)) | L11: =IF(OR(K10="",'实盘净值数据(iFinD公式)'!$A11="",'实盘净值数据(iFinD公式)'!$B11=""),"",(SUMPRODUCT(实盘持仓配置!$B$7:$X$7,'实盘净值数据(iFinD公式)'!$B10:$X10/'实盘净值数据(iFinD公式)'!$B$8:$X$8,'实盘净值数据(iFinD公式)'!$B11:$X11/'实盘净值数据(iFinD公式)'!$B10:$X10)/SUMPRODUCT(实盘持仓配置!$B$7:$X$7,'实盘净值数据(iFinD公式)'!$B10:$X10/'实盘净值数据(iFinD公式)'!$B$8:$X$8))*(1-实盘持仓配置!$Z$7)^(('实盘净值数据(iFinD公式)'!$A11-'实盘净值数据(iFinD公式)'!$A10)/365)-1) | M11: =IF(K11="","",K11/MAX(K$5:K11)-1) | N11: =IF(OR((ROW()-1)<5,'实盘净值数据(iFinD公式)'!$A11="",'实盘净值数据(iFinD公式)'!$B11=""),"",SUMPRODUCT(实盘持仓配置!$B$8:$X$8,'实盘净值数据(iFinD公式)'!$B11:$X11/'实盘净值数据(iFinD公式)'!$B$5:$X$5)*(1-实盘持仓配置!$Z$8)^(('实盘净值数据(iFinD公式)'!$A11-'实盘净值数据(iFinD公式)'!$A$5)/365)) | O11: =IF(OR(N10="",'实盘净值数据(iFinD公式)'!$A11="",'实盘净值数据(iFinD公式)'!$B11=""),"",(SUMPRODUCT(实盘持仓配置!$B$8:$X$8,'实盘净值数据(iFinD公式)'!$B10:$X10/'实盘净值数据(iFinD公式)'!$B$5:$X$5,'实盘净值数据(iFinD公式)'!$B11:$X11/'实盘净值数据(iFinD公式)'!$B10:$X10)/SUMPRODUCT(实盘持仓配置!$B$8:$X$8,'实盘净值数据(iFinD公式)'!$B10:$X10/'实盘净值数据(iFinD公式)'!$B$5:$X$5))*(1-实盘持仓配置!$Z$8)^(('实盘净值数据(iFinD公式)'!$A11-'实盘净值数据(iFinD公式)'!$A10)/365)-1) | P11: =IF(N11="","",N11/MAX(N$5:N11)-1) | Q11: =IF(OR((ROW()-1)<8,'实盘净值数据(iFinD公式)'!$A11="",'实盘净值数据(iFinD公式)'!$B11=""),"",SUMPRODUCT(实盘持仓配置!$B$9:$X$9,'实盘净值数据(iFinD公式)'!$B11:$X11/'实盘净值数据(iFinD公式)'!$B$8:$X$8)*(1-实盘持仓配置!$Z$9)^(('实盘净值数据(iFinD公式)'!$A11-'实盘净值数据(iFinD公式)'!$A$8)/365)) | R11: =IF(OR(Q10="",'实盘净值数据(iFinD公式)'!$A11="",'实盘净值数据(iFinD公式)'!$B11=""),"",(SUMPRODUCT(实盘持仓配置!$B$9:$X$9,'实盘净值数据(iFinD公式)'!$B10:$X10/'实盘净值数据(iFinD公式)'!$B$8:$X$8,'实盘净值数据(iFinD公式)'!$B11:$X11/'实盘净值数据(iFinD公式)'!$B10:$X10)/SUMPRODUCT(实盘持仓配置!$B$9:$X$9,'实盘净值数据(iFinD公式)'!$B10:$X10/'实盘净值数据(iFinD公式)'!$B$8:$X$8))*(1-实盘持仓配置!$Z$9)^(('实盘净值数据(iFinD公式)'!$A11-'实盘净值数据(iFinD公式)'!$A10)/365)-1) | S11: =IF(Q11="","",Q11/MAX(Q$5:Q11)-1)
A12: =IF('实盘净值数据(iFinD公式)'!A12="","",'实盘净值数据(iFinD公式)'!A12) | B12: =IF(OR((ROW()-1)<6,'实盘净值数据(iFinD公式)'!$A12="",'实盘净值数据(iFinD公式)'!$B12=""),"",SUMPRODUCT(实盘持仓配置!$B$4:$X$4,'实盘净值数据(iFinD公式)'!$B12:$X12/'实盘净值数据(iFinD公式)'!$B$6:$X$6)*(1-实盘持仓配置!$Z$4)^(('实盘净值数据(iFinD公式)'!$A12-'实盘净值数据(iFinD公式)'!$A$6)/365)) | C12: =IF(OR(B11="",'实盘净值数据(iFinD公式)'!$A12="",'实盘净值数据(iFinD公式)'!$B12=""),"",(SUMPRODUCT(实盘持仓配置!$B$4:$X$4,'实盘净值数据(iFinD公式)'!$B11:$X11/'实盘净值数据(iFinD公式)'!$B$6:$X$6,'实盘净值数据(iFinD公式)'!$B12:$X12/'实盘净值数据(iFinD公式)'!$B11:$X11)/SUMPRODUCT(实盘持仓配置!$B$4:$X$4,'实盘净值数据(iFinD公式)'!$B11:$X11/'实盘净值数据(iFinD公式)'!$B$6:$X$6))*(1-实盘持仓配置!$Z$4)^(('实盘净值数据(iFinD公式)'!$A12-'实盘净值数据(iFinD公式)'!$A11)/365)-1) | D12: =IF(B12="","",B12/MAX(B$5:B12)-1) | E12: =IF(OR((ROW()-1)<5,'实盘净值数据(iFinD公式)'!$A12="",'实盘净值数据(iFinD公式)'!$B12=""),"",SUMPRODUCT(实盘持仓配置!$B$5:$X$5,'实盘净值数据(iFinD公式)'!$B12:$X12/'实盘净值数据(iFinD公式)'!$B$5:$X$5)*(1-实盘持仓配置!$Z$5)^(('实盘净值数据(iFinD公式)'!$A12-'实盘净值数据(iFinD公式)'!$A$5)/365)) | F12: =IF(OR(E11="",'实盘净值数据(iFinD公式)'!$A12="",'实盘净值数据(iFinD公式)'!$B12=""),"",(SUMPRODUCT(实盘持仓配置!$B$5:$X$5,'实盘净值数据(iFinD公式)'!$B11:$X11/'实盘净值数据(iFinD公式)'!$B$5:$X$5,'实盘净值数据(iFinD公式)'!$B12:$X12/'实盘净值数据(iFinD公式)'!$B11:$X11)/SUMPRODUCT(实盘持仓配置!$B$5:$X$5,'实盘净值数据(iFinD公式)'!$B11:$X11/'实盘净值数据(iFinD公式)'!$B$5:$X$5))*(1-实盘持仓配置!$Z$5)^(('实盘净值数据(iFinD公式)'!$A12-'实盘净值数据(iFinD公式)'!$A11)/365)-1) | G12: =IF(E12="","",E12/MAX(E$5:E12)-1) | H12: =IF(OR((ROW()-1)<7,'实盘净值数据(iFinD公式)'!$A12="",'实盘净值数据(iFinD公式)'!$B12=""),"",SUMPRODUCT(实盘持仓配置!$B$6:$X$6,'实盘净值数据(iFinD公式)'!$B12:$X12/'实盘净值数据(iFinD公式)'!$B$7:$X$7)*(1-实盘持仓配置!$Z$6)^(('实盘净值数据(iFinD公式)'!$A12-'实盘净值数据(iFinD公式)'!$A$7)/365)) | I12: =IF(OR(H11="",'实盘净值数据(iFinD公式)'!$A12="",'实盘净值数据(iFinD公式)'!$B12=""),"",(SUMPRODUCT(实盘持仓配置!$B$6:$X$6,'实盘净值数据(iFinD公式)'!$B11:$X11/'实盘净值数据(iFinD公式)'!$B$7:$X$7,'实盘净值数据(iFinD公式)'!$B12:$X12/'实盘净值数据(iFinD公式)'!$B11:$X11)/SUMPRODUCT(实盘持仓配置!$B$6:$X$6,'实盘净值数据(iFinD公式)'!$B11:$X11/'实盘净值数据(iFinD公式)'!$B$7:$X$7))*(1-实盘持仓配置!$Z$6)^(('实盘净值数据(iFinD公式)'!$A12-'实盘净值数据(iFinD公式)'!$A11)/365)-1) | J12: =IF(H12="","",H12/MAX(H$5:H12)-1) | K12: =IF(OR((ROW()-1)<8,'实盘净值数据(iFinD公式)'!$A12="",'实盘净值数据(iFinD公式)'!$B12=""),"",SUMPRODUCT(实盘持仓配置!$B$7:$X$7,'实盘净值数据(iFinD公式)'!$B12:$X12/'实盘净值数据(iFinD公式)'!$B$8:$X$8)*(1-实盘持仓配置!$Z$7)^(('实盘净值数据(iFinD公式)'!$A12-'实盘净值数据(iFinD公式)'!$A$8)/365)) | L12: =IF(OR(K11="",'实盘净值数据(iFinD公式)'!$A12="",'实盘净值数据(iFinD公式)'!$B12=""),"",(SUMPRODUCT(实盘持仓配置!$B$7:$X$7,'实盘净值数据(iFinD公式)'!$B11:$X11/'实盘净值数据(iFinD公式)'!$B$8:$X$8,'实盘净值数据(iFinD公式)'!$B12:$X12/'实盘净值数据(iFinD公式)'!$B11:$X11)/SUMPRODUCT(实盘持仓配置!$B$7:$X$7,'实盘净值数据(iFinD公式)'!$B11:$X11/'实盘净值数据(iFinD公式)'!$B$8:$X$8))*(1-实盘持仓配置!$Z$7)^(('实盘净值数据(iFinD公式)'!$A12-'实盘净值数据(iFinD公式)'!$A11)/365)-1) | M12: =IF(K12="","",K12/MAX(K$5:K12)-1) | N12: =IF(OR((ROW()-1)<5,'实盘净值数据(iFinD公式)'!$A12="",'实盘净值数据(iFinD公式)'!$B12=""),"",SUMPRODUCT(实盘持仓配置!$B$8:$X$8,'实盘净值数据(iFinD公式)'!$B12:$X12/'实盘净值数据(iFinD公式)'!$B$5:$X$5)*(1-实盘持仓配置!$Z$8)^(('实盘净值数据(iFinD公式)'!$A12-'实盘净值数据(iFinD公式)'!$A$5)/365)) | O12: =IF(OR(N11="",'实盘净值数据(iFinD公式)'!$A12="",'实盘净值数据(iFinD公式)'!$B12=""),"",(SUMPRODUCT(实盘持仓配置!$B$8:$X$8,'实盘净值数据(iFinD公式)'!$B11:$X11/'实盘净值数据(iFinD公式)'!$B$5:$X$5,'实盘净值数据(iFinD公式)'!$B12:$X12/'实盘净值数据(iFinD公式)'!$B11:$X11)/SUMPRODUCT(实盘持仓配置!$B$8:$X$8,'实盘净值数据(iFinD公式)'!$B11:$X11/'实盘净值数据(iFinD公式)'!$B$5:$X$5))*(1-实盘持仓配置!$Z$8)^(('实盘净值数据(iFinD公式)'!$A12-'实盘净值数据(iFinD公式)'!$A11)/365)-1) | P12: =IF(N12="","",N12/MAX(N$5:N12)-1) | Q12: =IF(OR((ROW()-1)<8,'实盘净值数据(iFinD公式)'!$A12="",'实盘净值数据(iFinD公式)'!$B12=""),"",SUMPRODUCT(实盘持仓配置!$B$9:$X$9,'实盘净值数据(iFinD公式)'!$B12:$X12/'实盘净值数据(iFinD公式)'!$B$8:$X$8)*(1-实盘持仓配置!$Z$9)^(('实盘净值数据(iFinD公式)'!$A12-'实盘净值数据(iFinD公式)'!$A$8)/365)) | R12: =IF(OR(Q11="",'实盘净值数据(iFinD公式)'!$A12="",'实盘净值数据(iFinD公式)'!$B12=""),"",(SUMPRODUCT(实盘持仓配置!$B$9:$X$9,'实盘净值数据(iFinD公式)'!$B11:$X11/'实盘净值数据(iFinD公式)'!$B$8:$X$8,'实盘净值数据(iFinD公式)'!$B12:$X12/'实盘净值数据(iFinD公式)'!$B11:$X11)/SUMPRODUCT(实盘持仓配置!$B$9:$X$9,'实盘净值数据(iFinD公式)'!$B11:$X11/'实盘净值数据(iFinD公式)'!$B$8:$X$8))*(1-实盘持仓配置!$Z$9)^(('实盘净值数据(iFinD公式)'!$A12-'实盘净值数据(iFinD公式)'!$A11)/365)-1) | S12: =IF(Q12="","",Q12/MAX(Q$5:Q12)-1)
A13: =IF('实盘净值数据(iFinD公式)'!A13="","",'实盘净值数据(iFinD公式)'!A13) | B13: =IF(OR((ROW()-1)<6,'实盘净值数据(iFinD公式)'!$A13="",'实盘净值数据(iFinD公式)'!$B13=""),"",SUMPRODUCT(实盘持仓配置!$B$4:$X$4,'实盘净值数据(iFinD公式)'!$B13:$X13/'实盘净值数据(iFinD公式)'!$B$6:$X$6)*(1-实盘持仓配置!$Z$4)^(('实盘净值数据(iFinD公式)'!$A13-'实盘净值数据(iFinD公式)'!$A$6)/365)) | C13: =IF(OR(B12="",'实盘净值数据(iFinD公式)'!$A13="",'实盘净值数据(iFinD公式)'!$B13=""),"",(SUMPRODUCT(实盘持仓配置!$B$4:$X$4,'实盘净值数据(iFinD公式)'!$B12:$X12/'实盘净值数据(iFinD公式)'!$B$6:$X$6,'实盘净值数据(iFinD公式)'!$B13:$X13/'实盘净值数据(iFinD公式)'!$B12:$X12)/SUMPRODUCT(实盘持仓配置!$B$4:$X$4,'实盘净值数据(iFinD公式)'!$B12:$X12/'实盘净值数据(iFinD公式)'!$B$6:$X$6))*(1-实盘持仓配置!$Z$4)^(('实盘净值数据(iFinD公式)'!$A13-'实盘净值数据(iFinD公式)'!$A12)/365)-1) | D13: =IF(B13="","",B13/MAX(B$5:B13)-1) | E13: =IF(OR((ROW()-1)<5,'实盘净值数据(iFinD公式)'!$A13="",'实盘净值数据(iFinD公式)'!$B13=""),"",SUMPRODUCT(实盘持仓配置!$B$5:$X$5,'实盘净值数据(iFinD公式)'!$B13:$X13/'实盘净值数据(iFinD公式)'!$B$5:$X$5)*(1-实盘持仓配置!$Z$5)^(('实盘净值数据(iFinD公式)'!$A13-'实盘净值数据(iFinD公式)'!$A$5)/365)) | F13: =IF(OR(E12="",'实盘净值数据(iFinD公式)'!$A13="",'实盘净值数据(iFinD公式)'!$B13=""),"",(SUMPRODUCT(实盘持仓配置!$B$5:$X$5,'实盘净值数据(iFinD公式)'!$B12:$X12/'实盘净值数据(iFinD公式)'!$B$5:$X$5,'实盘净值数据(iFinD公式)'!$B13:$X13/'实盘净值数据(iFinD公式)'!$B12:$X12)/SUMPRODUCT(实盘持仓配置!$B$5:$X$5,'实盘净值数据(iFinD公式)'!$B12:$X12/'实盘净值数据(iFinD公式)'!$B$5:$X$5))*(1-实盘持仓配置!$Z$5)^(('实盘净值数据(iFinD公式)'!$A13-'实盘净值数据(iFinD公式)'!$A12)/365)-1) | G13: =IF(E13="","",E13/MAX(E$5:E13)-1) | H13: =IF(OR((ROW()-1)<7,'实盘净值数据(iFinD公式)'!$A13="",'实盘净值数据(iFinD公式)'!$B13=""),"",SUMPRODUCT(实盘持仓配置!$B$6:$X$6,'实盘净值数据(iFinD公式)'!$B13:$X13/'实盘净值数据(iFinD公式)'!$B$7:$X$7)*(1-实盘持仓配置!$Z$6)^(('实盘净值数据(iFinD公式)'!$A13-'实盘净值数据(iFinD公式)'!$A$7)/365)) | I13: =IF(OR(H12="",'实盘净值数据(iFinD公式)'!$A13="",'实盘净值数据(iFinD公式)'!$B13=""),"",(SUMPRODUCT(实盘持仓配置!$B$6:$X$6,'实盘净值数据(iFinD公式)'!$B12:$X12/'实盘净值数据(iFinD公式)'!$B$7:$X$7,'实盘净值数据(iFinD公式)'!$B13:$X13/'实盘净值数据(iFinD公式)'!$B12:$X12)/SUMPRODUCT(实盘持仓配置!$B$6:$X$6,'实盘净值数据(iFinD公式)'!$B12:$X12/'实盘净值数据(iFinD公式)'!$B$7:$X$7))*(1-实盘持仓配置!$Z$6)^(('实盘净值数据(iFinD公式)'!$A13-'实盘净值数据(iFinD公式)'!$A12)/365)-1) | J13: =IF(H13="","",H13/MAX(H$5:H13)-1) | K13: =IF(OR((ROW()-1)<8,'实盘净值数据(iFinD公式)'!$A13="",'实盘净值数据(iFinD公式)'!$B13=""),"",SUMPRODUCT(实盘持仓配置!$B$7:$X$7,'实盘净值数据(iFinD公式)'!$B13:$X13/'实盘净值数据(iFinD公式)'!$B$8:$X$8)*(1-实盘持仓配置!$Z$7)^(('实盘净值数据(iFinD公式)'!$A13-'实盘净值数据(iFinD公式)'!$A$8)/365)) | L13: =IF(OR(K12="",'实盘净值数据(iFinD公式)'!$A13="",'实盘净值数据(iFinD公式)'!$B13=""),"",(SUMPRODUCT(实盘持仓配置!$B$7:$X$7,'实盘净值数据(iFinD公式)'!$B12:$X12/'实盘净值数据(iFinD公式)'!$B$8:$X$8,'实盘净值数据(iFinD公式)'!$B13:$X13/'实盘净值数据(iFinD公式)'!$B12:$X12)/SUMPRODUCT(实盘持仓配置!$B$7:$X$7,'实盘净值数据(iFinD公式)'!$B12:$X12/'实盘净值数据(iFinD公式)'!$B$8:$X$8))*(1-实盘持仓配置!$Z$7)^(('实盘净值数据(iFinD公式)'!$A13-'实盘净值数据(iFinD公式)'!$A12)/365)-1) | M13: =IF(K13="","",K13/MAX(K$5:K13)-1) | N13: =IF(OR((ROW()-1)<5,'实盘净值数据(iFinD公式)'!$A13="",'实盘净值数据(iFinD公式)'!$B13=""),"",SUMPRODUCT(实盘持仓配置!$B$8:$X$8,'实盘净值数据(iFinD公式)'!$B13:$X13/'实盘净值数据(iFinD公式)'!$B$5:$X$5)*(1-实盘持仓配置!$Z$8)^(('实盘净值数据(iFinD公式)'!$A13-'实盘净值数据(iFinD公式)'!$A$5)/365)) | O13: =IF(OR(N12="",'实盘净值数据(iFinD公式)'!$A13="",'实盘净值数据(iFinD公式)'!$B13=""),"",(SUMPRODUCT(实盘持仓配置!$B$8:$X$8,'实盘净值数据(iFinD公式)'!$B12:$X12/'实盘净值数据(iFinD公式)'!$B$5:$X$5,'实盘净值数据(iFinD公式)'!$B13:$X13/'实盘净值数据(iFinD公式)'!$B12:$X12)/SUMPRODUCT(实盘持仓配置!$B$8:$X$8,'实盘净值数据(iFinD公式)'!$B12:$X12/'实盘净值数据(iFinD公式)'!$B$5:$X$5))*(1-实盘持仓配置!$Z$8)^(('实盘净值数据(iFinD公式)'!$A13-'实盘净值数据(iFinD公式)'!$A12)/365)-1) | P13: =IF(N13="","",N13/MAX(N$5:N13)-1) | Q13: =IF(OR((ROW()-1)<8,'实盘净值数据(iFinD公式)'!$A13="",'实盘净值数据(iFinD公式)'!$B13=""),"",SUMPRODUCT(实盘持仓配置!$B$9:$X$9,'实盘净值数据(iFinD公式)'!$B13:$X13/'实盘净值数据(iFinD公式)'!$B$8:$X$8)*(1-实盘持仓配置!$Z$9)^(('实盘净值数据(iFinD公式)'!$A13-'实盘净值数据(iFinD公式)'!$A$8)/365)) | R13: =IF(OR(Q12="",'实盘净值数据(iFinD公式)'!$A13="",'实盘净值数据(iFinD公式)'!$B13=""),"",(SUMPRODUCT(实盘持仓配置!$B$9:$X$9,'实盘净值数据(iFinD公式)'!$B12:$X12/'实盘净值数据(iFinD公式)'!$B$8:$X$8,'实盘净值数据(iFinD公式)'!$B13:$X13/'实盘净值数据(iFinD公式)'!$B12:$X12)/SUMPRODUCT(实盘持仓配置!$B$9:$X$9,'实盘净值数据(iFinD公式)'!$B12:$X12/'实盘净值数据(iFinD公式)'!$B$8:$X$8))*(1-实盘持仓配置!$Z$9)^(('实盘净值数据(iFinD公式)'!$A13-'实盘净值数据(iFinD公式)'!$A12)/365)-1) | S13: =IF(Q13="","",Q13/MAX(Q$5:Q13)-1)
A14: =IF('实盘净值数据(iFinD公式)'!A14="","",'实盘净值数据(iFinD公式)'!A14) | B14: =IF(OR((ROW()-1)<6,'实盘净值数据(iFinD公式)'!$A14="",'实盘净值数据(iFinD公式)'!$B14=""),"",SUMPRODUCT(实盘持仓配置!$B$4:$X$4,'实盘净值数据(iFinD公式)'!$B14:$X14/'实盘净值数据(iFinD公式)'!$B$6:$X$6)*(1-实盘持仓配置!$Z$4)^(('实盘净值数据(iFinD公式)'!$A14-'实盘净值数据(iFinD公式)'!$A$6)/365)) | C14: =IF(OR(B13="",'实盘净值数据(iFinD公式)'!$A14="",'实盘净值数据(iFinD公式)'!$B14=""),"",(SUMPRODUCT(实盘持仓配置!$B$4:$X$4,'实盘净值数据(iFinD公式)'!$B13:$X13/'实盘净值数据(iFinD公式)'!$B$6:$X$6,'实盘净值数据(iFinD公式)'!$B14:$X14/'实盘净值数据(iFinD公式)'!$B13:$X13)/SUMPRODUCT(实盘持仓配置!$B$4:$X$4,'实盘净值数据(iFinD公式)'!$B13:$X13/'实盘净值数据(iFinD公式)'!$B$6:$X$6))*(1-实盘持仓配置!$Z$4)^(('实盘净值数据(iFinD公式)'!$A14-'实盘净值数据(iFinD公式)'!$A13)/365)-1) | D14: =IF(B14="","",B14/MAX(B$5:B14)-1) | E14: =IF(OR((ROW()-1)<5,'实盘净值数据(iFinD公式)'!$A14="",'实盘净值数据(iFinD公式)'!$B14=""),"",SUMPRODUCT(实盘持仓配置!$B$5:$X$5,'实盘净值数据(iFinD公式)'!$B14:$X14/'实盘净值数据(iFinD公式)'!$B$5:$X$5)*(1-实盘持仓配置!$Z$5)^(('实盘净值数据(iFinD公式)'!$A14-'实盘净值数据(iFinD公式)'!$A$5)/365)) | F14: =IF(OR(E13="",'实盘净值数据(iFinD公式)'!$A14="",'实盘净值数据(iFinD公式)'!$B14=""),"",(SUMPRODUCT(实盘持仓配置!$B$5:$X$5,'实盘净值数据(iFinD公式)'!$B13:$X13/'实盘净值数据(iFinD公式)'!$B$5:$X$5,'实盘净值数据(iFinD公式)'!$B14:$X14/'实盘净值数据(iFinD公式)'!$B13:$X13)/SUMPRODUCT(实盘持仓配置!$B$5:$X$5,'实盘净值数据(iFinD公式)'!$B13:$X13/'实盘净值数据(iFinD公式)'!$B$5:$X$5))*(1-实盘持仓配置!$Z$5)^(('实盘净值数据(iFinD公式)'!$A14-'实盘净值数据(iFinD公式)'!$A13)/365)-1) | G14: =IF(E14="","",E14/MAX(E$5:E14)-1) | H14: =IF(OR((ROW()-1)<7,'实盘净值数据(iFinD公式)'!$A14="",'实盘净值数据(iFinD公式)'!$B14=""),"",SUMPRODUCT(实盘持仓配置!$B$6:$X$6,'实盘净值数据(iFinD公式)'!$B14:$X14/'实盘净值数据(iFinD公式)'!$B$7:$X$7)*(1-实盘持仓配置!$Z$6)^(('实盘净值数据(iFinD公式)'!$A14-'实盘净值数据(iFinD公式)'!$A$7)/365)) | I14: =IF(OR(H13="",'实盘净值数据(iFinD公式)'!$A14="",'实盘净值数据(iFinD公式)'!$B14=""),"",(SUMPRODUCT(实盘持仓配置!$B$6:$X$6,'实盘净值数据(iFinD公式)'!$B13:$X13/'实盘净值数据(iFinD公式)'!$B$7:$X$7,'实盘净值数据(iFinD公式)'!$B14:$X14/'实盘净值数据(iFinD公式)'!$B13:$X13)/SUMPRODUCT(实盘持仓配置!$B$6:$X$6,'实盘净值数据(iFinD公式)'!$B13:$X13/'实盘净值数据(iFinD公式)'!$B$7:$X$7))*(1-实盘持仓配置!$Z$6)^(('实盘净值数据(iFinD公式)'!$A14-'实盘净值数据(iFinD公式)'!$A13)/365)-1) | J14: =IF(H14="","",H14/MAX(H$5:H14)-1) | K14: =IF(OR('实盘净值数据(iFinD公式)'!$A14="",'实盘净值数据(iFinD公式)'!$B14=""),"",分期持仓明细!$AB$9*SUMPRODUCT(分期持仓明细!$B$9:$Y$9,'实盘净值数据(iFinD公式)'!$B14:$Y14/'实盘净值数据(iFinD公式)'!$B$13:$Y$13)*(1-实盘持仓配置!$Z$7)^(('实盘净值数据(iFinD公式)'!$A14-'实盘净值数据(iFinD公式)'!$A$8)/365)) | L14: =IF(OR(K13="",K14=""),"",K14/K13-1) | M14: =IF(K14="","",K14/MAX(K$5:K14)-1) | N14: =IF(OR('实盘净值数据(iFinD公式)'!$A14="",'实盘净值数据(iFinD公式)'!$B14=""),"",分期持仓明细!$AB$11*SUMPRODUCT(分期持仓明细!$B$11:$Y$11,'实盘净值数据(iFinD公式)'!$B14:$Y14/'实盘净值数据(iFinD公式)'!$B$13:$Y$13)*(1-实盘持仓配置!$Z$8)^(('实盘净值数据(iFinD公式)'!$A14-'实盘净值数据(iFinD公式)'!$A$5)/365)) | O14: =IF(OR(N13="",N14=""),"",N14/N13-1) | P14: =IF(N14="","",N14/MAX(N$5:N14)-1) | Q14: =IF(OR('实盘净值数据(iFinD公式)'!$A14="",'实盘净值数据(iFinD公式)'!$B14=""),"",分期持仓明细!$AB$13*SUMPRODUCT(分期持仓明细!$B$13:$Y$13,'实盘净值数据(iFinD公式)'!$B14:$Y14/'实盘净值数据(iFinD公式)'!$B$13:$Y$13)*(1-实盘持仓配置!$Z$9)^(('实盘净值数据(iFinD公式)'!$A14-'实盘净值数据(iFinD公式)'!$A$8)/365)) | R14: =IF(OR(Q13="",Q14=""),"",Q14/Q13-1) | S14: =IF(Q14="","",Q14/MAX(Q$5:Q14)-1)
A15: =IF('实盘净值数据(iFinD公式)'!A15="","",'实盘净值数据(iFinD公式)'!A15) | B15: =IF(OR((ROW()-1)<6,'实盘净值数据(iFinD公式)'!$A15="",'实盘净值数据(iFinD公式)'!$B15=""),"",SUMPRODUCT(实盘持仓配置!$B$4:$X$4,'实盘净值数据(iFinD公式)'!$B15:$X15/'实盘净值数据(iFinD公式)'!$B$6:$X$6)*(1-实盘持仓配置!$Z$4)^(('实盘净值数据(iFinD公式)'!$A15-'实盘净值数据(iFinD公式)'!$A$6)/365)) | C15: =IF(OR(B14="",'实盘净值数据(iFinD公式)'!$A15="",'实盘净值数据(iFinD公式)'!$B15=""),"",(SUMPRODUCT(实盘持仓配置!$B$4:$X$4,'实盘净值数据(iFinD公式)'!$B14:$X14/'实盘净值数据(iFinD公式)'!$B$6:$X$6,'实盘净值数据(iFinD公式)'!$B15:$X15/'实盘净值数据(iFinD公式)'!$B14:$X14)/SUMPRODUCT(实盘持仓配置!$B$4:$X$4,'实盘净值数据(iFinD公式)'!$B14:$X14/'实盘净值数据(iFinD公式)'!$B$6:$X$6))*(1-实盘持仓配置!$Z$4)^(('实盘净值数据(iFinD公式)'!$A15-'实盘净值数据(iFinD公式)'!$A14)/365)-1) | D15: =IF(B15="","",B15/MAX(B$5:B15)-1) | E15: =IF(OR((ROW()-1)<5,'实盘净值数据(iFinD公式)'!$A15="",'实盘净值数据(iFinD公式)'!$B15=""),"",SUMPRODUCT(实盘持仓配置!$B$5:$X$5,'实盘净值数据(iFinD公式)'!$B15:$X15/'实盘净值数据(iFinD公式)'!$B$5:$X$5)*(1-实盘持仓配置!$Z$5)^(('实盘净值数据(iFinD公式)'!$A15-'实盘净值数据(iFinD公式)'!$A$5)/365)) | F15: =IF(OR(E14="",'实盘净值数据(iFinD公式)'!$A15="",'实盘净值数据(iFinD公式)'!$B15=""),"",(SUMPRODUCT(实盘持仓配置!$B$5:$X$5,'实盘净值数据(iFinD公式)'!$B14:$X14/'实盘净值数据(iFinD公式)'!$B$5:$X$5,'实盘净值数据(iFinD公式)'!$B15:$X15/'实盘净值数据(iFinD公式)'!$B14:$X14)/SUMPRODUCT(实盘持仓配置!$B$5:$X$5,'实盘净值数据(iFinD公式)'!$B14:$X14/'实盘净值数据(iFinD公式)'!$B$5:$X$5))*(1-实盘持仓配置!$Z$5)^(('实盘净值数据(iFinD公式)'!$A15-'实盘净值数据(iFinD公式)'!$A14)/365)-1) | G15: =IF(E15="","",E15/MAX(E$5:E15)-1) | H15: =IF(OR((ROW()-1)<7,'实盘净值数据(iFinD公式)'!$A15="",'实盘净值数据(iFinD公式)'!$B15=""),"",SUMPRODUCT(实盘持仓配置!$B$6:$X$6,'实盘净值数据(iFinD公式)'!$B15:$X15/'实盘净值数据(iFinD公式)'!$B$7:$X$7)*(1-实盘持仓配置!$Z$6)^(('实盘净值数据(iFinD公式)'!$A15-'实盘净值数据(iFinD公式)'!$A$7)/365)) | I15: =IF(OR(H14="",'实盘净值数据(iFinD公式)'!$A15="",'实盘净值数据(iFinD公式)'!$B15=""),"",(SUMPRODUCT(实盘持仓配置!$B$6:$X$6,'实盘净值数据(iFinD公式)'!$B14:$X14/'实盘净值数据(iFinD公式)'!$B$7:$X$7,'实盘净值数据(iFinD公式)'!$B15:$X15/'实盘净值数据(iFinD公式)'!$B14:$X14)/SUMPRODUCT(实盘持仓配置!$B$6:$X$6,'实盘净值数据(iFinD公式)'!$B14:$X14/'实盘净值数据(iFinD公式)'!$B$7:$X$7))*(1-实盘持仓配置!$Z$6)^(('实盘净值数据(iFinD公式)'!$A15-'实盘净值数据(iFinD公式)'!$A14)/365)-1) | J15: =IF(H15="","",H15/MAX(H$5:H15)-1) | K15: =IF(OR('实盘净值数据(iFinD公式)'!$A15="",'实盘净值数据(iFinD公式)'!$B15=""),"",分期持仓明细!$AB$9*SUMPRODUCT(分期持仓明细!$B$9:$Y$9,'实盘净值数据(iFinD公式)'!$B15:$Y15/'实盘净值数据(iFinD公式)'!$B$13:$Y$13)*(1-实盘持仓配置!$Z$7)^(('实盘净值数据(iFinD公式)'!$A15-'实盘净值数据(iFinD公式)'!$A$8)/365)) | L15: =IF(OR(K14="",K15=""),"",K15/K14-1) | M15: =IF(K15="","",K15/MAX(K$5:K15)-1) | N15: =IF(OR('实盘净值数据(iFinD公式)'!$A15="",'实盘净值数据(iFinD公式)'!$B15=""),"",分期持仓明细!$AB$11*SUMPRODUCT(分期持仓明细!$B$11:$Y$11,'实盘净值数据(iFinD公式)'!$B15:$Y15/'实盘净值数据(iFinD公式)'!$B$13:$Y$13)*(1-实盘持仓配置!$Z$8)^(('实盘净值数据(iFinD公式)'!$A15-'实盘净值数据(iFinD公式)'!$A$5)/365)) | O15: =IF(OR(N14="",N15=""),"",N15/N14-1) | P15: =IF(N15="","",N15/MAX(N$5:N15)-1) | Q15: =IF(OR('实盘净值数据(iFinD公式)'!$A15="",'实盘净值数据(iFinD公式)'!$B15=""),"",分期持仓明细!$AB$13*SUMPRODUCT(分期持仓明细!$B$13:$Y$13,'实盘净值数据(iFinD公式)'!$B15:$Y15/'实盘净值数据(iFinD公式)'!$B$13:$Y$13)*(1-实盘持仓配置!$Z$9)^(('实盘净值数据(iFinD公式)'!$A15-'实盘净值数据(iFinD公式)'!$A$8)/365)) | R15: =IF(OR(Q14="",Q15=""),"",Q15/Q14-1) | S15: =IF(Q15="","",Q15/MAX(Q$5:Q15)-1)
A16: =IF('实盘净值数据(iFinD公式)'!A16="","",'实盘净值数据(iFinD公式)'!A16) | B16: =IF(OR((ROW()-1)<6,'实盘净值数据(iFinD公式)'!$A16="",'实盘净值数据(iFinD公式)'!$B16=""),"",SUMPRODUCT(实盘持仓配置!$B$4:$X$4,'实盘净值数据(iFinD公式)'!$B16:$X16/'实盘净值数据(iFinD公式)'!$B$6:$X$6)*(1-实盘持仓配置!$Z$4)^(('实盘净值数据(iFinD公式)'!$A16-'实盘净值数据(iFinD公式)'!$A$6)/365)) | C16: =IF(OR(B15="",'实盘净值数据(iFinD公式)'!$A16="",'实盘净值数据(iFinD公式)'!$B16=""),"",(SUMPRODUCT(实盘持仓配置!$B$4:$X$4,'实盘净值数据(iFinD公式)'!$B15:$X15/'实盘净值数据(iFinD公式)'!$B$6:$X$6,'实盘净值数据(iFinD公式)'!$B16:$X16/'实盘净值数据(iFinD公式)'!$B15:$X15)/SUMPRODUCT(实盘持仓配置!$B$4:$X$4,'实盘净值数据(iFinD公式)'!$B15:$X15/'实盘净值数据(iFinD公式)'!$B$6:$X$6))*(1-实盘持仓配置!$Z$4)^(('实盘净值数据(iFinD公式)'!$A16-'实盘净值数据(iFinD公式)'!$A15)/365)-1) | D16: =IF(B16="","",B16/MAX(B$5:B16)-1) | E16: =IF(OR((ROW()-1)<5,'实盘净值数据(iFinD公式)'!$A16="",'实盘净值数据(iFinD公式)'!$B16=""),"",SUMPRODUCT(实盘持仓配置!$B$5:$X$5,'实盘净值数据(iFinD公式)'!$B16:$X16/'实盘净值数据(iFinD公式)'!$B$5:$X$5)*(1-实盘持仓配置!$Z$5)^(('实盘净值数据(iFinD公式)'!$A16-'实盘净值数据(iFinD公式)'!$A$5)/365)) | F16: =IF(OR(E15="",'实盘净值数据(iFinD公式)'!$A16="",'实盘净值数据(iFinD公式)'!$B16=""),"",(SUMPRODUCT(实盘持仓配置!$B$5:$X$5,'实盘净值数据(iFinD公式)'!$B15:$X15/'实盘净值数据(iFinD公式)'!$B$5:$X$5,'实盘净值数据(iFinD公式)'!$B16:$X16/'实盘净值数据(iFinD公式)'!$B15:$X15)/SUMPRODUCT(实盘持仓配置!$B$5:$X$5,'实盘净值数据(iFinD公式)'!$B15:$X15/'实盘净值数据(iFinD公式)'!$B$5:$X$5))*(1-实盘持仓配置!$Z$5)^(('实盘净值数据(iFinD公式)'!$A16-'实盘净值数据(iFinD公式)'!$A15)/365)-1) | G16: =IF(E16="","",E16/MAX(E$5:E16)-1) | H16: =IF(OR((ROW()-1)<7,'实盘净值数据(iFinD公式)'!$A16="",'实盘净值数据(iFinD公式)'!$B16=""),"",SUMPRODUCT(实盘持仓配置!$B$6:$X$6,'实盘净值数据(iFinD公式)'!$B16:$X16/'实盘净值数据(iFinD公式)'!$B$7:$X$7)*(1-实盘持仓配置!$Z$6)^(('实盘净值数据(iFinD公式)'!$A16-'实盘净值数据(iFinD公式)'!$A$7)/365)) | I16: =IF(OR(H15="",'实盘净值数据(iFinD公式)'!$A16="",'实盘净值数据(iFinD公式)'!$B16=""),"",(SUMPRODUCT(实盘持仓配置!$B$6:$X$6,'实盘净值数据(iFinD公式)'!$B15:$X15/'实盘净值数据(iFinD公式)'!$B$7:$X$7,'实盘净值数据(iFinD公式)'!$B16:$X16/'实盘净值数据(iFinD公式)'!$B15:$X15)/SUMPRODUCT(实盘持仓配置!$B$6:$X$6,'实盘净值数据(iFinD公式)'!$B15:$X15/'实盘净值数据(iFinD公式)'!$B$7:$X$7))*(1-实盘持仓配置!$Z$6)^(('实盘净值数据(iFinD公式)'!$A16-'实盘净值数据(iFinD公式)'!$A15)/365)-1) | J16: =IF(H16="","",H16/MAX(H$5:H16)-1) | K16: =IF(OR('实盘净值数据(iFinD公式)'!$A16="",'实盘净值数据(iFinD公式)'!$B16=""),"",分期持仓明细!$AB$9*SUMPRODUCT(分期持仓明细!$B$9:$Y$9,'实盘净值数据(iFinD公式)'!$B16:$Y16/'实盘净值数据(iFinD公式)'!$B$13:$Y$13)*(1-实盘持仓配置!$Z$7)^(('实盘净值数据(iFinD公式)'!$A16-'实盘净值数据(iFinD公式)'!$A$8)/365)) | L16: =IF(OR(K15="",K16=""),"",K16/K15-1) | M16: =IF(K16="","",K16/MAX(K$5:K16)-1) | N16: =IF(OR('实盘净值数据(iFinD公式)'!$A16="",'实盘净值数据(iFinD公式)'!$B16=""),"",分期持仓明细!$AB$11*SUMPRODUCT(分期持仓明细!$B$11:$Y$11,'实盘净值数据(iFinD公式)'!$B16:$Y16/'实盘净值数据(iFinD公式)'!$B$13:$Y$13)*(1-实盘持仓配置!$Z$8)^(('实盘净值数据(iFinD公式)'!$A16-'实盘净值数据(iFinD公式)'!$A$5)/365)) | O16: =IF(OR(N15="",N16=""),"",N16/N15-1) | P16: =IF(N16="","",N16/MAX(N$5:N16)-1) | Q16: =IF(OR('实盘净值数据(iFinD公式)'!$A16="",'实盘净值数据(iFinD公式)'!$B16=""),"",分期持仓明细!$AB$13*SUMPRODUCT(分期持仓明细!$B$13:$Y$13,'实盘净值数据(iFinD公式)'!$B16:$Y16/'实盘净值数据(iFinD公式)'!$B$13:$Y$13)*(1-实盘持仓配置!$Z$9)^(('实盘净值数据(iFinD公式)'!$A16-'实盘净值数据(iFinD公式)'!$A$8)/365)) | R16: =IF(OR(Q15="",Q16=""),"",Q16/Q15-1) | S16: =IF(Q16="","",Q16/MAX(Q$5:Q16)-1)
A17: =IF('实盘净值数据(iFinD公式)'!A17="","",'实盘净值数据(iFinD公式)'!A17) | B17: =IF(OR((ROW()-1)<6,'实盘净值数据(iFinD公式)'!$A17="",'实盘净值数据(iFinD公式)'!$B17=""),"",SUMPRODUCT(实盘持仓配置!$B$4:$X$4,'实盘净值数据(iFinD公式)'!$B17:$X17/'实盘净值数据(iFinD公式)'!$B$6:$X$6)*(1-实盘持仓配置!$Z$4)^(('实盘净值数据(iFinD公式)'!$A17-'实盘净值数据(iFinD公式)'!$A$6)/365)) | C17: =IF(OR(B16="",'实盘净值数据(iFinD公式)'!$A17="",'实盘净值数据(iFinD公式)'!$B17=""),"",(SUMPRODUCT(实盘持仓配置!$B$4:$X$4,'实盘净值数据(iFinD公式)'!$B16:$X16/'实盘净值数据(iFinD公式)'!$B$6:$X$6,'实盘净值数据(iFinD公式)'!$B17:$X17/'实盘净值数据(iFinD公式)'!$B16:$X16)/SUMPRODUCT(实盘持仓配置!$B$4:$X$4,'实盘净值数据(iFinD公式)'!$B16:$X16/'实盘净值数据(iFinD公式)'!$B$6:$X$6))*(1-实盘持仓配置!$Z$4)^(('实盘净值数据(iFinD公式)'!$A17-'实盘净值数据(iFinD公式)'!$A16)/365)-1) | D17: =IF(B17="","",B17/MAX(B$5:B17)-1) | E17: =IF(OR((ROW()-1)<5,'实盘净值数据(iFinD公式)'!$A17="",'实盘净值数据(iFinD公式)'!$B17=""),"",SUMPRODUCT(实盘持仓配置!$B$5:$X$5,'实盘净值数据(iFinD公式)'!$B17:$X17/'实盘净值数据(iFinD公式)'!$B$5:$X$5)*(1-实盘持仓配置!$Z$5)^(('实盘净值数据(iFinD公式)'!$A17-'实盘净值数据(iFinD公式)'!$A$5)/365)) | F17: =IF(OR(E16="",'实盘净值数据(iFinD公式)'!$A17="",'实盘净值数据(iFinD公式)'!$B17=""),"",(SUMPRODUCT(实盘持仓配置!$B$5:$X$5,'实盘净值数据(iFinD公式)'!$B16:$X16/'实盘净值数据(iFinD公式)'!$B$5:$X$5,'实盘净值数据(iFinD公式)'!$B17:$X17/'实盘净值数据(iFinD公式)'!$B16:$X16)/SUMPRODUCT(实盘持仓配置!$B$5:$X$5,'实盘净值数据(iFinD公式)'!$B16:$X16/'实盘净值数据(iFinD公式)'!$B$5:$X$5))*(1-实盘持仓配置!$Z$5)^(('实盘净值数据(iFinD公式)'!$A17-'实盘净值数据(iFinD公式)'!$A16)/365)-1) | G17: =IF(E17="","",E17/MAX(E$5:E17)-1) | H17: =IF(OR((ROW()-1)<7,'实盘净值数据(iFinD公式)'!$A17="",'实盘净值数据(iFinD公式)'!$B17=""),"",SUMPRODUCT(实盘持仓配置!$B$6:$X$6,'实盘净值数据(iFinD公式)'!$B17:$X17/'实盘净值数据(iFinD公式)'!$B$7:$X$7)*(1-实盘持仓配置!$Z$6)^(('实盘净值数据(iFinD公式)'!$A17-'实盘净值数据(iFinD公式)'!$A$7)/365)) | I17: =IF(OR(H16="",'实盘净值数据(iFinD公式)'!$A17="",'实盘净值数据(iFinD公式)'!$B17=""),"",(SUMPRODUCT(实盘持仓配置!$B$6:$X$6,'实盘净值数据(iFinD公式)'!$B16:$X16/'实盘净值数据(iFinD公式)'!$B$7:$X$7,'实盘净值数据(iFinD公式)'!$B17:$X17/'实盘净值数据(iFinD公式)'!$B16:$X16)/SUMPRODUCT(实盘持仓配置!$B$6:$X$6,'实盘净值数据(iFinD公式)'!$B16:$X16/'实盘净值数据(iFinD公式)'!$B$7:$X$7))*(1-实盘持仓配置!$Z$6)^(('实盘净值数据(iFinD公式)'!$A17-'实盘净值数据(iFinD公式)'!$A16)/365)-1) | J17: =IF(H17="","",H17/MAX(H$5:H17)-1) | K17: =IF(OR('实盘净值数据(iFinD公式)'!$A17="",'实盘净值数据(iFinD公式)'!$B17=""),"",分期持仓明细!$AB$9*SUMPRODUCT(分期持仓明细!$B$9:$Y$9,'实盘净值数据(iFinD公式)'!$B17:$Y17/'实盘净值数据(iFinD公式)'!$B$13:$Y$13)*(1-实盘持仓配置!$Z$7)^(('实盘净值数据(iFinD公式)'!$A17-'实盘净值数据(iFinD公式)'!$A$8)/365)) | L17: =IF(OR(K16="",K17=""),"",K17/K16-1) | M17: =IF(K17="","",K17/MAX(K$5:K17)-1) | N17: =IF(OR('实盘净值数据(iFinD公式)'!$A17="",'实盘净值数据(iFinD公式)'!$B17=""),"",分期持仓明细!$AB$11*SUMPRODUCT(分期持仓明细!$B$11:$Y$11,'实盘净值数据(iFinD公式)'!$B17:$Y17/'实盘净值数据(iFinD公式)'!$B$13:$Y$13)*(1-实盘持仓配置!$Z$8)^(('实盘净值数据(iFinD公式)'!$A17-'实盘净值数据(iFinD公式)'!$A$5)/365)) | O17: =IF(OR(N16="",N17=""),"",N17/N16-1) | P17: =IF(N17="","",N17/MAX(N$5:N17)-1) | Q17: =IF(OR('实盘净值数据(iFinD公式)'!$A17="",'实盘净值数据(iFinD公式)'!$B17=""),"",分期持仓明细!$AB$13*SUMPRODUCT(分期持仓明细!$B$13:$Y$13,'实盘净值数据(iFinD公式)'!$B17:$Y17/'实盘净值数据(iFinD公式)'!$B$13:$Y$13)*(1-实盘持仓配置!$Z$9)^(('实盘净值数据(iFinD公式)'!$A17-'实盘净值数据(iFinD公式)'!$A$8)/365)) | R17: =IF(OR(Q16="",Q17=""),"",Q17/Q16-1) | S17: =IF(Q17="","",Q17/MAX(Q$5:Q17)-1)
A18: =IF('实盘净值数据(iFinD公式)'!A18="","",'实盘净值数据(iFinD公式)'!A18) | B18: =IF(OR((ROW()-1)<6,'实盘净值数据(iFinD公式)'!$A18="",'实盘净值数据(iFinD公式)'!$B18=""),"",SUMPRODUCT(实盘持仓配置!$B$4:$X$4,'实盘净值数据(iFinD公式)'!$B18:$X18/'实盘净值数据(iFinD公式)'!$B$6:$X$6)*(1-实盘持仓配置!$Z$4)^(('实盘净值数据(iFinD公式)'!$A18-'实盘净值数据(iFinD公式)'!$A$6)/365)) | C18: =IF(OR(B17="",'实盘净值数据(iFinD公式)'!$A18="",'实盘净值数据(iFinD公式)'!$B18=""),"",(SUMPRODUCT(实盘持仓配置!$B$4:$X$4,'实盘净值数据(iFinD公式)'!$B17:$X17/'实盘净值数据(iFinD公式)'!$B$6:$X$6,'实盘净值数据(iFinD公式)'!$B18:$X18/'实盘净值数据(iFinD公式)'!$B17:$X17)/SUMPRODUCT(实盘持仓配置!$B$4:$X$4,'实盘净值数据(iFinD公式)'!$B17:$X17/'实盘净值数据(iFinD公式)'!$B$6:$X$6))*(1-实盘持仓配置!$Z$4)^(('实盘净值数据(iFinD公式)'!$A18-'实盘净值数据(iFinD公式)'!$A17)/365)-1) | D18: =IF(B18="","",B18/MAX(B$5:B18)-1) | E18: =IF(OR((ROW()-1)<5,'实盘净值数据(iFinD公式)'!$A18="",'实盘净值数据(iFinD公式)'!$B18=""),"",SUMPRODUCT(实盘持仓配置!$B$5:$X$5,'实盘净值数据(iFinD公式)'!$B18:$X18/'实盘净值数据(iFinD公式)'!$B$5:$X$5)*(1-实盘持仓配置!$Z$5)^(('实盘净值数据(iFinD公式)'!$A18-'实盘净值数据(iFinD公式)'!$A$5)/365)) | F18: =IF(OR(E17="",'实盘净值数据(iFinD公式)'!$A18="",'实盘净值数据(iFinD公式)'!$B18=""),"",(SUMPRODUCT(实盘持仓配置!$B$5:$X$5,'实盘净值数据(iFinD公式)'!$B17:$X17/'实盘净值数据(iFinD公式)'!$B$5:$X$5,'实盘净值数据(iFinD公式)'!$B18:$X18/'实盘净值数据(iFinD公式)'!$B17:$X17)/SUMPRODUCT(实盘持仓配置!$B$5:$X$5,'实盘净值数据(iFinD公式)'!$B17:$X17/'实盘净值数据(iFinD公式)'!$B$5:$X$5))*(1-实盘持仓配置!$Z$5)^(('实盘净值数据(iFinD公式)'!$A18-'实盘净值数据(iFinD公式)'!$A17)/365)-1) | G18: =IF(E18="","",E18/MAX(E$5:E18)-1) | H18: =IF(OR((ROW()-1)<7,'实盘净值数据(iFinD公式)'!$A18="",'实盘净值数据(iFinD公式)'!$B18=""),"",SUMPRODUCT(实盘持仓配置!$B$6:$X$6,'实盘净值数据(iFinD公式)'!$B18:$X18/'实盘净值数据(iFinD公式)'!$B$7:$X$7)*(1-实盘持仓配置!$Z$6)^(('实盘净值数据(iFinD公式)'!$A18-'实盘净值数据(iFinD公式)'!$A$7)/365)) | I18: =IF(OR(H17="",'实盘净值数据(iFinD公式)'!$A18="",'实盘净值数据(iFinD公式)'!$B18=""),"",(SUMPRODUCT(实盘持仓配置!$B$6:$X$6,'实盘净值数据(iFinD公式)'!$B17:$X17/'实盘净值数据(iFinD公式)'!$B$7:$X$7,'实盘净值数据(iFinD公式)'!$B18:$X18/'实盘净值数据(iFinD公式)'!$B17:$X17)/SUMPRODUCT(实盘持仓配置!$B$6:$X$6,'实盘净值数据(iFinD公式)'!$B17:$X17/'实盘净值数据(iFinD公式)'!$B$7:$X$7))*(1-实盘持仓配置!$Z$6)^(('实盘净值数据(iFinD公式)'!$A18-'实盘净值数据(iFinD公式)'!$A17)/365)-1) | J18: =IF(H18="","",H18/MAX(H$5:H18)-1) | K18: =IF(OR('实盘净值数据(iFinD公式)'!$A18="",'实盘净值数据(iFinD公式)'!$B18=""),"",分期持仓明细!$AB$9*SUMPRODUCT(分期持仓明细!$B$9:$Y$9,'实盘净值数据(iFinD公式)'!$B18:$Y18/'实盘净值数据(iFinD公式)'!$B$13:$Y$13)*(1-实盘持仓配置!$Z$7)^(('实盘净值数据(iFinD公式)'!$A18-'实盘净值数据(iFinD公式)'!$A$8)/365)) | L18: =IF(OR(K17="",K18=""),"",K18/K17-1) | M18: =IF(K18="","",K18/MAX(K$5:K18)-1) | N18: =IF(OR('实盘净值数据(iFinD公式)'!$A18="",'实盘净值数据(iFinD公式)'!$B18=""),"",分期持仓明细!$AB$11*SUMPRODUCT(分期持仓明细!$B$11:$Y$11,'实盘净值数据(iFinD公式)'!$B18:$Y18/'实盘净值数据(iFinD公式)'!$B$13:$Y$13)*(1-实盘持仓配置!$Z$8)^(('实盘净值数据(iFinD公式)'!$A18-'实盘净值数据(iFinD公式)'!$A$5)/365)) | O18: =IF(OR(N17="",N18=""),"",N18/N17-1) | P18: =IF(N18="","",N18/MAX(N$5:N18)-1) | Q18: =IF(OR('实盘净值数据(iFinD公式)'!$A18="",'实盘净值数据(iFinD公式)'!$B18=""),"",分期持仓明细!$AB$13*SUMPRODUCT(分期持仓明细!$B$13:$Y$13,'实盘净值数据(iFinD公式)'!$B18:$Y18/'实盘净值数据(iFinD公式)'!$B$13:$Y$13)*(1-实盘持仓配置!$Z$9)^(('实盘净值数据(iFinD公式)'!$A18-'实盘净值数据(iFinD公式)'!$A$8)/365)) | R18: =IF(OR(Q17="",Q18=""),"",Q18/Q17-1) | S18: =IF(Q18="","",Q18/MAX(Q$5:Q18)-1)
A19: =IF('实盘净值数据(iFinD公式)'!A19="","",'实盘净值数据(iFinD公式)'!A19) | B19: =IF(OR((ROW()-1)<6,'实盘净值数据(iFinD公式)'!$A19="",'实盘净值数据(iFinD公式)'!$B19=""),"",SUMPRODUCT(实盘持仓配置!$B$4:$X$4,'实盘净值数据(iFinD公式)'!$B19:$X19/'实盘净值数据(iFinD公式)'!$B$6:$X$6)*(1-实盘持仓配置!$Z$4)^(('实盘净值数据(iFinD公式)'!$A19-'实盘净值数据(iFinD公式)'!$A$6)/365)) | C19: =IF(OR(B18="",'实盘净值数据(iFinD公式)'!$A19="",'实盘净值数据(iFinD公式)'!$B19=""),"",(SUMPRODUCT(实盘持仓配置!$B$4:$X$4,'实盘净值数据(iFinD公式)'!$B18:$X18/'实盘净值数据(iFinD公式)'!$B$6:$X$6,'实盘净值数据(iFinD公式)'!$B19:$X19/'实盘净值数据(iFinD公式)'!$B18:$X18)/SUMPRODUCT(实盘持仓配置!$B$4:$X$4,'实盘净值数据(iFinD公式)'!$B18:$X18/'实盘净值数据(iFinD公式)'!$B$6:$X$6))*(1-实盘持仓配置!$Z$4)^(('实盘净值数据(iFinD公式)'!$A19-'实盘净值数据(iFinD公式)'!$A18)/365)-1) | D19: =IF(B19="","",B19/MAX(B$5:B19)-1) | E19: =IF(OR((ROW()-1)<5,'实盘净值数据(iFinD公式)'!$A19="",'实盘净值数据(iFinD公式)'!$B19=""),"",SUMPRODUCT(实盘持仓配置!$B$5:$X$5,'实盘净值数据(iFinD公式)'!$B19:$X19/'实盘净值数据(iFinD公式)'!$B$5:$X$5)*(1-实盘持仓配置!$Z$5)^(('实盘净值数据(iFinD公式)'!$A19-'实盘净值数据(iFinD公式)'!$A$5)/365)) | F19: =IF(OR(E18="",'实盘净值数据(iFinD公式)'!$A19="",'实盘净值数据(iFinD公式)'!$B19=""),"",(SUMPRODUCT(实盘持仓配置!$B$5:$X$5,'实盘净值数据(iFinD公式)'!$B18:$X18/'实盘净值数据(iFinD公式)'!$B$5:$X$5,'实盘净值数据(iFinD公式)'!$B19:$X19/'实盘净值数据(iFinD公式)'!$B18:$X18)/SUMPRODUCT(实盘持仓配置!$B$5:$X$5,'实盘净值数据(iFinD公式)'!$B18:$X18/'实盘净值数据(iFinD公式)'!$B$5:$X$5))*(1-实盘持仓配置!$Z$5)^(('实盘净值数据(iFinD公式)'!$A19-'实盘净值数据(iFinD公式)'!$A18)/365)-1) | G19: =IF(E19="","",E19/MAX(E$5:E19)-1) | H19: =IF(OR((ROW()-1)<7,'实盘净值数据(iFinD公式)'!$A19="",'实盘净值数据(iFinD公式)'!$B19=""),"",SUMPRODUCT(实盘持仓配置!$B$6:$X$6,'实盘净值数据(iFinD公式)'!$B19:$X19/'实盘净值数据(iFinD公式)'!$B$7:$X$7)*(1-实盘持仓配置!$Z$6)^(('实盘净值数据(iFinD公式)'!$A19-'实盘净值数据(iFinD公式)'!$A$7)/365)) | I19: =IF(OR(H18="",'实盘净值数据(iFinD公式)'!$A19="",'实盘净值数据(iFinD公式)'!$B19=""),"",(SUMPRODUCT(实盘持仓配置!$B$6:$X$6,'实盘净值数据(iFinD公式)'!$B18:$X18/'实盘净值数据(iFinD公式)'!$B$7:$X$7,'实盘净值数据(iFinD公式)'!$B19:$X19/'实盘净值数据(iFinD公式)'!$B18:$X18)/SUMPRODUCT(实盘持仓配置!$B$6:$X$6,'实盘净值数据(iFinD公式)'!$B18:$X18/'实盘净值数据(iFinD公式)'!$B$7:$X$7))*(1-实盘持仓配置!$Z$6)^(('实盘净值数据(iFinD公式)'!$A19-'实盘净值数据(iFinD公式)'!$A18)/365)-1) | J19: =IF(H19="","",H19/MAX(H$5:H19)-1) | K19: =IF(OR('实盘净值数据(iFinD公式)'!$A19="",'实盘净值数据(iFinD公式)'!$B19=""),"",分期持仓明细!$AB$9*SUMPRODUCT(分期持仓明细!$B$9:$Y$9,'实盘净值数据(iFinD公式)'!$B19:$Y19/'实盘净值数据(iFinD公式)'!$B$13:$Y$13)*(1-实盘持仓配置!$Z$7)^(('实盘净值数据(iFinD公式)'!$A19-'实盘净值数据(iFinD公式)'!$A$8)/365)) | L19: =IF(OR(K18="",K19=""),"",K19/K18-1) | M19: =IF(K19="","",K19/MAX(K$5:K19)-1) | N19: =IF(OR('实盘净值数据(iFinD公式)'!$A19="",'实盘净值数据(iFinD公式)'!$B19=""),"",分期持仓明细!$AB$11*SUMPRODUCT(分期持仓明细!$B$11:$Y$11,'实盘净值数据(iFinD公式)'!$B19:$Y19/'实盘净值数据(iFinD公式)'!$B$13:$Y$13)*(1-实盘持仓配置!$Z$8)^(('实盘净值数据(iFinD公式)'!$A19-'实盘净值数据(iFinD公式)'!$A$5)/365)) | O19: =IF(OR(N18="",N19=""),"",N19/N18-1) | P19: =IF(N19="","",N19/MAX(N$5:N19)-1) | Q19: =IF(OR('实盘净值数据(iFinD公式)'!$A19="",'实盘净值数据(iFinD公式)'!$B19=""),"",分期持仓明细!$AB$13*SUMPRODUCT(分期持仓明细!$B$13:$Y$13,'实盘净值数据(iFinD公式)'!$B19:$Y19/'实盘净值数据(iFinD公式)'!$B$13:$Y$13)*(1-实盘持仓配置!$Z$9)^(('实盘净值数据(iFinD公式)'!$A19-'实盘净值数据(iFinD公式)'!$A$8)/365)) | R19: =IF(OR(Q18="",Q19=""),"",Q19/Q18-1) | S19: =IF(Q19="","",Q19/MAX(Q$5:Q19)-1)
A20: =IF('实盘净值数据(iFinD公式)'!A20="","",'实盘净值数据(iFinD公式)'!A20) | B20: =IF(OR((ROW()-1)<6,'实盘净值数据(iFinD公式)'!$A20="",'实盘净值数据(iFinD公式)'!$B20=""),"",SUMPRODUCT(实盘持仓配置!$B$4:$X$4,'实盘净值数据(iFinD公式)'!$B20:$X20/'实盘净值数据(iFinD公式)'!$B$6:$X$6)*(1-实盘持仓配置!$Z$4)^(('实盘净值数据(iFinD公式)'!$A20-'实盘净值数据(iFinD公式)'!$A$6)/365)) | C20: =IF(OR(B19="",'实盘净值数据(iFinD公式)'!$A20="",'实盘净值数据(iFinD公式)'!$B20=""),"",(SUMPRODUCT(实盘持仓配置!$B$4:$X$4,'实盘净值数据(iFinD公式)'!$B19:$X19/'实盘净值数据(iFinD公式)'!$B$6:$X$6,'实盘净值数据(iFinD公式)'!$B20:$X20/'实盘净值数据(iFinD公式)'!$B19:$X19)/SUMPRODUCT(实盘持仓配置!$B$4:$X$4,'实盘净值数据(iFinD公式)'!$B19:$X19/'实盘净值数据(iFinD公式)'!$B$6:$X$6))*(1-实盘持仓配置!$Z$4)^(('实盘净值数据(iFinD公式)'!$A20-'实盘净值数据(iFinD公式)'!$A19)/365)-1) | D20: =IF(B20="","",B20/MAX(B$5:B20)-1) | E20: =IF(OR((ROW()-1)<5,'实盘净值数据(iFinD公式)'!$A20="",'实盘净值数据(iFinD公式)'!$B20=""),"",SUMPRODUCT(实盘持仓配置!$B$5:$X$5,'实盘净值数据(iFinD公式)'!$B20:$X20/'实盘净值数据(iFinD公式)'!$B$5:$X$5)*(1-实盘持仓配置!$Z$5)^(('实盘净值数据(iFinD公式)'!$A20-'实盘净值数据(iFinD公式)'!$A$5)/365)) | F20: =IF(OR(E19="",'实盘净值数据(iFinD公式)'!$A20="",'实盘净值数据(iFinD公式)'!$B20=""),"",(SUMPRODUCT(实盘持仓配置!$B$5:$X$5,'实盘净值数据(iFinD公式)'!$B19:$X19/'实盘净值数据(iFinD公式)'!$B$5:$X$5,'实盘净值数据(iFinD公式)'!$B20:$X20/'实盘净值数据(iFinD公式)'!$B19:$X19)/SUMPRODUCT(实盘持仓配置!$B$5:$X$5,'实盘净值数据(iFinD公式)'!$B19:$X19/'实盘净值数据(iFinD公式)'!$B$5:$X$5))*(1-实盘持仓配置!$Z$5)^(('实盘净值数据(iFinD公式)'!$A20-'实盘净值数据(iFinD公式)'!$A19)/365)-1) | G20: =IF(E20="","",E20/MAX(E$5:E20)-1) | H20: =IF(OR((ROW()-1)<7,'实盘净值数据(iFinD公式)'!$A20="",'实盘净值数据(iFinD公式)'!$B20=""),"",SUMPRODUCT(实盘持仓配置!$B$6:$X$6,'实盘净值数据(iFinD公式)'!$B20:$X20/'实盘净值数据(iFinD公式)'!$B$7:$X$7)*(1-实盘持仓配置!$Z$6)^(('实盘净值数据(iFinD公式)'!$A20-'实盘净值数据(iFinD公式)'!$A$7)/365)) | I20: =IF(OR(H19="",'实盘净值数据(iFinD公式)'!$A20="",'实盘净值数据(iFinD公式)'!$B20=""),"",(SUMPRODUCT(实盘持仓配置!$B$6:$X$6,'实盘净值数据(iFinD公式)'!$B19:$X19/'实盘净值数据(iFinD公式)'!$B$7:$X$7,'实盘净值数据(iFinD公式)'!$B20:$X20/'实盘净值数据(iFinD公式)'!$B19:$X19)/SUMPRODUCT(实盘持仓配置!$B$6:$X$6,'实盘净值数据(iFinD公式)'!$B19:$X19/'实盘净值数据(iFinD公式)'!$B$7:$X$7))*(1-实盘持仓配置!$Z$6)^(('实盘净值数据(iFinD公式)'!$A20-'实盘净值数据(iFinD公式)'!$A19)/365)-1) | J20: =IF(H20="","",H20/MAX(H$5:H20)-1) | K20: =IF(OR('实盘净值数据(iFinD公式)'!$A20="",'实盘净值数据(iFinD公式)'!$B20=""),"",分期持仓明细!$AB$9*SUMPRODUCT(分期持仓明细!$B$9:$Y$9,'实盘净值数据(iFinD公式)'!$B20:$Y20/'实盘净值数据(iFinD公式)'!$B$13:$Y$13)*(1-实盘持仓配置!$Z$7)^(('实盘净值数据(iFinD公式)'!$A20-'实盘净值数据(iFinD公式)'!$A$8)/365)) | L20: =IF(OR(K19="",K20=""),"",K20/K19-1) | M20: =IF(K20="","",K20/MAX(K$5:K20)-1) | N20: =IF(OR('实盘净值数据(iFinD公式)'!$A20="",'实盘净值数据(iFinD公式)'!$B20=""),"",分期持仓明细!$AB$11*SUMPRODUCT(分期持仓明细!$B$11:$Y$11,'实盘净值数据(iFinD公式)'!$B20:$Y20/'实盘净值数据(iFinD公式)'!$B$13:$Y$13)*(1-实盘持仓配置!$Z$8)^(('实盘净值数据(iFinD公式)'!$A20-'实盘净值数据(iFinD公式)'!$A$5)/365)) | O20: =IF(OR(N19="",N20=""),"",N20/N19-1) | P20: =IF(N20="","",N20/MAX(N$5:N20)-1) | Q20: =IF(OR('实盘净值数据(iFinD公式)'!$A20="",'实盘净值数据(iFinD公式)'!$B20=""),"",分期持仓明细!$AB$13*SUMPRODUCT(分期持仓明细!$B$13:$Y$13,'实盘净值数据(iFinD公式)'!$B20:$Y20/'实盘净值数据(iFinD公式)'!$B$13:$Y$13)*(1-实盘持仓配置!$Z$9)^(('实盘净值数据(iFinD公式)'!$A20-'实盘净值数据(iFinD公式)'!$A$8)/365)) | R20: =IF(OR(Q19="",Q20=""),"",Q20/Q19-1) | S20: =IF(Q20="","",Q20/MAX(Q$5:Q20)-1)
A21: =IF('实盘净值数据(iFinD公式)'!A21="","",'实盘净值数据(iFinD公式)'!A21) | B21: =IF(OR((ROW()-1)<6,'实盘净值数据(iFinD公式)'!$A21="",'实盘净值数据(iFinD公式)'!$B21=""),"",SUMPRODUCT(实盘持仓配置!$B$4:$X$4,'实盘净值数据(iFinD公式)'!$B21:$X21/'实盘净值数据(iFinD公式)'!$B$6:$X$6)*(1-实盘持仓配置!$Z$4)^(('实盘净值数据(iFinD公式)'!$A21-'实盘净值数据(iFinD公式)'!$A$6)/365)) | C21: =IF(OR(B20="",'实盘净值数据(iFinD公式)'!$A21="",'实盘净值数据(iFinD公式)'!$B21=""),"",(SUMPRODUCT(实盘持仓配置!$B$4:$X$4,'实盘净值数据(iFinD公式)'!$B20:$X20/'实盘净值数据(iFinD公式)'!$B$6:$X$6,'实盘净值数据(iFinD公式)'!$B21:$X21/'实盘净值数据(iFinD公式)'!$B20:$X20)/SUMPRODUCT(实盘持仓配置!$B$4:$X$4,'实盘净值数据(iFinD公式)'!$B20:$X20/'实盘净值数据(iFinD公式)'!$B$6:$X$6))*(1-实盘持仓配置!$Z$4)^(('实盘净值数据(iFinD公式)'!$A21-'实盘净值数据(iFinD公式)'!$A20)/365)-1) | D21: =IF(B21="","",B21/MAX(B$5:B21)-1) | E21: =IF(OR((ROW()-1)<5,'实盘净值数据(iFinD公式)'!$A21="",'实盘净值数据(iFinD公式)'!$B21=""),"",SUMPRODUCT(实盘持仓配置!$B$5:$X$5,'实盘净值数据(iFinD公式)'!$B21:$X21/'实盘净值数据(iFinD公式)'!$B$5:$X$5)*(1-实盘持仓配置!$Z$5)^(('实盘净值数据(iFinD公式)'!$A21-'实盘净值数据(iFinD公式)'!$A$5)/365)) | F21: =IF(OR(E20="",'实盘净值数据(iFinD公式)'!$A21="",'实盘净值数据(iFinD公式)'!$B21=""),"",(SUMPRODUCT(实盘持仓配置!$B$5:$X$5,'实盘净值数据(iFinD公式)'!$B20:$X20/'实盘净值数据(iFinD公式)'!$B$5:$X$5,'实盘净值数据(iFinD公式)'!$B21:$X21/'实盘净值数据(iFinD公式)'!$B20:$X20)/SUMPRODUCT(实盘持仓配置!$B$5:$X$5,'实盘净值数据(iFinD公式)'!$B20:$X20/'实盘净值数据(iFinD公式)'!$B$5:$X$5))*(1-实盘持仓配置!$Z$5)^(('实盘净值数据(iFinD公式)'!$A21-'实盘净值数据(iFinD公式)'!$A20)/365)-1) | G21: =IF(E21="","",E21/MAX(E$5:E21)-1) | H21: =IF(OR((ROW()-1)<7,'实盘净值数据(iFinD公式)'!$A21="",'实盘净值数据(iFinD公式)'!$B21=""),"",SUMPRODUCT(实盘持仓配置!$B$6:$X$6,'实盘净值数据(iFinD公式)'!$B21:$X21/'实盘净值数据(iFinD公式)'!$B$7:$X$7)*(1-实盘持仓配置!$Z$6)^(('实盘净值数据(iFinD公式)'!$A21-'实盘净值数据(iFinD公式)'!$A$7)/365)) | I21: =IF(OR(H20="",'实盘净值数据(iFinD公式)'!$A21="",'实盘净值数据(iFinD公式)'!$B21=""),"",(SUMPRODUCT(实盘持仓配置!$B$6:$X$6,'实盘净值数据(iFinD公式)'!$B20:$X20/'实盘净值数据(iFinD公式)'!$B$7:$X$7,'实盘净值数据(iFinD公式)'!$B21:$X21/'实盘净值数据(iFinD公式)'!$B20:$X20)/SUMPRODUCT(实盘持仓配置!$B$6:$X$6,'实盘净值数据(iFinD公式)'!$B20:$X20/'实盘净值数据(iFinD公式)'!$B$7:$X$7))*(1-实盘持仓配置!$Z$6)^(('实盘净值数据(iFinD公式)'!$A21-'实盘净值数据(iFinD公式)'!$A20)/365)-1) | J21: =IF(H21="","",H21/MAX(H$5:H21)-1) | K21: =IF(OR('实盘净值数据(iFinD公式)'!$A21="",'实盘净值数据(iFinD公式)'!$B21=""),"",分期持仓明细!$AB$9*SUMPRODUCT(分期持仓明细!$B$9:$Y$9,'实盘净值数据(iFinD公式)'!$B21:$Y21/'实盘净值数据(iFinD公式)'!$B$13:$Y$13)*(1-实盘持仓配置!$Z$7)^(('实盘净值数据(iFinD公式)'!$A21-'实盘净值数据(iFinD公式)'!$A$8)/365)) | L21: =IF(OR(K20="",K21=""),"",K21/K20-1) | M21: =IF(K21="","",K21/MAX(K$5:K21)-1) | N21: =IF(OR('实盘净值数据(iFinD公式)'!$A21="",'实盘净值数据(iFinD公式)'!$B21=""),"",分期持仓明细!$AB$11*SUMPRODUCT(分期持仓明细!$B$11:$Y$11,'实盘净值数据(iFinD公式)'!$B21:$Y21/'实盘净值数据(iFinD公式)'!$B$13:$Y$13)*(1-实盘持仓配置!$Z$8)^(('实盘净值数据(iFinD公式)'!$A21-'实盘净值数据(iFinD公式)'!$A$5)/365)) | O21: =IF(OR(N20="",N21=""),"",N21/N20-1) | P21: =IF(N21="","",N21/MAX(N$5:N21)-1) | Q21: =IF(OR('实盘净值数据(iFinD公式)'!$A21="",'实盘净值数据(iFinD公式)'!$B21=""),"",分期持仓明细!$AB$13*SUMPRODUCT(分期持仓明细!$B$13:$Y$13,'实盘净值数据(iFinD公式)'!$B21:$Y21/'实盘净值数据(iFinD公式)'!$B$13:$Y$13)*(1-实盘持仓配置!$Z$9)^(('实盘净值数据(iFinD公式)'!$A21-'实盘净值数据(iFinD公式)'!$A$8)/365)) | R21: =IF(OR(Q20="",Q21=""),"",Q21/Q20-1) | S21: =IF(Q21="","",Q21/MAX(Q$5:Q21)-1)
A22: =IF('实盘净值数据(iFinD公式)'!A22="","",'实盘净值数据(iFinD公式)'!A22) | B22: =IF(OR((ROW()-1)<6,'实盘净值数据(iFinD公式)'!$A22="",'实盘净值数据(iFinD公式)'!$B22=""),"",SUMPRODUCT(实盘持仓配置!$B$4:$X$4,'实盘净值数据(iFinD公式)'!$B22:$X22/'实盘净值数据(iFinD公式)'!$B$6:$X$6)*(1-实盘持仓配置!$Z$4)^(('实盘净值数据(iFinD公式)'!$A22-'实盘净值数据(iFinD公式)'!$A$6)/365)) | C22: =IF(OR(B21="",'实盘净值数据(iFinD公式)'!$A22="",'实盘净值数据(iFinD公式)'!$B22=""),"",(SUMPRODUCT(实盘持仓配置!$B$4:$X$4,'实盘净值数据(iFinD公式)'!$B21:$X21/'实盘净值数据(iFinD公式)'!$B$6:$X$6,'实盘净值数据(iFinD公式)'!$B22:$X22/'实盘净值数据(iFinD公式)'!$B21:$X21)/SUMPRODUCT(实盘持仓配置!$B$4:$X$4,'实盘净值数据(iFinD公式)'!$B21:$X21/'实盘净值数据(iFinD公式)'!$B$6:$X$6))*(1-实盘持仓配置!$Z$4)^(('实盘净值数据(iFinD公式)'!$A22-'实盘净值数据(iFinD公式)'!$A21)/365)-1) | D22: =IF(B22="","",B22/MAX(B$5:B22)-1) | E22: =IF(OR((ROW()-1)<5,'实盘净值数据(iFinD公式)'!$A22="",'实盘净值数据(iFinD公式)'!$B22=""),"",SUMPRODUCT(实盘持仓配置!$B$5:$X$5,'实盘净值数据(iFinD公式)'!$B22:$X22/'实盘净值数据(iFinD公式)'!$B$5:$X$5)*(1-实盘持仓配置!$Z$5)^(('实盘净值数据(iFinD公式)'!$A22-'实盘净值数据(iFinD公式)'!$A$5)/365)) | F22: =IF(OR(E21="",'实盘净值数据(iFinD公式)'!$A22="",'实盘净值数据(iFinD公式)'!$B22=""),"",(SUMPRODUCT(实盘持仓配置!$B$5:$X$5,'实盘净值数据(iFinD公式)'!$B21:$X21/'实盘净值数据(iFinD公式)'!$B$5:$X$5,'实盘净值数据(iFinD公式)'!$B22:$X22/'实盘净值数据(iFinD公式)'!$B21:$X21)/SUMPRODUCT(实盘持仓配置!$B$5:$X$5,'实盘净值数据(iFinD公式)'!$B21:$X21/'实盘净值数据(iFinD公式)'!$B$5:$X$5))*(1-实盘持仓配置!$Z$5)^(('实盘净值数据(iFinD公式)'!$A22-'实盘净值数据(iFinD公式)'!$A21)/365)-1) | G22: =IF(E22="","",E22/MAX(E$5:E22)-1) | H22: =IF(OR((ROW()-1)<7,'实盘净值数据(iFinD公式)'!$A22="",'实盘净值数据(iFinD公式)'!$B22=""),"",SUMPRODUCT(实盘持仓配置!$B$6:$X$6,'实盘净值数据(iFinD公式)'!$B22:$X22/'实盘净值数据(iFinD公式)'!$B$7:$X$7)*(1-实盘持仓配置!$Z$6)^(('实盘净值数据(iFinD公式)'!$A22-'实盘净值数据(iFinD公式)'!$A$7)/365)) | I22: =IF(OR(H21="",'实盘净值数据(iFinD公式)'!$A22="",'实盘净值数据(iFinD公式)'!$B22=""),"",(SUMPRODUCT(实盘持仓配置!$B$6:$X$6,'实盘净值数据(iFinD公式)'!$B21:$X21/'实盘净值数据(iFinD公式)'!$B$7:$X$7,'实盘净值数据(iFinD公式)'!$B22:$X22/'实盘净值数据(iFinD公式)'!$B21:$X21)/SUMPRODUCT(实盘持仓配置!$B$6:$X$6,'实盘净值数据(iFinD公式)'!$B21:$X21/'实盘净值数据(iFinD公式)'!$B$7:$X$7))*(1-实盘持仓配置!$Z$6)^(('实盘净值数据(iFinD公式)'!$A22-'实盘净值数据(iFinD公式)'!$A21)/365)-1) | J22: =IF(H22="","",H22/MAX(H$5:H22)-1) | K22: =IF(OR('实盘净值数据(iFinD公式)'!$A22="",'实盘净值数据(iFinD公式)'!$B22=""),"",分期持仓明细!$AB$9*SUMPRODUCT(分期持仓明细!$B$9:$Y$9,'实盘净值数据(iFinD公式)'!$B22:$Y22/'实盘净值数据(iFinD公式)'!$B$13:$Y$13)*(1-实盘持仓配置!$Z$7)^(('实盘净值数据(iFinD公式)'!$A22-'实盘净值数据(iFinD公式)'!$A$8)/365)) | L22: =IF(OR(K21="",K22=""),"",K22/K21-1) | M22: =IF(K22="","",K22/MAX(K$5:K22)-1) | N22: =IF(OR('实盘净值数据(iFinD公式)'!$A22="",'实盘净值数据(iFinD公式)'!$B22=""),"",分期持仓明细!$AB$11*SUMPRODUCT(分期持仓明细!$B$11:$Y$11,'实盘净值数据(iFinD公式)'!$B22:$Y22/'实盘净值数据(iFinD公式)'!$B$13:$Y$13)*(1-实盘持仓配置!$Z$8)^(('实盘净值数据(iFinD公式)'!$A22-'实盘净值数据(iFinD公式)'!$A$5)/365)) | O22: =IF(OR(N21="",N22=""),"",N22/N21-1) | P22: =IF(N22="","",N22/MAX(N$5:N22)-1) | Q22: =IF(OR('实盘净值数据(iFinD公式)'!$A22="",'实盘净值数据(iFinD公式)'!$B22=""),"",分期持仓明细!$AB$13*SUMPRODUCT(分期持仓明细!$B$13:$Y$13,'实盘净值数据(iFinD公式)'!$B22:$Y22/'实盘净值数据(iFinD公式)'!$B$13:$Y$13)*(1-实盘持仓配置!$Z$9)^(('实盘净值数据(iFinD公式)'!$A22-'实盘净值数据(iFinD公式)'!$A$8)/365)) | R22: =IF(OR(Q21="",Q22=""),"",Q22/Q21-1) | S22: =IF(Q22="","",Q22/MAX(Q$5:Q22)-1)
A23: =IF('实盘净值数据(iFinD公式)'!A23="","",'实盘净值数据(iFinD公式)'!A23) | B23: =IF(OR((ROW()-1)<6,'实盘净值数据(iFinD公式)'!$A23="",'实盘净值数据(iFinD公式)'!$B23=""),"",SUMPRODUCT(实盘持仓配置!$B$4:$X$4,'实盘净值数据(iFinD公式)'!$B23:$X23/'实盘净值数据(iFinD公式)'!$B$6:$X$6)*(1-实盘持仓配置!$Z$4)^(('实盘净值数据(iFinD公式)'!$A23-'实盘净值数据(iFinD公式)'!$A$6)/365)) | C23: =IF(OR(B22="",'实盘净值数据(iFinD公式)'!$A23="",'实盘净值数据(iFinD公式)'!$B23=""),"",(SUMPRODUCT(实盘持仓配置!$B$4:$X$4,'实盘净值数据(iFinD公式)'!$B22:$X22/'实盘净值数据(iFinD公式)'!$B$6:$X$6,'实盘净值数据(iFinD公式)'!$B23:$X23/'实盘净值数据(iFinD公式)'!$B22:$X22)/SUMPRODUCT(实盘持仓配置!$B$4:$X$4,'实盘净值数据(iFinD公式)'!$B22:$X22/'实盘净值数据(iFinD公式)'!$B$6:$X$6))*(1-实盘持仓配置!$Z$4)^(('实盘净值数据(iFinD公式)'!$A23-'实盘净值数据(iFinD公式)'!$A22)/365)-1) | D23: =IF(B23="","",B23/MAX(B$5:B23)-1) | E23: =IF(OR((ROW()-1)<5,'实盘净值数据(iFinD公式)'!$A23="",'实盘净值数据(iFinD公式)'!$B23=""),"",SUMPRODUCT(实盘持仓配置!$B$5:$X$5,'实盘净值数据(iFinD公式)'!$B23:$X23/'实盘净值数据(iFinD公式)'!$B$5:$X$5)*(1-实盘持仓配置!$Z$5)^(('实盘净值数据(iFinD公式)'!$A23-'实盘净值数据(iFinD公式)'!$A$5)/365)) | F23: =IF(OR(E22="",'实盘净值数据(iFinD公式)'!$A23="",'实盘净值数据(iFinD公式)'!$B23=""),"",(SUMPRODUCT(实盘持仓配置!$B$5:$X$5,'实盘净值数据(iFinD公式)'!$B22:$X22/'实盘净值数据(iFinD公式)'!$B$5:$X$5,'实盘净值数据(iFinD公式)'!$B23:$X23/'实盘净值数据(iFinD公式)'!$B22:$X22)/SUMPRODUCT(实盘持仓配置!$B$5:$X$5,'实盘净值数据(iFinD公式)'!$B22:$X22/'实盘净值数据(iFinD公式)'!$B$5:$X$5))*(1-实盘持仓配置!$Z$5)^(('实盘净值数据(iFinD公式)'!$A23-'实盘净值数据(iFinD公式)'!$A22)/365)-1) | G23: =IF(E23="","",E23/MAX(E$5:E23)-1) | H23: =IF(OR((ROW()-1)<7,'实盘净值数据(iFinD公式)'!$A23="",'实盘净值数据(iFinD公式)'!$B23=""),"",SUMPRODUCT(实盘持仓配置!$B$6:$X$6,'实盘净值数据(iFinD公式)'!$B23:$X23/'实盘净值数据(iFinD公式)'!$B$7:$X$7)*(1-实盘持仓配置!$Z$6)^(('实盘净值数据(iFinD公式)'!$A23-'实盘净值数据(iFinD公式)'!$A$7)/365)) | I23: =IF(OR(H22="",'实盘净值数据(iFinD公式)'!$A23="",'实盘净值数据(iFinD公式)'!$B23=""),"",(SUMPRODUCT(实盘持仓配置!$B$6:$X$6,'实盘净值数据(iFinD公式)'!$B22:$X22/'实盘净值数据(iFinD公式)'!$B$7:$X$7,'实盘净值数据(iFinD公式)'!$B23:$X23/'实盘净值数据(iFinD公式)'!$B22:$X22)/SUMPRODUCT(实盘持仓配置!$B$6:$X$6,'实盘净值数据(iFinD公式)'!$B22:$X22/'实盘净值数据(iFinD公式)'!$B$7:$X$7))*(1-实盘持仓配置!$Z$6)^(('实盘净值数据(iFinD公式)'!$A23-'实盘净值数据(iFinD公式)'!$A22)/365)-1) | J23: =IF(H23="","",H23/MAX(H$5:H23)-1) | K23: =IF(OR('实盘净值数据(iFinD公式)'!$A23="",'实盘净值数据(iFinD公式)'!$B23=""),"",分期持仓明细!$AB$9*SUMPRODUCT(分期持仓明细!$B$9:$Y$9,'实盘净值数据(iFinD公式)'!$B23:$Y23/'实盘净值数据(iFinD公式)'!$B$13:$Y$13)*(1-实盘持仓配置!$Z$7)^(('实盘净值数据(iFinD公式)'!$A23-'实盘净值数据(iFinD公式)'!$A$8)/365)) | L23: =IF(OR(K22="",K23=""),"",K23/K22-1) | M23: =IF(K23="","",K23/MAX(K$5:K23)-1) | N23: =IF(OR('实盘净值数据(iFinD公式)'!$A23="",'实盘净值数据(iFinD公式)'!$B23=""),"",分期持仓明细!$AB$11*SUMPRODUCT(分期持仓明细!$B$11:$Y$11,'实盘净值数据(iFinD公式)'!$B23:$Y23/'实盘净值数据(iFinD公式)'!$B$13:$Y$13)*(1-实盘持仓配置!$Z$8)^(('实盘净值数据(iFinD公式)'!$A23-'实盘净值数据(iFinD公式)'!$A$5)/365)) | O23: =IF(OR(N22="",N23=""),"",N23/N22-1) | P23: =IF(N23="","",N23/MAX(N$5:N23)-1) | Q23: =IF(OR('实盘净值数据(iFinD公式)'!$A23="",'实盘净值数据(iFinD公式)'!$B23=""),"",分期持仓明细!$AB$13*SUMPRODUCT(分期持仓明细!$B$13:$Y$13,'实盘净值数据(iFinD公式)'!$B23:$Y23/'实盘净值数据(iFinD公式)'!$B$13:$Y$13)*(1-实盘持仓配置!$Z$9)^(('实盘净值数据(iFinD公式)'!$A23-'实盘净值数据(iFinD公式)'!$A$8)/365)) | R23: =IF(OR(Q22="",Q23=""),"",Q23/Q22-1) | S23: =IF(Q23="","",Q23/MAX(Q$5:Q23)-1)
A24: =IF('实盘净值数据(iFinD公式)'!A24="","",'实盘净值数据(iFinD公式)'!A24) | B24: =IF(OR((ROW()-1)<6,'实盘净值数据(iFinD公式)'!$A24="",'实盘净值数据(iFinD公式)'!$B24=""),"",SUMPRODUCT(实盘持仓配置!$B$4:$X$4,'实盘净值数据(iFinD公式)'!$B24:$X24/'实盘净值数据(iFinD公式)'!$B$6:$X$6)*(1-实盘持仓配置!$Z$4)^(('实盘净值数据(iFinD公式)'!$A24-'实盘净值数据(iFinD公式)'!$A$6)/365)) | C24: =IF(OR(B23="",'实盘净值数据(iFinD公式)'!$A24="",'实盘净值数据(iFinD公式)'!$B24=""),"",(SUMPRODUCT(实盘持仓配置!$B$4:$X$4,'实盘净值数据(iFinD公式)'!$B23:$X23/'实盘净值数据(iFinD公式)'!$B$6:$X$6,'实盘净值数据(iFinD公式)'!$B24:$X24/'实盘净值数据(iFinD公式)'!$B23:$X23)/SUMPRODUCT(实盘持仓配置!$B$4:$X$4,'实盘净值数据(iFinD公式)'!$B23:$X23/'实盘净值数据(iFinD公式)'!$B$6:$X$6))*(1-实盘持仓配置!$Z$4)^(('实盘净值数据(iFinD公式)'!$A24-'实盘净值数据(iFinD公式)'!$A23)/365)-1) | D24: =IF(B24="","",B24/MAX(B$5:B24)-1) | E24: =IF(OR((ROW()-1)<5,'实盘净值数据(iFinD公式)'!$A24="",'实盘净值数据(iFinD公式)'!$B24=""),"",SUMPRODUCT(实盘持仓配置!$B$5:$X$5,'实盘净值数据(iFinD公式)'!$B24:$X24/'实盘净值数据(iFinD公式)'!$B$5:$X$5)*(1-实盘持仓配置!$Z$5)^(('实盘净值数据(iFinD公式)'!$A24-'实盘净值数据(iFinD公式)'!$A$5)/365)) | F24: =IF(OR(E23="",'实盘净值数据(iFinD公式)'!$A24="",'实盘净值数据(iFinD公式)'!$B24=""),"",(SUMPRODUCT(实盘持仓配置!$B$5:$X$5,'实盘净值数据(iFinD公式)'!$B23:$X23/'实盘净值数据(iFinD公式)'!$B$5:$X$5,'实盘净值数据(iFinD公式)'!$B24:$X24/'实盘净值数据(iFinD公式)'!$B23:$X23)/SUMPRODUCT(实盘持仓配置!$B$5:$X$5,'实盘净值数据(iFinD公式)'!$B23:$X23/'实盘净值数据(iFinD公式)'!$B$5:$X$5))*(1-实盘持仓配置!$Z$5)^(('实盘净值数据(iFinD公式)'!$A24-'实盘净值数据(iFinD公式)'!$A23)/365)-1) | G24: =IF(E24="","",E24/MAX(E$5:E24)-1) | H24: =IF(OR((ROW()-1)<7,'实盘净值数据(iFinD公式)'!$A24="",'实盘净值数据(iFinD公式)'!$B24=""),"",SUMPRODUCT(实盘持仓配置!$B$6:$X$6,'实盘净值数据(iFinD公式)'!$B24:$X24/'实盘净值数据(iFinD公式)'!$B$7:$X$7)*(1-实盘持仓配置!$Z$6)^(('实盘净值数据(iFinD公式)'!$A24-'实盘净值数据(iFinD公式)'!$A$7)/365)) | I24: =IF(OR(H23="",'实盘净值数据(iFinD公式)'!$A24="",'实盘净值数据(iFinD公式)'!$B24=""),"",(SUMPRODUCT(实盘持仓配置!$B$6:$X$6,'实盘净值数据(iFinD公式)'!$B23:$X23/'实盘净值数据(iFinD公式)'!$B$7:$X$7,'实盘净值数据(iFinD公式)'!$B24:$X24/'实盘净值数据(iFinD公式)'!$B23:$X23)/SUMPRODUCT(实盘持仓配置!$B$6:$X$6,'实盘净值数据(iFinD公式)'!$B23:$X23/'实盘净值数据(iFinD公式)'!$B$7:$X$7))*(1-实盘持仓配置!$Z$6)^(('实盘净值数据(iFinD公式)'!$A24-'实盘净值数据(iFinD公式)'!$A23)/365)-1) | J24: =IF(H24="","",H24/MAX(H$5:H24)-1) | K24: =IF(OR('实盘净值数据(iFinD公式)'!$A24="",'实盘净值数据(iFinD公式)'!$B24=""),"",分期持仓明细!$AB$9*SUMPRODUCT(分期持仓明细!$B$9:$Y$9,'实盘净值数据(iFinD公式)'!$B24:$Y24/'实盘净值数据(iFinD公式)'!$B$13:$Y$13)*(1-实盘持仓配置!$Z$7)^(('实盘净值数据(iFinD公式)'!$A24-'实盘净值数据(iFinD公式)'!$A$8)/365)) | L24: =IF(OR(K23="",K24=""),"",K24/K23-1) | M24: =IF(K24="","",K24/MAX(K$5:K24)-1) | N24: =IF(OR('实盘净值数据(iFinD公式)'!$A24="",'实盘净值数据(iFinD公式)'!$B24=""),"",分期持仓明细!$AB$11*SUMPRODUCT(分期持仓明细!$B$11:$Y$11,'实盘净值数据(iFinD公式)'!$B24:$Y24/'实盘净值数据(iFinD公式)'!$B$13:$Y$13)*(1-实盘持仓配置!$Z$8)^(('实盘净值数据(iFinD公式)'!$A24-'实盘净值数据(iFinD公式)'!$A$5)/365)) | O24: =IF(OR(N23="",N24=""),"",N24/N23-1) | P24: =IF(N24="","",N24/MAX(N$5:N24)-1) | Q24: =IF(OR('实盘净值数据(iFinD公式)'!$A24="",'实盘净值数据(iFinD公式)'!$B24=""),"",分期持仓明细!$AB$13*SUMPRODUCT(分期持仓明细!$B$13:$Y$13,'实盘净值数据(iFinD公式)'!$B24:$Y24/'实盘净值数据(iFinD公式)'!$B$13:$Y$13)*(1-实盘持仓配置!$Z$9)^(('实盘净值数据(iFinD公式)'!$A24-'实盘净值数据(iFinD公式)'!$A$8)/365)) | R24: =IF(OR(Q23="",Q24=""),"",Q24/Q23-1) | S24: =IF(Q24="","",Q24/MAX(Q$5:Q24)-1)
A25: =IF('实盘净值数据(iFinD公式)'!A25="","",'实盘净值数据(iFinD公式)'!A25) | B25: =IF(OR((ROW()-1)<6,'实盘净值数据(iFinD公式)'!$A25="",'实盘净值数据(iFinD公式)'!$B25=""),"",SUMPRODUCT(实盘持仓配置!$B$4:$X$4,'实盘净值数据(iFinD公式)'!$B25:$X25/'实盘净值数据(iFinD公式)'!$B$6:$X$6)*(1-实盘持仓配置!$Z$4)^(('实盘净值数据(iFinD公式)'!$A25-'实盘净值数据(iFinD公式)'!$A$6)/365)) | C25: =IF(OR(B24="",'实盘净值数据(iFinD公式)'!$A25="",'实盘净值数据(iFinD公式)'!$B25=""),"",(SUMPRODUCT(实盘持仓配置!$B$4:$X$4,'实盘净值数据(iFinD公式)'!$B24:$X24/'实盘净值数据(iFinD公式)'!$B$6:$X$6,'实盘净值数据(iFinD公式)'!$B25:$X25/'实盘净值数据(iFinD公式)'!$B24:$X24)/SUMPRODUCT(实盘持仓配置!$B$4:$X$4,'实盘净值数据(iFinD公式)'!$B24:$X24/'实盘净值数据(iFinD公式)'!$B$6:$X$6))*(1-实盘持仓配置!$Z$4)^(('实盘净值数据(iFinD公式)'!$A25-'实盘净值数据(iFinD公式)'!$A24)/365)-1) | D25: =IF(B25="","",B25/MAX(B$5:B25)-1) | E25: =IF(OR((ROW()-1)<5,'实盘净值数据(iFinD公式)'!$A25="",'实盘净值数据(iFinD公式)'!$B25=""),"",SUMPRODUCT(实盘持仓配置!$B$5:$X$5,'实盘净值数据(iFinD公式)'!$B25:$X25/'实盘净值数据(iFinD公式)'!$B$5:$X$5)*(1-实盘持仓配置!$Z$5)^(('实盘净值数据(iFinD公式)'!$A25-'实盘净值数据(iFinD公式)'!$A$5)/365)) | F25: =IF(OR(E24="",'实盘净值数据(iFinD公式)'!$A25="",'实盘净值数据(iFinD公式)'!$B25=""),"",(SUMPRODUCT(实盘持仓配置!$B$5:$X$5,'实盘净值数据(iFinD公式)'!$B24:$X24/'实盘净值数据(iFinD公式)'!$B$5:$X$5,'实盘净值数据(iFinD公式)'!$B25:$X25/'实盘净值数据(iFinD公式)'!$B24:$X24)/SUMPRODUCT(实盘持仓配置!$B$5:$X$5,'实盘净值数据(iFinD公式)'!$B24:$X24/'实盘净值数据(iFinD公式)'!$B$5:$X$5))*(1-实盘持仓配置!$Z$5)^(('实盘净值数据(iFinD公式)'!$A25-'实盘净值数据(iFinD公式)'!$A24)/365)-1) | G25: =IF(E25="","",E25/MAX(E$5:E25)-1) | H25: =IF(OR((ROW()-1)<7,'实盘净值数据(iFinD公式)'!$A25="",'实盘净值数据(iFinD公式)'!$B25=""),"",SUMPRODUCT(实盘持仓配置!$B$6:$X$6,'实盘净值数据(iFinD公式)'!$B25:$X25/'实盘净值数据(iFinD公式)'!$B$7:$X$7)*(1-实盘持仓配置!$Z$6)^(('实盘净值数据(iFinD公式)'!$A25-'实盘净值数据(iFinD公式)'!$A$7)/365)) | I25: =IF(OR(H24="",'实盘净值数据(iFinD公式)'!$A25="",'实盘净值数据(iFinD公式)'!$B25=""),"",(SUMPRODUCT(实盘持仓配置!$B$6:$X$6,'实盘净值数据(iFinD公式)'!$B24:$X24/'实盘净值数据(iFinD公式)'!$B$7:$X$7,'实盘净值数据(iFinD公式)'!$B25:$X25/'实盘净值数据(iFinD公式)'!$B24:$X24)/SUMPRODUCT(实盘持仓配置!$B$6:$X$6,'实盘净值数据(iFinD公式)'!$B24:$X24/'实盘净值数据(iFinD公式)'!$B$7:$X$7))*(1-实盘持仓配置!$Z$6)^(('实盘净值数据(iFinD公式)'!$A25-'实盘净值数据(iFinD公式)'!$A24)/365)-1) | J25: =IF(H25="","",H25/MAX(H$5:H25)-1) | K25: =IF(OR('实盘净值数据(iFinD公式)'!$A25="",'实盘净值数据(iFinD公式)'!$B25=""),"",分期持仓明细!$AB$9*SUMPRODUCT(分期持仓明细!$B$9:$Y$9,'实盘净值数据(iFinD公式)'!$B25:$Y25/'实盘净值数据(iFinD公式)'!$B$13:$Y$13)*(1-实盘持仓配置!$Z$7)^(('实盘净值数据(iFinD公式)'!$A25-'实盘净值数据(iFinD公式)'!$A$8)/365)) | L25: =IF(OR(K24="",K25=""),"",K25/K24-1) | M25: =IF(K25="","",K25/MAX(K$5:K25)-1) | N25: =IF(OR('实盘净值数据(iFinD公式)'!$A25="",'实盘净值数据(iFinD公式)'!$B25=""),"",分期持仓明细!$AB$11*SUMPRODUCT(分期持仓明细!$B$11:$Y$11,'实盘净值数据(iFinD公式)'!$B25:$Y25/'实盘净值数据(iFinD公式)'!$B$13:$Y$13)*(1-实盘持仓配置!$Z$8)^(('实盘净值数据(iFinD公式)'!$A25-'实盘净值数据(iFinD公式)'!$A$5)/365)) | O25: =IF(OR(N24="",N25=""),"",N25/N24-1) | P25: =IF(N25="","",N25/MAX(N$5:N25)-1) | Q25: =IF(OR('实盘净值数据(iFinD公式)'!$A25="",'实盘净值数据(iFinD公式)'!$B25=""),"",分期持仓明细!$AB$13*SUMPRODUCT(分期持仓明细!$B$13:$Y$13,'实盘净值数据(iFinD公式)'!$B25:$Y25/'实盘净值数据(iFinD公式)'!$B$13:$Y$13)*(1-实盘持仓配置!$Z$9)^(('实盘净值数据(iFinD公式)'!$A25-'实盘净值数据(iFinD公式)'!$A$8)/365)) | R25: =IF(OR(Q24="",Q25=""),"",Q25/Q24-1) | S25: =IF(Q25="","",Q25/MAX(Q$5:Q25)-1)
... A59: =IF('实盘净值数据(iFinD公式)'!A59="","",'实盘净值数据(iFinD公式)'!A59) | B59: =IF(OR((ROW()-1)<6,'实盘净值数据(iFinD公式)'!$A59="",'实盘净值数据(iFinD公式)'!$B59=""),"",SUMPRODUCT(实盘持仓配置!$B$4:$X$4,'实盘净值数据(iFinD公式)'!$B59:$X59/'实盘净值数据(iFinD公式)'!$B$6:$X$6)*(1-实盘持仓配置!$Z$4)^(('实盘净值数据(iFinD公式)'!$A59-'实盘净值数据(iFinD公式)'!$A$6)/365)) | C59: =IF(OR(B58="",'实盘净值数据(iFinD公式)'!$A59="",'实盘净值数据(iFinD公式)'!$B59=""),"",(SUMPRODUCT(实盘持仓配置!$B$4:$X$4,'实盘净值数据(iFinD公式)'!$B58:$X58/'实盘净值数据(iFinD公式)'!$B$6:$X$6,'实盘净值数据(iFinD公式)'!$B59:$X59/'实盘净值数据(iFinD公式)'!$B58:$X58)/SUMPRODUCT(实盘持仓配置!$B$4:$X$4,'实盘净值数据(iFinD公式)'!$B58:$X58/'实盘净值数据(iFinD公式)'!$B$6:$X$6))*(1-实盘持仓配置!$Z$4)^(('实盘净值数据(iFinD公式)'!$A59-'实盘净值数据(iFinD公式)'!$A58)/365)-1) | D59: =IF(B59="","",B59/MAX(B$5:B59)-1) | E59: =IF(OR((ROW()-1)<5,'实盘净值数据(iFinD公式)'!$A59="",'实盘净值数据(iFinD公式)'!$B59=""),"",SUMPRODUCT(实盘持仓配置!$B$5:$X$5,'实盘净值数据(iFinD公式)'!$B59:$X59/'实盘净值数据(iFinD公式)'!$B$5:$X$5)*(1-实盘持仓配置!$Z$5)^(('实盘净值数据(iFinD公式)'!$A59-'实盘净值数据(iFinD公式)'!$A$5)/365)) | F59: =IF(OR(E58="",'实盘净值数据(iFinD公式)'!$A59="",'实盘净值数据(iFinD公式)'!$B59=""),"",(SUMPRODUCT(实盘持仓配置!$B$5:$X$5,'实盘净值数据(iFinD公式)'!$B58:$X58/'实盘净值数据(iFinD公式)'!$B$5:$X$5,'实盘净值数据(iFinD公式)'!$B59:$X59/'实盘净值数据(iFinD公式)'!$B58:$X58)/SUMPRODUCT(实盘持仓配置!$B$5:$X$5,'实盘净值数据(iFinD公式)'!$B58:$X58/'实盘净值数据(iFinD公式)'!$B$5:$X$5))*(1-实盘持仓配置!$Z$5)^(('实盘净值数据(iFinD公式)'!$A59-'实盘净值数据(iFinD公式)'!$A58)/365)-1) | G59: =IF(E59="","",E59/MAX(E$5:E59)-1) | H59: =IF(OR((ROW()-1)<7,'实盘净值数据(iFinD公式)'!$A59="",'实盘净值数据(iFinD公式)'!$B59=""),"",SUMPRODUCT(实盘持仓配置!$B$6:$X$6,'实盘净值数据(iFinD公式)'!$B59:$X59/'实盘净值数据(iFinD公式)'!$B$7:$X$7)*(1-实盘持仓配置!$Z$6)^(('实盘净值数据(iFinD公式)'!$A59-'实盘净值数据(iFinD公式)'!$A$7)/365)) | I59: =IF(OR(H58="",'实盘净值数据(iFinD公式)'!$A59="",'实盘净值数据(iFinD公式)'!$B59=""),"",(SUMPRODUCT(实盘持仓配置!$B$6:$X$6,'实盘净值数据(iFinD公式)'!$B58:$X58/'实盘净值数据(iFinD公式)'!$B$7:$X$7,'实盘净值数据(iFinD公式)'!$B59:$X59/'实盘净值数据(iFinD公式)'!$B58:$X58)/SUMPRODUCT(实盘持仓配置!$B$6:$X$6,'实盘净值数据(iFinD公式)'!$B58:$X58/'实盘净值数据(iFinD公式)'!$B$7:$X$7))*(1-实盘持仓配置!$Z$6)^(('实盘净值数据(iFinD公式)'!$A59-'实盘净值数据(iFinD公式)'!$A58)/365)-1) | J59: =IF(H59="","",H59/MAX(H$5:H59)-1) | K59: =IF(OR('实盘净值数据(iFinD公式)'!$A59="",'实盘净值数据(iFinD公式)'!$B59=""),"",分期持仓明细!$AB$9*SUMPRODUCT(分期持仓明细!$B$9:$Y$9,'实盘净值数据(iFinD公式)'!$B59:$Y59/'实盘净值数据(iFinD公式)'!$B$13:$Y$13)*(1-实盘持仓配置!$Z$7)^(('实盘净值数据(iFinD公式)'!$A59-'实盘净值数据(iFinD公式)'!$A$8)/365)) | L59: =IF(OR(K58="",K59=""),"",K59/K58-1) | M59: =IF(K59="","",K59/MAX(K$5:K59)-1) | N59: =IF(OR('实盘净值数据(iFinD公式)'!$A59="",'实盘净值数据(iFinD公式)'!$B59=""),"",分期持仓明细!$AB$11*SUMPRODUCT(分期持仓明细!$B$11:$Y$11,'实盘净值数据(iFinD公式)'!$B59:$Y59/'实盘净值数据(iFinD公式)'!$B$13:$Y$13)*(1-实盘持仓配置!$Z$8)^(('实盘净值数据(iFinD公式)'!$A59-'实盘净值数据(iFinD公式)'!$A$5)/365)) | O59: =IF(OR(N58="",N59=""),"",N59/N58-1) | P59: =IF(N59="","",N59/MAX(N$5:N59)-1) | Q59: =IF(OR('实盘净值数据(iFinD公式)'!$A59="",'实盘净值数据(iFinD公式)'!$B59=""),"",分期持仓明细!$AB$13*SUMPRODUCT(分期持仓明细!$B$13:$Y$13,'实盘净值数据(iFinD公式)'!$B59:$Y59/'实盘净值数据(iFinD公式)'!$B$13:$Y$13)*(1-实盘持仓配置!$Z$9)^(('实盘净值数据(iFinD公式)'!$A59-'实盘净值数据(iFinD公式)'!$A$8)/365)) | R59: =IF(OR(Q58="",Q59=""),"",Q59/Q58-1) | S59: =IF(Q59="","",Q59/MAX(Q$5:Q59)-1)
A61: 各组合自其净值起始日起=1.0000；买入持有，权重随涨跌漂移；净值已按各自年化费率折每日扣费。新增日期下拉填充。

Sheet 分期持仓明细
A1: 分期持仓明细（每次调仓后的组合权重；P0=初始建仓，P1=7/1调仓后…）
A2: 基金简称 | B2: 华安黄金ETF联接A | C2: 嘉实快线货币A | D2: 宏利复兴混合A | E2: 博道沪深300增强A | F2: 博道沪深300指增C | G2: 国泰通信设备ETF联接A | H2: 国泰通信设备C | I2: 嘉实前沿科技创新 | J2: 银华集成电路混合A | K2: 银华集成电路混合C | L2: 天弘中证1000指增A | M2: 天弘中证1000指增C | N2: 中欧中证500指增A | O2: 中欧中证500指增C | P2: 信澳业绩驱动A | Q2: 嘉实信息产业A | R2: 嘉实信息产业C | S2: 宏利复兴伟业C | T2: 国泰半导体材料设备ETF联接A | U2: 国泰半导体材料设备C | V2: 华泰柏瑞中证2000指增A | W2: 华泰柏瑞中证2000指增C | X2: 易方达中债新综指LOFA | Y2: 宏利领先中小盘混合 | Z2: 合计 | AA2: 生效日 | AB2: 累计因子(自动)
A3: 基金代码 | B3: 000216 | C3: 000917 | D3: 001170 | E3: 007044 | F3: 007045 | G3: 007817 | H3: 007818 | I3: 009993 | J3: 013840 | K3: 013841 | L3: 014201 | M3: 014202 | N3: 015453 | O3: 015454 | P3: 016370 | Q3: 017488 | R3: 017489 | S3: 017612 | T3: 019632 | U3: 019633 | V3: 019923 | W3: 019924 | X3: 161119 | Y3: 162214
A5: 产业趋势 · P0初始 | B5: =实盘持仓配置!B4 | C5: =实盘持仓配置!C4 | D5: =实盘持仓配置!D4 | E5: =实盘持仓配置!E4 | F5: =实盘持仓配置!F4 | G5: =实盘持仓配置!G4 | H5: =实盘持仓配置!H4 | I5: =实盘持仓配置!I4 | ... X5: =实盘持仓配置!X4 | Y5: 0 | Z5: =SUM(B5:Y5) | AA5: 46195
A6: 产业趋势基石 · P0初始 | B6: =实盘持仓配置!B5 | C6: =实盘持仓配置!C5 | D6: =实盘持仓配置!D5 | E6: =实盘持仓配置!E5 | F6: =实盘持仓配置!F5 | G6: =实盘持仓配置!G5 | H6: =实盘持仓配置!H5 | I6: =实盘持仓配置!I5 | ... X6: =实盘持仓配置!X5 | Y6: 0 | Z6: =SUM(B6:Y6) | AA6: 46191
A7: 产业趋势2号 · P0初始 | B7: =实盘持仓配置!B6 | C7: =实盘持仓配置!C6 | D7: =实盘持仓配置!D6 | E7: =实盘持仓配置!E6 | F7: =实盘持仓配置!F6 | G7: =实盘持仓配置!G6 | H7: =实盘持仓配置!H6 | I7: =实盘持仓配置!I6 | ... X7: =实盘持仓配置!X6 | Y7: 0 | Z7: =SUM(B7:Y7) | AA7: 46196
A8: 10-90 · P0初始 | B8: =实盘持仓配置!B7 | C8: =实盘持仓配置!C7 | D8: =实盘持仓配置!D7 | E8: =实盘持仓配置!E7 | F8: =实盘持仓配置!F7 | G8: =实盘持仓配置!G7 | H8: =实盘持仓配置!H7 | I8: =实盘持仓配置!I7 | ... X8: =实盘持仓配置!X7 | Y8: 0 | Z8: =SUM(B8:Y8) | AA8: 46197
A9: 10-90 · P1(7/1调仓后) | B9: =B$8*'实盘净值数据(iFinD公式)'!B$13/'实盘净值数据(iFinD公式)'!B$8/$AB$9 | C9: =C$8*'实盘净值数据(iFinD公式)'!C$13/'实盘净值数据(iFinD公式)'!C$8/$AB$9-0.01 | D9: =D$8*'实盘净值数据(iFinD公式)'!D$13/'实盘净值数据(iFinD公式)'!D$8/$AB$9 | E9: =E$8*'实盘净值数据(iFinD公式)'!E$13/'实盘净值数据(iFinD公式)'!E$8/$AB$9 | F9: =F$8*'实盘净值数据(iFinD公式)'!F$13/'实盘净值数据(iFinD公式)'!F$8/$AB$9 | G9: =G$8*'实盘净值数据(iFinD公式)'!G$13/'实盘净值数据(iFinD公式)'!G$8/$AB$9 | H9: =H$8*'实盘净值数据(iFinD公式)'!H$13/'实盘净值数据(iFinD公式)'!H$8/$AB$9 | I9: =I$8*'实盘净值数据(iFinD公式)'!I$13/'实盘净值数据(iFinD公式)'!I$8/$AB$9 | J9: =J$8*'实盘净值数据(iFinD公式)'!J$13/'实盘净值数据(iFinD公式)'!J$8/$AB$9 | K9: =K$8*'实盘净值数据(iFinD公式)'!K$13/'实盘净值数据(iFinD公式)'!K$8/$AB$9 | ... X9: =X$8*'实盘净值数据(iFinD公式)'!X$13/'实盘净值数据(iFinD公式)'!X$8/$AB$9 | Y9: =Y$8*'实盘净值数据(iFinD公式)'!Y$13/'实盘净值数据(iFinD公式)'!Y$8/$AB$9+0.01 | Z9: =SUM(B9:Y9) | AA9: 46204 | AB9: =SUMPRODUCT($B$8:$Y$8,'实盘净值数据(iFinD公式)'!$B$13:$Y$13/'实盘净值数据(iFinD公式)'!$B$8:$Y$8)
A10: 10-90基石 · P0初始 | B10: =实盘持仓配置!B8 | C10: =实盘持仓配置!C8 | D10: =实盘持仓配置!D8 | E10: =实盘持仓配置!E8 | F10: =实盘持仓配置!F8 | G10: =实盘持仓配置!G8 | H10: =实盘持仓配置!H8 | I10: =实盘持仓配置!I8 | ... X10: =实盘持仓配置!X8 | Y10: 0 | Z10: =SUM(B10:Y10) | AA10: 46191
A11: 10-90基石 · P1(7/1调仓后) | B11: =B$10*'实盘净值数据(iFinD公式)'!B$13/'实盘净值数据(iFinD公式)'!B$5/$AB$11 | C11: =C$10*'实盘净值数据(iFinD公式)'!C$13/'实盘净值数据(iFinD公式)'!C$5/$AB$11-0.01 | D11: =D$10*'实盘净值数据(iFinD公式)'!D$13/'实盘净值数据(iFinD公式)'!D$5/$AB$11 | E11: =E$10*'实盘净值数据(iFinD公式)'!E$13/'实盘净值数据(iFinD公式)'!E$5/$AB$11 | F11: =F$10*'实盘净值数据(iFinD公式)'!F$13/'实盘净值数据(iFinD公式)'!F$5/$AB$11 | G11: =G$10*'实盘净值数据(iFinD公式)'!G$13/'实盘净值数据(iFinD公式)'!G$5/$AB$11 | H11: =H$10*'实盘净值数据(iFinD公式)'!H$13/'实盘净值数据(iFinD公式)'!H$5/$AB$11 | I11: =I$10*'实盘净值数据(iFinD公式)'!I$13/'实盘净值数据(iFinD公式)'!I$5/$AB$11 | J11: =J$10*'实盘净值数据(iFinD公式)'!J$13/'实盘净值数据(iFinD公式)'!J$5/$AB$11 | K11: =K$10*'实盘净值数据(iFinD公式)'!K$13/'实盘净值数据(iFinD公式)'!K$5/$AB$11 | ... X11: =X$10*'实盘净值数据(iFinD公式)'!X$13/'实盘净值数据(iFinD公式)'!X$5/$AB$11 | Y11: =Y$10*'实盘净值数据(iFinD公式)'!Y$13/'实盘净值数据(iFinD公式)'!Y$5/$AB$11+0.01 | Z11: =SUM(B11:Y11) | AA11: 46204 | AB11: =SUMPRODUCT($B$10:$Y$10,'实盘净值数据(iFinD公式)'!$B$13:$Y$13/'实盘净值数据(iFinD公式)'!$B$5:$Y$5)
A12: 30-70 · P0初始 | B12: =实盘持仓配置!B9 | C12: =实盘持仓配置!C9 | D12: =实盘持仓配置!D9 | E12: =实盘持仓配置!E9 | F12: =实盘持仓配置!F9 | G12: =实盘持仓配置!G9 | H12: =实盘持仓配置!H9 | I12: =实盘持仓配置!I9 | ... X12: =实盘持仓配置!X9 | Y12: 0 | Z12: =SUM(B12:Y12) | AA12: 46197
A13: 30-70 · P1(7/1调仓后) | B13: =B$12*'实盘净值数据(iFinD公式)'!B$13/'实盘净值数据(iFinD公式)'!B$8/$AB$13 | C13: =C$12*'实盘净值数据(iFinD公式)'!C$13/'实盘净值数据(iFinD公式)'!C$8/$AB$13-0.015 | D13: =D$12*'实盘净值数据(iFinD公式)'!D$13/'实盘净值数据(iFinD公式)'!D$8/$AB$13 | E13: =E$12*'实盘净值数据(iFinD公式)'!E$13/'实盘净值数据(iFinD公式)'!E$8/$AB$13 | F13: =F$12*'实盘净值数据(iFinD公式)'!F$13/'实盘净值数据(iFinD公式)'!F$8/$AB$13 | G13: =G$12*'实盘净值数据(iFinD公式)'!G$13/'实盘净值数据(iFinD公式)'!G$8/$AB$13 | H13: =H$12*'实盘净值数据(iFinD公式)'!H$13/'实盘净值数据(iFinD公式)'!H$8/$AB$13 | I13: =I$12*'实盘净值数据(iFinD公式)'!I$13/'实盘净值数据(iFinD公式)'!I$8/$AB$13 | J13: =J$12*'实盘净值数据(iFinD公式)'!J$13/'实盘净值数据(iFinD公式)'!J$8/$AB$13 | K13: =K$12*'实盘净值数据(iFinD公式)'!K$13/'实盘净值数据(iFinD公式)'!K$8/$AB$13 | ... X13: =X$12*'实盘净值数据(iFinD公式)'!X$13/'实盘净值数据(iFinD公式)'!X$8/$AB$13 | Y13: =Y$12*'实盘净值数据(iFinD公式)'!Y$13/'实盘净值数据(iFinD公式)'!Y$8/$AB$13+0.015 | Z13: =SUM(B13:Y13) | AA13: 46204 | AB13: =SUMPRODUCT($B$12:$Y$12,'实盘净值数据(iFinD公式)'!$B$13:$Y$13/'实盘净值数据(iFinD公式)'!$B$8:$Y$8)

Sheet 看板-产业趋势
B2: 样板间组合走势看板（产业趋势组合）
B3: ="买入持有 · 已扣年化费率 "&TEXT(实盘持仓配置!$Z$4,"0.0%")&"（折每日计入净值）" | E3: ="净值日期："&TEXT(LOOKUP(2,1/(实盘组合净值!$B$5:$B$59<>""),实盘组合净值!$A$5:$A$59),"yyyy-mm-dd")
B5: 产品业绩表现（历史表现不代表未来收益承诺）
B6: 最新净值 | C6: 累计收益 | D6: 年化收益 | E6: 年化波动率 | F6: 最大回撤 | G6: 夏普比率
B7: =LOOKUP(2,1/(实盘组合净值!$B$5:$B$59<>""),实盘组合净值!$B$5:$B$59) | C7: =(LOOKUP(2,1/(实盘组合净值!$B$5:$B$59<>""),实盘组合净值!$B$5:$B$59))/1-1 | D7: =(LOOKUP(2,1/(实盘组合净值!$B$5:$B$59<>""),实盘组合净值!$B$5:$B$59)/1)^(说明!$C$17/MAX(COUNT(实盘组合净值!$C$5:$C$59),1))-1 | E7: =STDEV(实盘组合净值!$C$5:$C$59)*SQRT(说明!$C$17) | F7: =MIN(实盘组合净值!$D$5:$D$59) | G7: =(((LOOKUP(2,1/(实盘组合净值!$B$5:$B$59<>""),实盘组合净值!$B$5:$B$59)/1)^(说明!$C$17/MAX(COUNT(实盘组合净值!$C$5:$C$59),1))-1)-说明!$C$16)/IF((STDEV(实盘组合净值!$C$5:$C$59)*SQRT(说明!$C$17))=0,"",(STDEV(实盘组合净值!$C$5:$C$59)*SQRT(说明!$C$17)))
B9: 收益表现 | E9: 风险特征
B10: 区间 | C10: 累计收益 | D10: 年化收益 | E10: 指标 | G10: 数值
B11: 起始以来 | C11: =IFERROR((LOOKUP(2,1/(实盘组合净值!$B$5:$B$59<>""),实盘组合净值!$B$5:$B$59))/(1)-1,"") | D11: =IFERROR((LOOKUP(2,1/(实盘组合净值!$B$5:$B$59<>""),实盘组合净值!$B$5:$B$59)/(1))^(说明!$C$17/COUNT(实盘组合净值!$C$5:$C$59))-1,"") | E11: 最大回撤 | G11: =MIN(实盘组合净值!$D$5:$D$59)
B12: 2026YTD | C12: =IFERROR((LOOKUP(2,1/(实盘组合净值!$B$5:$B$59<>""),实盘组合净值!$B$5:$B$59))/(IFERROR(LOOKUP(DATE(2026,1,1),实盘组合净值!$A$5:$A$59,实盘组合净值!$B$5:$B$59),1))-1,"") | D12: =IFERROR((LOOKUP(2,1/(实盘组合净值!$B$5:$B$59<>""),实盘组合净值!$B$5:$B$59)/(IFERROR(LOOKUP(DATE(2026,1,1),实盘组合净值!$A$5:$A$59,实盘组合净值!$B$5:$B$59),1)))^(说明!$C$17/MAX(COUNTIF(实盘组合净值!$A$5:$A$59,">="&(DATE(2026,1,1))),1))-1,"") | E12: 回撤修复天数(未创新高) | G12: =IFERROR((LOOKUP(2,1/(实盘组合净值!$B$5:$B$59<>""),ROW(实盘组合净值!$B$5:$B$59)))-(LOOKUP(2,1/(实盘组合净值!$D$5:$D$59=0),ROW(实盘组合净值!$D$5:$D$59))),"")
B13: 近3个月 | C13: =IFERROR((LOOKUP(2,1/(实盘组合净值!$B$5:$B$59<>""),实盘组合净值!$B$5:$B$59))/(IFERROR(LOOKUP(EDATE(LOOKUP(2,1/(实盘组合净值!$B$5:$B$59<>""),实盘组合净值!$A$5:$A$59),-3),实盘组合净值!$A$5:$A$59,实盘组合净值!$B$5:$B$59),1))-1,"") | D13: =IFERROR((LOOKUP(2,1/(实盘组合净值!$B$5:$B$59<>""),实盘组合净值!$B$5:$B$59)/(IFERROR(LOOKUP(EDATE(LOOKUP(2,1/(实盘组合净值!$B$5:$B$59<>""),实盘组合净值!$A$5:$A$59),-3),实盘组合净值!$A$5:$A$59,实盘组合净值!$B$5:$B$59),1)))^(说明!$C$17/MAX(COUNTIF(实盘组合净值!$A$5:$A$59,">="&(EDATE(LOOKUP(2,1/(实盘组合净值!$B$5:$B$59<>""),实盘组合净值!$A$5:$A$59),-3))),1))-1,"") | E13: 正收益占比 | G13: =COUNTIF(实盘组合净值!$C$5:$C$59,">0")/MAX(COUNT(实盘组合净值!$C$5:$C$59),1)
B14: 近6个月 | C14: =IFERROR((LOOKUP(2,1/(实盘组合净值!$B$5:$B$59<>""),实盘组合净值!$B$5:$B$59))/(IFERROR(LOOKUP(EDATE(LOOKUP(2,1/(实盘组合净值!$B$5:$B$59<>""),实盘组合净值!$A$5:$A$59),-6),实盘组合净值!$A$5:$A$59,实盘组合净值!$B$5:$B$59),1))-1,"") | D14: =IFERROR((LOOKUP(2,1/(实盘组合净值!$B$5:$B$59<>""),实盘组合净值!$B$5:$B$59)/(IFERROR(LOOKUP(EDATE(LOOKUP(2,1/(实盘组合净值!$B$5:$B$59<>""),实盘组合净值!$A$5:$A$59),-6),实盘组合净值!$A$5:$A$59,实盘组合净值!$B$5:$B$59),1)))^(说明!$C$17/MAX(COUNTIF(实盘组合净值!$A$5:$A$59,">="&(EDATE(LOOKUP(2,1/(实盘组合净值!$B$5:$B$59<>""),实盘组合净值!$A$5:$A$59),-6))),1))-1,"") | E14: 年化波动率 | G14: =STDEV(实盘组合净值!$C$5:$C$59)*SQRT(说明!$C$17)
B15: 近1年 | C15: =IFERROR((LOOKUP(2,1/(实盘组合净值!$B$5:$B$59<>""),实盘组合净值!$B$5:$B$59))/(IFERROR(LOOKUP(EDATE(LOOKUP(2,1/(实盘组合净值!$B$5:$B$59<>""),实盘组合净值!$A$5:$A$59),-12),实盘组合净值!$A$5:$A$59,实盘组合净值!$B$5:$B$59),1))-1,"") | D15: =IFERROR((LOOKUP(2,1/(实盘组合净值!$B$5:$B$59<>""),实盘组合净值!$B$5:$B$59)/(IFERROR(LOOKUP(EDATE(LOOKUP(2,1/(实盘组合净值!$B$5:$B$59<>""),实盘组合净值!$A$5:$A$59),-12),实盘组合净值!$A$5:$A$59,实盘组合净值!$B$5:$B$59),1)))^(说明!$C$17/MAX(COUNTIF(实盘组合净值!$A$5:$A$59,">="&(EDATE(LOOKUP(2,1/(实盘组合净值!$B$5:$B$59<>""),实盘组合净值!$A$5:$A$59),-12))),1))-1,"") | E15: 夏普比率 | G15: =(((LOOKUP(2,1/(实盘组合净值!$B$5:$B$59<>""),实盘组合净值!$B$5:$B$59)/1)^(说明!$C$17/MAX(COUNT(实盘组合净值!$C$5:$C$59),1))-1)-说明!$C$16)/IF((STDEV(实盘组合净值!$C$5:$C$59)*SQRT(说明!$C$17))=0,"",(STDEV(实盘组合净值!$C$5:$C$59)*SQRT(说明!$C$17)))
E16: 卡玛比率 | G16: =IFERROR(((LOOKUP(2,1/(实盘组合净值!$B$5:$B$59<>""),实盘组合净值!$B$5:$B$59)/1)^(说明!$C$17/MAX(COUNT(实盘组合净值!$C$5:$C$59),1))-1)/ABS(MIN(实盘组合净值!$D$5:$D$59)),"")
B18: 产品运作情况 · 组合净值曲线
B35: 统计区间自2026/6/1起；运作初期样本少，年化类指标仅供参考。新增交易日后请同步扩展本图数据区。

Sheet 看板-产业趋势基石
B2: 样板间组合走势看板（产业趋势基石组合）
B3: ="买入持有 · 已扣年化费率 "&TEXT(实盘持仓配置!$Z$5,"0.0%")&"（折每日计入净值）" | E3: ="净值日期："&TEXT(LOOKUP(2,1/(实盘组合净值!$E$5:$E$59<>""),实盘组合净值!$A$5:$A$59),"yyyy-mm-dd")
B5: 产品业绩表现（历史表现不代表未来收益承诺）
B6: 最新净值 | C6: 累计收益 | D6: 年化收益 | E6: 年化波动率 | F6: 最大回撤 | G6: 夏普比率
B7: =LOOKUP(2,1/(实盘组合净值!$E$5:$E$59<>""),实盘组合净值!$E$5:$E$59) | C7: =(LOOKUP(2,1/(实盘组合净值!$E$5:$E$59<>""),实盘组合净值!$E$5:$E$59))/1-1 | D7: =(LOOKUP(2,1/(实盘组合净值!$E$5:$E$59<>""),实盘组合净值!$E$5:$E$59)/1)^(说明!$C$17/MAX(COUNT(实盘组合净值!$F$5:$F$59),1))-1 | E7: =STDEV(实盘组合净值!$F$5:$F$59)*SQRT(说明!$C$17) | F7: =MIN(实盘组合净值!$G$5:$G$59) | G7: =(((LOOKUP(2,1/(实盘组合净值!$E$5:$E$59<>""),实盘组合净值!$E$5:$E$59)/1)^(说明!$C$17/MAX(COUNT(实盘组合净值!$F$5:$F$59),1))-1)-说明!$C$16)/IF((STDEV(实盘组合净值!$F$5:$F$59)*SQRT(说明!$C$17))=0,"",(STDEV(实盘组合净值!$F$5:$F$59)*SQRT(说明!$C$17)))
B9: 收益表现 | E9: 风险特征
B10: 区间 | C10: 累计收益 | D10: 年化收益 | E10: 指标 | G10: 数值
B11: 起始以来 | C11: =IFERROR((LOOKUP(2,1/(实盘组合净值!$E$5:$E$59<>""),实盘组合净值!$E$5:$E$59))/(1)-1,"") | D11: =IFERROR((LOOKUP(2,1/(实盘组合净值!$E$5:$E$59<>""),实盘组合净值!$E$5:$E$59)/(1))^(说明!$C$17/COUNT(实盘组合净值!$F$5:$F$59))-1,"") | E11: 最大回撤 | G11: =MIN(实盘组合净值!$G$5:$G$59)
B12: 2026YTD | C12: =IFERROR((LOOKUP(2,1/(实盘组合净值!$E$5:$E$59<>""),实盘组合净值!$E$5:$E$59))/(IFERROR(LOOKUP(DATE(2026,1,1),实盘组合净值!$A$5:$A$59,实盘组合净值!$E$5:$E$59),1))-1,"") | D12: =IFERROR((LOOKUP(2,1/(实盘组合净值!$E$5:$E$59<>""),实盘组合净值!$E$5:$E$59)/(IFERROR(LOOKUP(DATE(2026,1,1),实盘组合净值!$A$5:$A$59,实盘组合净值!$E$5:$E$59),1)))^(说明!$C$17/MAX(COUNTIF(实盘组合净值!$A$5:$A$59,">="&(DATE(2026,1,1))),1))-1,"") | E12: 回撤修复天数(未创新高) | G12: =IFERROR((LOOKUP(2,1/(实盘组合净值!$E$5:$E$59<>""),ROW(实盘组合净值!$E$5:$E$59)))-(LOOKUP(2,1/(实盘组合净值!$G$5:$G$59=0),ROW(实盘组合净值!$G$5:$G$59))),"")
B13: 近3个月 | C13: =IFERROR((LOOKUP(2,1/(实盘组合净值!$E$5:$E$59<>""),实盘组合净值!$E$5:$E$59))/(IFERROR(LOOKUP(EDATE(LOOKUP(2,1/(实盘组合净值!$E$5:$E$59<>""),实盘组合净值!$A$5:$A$59),-3),实盘组合净值!$A$5:$A$59,实盘组合净值!$E$5:$E$59),1))-1,"") | D13: =IFERROR((LOOKUP(2,1/(实盘组合净值!$E$5:$E$59<>""),实盘组合净值!$E$5:$E$59)/(IFERROR(LOOKUP(EDATE(LOOKUP(2,1/(实盘组合净值!$E$5:$E$59<>""),实盘组合净值!$A$5:$A$59),-3),实盘组合净值!$A$5:$A$59,实盘组合净值!$E$5:$E$59),1)))^(说明!$C$17/MAX(COUNTIF(实盘组合净值!$A$5:$A$59,">="&(EDATE(LOOKUP(2,1/(实盘组合净值!$E$5:$E$59<>""),实盘组合净值!$A$5:$A$59),-3))),1))-1,"") | E13: 正收益占比 | G13: =COUNTIF(实盘组合净值!$F$5:$F$59,">0")/MAX(COUNT(实盘组合净值!$F$5:$F$59),1)
B14: 近6个月 | C14: =IFERROR((LOOKUP(2,1/(实盘组合净值!$E$5:$E$59<>""),实盘组合净值!$E$5:$E$59))/(IFERROR(LOOKUP(EDATE(LOOKUP(2,1/(实盘组合净值!$E$5:$E$59<>""),实盘组合净值!$A$5:$A$59),-6),实盘组合净值!$A$5:$A$59,实盘组合净值!$E$5:$E$59),1))-1,"") | D14: =IFERROR((LOOKUP(2,1/(实盘组合净值!$E$5:$E$59<>""),实盘组合净值!$E$5:$E$59)/(IFERROR(LOOKUP(EDATE(LOOKUP(2,1/(实盘组合净值!$E$5:$E$59<>""),实盘组合净值!$A$5:$A$59),-6),实盘组合净值!$A$5:$A$59,实盘组合净值!$E$5:$E$59),1)))^(说明!$C$17/MAX(COUNTIF(实盘组合净值!$A$5:$A$59,">="&(EDATE(LOOKUP(2,1/(实盘组合净值!$E$5:$E$59<>""),实盘组合净值!$A$5:$A$59),-6))),1))-1,"") | E14: 年化波动率 | G14: =STDEV(实盘组合净值!$F$5:$F$59)*SQRT(说明!$C$17)
B15: 近1年 | C15: =IFERROR((LOOKUP(2,1/(实盘组合净值!$E$5:$E$59<>""),实盘组合净值!$E$5:$E$59))/(IFERROR(LOOKUP(EDATE(LOOKUP(2,1/(实盘组合净值!$E$5:$E$59<>""),实盘组合净值!$A$5:$A$59),-12),实盘组合净值!$A$5:$A$59,实盘组合净值!$E$5:$E$59),1))-1,"") | D15: =IFERROR((LOOKUP(2,1/(实盘组合净值!$E$5:$E$59<>""),实盘组合净值!$E$5:$E$59)/(IFERROR(LOOKUP(EDATE(LOOKUP(2,1/(实盘组合净值!$E$5:$E$59<>""),实盘组合净值!$A$5:$A$59),-12),实盘组合净值!$A$5:$A$59,实盘组合净值!$E$5:$E$59),1)))^(说明!$C$17/MAX(COUNTIF(实盘组合净值!$A$5:$A$59,">="&(EDATE(LOOKUP(2,1/(实盘组合净值!$E$5:$E$59<>""),实盘组合净值!$A$5:$A$59),-12))),1))-1,"") | E15: 夏普比率 | G15: =(((LOOKUP(2,1/(实盘组合净值!$E$5:$E$59<>""),实盘组合净值!$E$5:$E$59)/1)^(说明!$C$17/MAX(COUNT(实盘组合净值!$F$5:$F$59),1))-1)-说明!$C$16)/IF((STDEV(实盘组合净值!$F$5:$F$59)*SQRT(说明!$C$17))=0,"",(STDEV(实盘组合净值!$F$5:$F$59)*SQRT(说明!$C$17)))
E16: 卡玛比率 | G16: =IFERROR(((LOOKUP(2,1/(实盘组合净值!$E$5:$E$59<>""),实盘组合净值!$E$5:$E$59)/1)^(说明!$C$17/MAX(COUNT(实盘组合净值!$F$5:$F$59),1))-1)/ABS(MIN(实盘组合净值!$G$5:$G$59)),"")
B18: 产品运作情况 · 组合净值曲线
B35: 统计区间自2026/6/1起；运作初期样本少，年化类指标仅供参考。新增交易日后请同步扩展本图数据区。

Sheet 看板-产业趋势2号
B2: 样板间组合走势看板（产业趋势2号组合）
B3: ="买入持有 · 已扣年化费率 "&TEXT(实盘持仓配置!$Z$6,"0.0%")&"（折每日计入净值）" | E3: ="净值日期："&TEXT(LOOKUP(2,1/(实盘组合净值!$H$5:$H$59<>""),实盘组合净值!$A$5:$A$59),"yyyy-mm-dd")
B5: 产品业绩表现（历史表现不代表未来收益承诺）
B6: 最新净值 | C6: 累计收益 | D6: 年化收益 | E6: 年化波动率 | F6: 最大回撤 | G6: 夏普比率
B7: =LOOKUP(2,1/(实盘组合净值!$H$5:$H$59<>""),实盘组合净值!$H$5:$H$59) | C7: =(LOOKUP(2,1/(实盘组合净值!$H$5:$H$59<>""),实盘组合净值!$H$5:$H$59))/1-1 | D7: =(LOOKUP(2,1/(实盘组合净值!$H$5:$H$59<>""),实盘组合净值!$H$5:$H$59)/1)^(说明!$C$17/MAX(COUNT(实盘组合净值!$I$5:$I$59),1))-1 | E7: =STDEV(实盘组合净值!$I$5:$I$59)*SQRT(说明!$C$17) | F7: =MIN(实盘组合净值!$J$5:$J$59) | G7: =(((LOOKUP(2,1/(实盘组合净值!$H$5:$H$59<>""),实盘组合净值!$H$5:$H$59)/1)^(说明!$C$17/MAX(COUNT(实盘组合净值!$I$5:$I$59),1))-1)-说明!$C$16)/IF((STDEV(实盘组合净值!$I$5:$I$59)*SQRT(说明!$C$17))=0,"",(STDEV(实盘组合净值!$I$5:$I$59)*SQRT(说明!$C$17)))
B9: 收益表现 | E9: 风险特征
B10: 区间 | C10: 累计收益 | D10: 年化收益 | E10: 指标 | G10: 数值
B11: 起始以来 | C11: =IFERROR((LOOKUP(2,1/(实盘组合净值!$H$5:$H$59<>""),实盘组合净值!$H$5:$H$59))/(1)-1,"") | D11: =IFERROR((LOOKUP(2,1/(实盘组合净值!$H$5:$H$59<>""),实盘组合净值!$H$5:$H$59)/(1))^(说明!$C$17/COUNT(实盘组合净值!$I$5:$I$59))-1,"") | E11: 最大回撤 | G11: =MIN(实盘组合净值!$J$5:$J$59)
B12: 2026YTD | C12: =IFERROR((LOOKUP(2,1/(实盘组合净值!$H$5:$H$59<>""),实盘组合净值!$H$5:$H$59))/(IFERROR(LOOKUP(DATE(2026,1,1),实盘组合净值!$A$5:$A$59,实盘组合净值!$H$5:$H$59),1))-1,"") | D12: =IFERROR((LOOKUP(2,1/(实盘组合净值!$H$5:$H$59<>""),实盘组合净值!$H$5:$H$59)/(IFERROR(LOOKUP(DATE(2026,1,1),实盘组合净值!$A$5:$A$59,实盘组合净值!$H$5:$H$59),1)))^(说明!$C$17/MAX(COUNTIF(实盘组合净值!$A$5:$A$59,">="&(DATE(2026,1,1))),1))-1,"") | E12: 回撤修复天数(未创新高) | G12: =IFERROR((LOOKUP(2,1/(实盘组合净值!$H$5:$H$59<>""),ROW(实盘组合净值!$H$5:$H$59)))-(LOOKUP(2,1/(实盘组合净值!$J$5:$J$59=0),ROW(实盘组合净值!$J$5:$J$59))),"")
B13: 近3个月 | C13: =IFERROR((LOOKUP(2,1/(实盘组合净值!$H$5:$H$59<>""),实盘组合净值!$H$5:$H$59))/(IFERROR(LOOKUP(EDATE(LOOKUP(2,1/(实盘组合净值!$H$5:$H$59<>""),实盘组合净值!$A$5:$A$59),-3),实盘组合净值!$A$5:$A$59,实盘组合净值!$H$5:$H$59),1))-1,"") | D13: =IFERROR((LOOKUP(2,1/(实盘组合净值!$H$5:$H$59<>""),实盘组合净值!$H$5:$H$59)/(IFERROR(LOOKUP(EDATE(LOOKUP(2,1/(实盘组合净值!$H$5:$H$59<>""),实盘组合净值!$A$5:$A$59),-3),实盘组合净值!$A$5:$A$59,实盘组合净值!$H$5:$H$59),1)))^(说明!$C$17/MAX(COUNTIF(实盘组合净值!$A$5:$A$59,">="&(EDATE(LOOKUP(2,1/(实盘组合净值!$H$5:$H$59<>""),实盘组合净值!$A$5:$A$59),-3))),1))-1,"") | E13: 正收益占比 | G13: =COUNTIF(实盘组合净值!$I$5:$I$59,">0")/MAX(COUNT(实盘组合净值!$I$5:$I$59),1)
B14: 近6个月 | C14: =IFERROR((LOOKUP(2,1/(实盘组合净值!$H$5:$H$59<>""),实盘组合净值!$H$5:$H$59))/(IFERROR(LOOKUP(EDATE(LOOKUP(2,1/(实盘组合净值!$H$5:$H$59<>""),实盘组合净值!$A$5:$A$59),-6),实盘组合净值!$A$5:$A$59,实盘组合净值!$H$5:$H$59),1))-1,"") | D14: =IFERROR((LOOKUP(2,1/(实盘组合净值!$H$5:$H$59<>""),实盘组合净值!$H$5:$H$59)/(IFERROR(LOOKUP(EDATE(LOOKUP(2,1/(实盘组合净值!$H$5:$H$59<>""),实盘组合净值!$A$5:$A$59),-6),实盘组合净值!$A$5:$A$59,实盘组合净值!$H$5:$H$59),1)))^(说明!$C$17/MAX(COUNTIF(实盘组合净值!$A$5:$A$59,">="&(EDATE(LOOKUP(2,1/(实盘组合净值!$H$5:$H$59<>""),实盘组合净值!$A$5:$A$59),-6))),1))-1,"") | E14: 年化波动率 | G14: =STDEV(实盘组合净值!$I$5:$I$59)*SQRT(说明!$C$17)
B15: 近1年 | C15: =IFERROR((LOOKUP(2,1/(实盘组合净值!$H$5:$H$59<>""),实盘组合净值!$H$5:$H$59))/(IFERROR(LOOKUP(EDATE(LOOKUP(2,1/(实盘组合净值!$H$5:$H$59<>""),实盘组合净值!$A$5:$A$59),-12),实盘组合净值!$A$5:$A$59,实盘组合净值!$H$5:$H$59),1))-1,"") | D15: =IFERROR((LOOKUP(2,1/(实盘组合净值!$H$5:$H$59<>""),实盘组合净值!$H$5:$H$59)/(IFERROR(LOOKUP(EDATE(LOOKUP(2,1/(实盘组合净值!$H$5:$H$59<>""),实盘组合净值!$A$5:$A$59),-12),实盘组合净值!$A$5:$A$59,实盘组合净值!$H$5:$H$59),1)))^(说明!$C$17/MAX(COUNTIF(实盘组合净值!$A$5:$A$59,">="&(EDATE(LOOKUP(2,1/(实盘组合净值!$H$5:$H$59<>""),实盘组合净值!$A$5:$A$59),-12))),1))-1,"") | E15: 夏普比率 | G15: =(((LOOKUP(2,1/(实盘组合净值!$H$5:$H$59<>""),实盘组合净值!$H$5:$H$59)/1)^(说明!$C$17/MAX(COUNT(实盘组合净值!$I$5:$I$59),1))-1)-说明!$C$16)/IF((STDEV(实盘组合净值!$I$5:$I$59)*SQRT(说明!$C$17))=0,"",(STDEV(实盘组合净值!$I$5:$I$59)*SQRT(说明!$C$17)))
E16: 卡玛比率 | G16: =IFERROR(((LOOKUP(2,1/(实盘组合净值!$H$5:$H$59<>""),实盘组合净值!$H$5:$H$59)/1)^(说明!$C$17/MAX(COUNT(实盘组合净值!$I$5:$I$59),1))-1)/ABS(MIN(实盘组合净值!$J$5:$J$59)),"")
B18: 产品运作情况 · 组合净值曲线
B35: 统计区间自2026/6/1起；运作初期样本少，年化类指标仅供参考。新增交易日后请同步扩展本图数据区。

Sheet 看板-10-90
B2: 样板间组合走势看板（10-90组合）
B3: ="买入持有 · 已扣年化费率 "&TEXT(实盘持仓配置!$Z$7,"0.0%")&"（折每日计入净值）" | E3: ="净值日期："&TEXT(LOOKUP(2,1/(实盘组合净值!$K$5:$K$59<>""),实盘组合净值!$A$5:$A$59),"yyyy-mm-dd")
B5: 产品业绩表现（历史表现不代表未来收益承诺）
B6: 最新净值 | C6: 累计收益 | D6: 年化收益 | E6: 年化波动率 | F6: 最大回撤 | G6: 夏普比率
B7: =LOOKUP(2,1/(实盘组合净值!$K$5:$K$59<>""),实盘组合净值!$K$5:$K$59) | C7: =(LOOKUP(2,1/(实盘组合净值!$K$5:$K$59<>""),实盘组合净值!$K$5:$K$59))/1-1 | D7: =(LOOKUP(2,1/(实盘组合净值!$K$5:$K$59<>""),实盘组合净值!$K$5:$K$59)/1)^(说明!$C$17/MAX(COUNT(实盘组合净值!$L$5:$L$59),1))-1 | E7: =STDEV(实盘组合净值!$L$5:$L$59)*SQRT(说明!$C$17) | F7: =MIN(实盘组合净值!$M$5:$M$59) | G7: =(((LOOKUP(2,1/(实盘组合净值!$K$5:$K$59<>""),实盘组合净值!$K$5:$K$59)/1)^(说明!$C$17/MAX(COUNT(实盘组合净值!$L$5:$L$59),1))-1)-说明!$C$16)/IF((STDEV(实盘组合净值!$L$5:$L$59)*SQRT(说明!$C$17))=0,"",(STDEV(实盘组合净值!$L$5:$L$59)*SQRT(说明!$C$17)))
B9: 收益表现 | E9: 风险特征
B10: 区间 | C10: 累计收益 | D10: 年化收益 | E10: 指标 | G10: 数值
B11: 起始以来 | C11: =IFERROR((LOOKUP(2,1/(实盘组合净值!$K$5:$K$59<>""),实盘组合净值!$K$5:$K$59))/(1)-1,"") | D11: =IFERROR((LOOKUP(2,1/(实盘组合净值!$K$5:$K$59<>""),实盘组合净值!$K$5:$K$59)/(1))^(说明!$C$17/COUNT(实盘组合净值!$L$5:$L$59))-1,"") | E11: 最大回撤 | G11: =MIN(实盘组合净值!$M$5:$M$59)
B12: 2026YTD | C12: =IFERROR((LOOKUP(2,1/(实盘组合净值!$K$5:$K$59<>""),实盘组合净值!$K$5:$K$59))/(IFERROR(LOOKUP(DATE(2026,1,1),实盘组合净值!$A$5:$A$59,实盘组合净值!$K$5:$K$59),1))-1,"") | D12: =IFERROR((LOOKUP(2,1/(实盘组合净值!$K$5:$K$59<>""),实盘组合净值!$K$5:$K$59)/(IFERROR(LOOKUP(DATE(2026,1,1),实盘组合净值!$A$5:$A$59,实盘组合净值!$K$5:$K$59),1)))^(说明!$C$17/MAX(COUNTIF(实盘组合净值!$A$5:$A$59,">="&(DATE(2026,1,1))),1))-1,"") | E12: 回撤修复天数(未创新高) | G12: =IFERROR((LOOKUP(2,1/(实盘组合净值!$K$5:$K$59<>""),ROW(实盘组合净值!$K$5:$K$59)))-(LOOKUP(2,1/(实盘组合净值!$M$5:$M$59=0),ROW(实盘组合净值!$M$5:$M$59))),"")
B13: 近3个月 | C13: =IFERROR((LOOKUP(2,1/(实盘组合净值!$K$5:$K$59<>""),实盘组合净值!$K$5:$K$59))/(IFERROR(LOOKUP(EDATE(LOOKUP(2,1/(实盘组合净值!$K$5:$K$59<>""),实盘组合净值!$A$5:$A$59),-3),实盘组合净值!$A$5:$A$59,实盘组合净值!$K$5:$K$59),1))-1,"") | D13: =IFERROR((LOOKUP(2,1/(实盘组合净值!$K$5:$K$59<>""),实盘组合净值!$K$5:$K$59)/(IFERROR(LOOKUP(EDATE(LOOKUP(2,1/(实盘组合净值!$K$5:$K$59<>""),实盘组合净值!$A$5:$A$59),-3),实盘组合净值!$A$5:$A$59,实盘组合净值!$K$5:$K$59),1)))^(说明!$C$17/MAX(COUNTIF(实盘组合净值!$A$5:$A$59,">="&(EDATE(LOOKUP(2,1/(实盘组合净值!$K$5:$K$59<>""),实盘组合净值!$A$5:$A$59),-3))),1))-1,"") | E13: 正收益占比 | G13: =COUNTIF(实盘组合净值!$L$5:$L$59,">0")/MAX(COUNT(实盘组合净值!$L$5:$L$59),1)
B14: 近6个月 | C14: =IFERROR((LOOKUP(2,1/(实盘组合净值!$K$5:$K$59<>""),实盘组合净值!$K$5:$K$59))/(IFERROR(LOOKUP(EDATE(LOOKUP(2,1/(实盘组合净值!$K$5:$K$59<>""),实盘组合净值!$A$5:$A$59),-6),实盘组合净值!$A$5:$A$59,实盘组合净值!$K$5:$K$59),1))-1,"") | D14: =IFERROR((LOOKUP(2,1/(实盘组合净值!$K$5:$K$59<>""),实盘组合净值!$K$5:$K$59)/(IFERROR(LOOKUP(EDATE(LOOKUP(2,1/(实盘组合净值!$K$5:$K$59<>""),实盘组合净值!$A$5:$A$59),-6),实盘组合净值!$A$5:$A$59,实盘组合净值!$K$5:$K$59),1)))^(说明!$C$17/MAX(COUNTIF(实盘组合净值!$A$5:$A$59,">="&(EDATE(LOOKUP(2,1/(实盘组合净值!$K$5:$K$59<>""),实盘组合净值!$A$5:$A$59),-6))),1))-1,"") | E14: 年化波动率 | G14: =STDEV(实盘组合净值!$L$5:$L$59)*SQRT(说明!$C$17)
B15: 近1年 | C15: =IFERROR((LOOKUP(2,1/(实盘组合净值!$K$5:$K$59<>""),实盘组合净值!$K$5:$K$59))/(IFERROR(LOOKUP(EDATE(LOOKUP(2,1/(实盘组合净值!$K$5:$K$59<>""),实盘组合净值!$A$5:$A$59),-12),实盘组合净值!$A$5:$A$59,实盘组合净值!$K$5:$K$59),1))-1,"") | D15: =IFERROR((LOOKUP(2,1/(实盘组合净值!$K$5:$K$59<>""),实盘组合净值!$K$5:$K$59)/(IFERROR(LOOKUP(EDATE(LOOKUP(2,1/(实盘组合净值!$K$5:$K$59<>""),实盘组合净值!$A$5:$A$59),-12),实盘组合净值!$A$5:$A$59,实盘组合净值!$K$5:$K$59),1)))^(说明!$C$17/MAX(COUNTIF(实盘组合净值!$A$5:$A$59,">="&(EDATE(LOOKUP(2,1/(实盘组合净值!$K$5:$K$59<>""),实盘组合净值!$A$5:$A$59),-12))),1))-1,"") | E15: 夏普比率 | G15: =(((LOOKUP(2,1/(实盘组合净值!$K$5:$K$59<>""),实盘组合净值!$K$5:$K$59)/1)^(说明!$C$17/MAX(COUNT(实盘组合净值!$L$5:$L$59),1))-1)-说明!$C$16)/IF((STDEV(实盘组合净值!$L$5:$L$59)*SQRT(说明!$C$17))=0,"",(STDEV(实盘组合净值!$L$5:$L$59)*SQRT(说明!$C$17)))
E16: 卡玛比率 | G16: =IFERROR(((LOOKUP(2,1/(实盘组合净值!$K$5:$K$59<>""),实盘组合净值!$K$5:$K$59)/1)^(说明!$C$17/MAX(COUNT(实盘组合净值!$L$5:$L$59),1))-1)/ABS(MIN(实盘组合净值!$M$5:$M$59)),"")
B18: 产品运作情况 · 组合净值曲线
B35: 统计区间自2026/6/1起；运作初期样本少，年化类指标仅供参考。新增交易日后请同步扩展本图数据区。

Sheet 看板-10-90基石
B2: 样板间组合走势看板（10-90基石组合）
B3: ="买入持有 · 已扣年化费率 "&TEXT(实盘持仓配置!$Z$8,"0.0%")&"（折每日计入净值）" | E3: ="净值日期："&TEXT(LOOKUP(2,1/(实盘组合净值!$N$5:$N$59<>""),实盘组合净值!$A$5:$A$59),"yyyy-mm-dd")
B5: 产品业绩表现（历史表现不代表未来收益承诺）
B6: 最新净值 | C6: 累计收益 | D6: 年化收益 | E6: 年化波动率 | F6: 最大回撤 | G6: 夏普比率
B7: =LOOKUP(2,1/(实盘组合净值!$N$5:$N$59<>""),实盘组合净值!$N$5:$N$59) | C7: =(LOOKUP(2,1/(实盘组合净值!$N$5:$N$59<>""),实盘组合净值!$N$5:$N$59))/1-1 | D7: =(LOOKUP(2,1/(实盘组合净值!$N$5:$N$59<>""),实盘组合净值!$N$5:$N$59)/1)^(说明!$C$17/MAX(COUNT(实盘组合净值!$O$5:$O$59),1))-1 | E7: =STDEV(实盘组合净值!$O$5:$O$59)*SQRT(说明!$C$17) | F7: =MIN(实盘组合净值!$P$5:$P$59) | G7: =(((LOOKUP(2,1/(实盘组合净值!$N$5:$N$59<>""),实盘组合净值!$N$5:$N$59)/1)^(说明!$C$17/MAX(COUNT(实盘组合净值!$O$5:$O$59),1))-1)-说明!$C$16)/IF((STDEV(实盘组合净值!$O$5:$O$59)*SQRT(说明!$C$17))=0,"",(STDEV(实盘组合净值!$O$5:$O$59)*SQRT(说明!$C$17)))
B9: 收益表现 | E9: 风险特征
B10: 区间 | C10: 累计收益 | D10: 年化收益 | E10: 指标 | G10: 数值
B11: 起始以来 | C11: =IFERROR((LOOKUP(2,1/(实盘组合净值!$N$5:$N$59<>""),实盘组合净值!$N$5:$N$59))/(1)-1,"") | D11: =IFERROR((LOOKUP(2,1/(实盘组合净值!$N$5:$N$59<>""),实盘组合净值!$N$5:$N$59)/(1))^(说明!$C$17/COUNT(实盘组合净值!$O$5:$O$59))-1,"") | E11: 最大回撤 | G11: =MIN(实盘组合净值!$P$5:$P$59)
B12: 2026YTD | C12: =IFERROR((LOOKUP(2,1/(实盘组合净值!$N$5:$N$59<>""),实盘组合净值!$N$5:$N$59))/(IFERROR(LOOKUP(DATE(2026,1,1),实盘组合净值!$A$5:$A$59,实盘组合净值!$N$5:$N$59),1))-1,"") | D12: =IFERROR((LOOKUP(2,1/(实盘组合净值!$N$5:$N$59<>""),实盘组合净值!$N$5:$N$59)/(IFERROR(LOOKUP(DATE(2026,1,1),实盘组合净值!$A$5:$A$59,实盘组合净值!$N$5:$N$59),1)))^(说明!$C$17/MAX(COUNTIF(实盘组合净值!$A$5:$A$59,">="&(DATE(2026,1,1))),1))-1,"") | E12: 回撤修复天数(未创新高) | G12: =IFERROR((LOOKUP(2,1/(实盘组合净值!$N$5:$N$59<>""),ROW(实盘组合净值!$N$5:$N$59)))-(LOOKUP(2,1/(实盘组合净值!$P$5:$P$59=0),ROW(实盘组合净值!$P$5:$P$59))),"")
B13: 近3个月 | C13: =IFERROR((LOOKUP(2,1/(实盘组合净值!$N$5:$N$59<>""),实盘组合净值!$N$5:$N$59))/(IFERROR(LOOKUP(EDATE(LOOKUP(2,1/(实盘组合净值!$N$5:$N$59<>""),实盘组合净值!$A$5:$A$59),-3),实盘组合净值!$A$5:$A$59,实盘组合净值!$N$5:$N$59),1))-1,"") | D13: =IFERROR((LOOKUP(2,1/(实盘组合净值!$N$5:$N$59<>""),实盘组合净值!$N$5:$N$59)/(IFERROR(LOOKUP(EDATE(LOOKUP(2,1/(实盘组合净值!$N$5:$N$59<>""),实盘组合净值!$A$5:$A$59),-3),实盘组合净值!$A$5:$A$59,实盘组合净值!$N$5:$N$59),1)))^(说明!$C$17/MAX(COUNTIF(实盘组合净值!$A$5:$A$59,">="&(EDATE(LOOKUP(2,1/(实盘组合净值!$N$5:$N$59<>""),实盘组合净值!$A$5:$A$59),-3))),1))-1,"") | E13: 正收益占比 | G13: =COUNTIF(实盘组合净值!$O$5:$O$59,">0")/MAX(COUNT(实盘组合净值!$O$5:$O$59),1)
B14: 近6个月 | C14: =IFERROR((LOOKUP(2,1/(实盘组合净值!$N$5:$N$59<>""),实盘组合净值!$N$5:$N$59))/(IFERROR(LOOKUP(EDATE(LOOKUP(2,1/(实盘组合净值!$N$5:$N$59<>""),实盘组合净值!$A$5:$A$59),-6),实盘组合净值!$A$5:$A$59,实盘组合净值!$N$5:$N$59),1))-1,"") | D14: =IFERROR((LOOKUP(2,1/(实盘组合净值!$N$5:$N$59<>""),实盘组合净值!$N$5:$N$59)/(IFERROR(LOOKUP(EDATE(LOOKUP(2,1/(实盘组合净值!$N$5:$N$59<>""),实盘组合净值!$A$5:$A$59),-6),实盘组合净值!$A$5:$A$59,实盘组合净值!$N$5:$N$59),1)))^(说明!$C$17/MAX(COUNTIF(实盘组合净值!$A$5:$A$59,">="&(EDATE(LOOKUP(2,1/(实盘组合净值!$N$5:$N$59<>""),实盘组合净值!$A$5:$A$59),-6))),1))-1,"") | E14: 年化波动率 | G14: =STDEV(实盘组合净值!$O$5:$O$59)*SQRT(说明!$C$17)
B15: 近1年 | C15: =IFERROR((LOOKUP(2,1/(实盘组合净值!$N$5:$N$59<>""),实盘组合净值!$N$5:$N$59))/(IFERROR(LOOKUP(EDATE(LOOKUP(2,1/(实盘组合净值!$N$5:$N$59<>""),实盘组合净值!$A$5:$A$59),-12),实盘组合净值!$A$5:$A$59,实盘组合净值!$N$5:$N$59),1))-1,"") | D15: =IFERROR((LOOKUP(2,1/(实盘组合净值!$N$5:$N$59<>""),实盘组合净值!$N$5:$N$59)/(IFERROR(LOOKUP(EDATE(LOOKUP(2,1/(实盘组合净值!$N$5:$N$59<>""),实盘组合净值!$A$5:$A$59),-12),实盘组合净值!$A$5:$A$59,实盘组合净值!$N$5:$N$59),1)))^(说明!$C$17/MAX(COUNTIF(实盘组合净值!$A$5:$A$59,">="&(EDATE(LOOKUP(2,1/(实盘组合净值!$N$5:$N$59<>""),实盘组合净值!$A$5:$A$59),-12))),1))-1,"") | E15: 夏普比率 | G15: =(((LOOKUP(2,1/(实盘组合净值!$N$5:$N$59<>""),实盘组合净值!$N$5:$N$59)/1)^(说明!$C$17/MAX(COUNT(实盘组合净值!$O$5:$O$59),1))-1)-说明!$C$16)/IF((STDEV(实盘组合净值!$O$5:$O$59)*SQRT(说明!$C$17))=0,"",(STDEV(实盘组合净值!$O$5:$O$59)*SQRT(说明!$C$17)))
E16: 卡玛比率 | G16: =IFERROR(((LOOKUP(2,1/(实盘组合净值!$N$5:$N$59<>""),实盘组合净值!$N$5:$N$59)/1)^(说明!$C$17/MAX(COUNT(实盘组合净值!$O$5:$O$59),1))-1)/ABS(MIN(实盘组合净值!$P$5:$P$59)),"")
B18: 产品运作情况 · 组合净值曲线
B35: 统计区间自2026/6/1起；运作初期样本少，年化类指标仅供参考。新增交易日后请同步扩展本图数据区。

Sheet 看板-30-70
B2: 样板间组合走势看板（30-70组合）
B3: ="买入持有 · 已扣年化费率 "&TEXT(实盘持仓配置!$Z$9,"0.0%")&"（折每日计入净值）" | E3: ="净值日期："&TEXT(LOOKUP(2,1/(实盘组合净值!$Q$5:$Q$59<>""),实盘组合净值!$A$5:$A$59),"yyyy-mm-dd")
B5: 产品业绩表现（历史表现不代表未来收益承诺）
B6: 最新净值 | C6: 累计收益 | D6: 年化收益 | E6: 年化波动率 | F6: 最大回撤 | G6: 夏普比率
B7: =LOOKUP(2,1/(实盘组合净值!$Q$5:$Q$59<>""),实盘组合净值!$Q$5:$Q$59) | C7: =(LOOKUP(2,1/(实盘组合净值!$Q$5:$Q$59<>""),实盘组合净值!$Q$5:$Q$59))/1-1 | D7: =(LOOKUP(2,1/(实盘组合净值!$Q$5:$Q$59<>""),实盘组合净值!$Q$5:$Q$59)/1)^(说明!$C$17/MAX(COUNT(实盘组合净值!$R$5:$R$59),1))-1 | E7: =STDEV(实盘组合净值!$R$5:$R$59)*SQRT(说明!$C$17) | F7: =MIN(实盘组合净值!$S$5:$S$59) | G7: =(((LOOKUP(2,1/(实盘组合净值!$Q$5:$Q$59<>""),实盘组合净值!$Q$5:$Q$59)/1)^(说明!$C$17/MAX(COUNT(实盘组合净值!$R$5:$R$59),1))-1)-说明!$C$16)/IF((STDEV(实盘组合净值!$R$5:$R$59)*SQRT(说明!$C$17))=0,"",(STDEV(实盘组合净值!$R$5:$R$59)*SQRT(说明!$C$17)))
B9: 收益表现 | E9: 风险特征
B10: 区间 | C10: 累计收益 | D10: 年化收益 | E10: 指标 | G10: 数值
B11: 起始以来 | C11: =IFERROR((LOOKUP(2,1/(实盘组合净值!$Q$5:$Q$59<>""),实盘组合净值!$Q$5:$Q$59))/(1)-1,"") | D11: =IFERROR((LOOKUP(2,1/(实盘组合净值!$Q$5:$Q$59<>""),实盘组合净值!$Q$5:$Q$59)/(1))^(说明!$C$17/COUNT(实盘组合净值!$R$5:$R$59))-1,"") | E11: 最大回撤 | G11: =MIN(实盘组合净值!$S$5:$S$59)
B12: 2026YTD | C12: =IFERROR((LOOKUP(2,1/(实盘组合净值!$Q$5:$Q$59<>""),实盘组合净值!$Q$5:$Q$59))/(IFERROR(LOOKUP(DATE(2026,1,1),实盘组合净值!$A$5:$A$59,实盘组合净值!$Q$5:$Q$59),1))-1,"") | D12: =IFERROR((LOOKUP(2,1/(实盘组合净值!$Q$5:$Q$59<>""),实盘组合净值!$Q$5:$Q$59)/(IFERROR(LOOKUP(DATE(2026,1,1),实盘组合净值!$A$5:$A$59,实盘组合净值!$Q$5:$Q$59),1)))^(说明!$C$17/MAX(COUNTIF(实盘组合净值!$A$5:$A$59,">="&(DATE(2026,1,1))),1))-1,"") | E12: 回撤修复天数(未创新高) | G12: =IFERROR((LOOKUP(2,1/(实盘组合净值!$Q$5:$Q$59<>""),ROW(实盘组合净值!$Q$5:$Q$59)))-(LOOKUP(2,1/(实盘组合净值!$S$5:$S$59=0),ROW(实盘组合净值!$S$5:$S$59))),"")
B13: 近3个月 | C13: =IFERROR((LOOKUP(2,1/(实盘组合净值!$Q$5:$Q$59<>""),实盘组合净值!$Q$5:$Q$59))/(IFERROR(LOOKUP(EDATE(LOOKUP(2,1/(实盘组合净值!$Q$5:$Q$59<>""),实盘组合净值!$A$5:$A$59),-3),实盘组合净值!$A$5:$A$59,实盘组合净值!$Q$5:$Q$59),1))-1,"") | D13: =IFERROR((LOOKUP(2,1/(实盘组合净值!$Q$5:$Q$59<>""),实盘组合净值!$Q$5:$Q$59)/(IFERROR(LOOKUP(EDATE(LOOKUP(2,1/(实盘组合净值!$Q$5:$Q$59<>""),实盘组合净值!$A$5:$A$59),-3),实盘组合净值!$A$5:$A$59,实盘组合净值!$Q$5:$Q$59),1)))^(说明!$C$17/MAX(COUNTIF(实盘组合净值!$A$5:$A$59,">="&(EDATE(LOOKUP(2,1/(实盘组合净值!$Q$5:$Q$59<>""),实盘组合净值!$A$5:$A$59),-3))),1))-1,"") | E13: 正收益占比 | G13: =COUNTIF(实盘组合净值!$R$5:$R$59,">0")/MAX(COUNT(实盘组合净值!$R$5:$R$59),1)
B14: 近6个月 | C14: =IFERROR((LOOKUP(2,1/(实盘组合净值!$Q$5:$Q$59<>""),实盘组合净值!$Q$5:$Q$59))/(IFERROR(LOOKUP(EDATE(LOOKUP(2,1/(实盘组合净值!$Q$5:$Q$59<>""),实盘组合净值!$A$5:$A$59),-6),实盘组合净值!$A$5:$A$59,实盘组合净值!$Q$5:$Q$59),1))-1,"") | D14: =IFERROR((LOOKUP(2,1/(实盘组合净值!$Q$5:$Q$59<>""),实盘组合净值!$Q$5:$Q$59)/(IFERROR(LOOKUP(EDATE(LOOKUP(2,1/(实盘组合净值!$Q$5:$Q$59<>""),实盘组合净值!$A$5:$A$59),-6),实盘组合净值!$A$5:$A$59,实盘组合净值!$Q$5:$Q$59),1)))^(说明!$C$17/MAX(COUNTIF(实盘组合净值!$A$5:$A$59,">="&(EDATE(LOOKUP(2,1/(实盘组合净值!$Q$5:$Q$59<>""),实盘组合净值!$A$5:$A$59),-6))),1))-1,"") | E14: 年化波动率 | G14: =STDEV(实盘组合净值!$R$5:$R$59)*SQRT(说明!$C$17)
B15: 近1年 | C15: =IFERROR((LOOKUP(2,1/(实盘组合净值!$Q$5:$Q$59<>""),实盘组合净值!$Q$5:$Q$59))/(IFERROR(LOOKUP(EDATE(LOOKUP(2,1/(实盘组合净值!$Q$5:$Q$59<>""),实盘组合净值!$A$5:$A$59),-12),实盘组合净值!$A$5:$A$59,实盘组合净值!$Q$5:$Q$59),1))-1,"") | D15: =IFERROR((LOOKUP(2,1/(实盘组合净值!$Q$5:$Q$59<>""),实盘组合净值!$Q$5:$Q$59)/(IFERROR(LOOKUP(EDATE(LOOKUP(2,1/(实盘组合净值!$Q$5:$Q$59<>""),实盘组合净值!$A$5:$A$59),-12),实盘组合净值!$A$5:$A$59,实盘组合净值!$Q$5:$Q$59),1)))^(说明!$C$17/MAX(COUNTIF(实盘组合净值!$A$5:$A$59,">="&(EDATE(LOOKUP(2,1/(实盘组合净值!$Q$5:$Q$59<>""),实盘组合净值!$A$5:$A$59),-12))),1))-1,"") | E15: 夏普比率 | G15: =(((LOOKUP(2,1/(实盘组合净值!$Q$5:$Q$59<>""),实盘组合净值!$Q$5:$Q$59)/1)^(说明!$C$17/MAX(COUNT(实盘组合净值!$R$5:$R$59),1))-1)-说明!$C$16)/IF((STDEV(实盘组合净值!$R$5:$R$59)*SQRT(说明!$C$17))=0,"",(STDEV(实盘组合净值!$R$5:$R$59)*SQRT(说明!$C$17)))
E16: 卡玛比率 | G16: =IFERROR(((LOOKUP(2,1/(实盘组合净值!$Q$5:$Q$59<>""),实盘组合净值!$Q$5:$Q$59)/1)^(说明!$C$17/MAX(COUNT(实盘组合净值!$R$5:$R$59),1))-1)/ABS(MIN(实盘组合净值!$S$5:$S$59)),"")
B18: 产品运作情况 · 组合净值曲线
B35: 统计区间自2026/6/1起；运作初期样本少，年化类指标仅供参考。新增交易日后请同步扩展本图数据区。

Sheet 说明
B2: 样板间投顾组合 · 净值监控模板
B3: 运作起始日（实盘）：产业趋势基石/10-90基石 2026/6/18 · 产业趋势 6/22 · 产业趋势2号 6/23 · 10-90/30-70 6/24 ｜ 净值口径：复权单位净值(iFinD) ｜ 买入持有(权重漂移)，各组合自其起始日净值=1
B5: 一、模板结构
B6: 持仓配置 | C6: 实盘6组合(产业趋势/产业趋势基石/产业趋势2号/10-90/10-90基石/30-70)成份基金、代码、初始权重、年化费率、净值起始日，可直接编辑。
B7: 净值数据(iFinD公式) | C7: 同花顺公式拉取复权单位净值
B8: 组合净值 | C8: 按买入持有逐日计算四组合净值、日收益与回撤；净值已按年化费率折每日扣费(扣费后口径)。
B9: 看板-10/20/30/增值 | C9: 6个组合各一页：业绩KPI＋收益表现＋风险特征＋净值曲线。
B11: 二、使用说明
B12: 每日更新 | C12: 在『净值数据』『组合净值』底部按日期顺序新增一行(公式可下拉)，看板自动刷新。
B13: iFinD指标 | C13: 复权净值指标代码集中在『净值数据』B2，与本地版本不符时只改此处。
B14: 买入持有口径 | C14: 起始日按初始权重买入后持有，权重随涨跌漂移；组合起始净值=1.0000。
B15: 扣费方式 | C15: 各组合年化费率见『实盘持仓配置』Z列；按 净值×(1-费率)^(已运作交易日数/年化交易日数) 折每日计入，看板均为扣费后口径。
B16: 参数：无风险利率(年化) | C16: 0
B17: 参数：年化交易日数 | C17: 242
B18: 净值曲线 | C18: 净值曲线改用日期轴+直接区域引用，横轴自起始日起、自动延伸到最新交易日，无需手改图表数据区。
B19: 数据来源：同花顺 iFinD(复权单位净值)

Sheet 持仓权重预警
A1: 三个产业趋势组合 · 动态持仓权重监控（单只权重超过20%自动标红预警） | F1: 末行序号(自动) | G1: =COUNT('实盘净值数据(iFinD公式)'!$B$5:$B$60)
A2: 截止净值日期： | B2: =INDEX('实盘净值数据(iFinD公式)'!$A$5:$A$60,$G$1) | F2: 产业趋势毛净值 | G2: =SUMPRODUCT(实盘持仓配置!$B$4:$X$4,INDEX('实盘净值数据(iFinD公式)'!$B$5:$X$60,$G$1,0)/'实盘净值数据(iFinD公式)'!$B$6:$X$6)
F3: 基石毛净值 | G3: =SUMPRODUCT(实盘持仓配置!$B$5:$X$5,INDEX('实盘净值数据(iFinD公式)'!$B$5:$X$60,$G$1,0)/'实盘净值数据(iFinD公式)'!$B$5:$X$5)
F4: 2号毛净值 | G4: =SUMPRODUCT(实盘持仓配置!$B$6:$X$6,INDEX('实盘净值数据(iFinD公式)'!$B$5:$X$60,$G$1,0)/'实盘净值数据(iFinD公式)'!$B$7:$X$7)
A5: 基金简称 | B5: 基金代码 | C5: 初始权重 | D5: 动态权重(截止前一交易日)
A6: 国泰半导体ETF联接A | B6: 019632.OF | C6: =实盘持仓配置!T$4 | D6: =实盘持仓配置!T$4*INDEX('实盘净值数据(iFinD公式)'!T$5:T$60,$G$1)/'实盘净值数据(iFinD公式)'!T$6/$G$2
A7: 国泰通信ETF联接A | B7: 007817.OF | C7: =实盘持仓配置!G$4 | D7: =实盘持仓配置!G$4*INDEX('实盘净值数据(iFinD公式)'!G$5:G$60,$G$1)/'实盘净值数据(iFinD公式)'!G$6/$G$2
A8: 宏利复兴混合A | B8: 001170.OF | C8: =实盘持仓配置!D$4 | D8: =实盘持仓配置!D$4*INDEX('实盘净值数据(iFinD公式)'!D$5:D$60,$G$1)/'实盘净值数据(iFinD公式)'!D$6/$G$2
A9: 嘉实信息产业A | B9: 017488.OF | C9: =实盘持仓配置!Q$4 | D9: =实盘持仓配置!Q$4*INDEX('实盘净值数据(iFinD公式)'!Q$5:Q$60,$G$1)/'实盘净值数据(iFinD公式)'!Q$6/$G$2
A10: 信澳业绩驱动A | B10: 016370.OF | C10: =实盘持仓配置!P$4 | D10: =实盘持仓配置!P$4*INDEX('实盘净值数据(iFinD公式)'!P$5:P$60,$G$1)/'实盘净值数据(iFinD公式)'!P$6/$G$2
A11: 银华集成电路混合A | B11: 013840.OF | C11: =实盘持仓配置!J$4 | D11: =实盘持仓配置!J$4*INDEX('实盘净值数据(iFinD公式)'!J$5:J$60,$G$1)/'实盘净值数据(iFinD公式)'!J$6/$G$2
A12: 嘉实快线货币A | B12: 000917.OF | C12: =实盘持仓配置!C$4 | D12: =实盘持仓配置!C$4*INDEX('实盘净值数据(iFinD公式)'!C$5:C$60,$G$1)/'实盘净值数据(iFinD公式)'!C$6/$G$2
A13: 合计 | C13: =SUM(C6:C12) | D13: =SUM(D6:D12)
A15: 产业趋势基石组合（起始日 2026-06-18）
A16: 基金简称 | B16: 基金代码 | C16: 初始权重 | D16: 动态权重(截止前一交易日)
A17: 国泰半导体ETF联接A | B17: 019632.OF | C17: =实盘持仓配置!T$5 | D17: =实盘持仓配置!T$5*INDEX('实盘净值数据(iFinD公式)'!T$5:T$60,$G$1)/'实盘净值数据(iFinD公式)'!T$5/$G$3
A18: 国泰通信ETF联接A | B18: 007817.OF | C18: =实盘持仓配置!G$5 | D18: =实盘持仓配置!G$5*INDEX('实盘净值数据(iFinD公式)'!G$5:G$60,$G$1)/'实盘净值数据(iFinD公式)'!G$5/$G$3
A19: 宏利复兴混合A | B19: 001170.OF | C19: =实盘持仓配置!D$5 | D19: =实盘持仓配置!D$5*INDEX('实盘净值数据(iFinD公式)'!D$5:D$60,$G$1)/'实盘净值数据(iFinD公式)'!D$5/$G$3
A20: 嘉实信息产业A | B20: 017488.OF | C20: =实盘持仓配置!Q$5 | D20: =实盘持仓配置!Q$5*INDEX('实盘净值数据(iFinD公式)'!Q$5:Q$60,$G$1)/'实盘净值数据(iFinD公式)'!Q$5/$G$3
A21: 信澳业绩驱动A | B21: 016370.OF | C21: =实盘持仓配置!P$5 | D21: =实盘持仓配置!P$5*INDEX('实盘净值数据(iFinD公式)'!P$5:P$60,$G$1)/'实盘净值数据(iFinD公式)'!P$5/$G$3
A22: 银华集成电路混合A | B22: 013840.OF | C22: =实盘持仓配置!J$5 | D22: =实盘持仓配置!J$5*INDEX('实盘净值数据(iFinD公式)'!J$5:J$60,$G$1)/'实盘净值数据(iFinD公式)'!J$5/$G$3
A23: 嘉实快线货币A | B23: 000917.OF | C23: =实盘持仓配置!C$5 | D23: =实盘持仓配置!C$5*INDEX('实盘净值数据(iFinD公式)'!C$5:C$60,$G$1)/'实盘净值数据(iFinD公式)'!C$5/$G$3
A24: 合计 | C24: =SUM(C17:C23) | D24: =SUM(D17:D23)
A26: 产业趋势2号组合（起始日 2026-06-23）
A27: 基金简称 | B27: 基金代码 | C27: 初始权重 | D27: 动态权重(截止前一交易日)
A28: 国泰半导体C | B28: 019633.OF | C28: =实盘持仓配置!U$6 | D28: =实盘持仓配置!U$6*INDEX('实盘净值数据(iFinD公式)'!U$5:U$60,$G$1)/'实盘净值数据(iFinD公式)'!U$7/$G$4
A29: 国泰通信设备C | B29: 007818.OF | C29: =实盘持仓配置!H$6 | D29: =实盘持仓配置!H$6*INDEX('实盘净值数据(iFinD公式)'!H$5:H$60,$G$1)/'实盘净值数据(iFinD公式)'!H$7/$G$4
A30: 宏利复兴伟业C | B30: 017612.OF | C30: =实盘持仓配置!S$6 | D30: =实盘持仓配置!S$6*INDEX('实盘净值数据(iFinD公式)'!S$5:S$60,$G$1)/'实盘净值数据(iFinD公式)'!S$7/$G$4
A31: 嘉实信息产业C | B31: 017489.OF | C31: =实盘持仓配置!R$6 | D31: =实盘持仓配置!R$6*INDEX('实盘净值数据(iFinD公式)'!R$5:R$60,$G$1)/'实盘净值数据(iFinD公式)'!R$7/$G$4
A32: 嘉实前沿科技创新 | B32: 009993.OF | C32: =实盘持仓配置!I$6 | D32: =实盘持仓配置!I$6*INDEX('实盘净值数据(iFinD公式)'!I$5:I$60,$G$1)/'实盘净值数据(iFinD公式)'!I$7/$G$4
A33: 银华集成电路混合C | B33: 013841.OF | C33: =实盘持仓配置!K$6 | D33: =实盘持仓配置!K$6*INDEX('实盘净值数据(iFinD公式)'!K$5:K$60,$G$1)/'实盘净值数据(iFinD公式)'!K$7/$G$4
A34: 嘉实快线货币A | B34: 000917.OF | C34: =实盘持仓配置!C$6 | D34: =实盘持仓配置!C$6*INDEX('实盘净值数据(iFinD公式)'!C$5:C$60,$G$1)/'实盘净值数据(iFinD公式)'!C$7/$G$4
A35: 合计 | C35: =SUM(C28:C34) | D35: =SUM(D28:D34)
