Workbook
Name _ChartDates: '实盘组合净值'!$A$6:INDEX('实盘组合净值'!$A$6:$A$1000,MATCH(9.99999999999999E+307,'实盘组合净值'!$A$6:$A$1000))
Name _ChartValues: '实盘组合净值'!$B$6:INDEX('实盘组合净值'!$B$6:$B$1000,MATCH(9.99999999999999E+307,'实盘组合净值'!$A$6:$A$1000))
Name _ChartDates: '实盘组合净值'!$A$5:INDEX('实盘组合净值'!$A$5:$A$1000,MATCH(9.99999999999999E+307,'实盘组合净值'!$A$5:$A$1000))
Name _ChartValues: '实盘组合净值'!$E$5:INDEX('实盘组合净值'!$E$5:$E$1000,MATCH(9.99999999999999E+307,'实盘组合净值'!$A$5:$A$1000))
Name _ChartDates: '实盘组合净值'!$A$7:INDEX('实盘组合净值'!$A$7:$A$1000,MATCH(9.99999999999999E+307,'实盘组合净值'!$A$7:$A$1000))
Name _ChartValues: '实盘组合净值'!$H$7:INDEX('实盘组合净值'!$H$7:$H$1000,MATCH(9.99999999999999E+307,'实盘组合净值'!$A$7:$A$1000))
Name _ChartDates: '实盘组合净值'!$A$8:INDEX('实盘组合净值'!$A$8:$A$1000,MATCH(9.99999999999999E+307,'实盘组合净值'!$A$8:$A$1000))
Name _ChartValues: '实盘组合净值'!$K$8:INDEX('实盘组合净值'!$K$8:$K$1000,MATCH(9.99999999999999E+307,'实盘组合净值'!$A$8:$A$1000))
Name _ChartDates: '实盘组合净值'!$A$5:INDEX('实盘组合净值'!$A$5:$A$1000,MATCH(9.99999999999999E+307,'实盘组合净值'!$A$5:$A$1000))
Name _ChartValues: '实盘组合净值'!$N$5:INDEX('实盘组合净值'!$N$5:$N$1000,MATCH(9.99999999999999E+307,'实盘组合净值'!$A$5:$A$1000))
Name _ChartDates: '实盘组合净值'!$A$8:INDEX('实盘组合净值'!$A$8:$A$1000,MATCH(9.99999999999999E+307,'实盘组合净值'!$A$8:$A$1000))
Name _ChartValues: '实盘组合净值'!$Q$8:INDEX('实盘组合净值'!$Q$8:$Q$1000,MATCH(9.99999999999999E+307,'实盘组合净值'!$A$8:$A$1000))

Sheet 实盘持仓配置
A1: 持仓配置（实盘·初始权重）
A2: 基金简称 | B2: 华安黄金ETF联接A | C2: 嘉实快线货币A | D2: 宏利复兴混合A | E2: 博道沪深300增强A | F2: 博道沪深300指增C | G2: 国泰通信设备ETF联接A | H2: 国泰通信设备C | I2: 嘉实前沿科技创新 | J2: 银华集成电路混合A | K2: 银华集成电路混合C | L2: 天弘中证1000指增A | M2: 天弘中证1000指增C | N2: 中欧中证500指增A | O2: 中欧中证500指增C | P2: 信澳业绩驱动A | Q2: 嘉实信息产业A | R2: 嘉实信息产业C | S2: 宏利复兴伟业C | T2: 国泰半导体材料设备ETF联接A | U2: 国泰半导体材料设备C | V2: 华泰柏瑞中证2000指增A | W2: 华泰柏瑞中证2000指增C | X2: 易方达中债新综指LOFA | Y2: 合计 | Z2: 年化费率 | AA2: 净值起始日
A3: 基金代码 | B3: 000216.OF | C3: 000917.OF | D3: 001170.OF | E3: 007044.OF | F3: 007045.OF | G3: 007817.OF | H3: 007818.OF | I3: 009993.OF | J3: 013840.OF | K3: 013841.OF | L3: 014201.OF | M3: 014202.OF | N3: 015453.OF | O3: 015454.OF | P3: 016370.OF | Q3: 017488.OF | R3: 017489.OF | S3: 017612.OF | T3: 019632.OF | U3: 019633.OF | V3: 019923.OF | W3: 019924.OF | X3: 161119.OF
A4: 产业趋势 权重 | B4: 0 | C4: 0.02 | D4: 0.19 | E4: 0 | F4: 0 | G4: 0.11 | H4: 0 | I4: 0 | J4: 0.19 | K4: 0 | L4: 0 | M4: 0 | N4: 0 | O4: 0 | P4: 0.19 | Q4: 0.19 | R4: 0 | S4: 0 | T4: 0.11 | U4: 0 | V4: 0 | W4: 0 | X4: 0 | Y4: =SUM(B4:X4) -> 1 | Z4: 0.015 | AA4: 46195
A5: 产业趋势基石 权重 | B5: 0 | C5: 0.02 | D5: 0.19 | E5: 0 | F5: 0 | G5: 0.11 | H5: 0 | I5: 0 | J5: 0.19 | K5: 0 | L5: 0 | M5: 0 | N5: 0 | O5: 0 | P5: 0.19 | Q5: 0.19 | R5: 0 | S5: 0 | T5: 0.11 | U5: 0 | V5: 0 | W5: 0 | X5: 0 | Y5: =SUM(B5:X5) -> 1 | Z5: 0.012 | AA5: 46191
A6: 产业趋势2号 权重 | B6: 0 | C6: 0.02 | D6: 0 | E6: 0 | F6: 0 | G6: 0 | H6: 0.11 | I6: 0.19 | J6: 0 | K6: 0.19 | L6: 0 | M6: 0 | N6: 0 | O6: 0 | P6: 0 | Q6: 0 | R6: 0.19 | S6: 0.19 | T6: 0 | U6: 0.11 | V6: 0 | W6: 0 | X6: 0 | Y6: =SUM(B6:X6) -> 1 | Z6: 0.015 | AA6: 46196
A7: 10-90 权重 | B7: 0.05 | C7: 0.02 | D7: 0 | E7: 0 | F7: 0.0125 | G7: 0 | H7: 0.005 | I7: 0.01 | J7: 0 | K7: 0.01 | L7: 0 | M7: 0.0125 | N7: 0 | O7: 0.0125 | P7: 0 | Q7: 0 | R7: 0.01 | S7: 0.01 | T7: 0 | U7: 0.005 | V7: 0 | W7: 0.0125 | X7: 0.83 | Y7: =SUM(B7:X7) -> 1 | Z7: 0.008 | AA7: 46197
A8: 10-90基石 权重 | B8: 0.05 | C8: 0.02 | D8: 0.01 | E8: 0.0125 | F8: 0 | G8: 0.005 | H8: 0 | I8: 0 | J8: 0.01 | K8: 0 | L8: 0.0125 | M8: 0 | N8: 0.0125 | O8: 0 | P8: 0.01 | Q8: 0.01 | R8: 0 | S8: 0 | T8: 0.005 | U8: 0 | V8: 0.0125 | W8: 0 | X8: 0.83 | Y8: =SUM(B8:X8) -> 1 | Z8: 0.005 | AA8: 46191
A9: 30-70 权重 | B9: 0.1 | C9: 0.02 | D9: 0 | E9: 0 | F9: 0.0375 | G9: 0 | H9: 0.015 | I9: 0.03 | J9: 0 | K9: 0.03 | L9: 0 | M9: 0.0375 | N9: 0 | O9: 0.0375 | P9: 0 | Q9: 0 | R9: 0.03 | S9: 0.03 | T9: 0 | U9: 0.015 | V9: 0 | W9: 0.0375 | X9: 0.58 | Y9: =SUM(B9:X9) -> 1 | Z9: 0.012 | AA9: 46197
A11: 权重蓝色输入；Z列为各组合年化费率、AA列为各组合净值起始日(当日净值=1)。新增交易日下拉填充，下游净值与看板自动重算。

Sheet 实盘净值数据(iFinD公式)
A1: 净值数据 * 实盘
A2: =TODAY() -> 46220
A3: 基金代码→ | B3: =实盘持仓配置!B3 -> 000216.OF | C3: =实盘持仓配置!C3 -> 000917.OF | D3: =实盘持仓配置!D3 -> 001170.OF | E3: =实盘持仓配置!E3 -> 007044.OF | F3: =实盘持仓配置!F3 -> 007045.OF | G3: =实盘持仓配置!G3 -> 007817.OF | H3: =实盘持仓配置!H3 -> 007818.OF | I3: =实盘持仓配置!I3 -> 009993.OF | ... X3: =实盘持仓配置!X3 -> 161119.OF | Y3: 162214.OF
A4: =[1]!_xludf.HX_AutoDate(1,"2026-06-18",A2,-1,-1,0,0,0,0,0,"SSE",19,0) -> #VALUE! | B4: 华安黄金ETF联接A | C4: 嘉实快线货币A | D4: 宏利复兴混合A | E4: 博道沪深300增强A | F4: 博道沪深300指增C | G4: 国泰通信设备ETF联接A | H4: 国泰通信设备C | I4: 嘉实前沿科技创新 | J4: 银华集成电路混合A | K4: 银华集成电路混合C | L4: 天弘中证1000指增A | M4: 天弘中证1000指增C | N4: 中欧中证500指增A | O4: 中欧中证500指增C | P4: 信澳业绩驱动A | Q4: 嘉实信息产业A | R4: 嘉实信息产业C | S4: 宏利复兴伟业C | T4: 国泰半导体材料设备ETF联接A | U4: 国泰半导体材料设备C | V4: 华泰柏瑞中证2000指增A | W4: 华泰柏瑞中证2000指增C | X4: 易方达中债新综指LOFA | Y4: 宏利领先中小盘混合
A5: 46191 | B5: =IF($A5="","",[1]!_xludf.thsiFinD("ths_adjustment_nv_fund",B$3,$A5)) -> #VALUE! | C5: =IF($A5="","",[1]!_xludf.thsiFinD("ths_adjustment_nv_fund",C$3,$A5)) -> #VALUE! | D5: =IF($A5="","",[1]!_xludf.thsiFinD("ths_adjustment_nv_fund",D$3,$A5)) -> #VALUE! | E5: =IF($A5="","",[1]!_xludf.thsiFinD("ths_adjustment_nv_fund",E$3,$A5)) -> #VALUE! | F5: =IF($A5="","",[1]!_xludf.thsiFinD("ths_adjustment_nv_fund",F$3,$A5)) -> #VALUE! | G5: =IF($A5="","",[1]!_xludf.thsiFinD("ths_adjustment_nv_fund",G$3,$A5)) -> #VALUE! | H5: =IF($A5="","",[1]!_xludf.thsiFinD("ths_adjustment_nv_fund",H$3,$A5)) -> #VALUE! | I5: =IF($A5="","",[1]!_xludf.thsiFinD("ths_adjustment_nv_fund",I$3,$A5)) -> #VALUE! | ... Y5: =IF($A5="","",[1]!_xludf.thsiFinD("ths_adjustment_nv_fund",Y$3,$A5)) -> #VALUE!
A6: 46195 | B6: =IF($A6="","",[1]!_xludf.thsiFinD("ths_adjustment_nv_fund",B$3,$A6)) -> #VALUE! | C6: =IF($A6="","",[1]!_xludf.thsiFinD("ths_adjustment_nv_fund",C$3,$A6)) -> #VALUE! | D6: =IF($A6="","",[1]!_xludf.thsiFinD("ths_adjustment_nv_fund",D$3,$A6)) -> #VALUE! | E6: =IF($A6="","",[1]!_xludf.thsiFinD("ths_adjustment_nv_fund",E$3,$A6)) -> #VALUE! | F6: =IF($A6="","",[1]!_xludf.thsiFinD("ths_adjustment_nv_fund",F$3,$A6)) -> #VALUE! | G6: =IF($A6="","",[1]!_xludf.thsiFinD("ths_adjustment_nv_fund",G$3,$A6)) -> #VALUE! | H6: =IF($A6="","",[1]!_xludf.thsiFinD("ths_adjustment_nv_fund",H$3,$A6)) -> #VALUE! | I6: =IF($A6="","",[1]!_xludf.thsiFinD("ths_adjustment_nv_fund",I$3,$A6)) -> #VALUE! | ... Y6: =IF($A6="","",[1]!_xludf.thsiFinD("ths_adjustment_nv_fund",Y$3,$A6)) -> #VALUE!
A7: 46196 | B7: =IF($A7="","",[1]!_xludf.thsiFinD("ths_adjustment_nv_fund",B$3,$A7)) -> #VALUE! | C7: =IF($A7="","",[1]!_xludf.thsiFinD("ths_adjustment_nv_fund",C$3,$A7)) -> #VALUE! | D7: =IF($A7="","",[1]!_xludf.thsiFinD("ths_adjustment_nv_fund",D$3,$A7)) -> #VALUE! | E7: =IF($A7="","",[1]!_xludf.thsiFinD("ths_adjustment_nv_fund",E$3,$A7)) -> #VALUE! | F7: =IF($A7="","",[1]!_xludf.thsiFinD("ths_adjustment_nv_fund",F$3,$A7)) -> #VALUE! | G7: =IF($A7="","",[1]!_xludf.thsiFinD("ths_adjustment_nv_fund",G$3,$A7)) -> #VALUE! | H7: =IF($A7="","",[1]!_xludf.thsiFinD("ths_adjustment_nv_fund",H$3,$A7)) -> #VALUE! | I7: =IF($A7="","",[1]!_xludf.thsiFinD("ths_adjustment_nv_fund",I$3,$A7)) -> #VALUE! | ... Y7: =IF($A7="","",[1]!_xludf.thsiFinD("ths_adjustment_nv_fund",Y$3,$A7)) -> #VALUE!
A8: 46197 | B8: =IF($A8="","",[1]!_xludf.thsiFinD("ths_adjustment_nv_fund",B$3,$A8)) -> #VALUE! | C8: =IF($A8="","",[1]!_xludf.thsiFinD("ths_adjustment_nv_fund",C$3,$A8)) -> #VALUE! | D8: =IF($A8="","",[1]!_xludf.thsiFinD("ths_adjustment_nv_fund",D$3,$A8)) -> #VALUE! | E8: =IF($A8="","",[1]!_xludf.thsiFinD("ths_adjustment_nv_fund",E$3,$A8)) -> #VALUE! | F8: =IF($A8="","",[1]!_xludf.thsiFinD("ths_adjustment_nv_fund",F$3,$A8)) -> #VALUE! | G8: =IF($A8="","",[1]!_xludf.thsiFinD("ths_adjustment_nv_fund",G$3,$A8)) -> #VALUE! | H8: =IF($A8="","",[1]!_xludf.thsiFinD("ths_adjustment_nv_fund",H$3,$A8)) -> #VALUE! | I8: =IF($A8="","",[1]!_xludf.thsiFinD("ths_adjustment_nv_fund",I$3,$A8)) -> #VALUE! | ... Y8: =IF($A8="","",[1]!_xludf.thsiFinD("ths_adjustment_nv_fund",Y$3,$A8)) -> #VALUE!
A9: 46198 | B9: =IF($A9="","",[1]!_xludf.thsiFinD("ths_adjustment_nv_fund",B$3,$A9)) -> #VALUE! | C9: =IF($A9="","",[1]!_xludf.thsiFinD("ths_adjustment_nv_fund",C$3,$A9)) -> #VALUE! | D9: =IF($A9="","",[1]!_xludf.thsiFinD("ths_adjustment_nv_fund",D$3,$A9)) -> #VALUE! | E9: =IF($A9="","",[1]!_xludf.thsiFinD("ths_adjustment_nv_fund",E$3,$A9)) -> #VALUE! | F9: =IF($A9="","",[1]!_xludf.thsiFinD("ths_adjustment_nv_fund",F$3,$A9)) -> #VALUE! | G9: =IF($A9="","",[1]!_xludf.thsiFinD("ths_adjustment_nv_fund",G$3,$A9)) -> #VALUE! | H9: =IF($A9="","",[1]!_xludf.thsiFinD("ths_adjustment_nv_fund",H$3,$A9)) -> #VALUE! | I9: =IF($A9="","",[1]!_xludf.thsiFinD("ths_adjustment_nv_fund",I$3,$A9)) -> #VALUE! | ... Y9: =IF($A9="","",[1]!_xludf.thsiFinD("ths_adjustment_nv_fund",Y$3,$A9)) -> #VALUE!
A10: 46199 | B10: =IF($A10="","",[1]!_xludf.thsiFinD("ths_adjustment_nv_fund",B$3,$A10)) -> #VALUE! | C10: =IF($A10="","",[1]!_xludf.thsiFinD("ths_adjustment_nv_fund",C$3,$A10)) -> #VALUE! | D10: =IF($A10="","",[1]!_xludf.thsiFinD("ths_adjustment_nv_fund",D$3,$A10)) -> #VALUE! | E10: =IF($A10="","",[1]!_xludf.thsiFinD("ths_adjustment_nv_fund",E$3,$A10)) -> #VALUE! | F10: =IF($A10="","",[1]!_xludf.thsiFinD("ths_adjustment_nv_fund",F$3,$A10)) -> #VALUE! | G10: =IF($A10="","",[1]!_xludf.thsiFinD("ths_adjustment_nv_fund",G$3,$A10)) -> #VALUE! | H10: =IF($A10="","",[1]!_xludf.thsiFinD("ths_adjustment_nv_fund",H$3,$A10)) -> #VALUE! | I10: =IF($A10="","",[1]!_xludf.thsiFinD("ths_adjustment_nv_fund",I$3,$A10)) -> #VALUE! | ... Y10: =IF($A10="","",[1]!_xludf.thsiFinD("ths_adjustment_nv_fund",Y$3,$A10)) -> #VALUE!
A11: 46202 | B11: =IF($A11="","",[1]!_xludf.thsiFinD("ths_adjustment_nv_fund",B$3,$A11)) -> #VALUE! | C11: =IF($A11="","",[1]!_xludf.thsiFinD("ths_adjustment_nv_fund",C$3,$A11)) -> #VALUE! | D11: =IF($A11="","",[1]!_xludf.thsiFinD("ths_adjustment_nv_fund",D$3,$A11)) -> #VALUE! | E11: =IF($A11="","",[1]!_xludf.thsiFinD("ths_adjustment_nv_fund",E$3,$A11)) -> #VALUE! | F11: =IF($A11="","",[1]!_xludf.thsiFinD("ths_adjustment_nv_fund",F$3,$A11)) -> #VALUE! | G11: =IF($A11="","",[1]!_xludf.thsiFinD("ths_adjustment_nv_fund",G$3,$A11)) -> #VALUE! | H11: =IF($A11="","",[1]!_xludf.thsiFinD("ths_adjustment_nv_fund",H$3,$A11)) -> #VALUE! | I11: =IF($A11="","",[1]!_xludf.thsiFinD("ths_adjustment_nv_fund",I$3,$A11)) -> #VALUE! | ... Y11: =IF($A11="","",[1]!_xludf.thsiFinD("ths_adjustment_nv_fund",Y$3,$A11)) -> #VALUE!
A12: 46203 | B12: =IF($A12="","",[1]!_xludf.thsiFinD("ths_adjustment_nv_fund",B$3,$A12)) -> #VALUE! | C12: =IF($A12="","",[1]!_xludf.thsiFinD("ths_adjustment_nv_fund",C$3,$A12)) -> #VALUE! | D12: =IF($A12="","",[1]!_xludf.thsiFinD("ths_adjustment_nv_fund",D$3,$A12)) -> #VALUE! | E12: =IF($A12="","",[1]!_xludf.thsiFinD("ths_adjustment_nv_fund",E$3,$A12)) -> #VALUE! | F12: =IF($A12="","",[1]!_xludf.thsiFinD("ths_adjustment_nv_fund",F$3,$A12)) -> #VALUE! | G12: =IF($A12="","",[1]!_xludf.thsiFinD("ths_adjustment_nv_fund",G$3,$A12)) -> #VALUE! | H12: =IF($A12="","",[1]!_xludf.thsiFinD("ths_adjustment_nv_fund",H$3,$A12)) -> #VALUE! | I12: =IF($A12="","",[1]!_xludf.thsiFinD("ths_adjustment_nv_fund",I$3,$A12)) -> #VALUE! | ... Y12: =IF($A12="","",[1]!_xludf.thsiFinD("ths_adjustment_nv_fund",Y$3,$A12)) -> #VALUE!
A13: 46204 | B13: =IF($A13="","",[1]!_xludf.thsiFinD("ths_adjustment_nv_fund",B$3,$A13)) -> #VALUE! | C13: =IF($A13="","",[1]!_xludf.thsiFinD("ths_adjustment_nv_fund",C$3,$A13)) -> #VALUE! | D13: =IF($A13="","",[1]!_xludf.thsiFinD("ths_adjustment_nv_fund",D$3,$A13)) -> #VALUE! | E13: =IF($A13="","",[1]!_xludf.thsiFinD("ths_adjustment_nv_fund",E$3,$A13)) -> #VALUE! | F13: =IF($A13="","",[1]!_xludf.thsiFinD("ths_adjustment_nv_fund",F$3,$A13)) -> #VALUE! | G13: =IF($A13="","",[1]!_xludf.thsiFinD("ths_adjustment_nv_fund",G$3,$A13)) -> #VALUE! | H13: =IF($A13="","",[1]!_xludf.thsiFinD("ths_adjustment_nv_fund",H$3,$A13)) -> #VALUE! | I13: =IF($A13="","",[1]!_xludf.thsiFinD("ths_adjustment_nv_fund",I$3,$A13)) -> #VALUE! | ... Y13: =IF($A13="","",[1]!_xludf.thsiFinD("ths_adjustment_nv_fund",Y$3,$A13)) -> #VALUE!
A14: 46205 | B14: =IF($A14="","",[1]!_xludf.thsiFinD("ths_adjustment_nv_fund",B$3,$A14)) -> #VALUE! | C14: =IF($A14="","",[1]!_xludf.thsiFinD("ths_adjustment_nv_fund",C$3,$A14)) -> #VALUE! | D14: =IF($A14="","",[1]!_xludf.thsiFinD("ths_adjustment_nv_fund",D$3,$A14)) -> #VALUE! | E14: =IF($A14="","",[1]!_xludf.thsiFinD("ths_adjustment_nv_fund",E$3,$A14)) -> #VALUE! | F14: =IF($A14="","",[1]!_xludf.thsiFinD("ths_adjustment_nv_fund",F$3,$A14)) -> #VALUE! | G14: =IF($A14="","",[1]!_xludf.thsiFinD("ths_adjustment_nv_fund",G$3,$A14)) -> #VALUE! | H14: =IF($A14="","",[1]!_xludf.thsiFinD("ths_adjustment_nv_fund",H$3,$A14)) -> #VALUE! | I14: =IF($A14="","",[1]!_xludf.thsiFinD("ths_adjustment_nv_fund",I$3,$A14)) -> #VALUE! | ... Y14: =IF($A14="","",[1]!_xludf.thsiFinD("ths_adjustment_nv_fund",Y$3,$A14)) -> #VALUE!
A15: 46206 | B15: =IF($A15="","",[1]!_xludf.thsiFinD("ths_adjustment_nv_fund",B$3,$A15)) -> #VALUE! | C15: =IF($A15="","",[1]!_xludf.thsiFinD("ths_adjustment_nv_fund",C$3,$A15)) -> #VALUE! | D15: =IF($A15="","",[1]!_xludf.thsiFinD("ths_adjustment_nv_fund",D$3,$A15)) -> #VALUE! | E15: =IF($A15="","",[1]!_xludf.thsiFinD("ths_adjustment_nv_fund",E$3,$A15)) -> #VALUE! | F15: =IF($A15="","",[1]!_xludf.thsiFinD("ths_adjustment_nv_fund",F$3,$A15)) -> #VALUE! | G15: =IF($A15="","",[1]!_xludf.thsiFinD("ths_adjustment_nv_fund",G$3,$A15)) -> #VALUE! | H15: =IF($A15="","",[1]!_xludf.thsiFinD("ths_adjustment_nv_fund",H$3,$A15)) -> #VALUE! | I15: =IF($A15="","",[1]!_xludf.thsiFinD("ths_adjustment_nv_fund",I$3,$A15)) -> #VALUE! | ... Y15: =IF($A15="","",[1]!_xludf.thsiFinD("ths_adjustment_nv_fund",Y$3,$A15)) -> #VALUE!
A16: 46209 | B16: =IF($A16="","",[1]!_xludf.thsiFinD("ths_adjustment_nv_fund",B$3,$A16)) -> #VALUE! | C16: =IF($A16="","",[1]!_xludf.thsiFinD("ths_adjustment_nv_fund",C$3,$A16)) -> #VALUE! | D16: =IF($A16="","",[1]!_xludf.thsiFinD("ths_adjustment_nv_fund",D$3,$A16)) -> #VALUE! | E16: =IF($A16="","",[1]!_xludf.thsiFinD("ths_adjustment_nv_fund",E$3,$A16)) -> #VALUE! | F16: =IF($A16="","",[1]!_xludf.thsiFinD("ths_adjustment_nv_fund",F$3,$A16)) -> #VALUE! | G16: =IF($A16="","",[1]!_xludf.thsiFinD("ths_adjustment_nv_fund",G$3,$A16)) -> #VALUE! | H16: =IF($A16="","",[1]!_xludf.thsiFinD("ths_adjustment_nv_fund",H$3,$A16)) -> #VALUE! | I16: =IF($A16="","",[1]!_xludf.thsiFinD("ths_adjustment_nv_fund",I$3,$A16)) -> #VALUE! | ... Y16: =IF($A16="","",[1]!_xludf.thsiFinD("ths_adjustment_nv_fund",Y$3,$A16)) -> #VALUE!
... A23: 46218 | B23: =IF($A23="","",[1]!_xludf.thsiFinD("ths_adjustment_nv_fund",B$3,$A23)) -> #VALUE! | C23: =IF($A23="","",[1]!_xludf.thsiFinD("ths_adjustment_nv_fund",C$3,$A23)) -> #VALUE! | D23: =IF($A23="","",[1]!_xludf.thsiFinD("ths_adjustment_nv_fund",D$3,$A23)) -> #VALUE! | E23: =IF($A23="","",[1]!_xludf.thsiFinD("ths_adjustment_nv_fund",E$3,$A23)) -> #VALUE! | F23: =IF($A23="","",[1]!_xludf.thsiFinD("ths_adjustment_nv_fund",F$3,$A23)) -> #VALUE! | G23: =IF($A23="","",[1]!_xludf.thsiFinD("ths_adjustment_nv_fund",G$3,$A23)) -> #VALUE! | H23: =IF($A23="","",[1]!_xludf.thsiFinD("ths_adjustment_nv_fund",H$3,$A23)) -> #VALUE! | I23: =IF($A23="","",[1]!_xludf.thsiFinD("ths_adjustment_nv_fund",I$3,$A23)) -> #VALUE! | ... Y23: =IF($A23="","",[1]!_xludf.thsiFinD("ths_adjustment_nv_fund",Y$3,$A23)) -> #VALUE!
B24: =IF($A24="","",[1]!_xludf.thsiFinD("ths_adjustment_nv_fund",B$3,$A24)) | C24: =IF($A24="","",[1]!_xludf.thsiFinD("ths_adjustment_nv_fund",C$3,$A24)) | D24: =IF($A24="","",[1]!_xludf.thsiFinD("ths_adjustment_nv_fund",D$3,$A24)) | E24: =IF($A24="","",[1]!_xludf.thsiFinD("ths_adjustment_nv_fund",E$3,$A24)) | F24: =IF($A24="","",[1]!_xludf.thsiFinD("ths_adjustment_nv_fund",F$3,$A24)) | G24: =IF($A24="","",[1]!_xludf.thsiFinD("ths_adjustment_nv_fund",G$3,$A24)) | H24: =IF($A24="","",[1]!_xludf.thsiFinD("ths_adjustment_nv_fund",H$3,$A24)) | I24: =IF($A24="","",[1]!_xludf.thsiFinD("ths_adjustment_nv_fund",I$3,$A24)) | ... Y24: =IF($A24="","",[1]!_xludf.thsiFinD("ths_adjustment_nv_fund",Y$3,$A24))
B25: =IF($A25="","",[1]!_xludf.thsiFinD("ths_adjustment_nv_fund",B$3,$A25)) | C25: =IF($A25="","",[1]!_xludf.thsiFinD("ths_adjustment_nv_fund",C$3,$A25)) | D25: =IF($A25="","",[1]!_xludf.thsiFinD("ths_adjustment_nv_fund",D$3,$A25)) | E25: =IF($A25="","",[1]!_xludf.thsiFinD("ths_adjustment_nv_fund",E$3,$A25)) | F25: =IF($A25="","",[1]!_xludf.thsiFinD("ths_adjustment_nv_fund",F$3,$A25)) | G25: =IF($A25="","",[1]!_xludf.thsiFinD("ths_adjustment_nv_fund",G$3,$A25)) | H25: =IF($A25="","",[1]!_xludf.thsiFinD("ths_adjustment_nv_fund",H$3,$A25)) | I25: =IF($A25="","",[1]!_xludf.thsiFinD("ths_adjustment_nv_fund",I$3,$A25)) | ... Y25: =IF($A25="","",[1]!_xludf.thsiFinD("ths_adjustment_nv_fund",Y$3,$A25))
B26: =IF($A26="","",[1]!_xludf.thsiFinD("ths_adjustment_nv_fund",B$3,$A26)) | C26: =IF($A26="","",[1]!_xludf.thsiFinD("ths_adjustment_nv_fund",C$3,$A26)) | D26: =IF($A26="","",[1]!_xludf.thsiFinD("ths_adjustment_nv_fund",D$3,$A26)) | E26: =IF($A26="","",[1]!_xludf.thsiFinD("ths_adjustment_nv_fund",E$3,$A26)) | F26: =IF($A26="","",[1]!_xludf.thsiFinD("ths_adjustment_nv_fund",F$3,$A26)) | G26: =IF($A26="","",[1]!_xludf.thsiFinD("ths_adjustment_nv_fund",G$3,$A26)) | H26: =IF($A26="","",[1]!_xludf.thsiFinD("ths_adjustment_nv_fund",H$3,$A26)) | I26: =IF($A26="","",[1]!_xludf.thsiFinD("ths_adjustment_nv_fund",I$3,$A26)) | ... Y26: =IF($A26="","",[1]!_xludf.thsiFinD("ths_adjustment_nv_fund",Y$3,$A26))
B27: =IF($A27="","",[1]!_xludf.thsiFinD("ths_adjustment_nv_fund",B$3,$A27)) | C27: =IF($A27="","",[1]!_xludf.thsiFinD("ths_adjustment_nv_fund",C$3,$A27)) | D27: =IF($A27="","",[1]!_xludf.thsiFinD("ths_adjustment_nv_fund",D$3,$A27)) | E27: =IF($A27="","",[1]!_xludf.thsiFinD("ths_adjustment_nv_fund",E$3,$A27)) | F27: =IF($A27="","",[1]!_xludf.thsiFinD("ths_adjustment_nv_fund",F$3,$A27)) | G27: =IF($A27="","",[1]!_xludf.thsiFinD("ths_adjustment_nv_fund",G$3,$A27)) | H27: =IF($A27="","",[1]!_xludf.thsiFinD("ths_adjustment_nv_fund",H$3,$A27)) | I27: =IF($A27="","",[1]!_xludf.thsiFinD("ths_adjustment_nv_fund",I$3,$A27)) | ... Y27: =IF($A27="","",[1]!_xludf.thsiFinD("ths_adjustment_nv_fund",Y$3,$A27))
B28: =IF($A28="","",[1]!_xludf.thsiFinD("ths_adjustment_nv_fund",B$3,$A28)) | C28: =IF($A28="","",[1]!_xludf.thsiFinD("ths_adjustment_nv_fund",C$3,$A28)) | D28: =IF($A28="","",[1]!_xludf.thsiFinD("ths_adjustment_nv_fund",D$3,$A28)) | E28: =IF($A28="","",[1]!_xludf.thsiFinD("ths_adjustment_nv_fund",E$3,$A28)) | F28: =IF($A28="","",[1]!_xludf.thsiFinD("ths_adjustment_nv_fund",F$3,$A28)) | G28: =IF($A28="","",[1]!_xludf.thsiFinD("ths_adjustment_nv_fund",G$3,$A28)) | H28: =IF($A28="","",[1]!_xludf.thsiFinD("ths_adjustment_nv_fund",H$3,$A28)) | I28: =IF($A28="","",[1]!_xludf.thsiFinD("ths_adjustment_nv_fund",I$3,$A28)) | ... Y28: =IF($A28="","",[1]!_xludf.thsiFinD("ths_adjustment_nv_fund",Y$3,$A28))
B29: =IF($A29="","",[1]!_xludf.thsiFinD("ths_adjustment_nv_fund",B$3,$A29)) | C29: =IF($A29="","",[1]!_xludf.thsiFinD("ths_adjustment_nv_fund",C$3,$A29)) | D29: =IF($A29="","",[1]!_xludf.thsiFinD("ths_adjustment_nv_fund",D$3,$A29)) | E29: =IF($A29="","",[1]!_xludf.thsiFinD("ths_adjustment_nv_fund",E$3,$A29)) | F29: =IF($A29="","",[1]!_xludf.thsiFinD("ths_adjustment_nv_fund",F$3,$A29)) | G29: =IF($A29="","",[1]!_xludf.thsiFinD("ths_adjustment_nv_fund",G$3,$A29)) | H29: =IF($A29="","",[1]!_xludf.thsiFinD("ths_adjustment_nv_fund",H$3,$A29)) | I29: =IF($A29="","",[1]!_xludf.thsiFinD("ths_adjustment_nv_fund",I$3,$A29)) | ... Y29: =IF($A29="","",[1]!_xludf.thsiFinD("ths_adjustment_nv_fund",Y$3,$A29))
B30: =IF($A30="","",[1]!_xludf.thsiFinD("ths_adjustment_nv_fund",B$3,$A30)) | C30: =IF($A30="","",[1]!_xludf.thsiFinD("ths_adjustment_nv_fund",C$3,$A30)) | D30: =IF($A30="","",[1]!_xludf.thsiFinD("ths_adjustment_nv_fund",D$3,$A30)) | E30: =IF($A30="","",[1]!_xludf.thsiFinD("ths_adjustment_nv_fund",E$3,$A30)) | F30: =IF($A30="","",[1]!_xludf.thsiFinD("ths_adjustment_nv_fund",F$3,$A30)) | G30: =IF($A30="","",[1]!_xludf.thsiFinD("ths_adjustment_nv_fund",G$3,$A30)) | H30: =IF($A30="","",[1]!_xludf.thsiFinD("ths_adjustment_nv_fund",H$3,$A30)) | I30: =IF($A30="","",[1]!_xludf.thsiFinD("ths_adjustment_nv_fund",I$3,$A30)) | ... Y30: =IF($A30="","",[1]!_xludf.thsiFinD("ths_adjustment_nv_fund",Y$3,$A30))
B31: =IF($A31="","",[1]!_xludf.thsiFinD("ths_adjustment_nv_fund",B$3,$A31)) | C31: =IF($A31="","",[1]!_xludf.thsiFinD("ths_adjustment_nv_fund",C$3,$A31)) | D31: =IF($A31="","",[1]!_xludf.thsiFinD("ths_adjustment_nv_fund",D$3,$A31)) | E31: =IF($A31="","",[1]!_xludf.thsiFinD("ths_adjustment_nv_fund",E$3,$A31)) | F31: =IF($A31="","",[1]!_xludf.thsiFinD("ths_adjustment_nv_fund",F$3,$A31)) | G31: =IF($A31="","",[1]!_xludf.thsiFinD("ths_adjustment_nv_fund",G$3,$A31)) | H31: =IF($A31="","",[1]!_xludf.thsiFinD("ths_adjustment_nv_fund",H$3,$A31)) | I31: =IF($A31="","",[1]!_xludf.thsiFinD("ths_adjustment_nv_fund",I$3,$A31)) | ... Y31: =IF($A31="","",[1]!_xludf.thsiFinD("ths_adjustment_nv_fund",Y$3,$A31))
B32: =IF($A32="","",[1]!_xludf.thsiFinD("ths_adjustment_nv_fund",B$3,$A32)) | C32: =IF($A32="","",[1]!_xludf.thsiFinD("ths_adjustment_nv_fund",C$3,$A32)) | D32: =IF($A32="","",[1]!_xludf.thsiFinD("ths_adjustment_nv_fund",D$3,$A32)) | E32: =IF($A32="","",[1]!_xludf.thsiFinD("ths_adjustment_nv_fund",E$3,$A32)) | F32: =IF($A32="","",[1]!_xludf.thsiFinD("ths_adjustment_nv_fund",F$3,$A32)) | G32: =IF($A32="","",[1]!_xludf.thsiFinD("ths_adjustment_nv_fund",G$3,$A32)) | H32: =IF($A32="","",[1]!_xludf.thsiFinD("ths_adjustment_nv_fund",H$3,$A32)) | I32: =IF($A32="","",[1]!_xludf.thsiFinD("ths_adjustment_nv_fund",I$3,$A32)) | ... Y32: =IF($A32="","",[1]!_xludf.thsiFinD("ths_adjustment_nv_fund",Y$3,$A32))
B33: =IF($A33="","",[1]!_xludf.thsiFinD("ths_adjustment_nv_fund",B$3,$A33)) | C33: =IF($A33="","",[1]!_xludf.thsiFinD("ths_adjustment_nv_fund",C$3,$A33)) | D33: =IF($A33="","",[1]!_xludf.thsiFinD("ths_adjustment_nv_fund",D$3,$A33)) | E33: =IF($A33="","",[1]!_xludf.thsiFinD("ths_adjustment_nv_fund",E$3,$A33)) | F33: =IF($A33="","",[1]!_xludf.thsiFinD("ths_adjustment_nv_fund",F$3,$A33)) | G33: =IF($A33="","",[1]!_xludf.thsiFinD("ths_adjustment_nv_fund",G$3,$A33)) | H33: =IF($A33="","",[1]!_xludf.thsiFinD("ths_adjustment_nv_fund",H$3,$A33)) | I33: =IF($A33="","",[1]!_xludf.thsiFinD("ths_adjustment_nv_fund",I$3,$A33)) | ... Y33: =IF($A33="","",[1]!_xludf.thsiFinD("ths_adjustment_nv_fund",Y$3,$A33))
B34: =IF($A34="","",[1]!_xludf.thsiFinD("ths_adjustment_nv_fund",B$3,$A34)) | C34: =IF($A34="","",[1]!_xludf.thsiFinD("ths_adjustment_nv_fund",C$3,$A34)) | D34: =IF($A34="","",[1]!_xludf.thsiFinD("ths_adjustment_nv_fund",D$3,$A34)) | E34: =IF($A34="","",[1]!_xludf.thsiFinD("ths_adjustment_nv_fund",E$3,$A34)) | F34: =IF($A34="","",[1]!_xludf.thsiFinD("ths_adjustment_nv_fund",F$3,$A34)) | G34: =IF($A34="","",[1]!_xludf.thsiFinD("ths_adjustment_nv_fund",G$3,$A34)) | H34: =IF($A34="","",[1]!_xludf.thsiFinD("ths_adjustment_nv_fund",H$3,$A34)) | I34: =IF($A34="","",[1]!_xludf.thsiFinD("ths_adjustment_nv_fund",I$3,$A34)) | ... Y34: =IF($A34="","",[1]!_xludf.thsiFinD("ths_adjustment_nv_fund",Y$3,$A34))
B35: =IF($A35="","",[1]!_xludf.thsiFinD("ths_adjustment_nv_fund",B$3,$A35)) | C35: =IF($A35="","",[1]!_xludf.thsiFinD("ths_adjustment_nv_fund",C$3,$A35)) | D35: =IF($A35="","",[1]!_xludf.thsiFinD("ths_adjustment_nv_fund",D$3,$A35)) | E35: =IF($A35="","",[1]!_xludf.thsiFinD("ths_adjustment_nv_fund",E$3,$A35)) | F35: =IF($A35="","",[1]!_xludf.thsiFinD("ths_adjustment_nv_fund",F$3,$A35)) | G35: =IF($A35="","",[1]!_xludf.thsiFinD("ths_adjustment_nv_fund",G$3,$A35)) | H35: =IF($A35="","",[1]!_xludf.thsiFinD("ths_adjustment_nv_fund",H$3,$A35)) | I35: =IF($A35="","",[1]!_xludf.thsiFinD("ths_adjustment_nv_fund",I$3,$A35)) | ... Y35: =IF($A35="","",[1]!_xludf.thsiFinD("ths_adjustment_nv_fund",Y$3,$A35))
... B59: =IF($A59="","",[1]!_xludf.thsiFinD("ths_adjustment_nv_fund",B$3,$A59)) | C59: =IF($A59="","",[1]!_xludf.thsiFinD("ths_adjustment_nv_fund",C$3,$A59)) | D59: =IF($A59="","",[1]!_xludf.thsiFinD("ths_adjustment_nv_fund",D$3,$A59)) | E59: =IF($A59="","",[1]!_xludf.thsiFinD("ths_adjustment_nv_fund",E$3,$A59)) | F59: =IF($A59="","",[1]!_xludf.thsiFinD("ths_adjustment_nv_fund",F$3,$A59)) | G59: =IF($A59="","",[1]!_xludf.thsiFinD("ths_adjustment_nv_fund",G$3,$A59)) | H59: =IF($A59="","",[1]!_xludf.thsiFinD("ths_adjustment_nv_fund",H$3,$A59)) | I59: =IF($A59="","",[1]!_xludf.thsiFinD("ths_adjustment_nv_fund",I$3,$A59)) | ... Y59: =IF($A59="","",[1]!_xludf.thsiFinD("ths_adjustment_nv_fund",Y$3,$A59))
B60: =IF($A60="","",[1]!_xludf.thsiFinD("ths_adjustment_nv_fund",B$3,$A60)) | C60: =IF($A60="","",[1]!_xludf.thsiFinD("ths_adjustment_nv_fund",C$3,$A60)) | D60: =IF($A60="","",[1]!_xludf.thsiFinD("ths_adjustment_nv_fund",D$3,$A60)) | E60: =IF($A60="","",[1]!_xludf.thsiFinD("ths_adjustment_nv_fund",E$3,$A60)) | F60: =IF($A60="","",[1]!_xludf.thsiFinD("ths_adjustment_nv_fund",F$3,$A60)) | G60: =IF($A60="","",[1]!_xludf.thsiFinD("ths_adjustment_nv_fund",G$3,$A60)) | H60: =IF($A60="","",[1]!_xludf.thsiFinD("ths_adjustment_nv_fund",H$3,$A60)) | I60: =IF($A60="","",[1]!_xludf.thsiFinD("ths_adjustment_nv_fund",I$3,$A60)) | ... X60: =IF($A60="","",[1]!_xludf.thsiFinD("ths_adjustment_nv_fund",X$3,$A60))

Sheet 实盘组合净值
A1: 组合净值（实盘）· 各组合自起始日买入持有逐日计算
B3: 组合 产业趋势 | E3: 组合 产业趋势基石 | H3: 组合 产业趋势2号 | K3: 组合 10-90 | N3: 组合 10-90基石 | Q3: 组合 30-70
A4: 日期 | B4: 净值 | C4: 日收益 | D4: 回撤 | E4: 净值 | F4: 日收益 | G4: 回撤 | H4: 净值 | I4: 日收益 | J4: 回撤 | K4: 净值 | L4: 日收益 | M4: 回撤 | N4: 净值 | O4: 日收益 | P4: 回撤 | Q4: 净值 | R4: 日收益 | S4: 回撤
A5: =IF('实盘净值数据(iFinD公式)'!A5="","",'实盘净值数据(iFinD公式)'!A5) -> 46191 | B5: =IF(OR((ROW()-1)<6,'实盘净值数据(iFinD公式)'!$A5="",'实盘净值数据(iFinD公式)'!$B5=""),"",SUMPRODUCT(实盘持仓配置!$B$4:$X$4,'实盘净值数据(iFinD公式)'!$B5:$X5/'实盘净值数据(iFinD公式)'!$B$6:$X$6)*(1-实盘持仓配置!$Z$4)^(('实盘净值数据(iFinD公式)'!$A5-'实盘净值数据(iFinD公式)'!$A$6)/365)) -> #VALUE! | D5: =IF(B5="","",B5/MAX(B$5:B5)-1) -> #VALUE! | E5: 1 | G5: =IF(E5="","",E5/MAX(E$5:E5)-1) -> 0 | H5: =IF(OR((ROW()-1)<7,'实盘净值数据(iFinD公式)'!$A5="",'实盘净值数据(iFinD公式)'!$B5=""),"",SUMPRODUCT(实盘持仓配置!$B$6:$X$6,'实盘净值数据(iFinD公式)'!$B5:$X5/'实盘净值数据(iFinD公式)'!$B$7:$X$7)*(1-实盘持仓配置!$Z$6)^(('实盘净值数据(iFinD公式)'!$A5-'实盘净值数据(iFinD公式)'!$A$7)/365)) -> #VALUE! | J5: =IF(H5="","",H5/MAX(H$5:H5)-1) -> #VALUE! | K5: =IF(OR((ROW()-1)<8,'实盘净值数据(iFinD公式)'!$A5="",'实盘净值数据(iFinD公式)'!$B5=""),"",SUMPRODUCT(实盘持仓配置!$B$7:$X$7,'实盘净值数据(iFinD公式)'!$B5:$X5/'实盘净值数据(iFinD公式)'!$B$8:$X$8)*(1-实盘持仓配置!$Z$7)^(('实盘净值数据(iFinD公式)'!$A5-'实盘净值数据(iFinD公式)'!$A$8)/365)) -> #VALUE! | M5: =IF(K5="","",K5/MAX(K$5:K5)-1) -> #VALUE! | N5: 1 | P5: =IF(N5="","",N5/MAX(N$5:N5)-1) -> 0 | Q5: =IF(OR((ROW()-1)<8,'实盘净值数据(iFinD公式)'!$A5="",'实盘净值数据(iFinD公式)'!$B5=""),"",SUMPRODUCT(实盘持仓配置!$B$9:$X$9,'实盘净值数据(iFinD公式)'!$B5:$X5/'实盘净值数据(iFinD公式)'!$B$8:$X$8)*(1-实盘持仓配置!$Z$9)^(('实盘净值数据(iFinD公式)'!$A5-'实盘净值数据(iFinD公式)'!$A$8)/365)) -> #VALUE! | S5: =IF(Q5="","",Q5/MAX(Q$5:Q5)-1) -> #VALUE!
A6: =IF('实盘净值数据(iFinD公式)'!A6="","",'实盘净值数据(iFinD公式)'!A6) -> 46195 | B6: 1 | C6: =IF(OR(B5="",'实盘净值数据(iFinD公式)'!$A6="",'实盘净值数据(iFinD公式)'!$B6=""),"",(SUMPRODUCT(实盘持仓配置!$B$4:$X$4,'实盘净值数据(iFinD公式)'!$B5:$X5/'实盘净值数据(iFinD公式)'!$B$6:$X$6,'实盘净值数据(iFinD公式)'!$B6:$X6/'实盘净值数据(iFinD公式)'!$B5:$X5)/SUMPRODUCT(实盘持仓配置!$B$4:$X$4,'实盘净值数据(iFinD公式)'!$B5:$X5/'实盘净值数据(iFinD公式)'!$B$6:$X$6))*(1-实盘持仓配置!$Z$4)^(('实盘净值数据(iFinD公式)'!$A6-'实盘净值数据(iFinD公式)'!$A5)/365)-1) -> #VALUE! | D6: =IF(B6="","",B6/MAX(B$5:B6)-1) -> #VALUE! | E6: =IF(OR((ROW()-1)<5,'实盘净值数据(iFinD公式)'!$A6="",'实盘净值数据(iFinD公式)'!$B6=""),"",SUMPRODUCT(实盘持仓配置!$B$5:$X$5,'实盘净值数据(iFinD公式)'!$B6:$X6/'实盘净值数据(iFinD公式)'!$B$5:$X$5)*(1-实盘持仓配置!$Z$5)^(('实盘净值数据(iFinD公式)'!$A6-'实盘净值数据(iFinD公式)'!$A$5)/365)) -> #VALUE! | F6: =IF(OR(E5="",'实盘净值数据(iFinD公式)'!$A6="",'实盘净值数据(iFinD公式)'!$B6=""),"",(SUMPRODUCT(实盘持仓配置!$B$5:$X$5,'实盘净值数据(iFinD公式)'!$B5:$X5/'实盘净值数据(iFinD公式)'!$B$5:$X$5,'实盘净值数据(iFinD公式)'!$B6:$X6/'实盘净值数据(iFinD公式)'!$B5:$X5)/SUMPRODUCT(实盘持仓配置!$B$5:$X$5,'实盘净值数据(iFinD公式)'!$B5:$X5/'实盘净值数据(iFinD公式)'!$B$5:$X$5))*(1-实盘持仓配置!$Z$5)^(('实盘净值数据(iFinD公式)'!$A6-'实盘净值数据(iFinD公式)'!$A5)/365)-1) -> #VALUE! | G6: =IF(E6="","",E6/MAX(E$5:E6)-1) -> #VALUE! | H6: =IF(OR((ROW()-1)<7,'实盘净值数据(iFinD公式)'!$A6="",'实盘净值数据(iFinD公式)'!$B6=""),"",SUMPRODUCT(实盘持仓配置!$B$6:$X$6,'实盘净值数据(iFinD公式)'!$B6:$X6/'实盘净值数据(iFinD公式)'!$B$7:$X$7)*(1-实盘持仓配置!$Z$6)^(('实盘净值数据(iFinD公式)'!$A6-'实盘净值数据(iFinD公式)'!$A$7)/365)) -> #VALUE! | I6: =IF(OR(H5="",'实盘净值数据(iFinD公式)'!$A6="",'实盘净值数据(iFinD公式)'!$B6=""),"",(SUMPRODUCT(实盘持仓配置!$B$6:$X$6,'实盘净值数据(iFinD公式)'!$B5:$X5/'实盘净值数据(iFinD公式)'!$B$7:$X$7,'实盘净值数据(iFinD公式)'!$B6:$X6/'实盘净值数据(iFinD公式)'!$B5:$X5)/SUMPRODUCT(实盘持仓配置!$B$6:$X$6,'实盘净值数据(iFinD公式)'!$B5:$X5/'实盘净值数据(iFinD公式)'!$B$7:$X$7))*(1-实盘持仓配置!$Z$6)^(('实盘净值数据(iFinD公式)'!$A6-'实盘净值数据(iFinD公式)'!$A5)/365)-1) -> #VALUE! | J6: =IF(H6="","",H6/MAX(H$5:H6)-1) -> #VALUE! | K6: =IF(OR((ROW()-1)<8,'实盘净值数据(iFinD公式)'!$A6="",'实盘净值数据(iFinD公式)'!$B6=""),"",SUMPRODUCT(实盘持仓配置!$B$7:$X$7,'实盘净值数据(iFinD公式)'!$B6:$X6/'实盘净值数据(iFinD公式)'!$B$8:$X$8)*(1-实盘持仓配置!$Z$7)^(('实盘净值数据(iFinD公式)'!$A6-'实盘净值数据(iFinD公式)'!$A$8)/365)) -> #VALUE! | L6: =IF(OR(K5="",'实盘净值数据(iFinD公式)'!$A6="",'实盘净值数据(iFinD公式)'!$B6=""),"",(SUMPRODUCT(实盘持仓配置!$B$7:$X$7,'实盘净值数据(iFinD公式)'!$B5:$X5/'实盘净值数据(iFinD公式)'!$B$8:$X$8,'实盘净值数据(iFinD公式)'!$B6:$X6/'实盘净值数据(iFinD公式)'!$B5:$X5)/SUMPRODUCT(实盘持仓配置!$B$7:$X$7,'实盘净值数据(iFinD公式)'!$B5:$X5/'实盘净值数据(iFinD公式)'!$B$8:$X$8))*(1-实盘持仓配置!$Z$7)^(('实盘净值数据(iFinD公式)'!$A6-'实盘净值数据(iFinD公式)'!$A5)/365)-1) -> #VALUE! | M6: =IF(K6="","",K6/MAX(K$5:K6)-1) -> #VALUE! | N6: =IF(OR((ROW()-1)<5,'实盘净值数据(iFinD公式)'!$A6="",'实盘净值数据(iFinD公式)'!$B6=""),"",SUMPRODUCT(实盘持仓配置!$B$8:$X$8,'实盘净值数据(iFinD公式)'!$B6:$X6/'实盘净值数据(iFinD公式)'!$B$5:$X$5)*(1-实盘持仓配置!$Z$8)^(('实盘净值数据(iFinD公式)'!$A6-'实盘净值数据(iFinD公式)'!$A$5)/365)) -> #VALUE! | O6: =IF(OR(N5="",'实盘净值数据(iFinD公式)'!$A6="",'实盘净值数据(iFinD公式)'!$B6=""),"",(SUMPRODUCT(实盘持仓配置!$B$8:$X$8,'实盘净值数据(iFinD公式)'!$B5:$X5/'实盘净值数据(iFinD公式)'!$B$5:$X$5,'实盘净值数据(iFinD公式)'!$B6:$X6/'实盘净值数据(iFinD公式)'!$B5:$X5)/SUMPRODUCT(实盘持仓配置!$B$8:$X$8,'实盘净值数据(iFinD公式)'!$B5:$X5/'实盘净值数据(iFinD公式)'!$B$5:$X$5))*(1-实盘持仓配置!$Z$8)^(('实盘净值数据(iFinD公式)'!$A6-'实盘净值数据(iFinD公式)'!$A5)/365)-1) -> #VALUE! | P6: =IF(N6="","",N6/MAX(N$5:N6)-1) -> #VALUE! | Q6: =IF(OR((ROW()-1)<8,'实盘净值数据(iFinD公式)'!$A6="",'实盘净值数据(iFinD公式)'!$B6=""),"",SUMPRODUCT(实盘持仓配置!$B$9:$X$9,'实盘净值数据(iFinD公式)'!$B6:$X6/'实盘净值数据(iFinD公式)'!$B$8:$X$8)*(1-实盘持仓配置!$Z$9)^(('实盘净值数据(iFinD公式)'!$A6-'实盘净值数据(iFinD公式)'!$A$8)/365)) -> #VALUE! | R6: =IF(OR(Q5="",'实盘净值数据(iFinD公式)'!$A6="",'实盘净值数据(iFinD公式)'!$B6=""),"",(SUMPRODUCT(实盘持仓配置!$B$9:$X$9,'实盘净值数据(iFinD公式)'!$B5:$X5/'实盘净值数据(iFinD公式)'!$B$8:$X$8,'实盘净值数据(iFinD公式)'!$B6:$X6/'实盘净值数据(iFinD公式)'!$B5:$X5)/SUMPRODUCT(实盘持仓配置!$B$9:$X$9,'实盘净值数据(iFinD公式)'!$B5:$X5/'实盘净值数据(iFinD公式)'!$B$8:$X$8))*(1-实盘持仓配置!$Z$9)^(('实盘净值数据(iFinD公式)'!$A6-'实盘净值数据(iFinD公式)'!$A5)/365)-1) -> #VALUE! | S6: =IF(Q6="","",Q6/MAX(Q$5:Q6)-1) -> #VALUE!
A7: =IF('实盘净值数据(iFinD公式)'!A7="","",'实盘净值数据(iFinD公式)'!A7) -> 46196 | B7: =IF(OR((ROW()-1)<6,'实盘净值数据(iFinD公式)'!$A7="",'实盘净值数据(iFinD公式)'!$B7=""),"",SUMPRODUCT(实盘持仓配置!$B$4:$X$4,'实盘净值数据(iFinD公式)'!$B7:$X7/'实盘净值数据(iFinD公式)'!$B$6:$X$6)*(1-实盘持仓配置!$Z$4)^(('实盘净值数据(iFinD公式)'!$A7-'实盘净值数据(iFinD公式)'!$A$6)/365)) -> #VALUE! | C7: =IF(OR(B6="",'实盘净值数据(iFinD公式)'!$A7="",'实盘净值数据(iFinD公式)'!$B7=""),"",(SUMPRODUCT(实盘持仓配置!$B$4:$X$4,'实盘净值数据(iFinD公式)'!$B6:$X6/'实盘净值数据(iFinD公式)'!$B$6:$X$6,'实盘净值数据(iFinD公式)'!$B7:$X7/'实盘净值数据(iFinD公式)'!$B6:$X6)/SUMPRODUCT(实盘持仓配置!$B$4:$X$4,'实盘净值数据(iFinD公式)'!$B6:$X6/'实盘净值数据(iFinD公式)'!$B$6:$X$6))*(1-实盘持仓配置!$Z$4)^(('实盘净值数据(iFinD公式)'!$A7-'实盘净值数据(iFinD公式)'!$A6)/365)-1) -> #VALUE! | D7: =IF(B7="","",B7/MAX(B$5:B7)-1) -> #VALUE! | E7: =IF(OR((ROW()-1)<5,'实盘净值数据(iFinD公式)'!$A7="",'实盘净值数据(iFinD公式)'!$B7=""),"",SUMPRODUCT(实盘持仓配置!$B$5:$X$5,'实盘净值数据(iFinD公式)'!$B7:$X7/'实盘净值数据(iFinD公式)'!$B$5:$X$5)*(1-实盘持仓配置!$Z$5)^(('实盘净值数据(iFinD公式)'!$A7-'实盘净值数据(iFinD公式)'!$A$5)/365)) -> #VALUE! | F7: =IF(OR(E6="",'实盘净值数据(iFinD公式)'!$A7="",'实盘净值数据(iFinD公式)'!$B7=""),"",(SUMPRODUCT(实盘持仓配置!$B$5:$X$5,'实盘净值数据(iFinD公式)'!$B6:$X6/'实盘净值数据(iFinD公式)'!$B$5:$X$5,'实盘净值数据(iFinD公式)'!$B7:$X7/'实盘净值数据(iFinD公式)'!$B6:$X6)/SUMPRODUCT(实盘持仓配置!$B$5:$X$5,'实盘净值数据(iFinD公式)'!$B6:$X6/'实盘净值数据(iFinD公式)'!$B$5:$X$5))*(1-实盘持仓配置!$Z$5)^(('实盘净值数据(iFinD公式)'!$A7-'实盘净值数据(iFinD公式)'!$A6)/365)-1) -> #VALUE! | G7: =IF(E7="","",E7/MAX(E$5:E7)-1) -> #VALUE! | H7: 1 | I7: =IF(OR(H6="",'实盘净值数据(iFinD公式)'!$A7="",'实盘净值数据(iFinD公式)'!$B7=""),"",(SUMPRODUCT(实盘持仓配置!$B$6:$X$6,'实盘净值数据(iFinD公式)'!$B6:$X6/'实盘净值数据(iFinD公式)'!$B$7:$X$7,'实盘净值数据(iFinD公式)'!$B7:$X7/'实盘净值数据(iFinD公式)'!$B6:$X6)/SUMPRODUCT(实盘持仓配置!$B$6:$X$6,'实盘净值数据(iFinD公式)'!$B6:$X6/'实盘净值数据(iFinD公式)'!$B$7:$X$7))*(1-实盘持仓配置!$Z$6)^(('实盘净值数据(iFinD公式)'!$A7-'实盘净值数据(iFinD公式)'!$A6)/365)-1) -> #VALUE! | J7: =IF(H7="","",H7/MAX(H$5:H7)-1) -> #VALUE! | K7: =IF(OR((ROW()-1)<8,'实盘净值数据(iFinD公式)'!$A7="",'实盘净值数据(iFinD公式)'!$B7=""),"",SUMPRODUCT(实盘持仓配置!$B$7:$X$7,'实盘净值数据(iFinD公式)'!$B7:$X7/'实盘净值数据(iFinD公式)'!$B$8:$X$8)*(1-实盘持仓配置!$Z$7)^(('实盘净值数据(iFinD公式)'!$A7-'实盘净值数据(iFinD公式)'!$A$8)/365)) -> #VALUE! | L7: =IF(OR(K6="",'实盘净值数据(iFinD公式)'!$A7="",'实盘净值数据(iFinD公式)'!$B7=""),"",(SUMPRODUCT(实盘持仓配置!$B$7:$X$7,'实盘净值数据(iFinD公式)'!$B6:$X6/'实盘净值数据(iFinD公式)'!$B$8:$X$8,'实盘净值数据(iFinD公式)'!$B7:$X7/'实盘净值数据(iFinD公式)'!$B6:$X6)/SUMPRODUCT(实盘持仓配置!$B$7:$X$7,'实盘净值数据(iFinD公式)'!$B6:$X6/'实盘净值数据(iFinD公式)'!$B$8:$X$8))*(1-实盘持仓配置!$Z$7)^(('实盘净值数据(iFinD公式)'!$A7-'实盘净值数据(iFinD公式)'!$A6)/365)-1) -> #VALUE! | M7: =IF(K7="","",K7/MAX(K$5:K7)-1) -> #VALUE! | N7: =IF(OR((ROW()-1)<5,'实盘净值数据(iFinD公式)'!$A7="",'实盘净值数据(iFinD公式)'!$B7=""),"",SUMPRODUCT(实盘持仓配置!$B$8:$X$8,'实盘净值数据(iFinD公式)'!$B7:$X7/'实盘净值数据(iFinD公式)'!$B$5:$X$5)*(1-实盘持仓配置!$Z$8)^(('实盘净值数据(iFinD公式)'!$A7-'实盘净值数据(iFinD公式)'!$A$5)/365)) -> #VALUE! | O7: =IF(OR(N6="",'实盘净值数据(iFinD公式)'!$A7="",'实盘净值数据(iFinD公式)'!$B7=""),"",(SUMPRODUCT(实盘持仓配置!$B$8:$X$8,'实盘净值数据(iFinD公式)'!$B6:$X6/'实盘净值数据(iFinD公式)'!$B$5:$X$5,'实盘净值数据(iFinD公式)'!$B7:$X7/'实盘净值数据(iFinD公式)'!$B6:$X6)/SUMPRODUCT(实盘持仓配置!$B$8:$X$8,'实盘净值数据(iFinD公式)'!$B6:$X6/'实盘净值数据(iFinD公式)'!$B$5:$X$5))*(1-实盘持仓配置!$Z$8)^(('实盘净值数据(iFinD公式)'!$A7-'实盘净值数据(iFinD公式)'!$A6)/365)-1) -> #VALUE! | P7: =IF(N7="","",N7/MAX(N$5:N7)-1) -> #VALUE! | Q7: =IF(OR((ROW()-1)<8,'实盘净值数据(iFinD公式)'!$A7="",'实盘净值数据(iFinD公式)'!$B7=""),"",SUMPRODUCT(实盘持仓配置!$B$9:$X$9,'实盘净值数据(iFinD公式)'!$B7:$X7/'实盘净值数据(iFinD公式)'!$B$8:$X$8)*(1-实盘持仓配置!$Z$9)^(('实盘净值数据(iFinD公式)'!$A7-'实盘净值数据(iFinD公式)'!$A$8)/365)) -> #VALUE! | R7: =IF(OR(Q6="",'实盘净值数据(iFinD公式)'!$A7="",'实盘净值数据(iFinD公式)'!$B7=""),"",(SUMPRODUCT(实盘持仓配置!$B$9:$X$9,'实盘净值数据(iFinD公式)'!$B6:$X6/'实盘净值数据(iFinD公式)'!$B$8:$X$8,'实盘净值数据(iFinD公式)'!$B7:$X7/'实盘净值数据(iFinD公式)'!$B6:$X6)/SUMPRODUCT(实盘持仓配置!$B$9:$X$9,'实盘净值数据(iFinD公式)'!$B6:$X6/'实盘净值数据(iFinD公式)'!$B$8:$X$8))*(1-实盘持仓配置!$Z$9)^(('实盘净值数据(iFinD公式)'!$A7-'实盘净值数据(iFinD公式)'!$A6)/365)-1) -> #VALUE! | S7: =IF(Q7="","",Q7/MAX(Q$5:Q7)-1) -> #VALUE!
A8: =IF('实盘净值数据(iFinD公式)'!A8="","",'实盘净值数据(iFinD公式)'!A8) -> 46197 | B8: =IF(OR((ROW()-1)<6,'实盘净值数据(iFinD公式)'!$A8="",'实盘净值数据(iFinD公式)'!$B8=""),"",SUMPRODUCT(实盘持仓配置!$B$4:$X$4,'实盘净值数据(iFinD公式)'!$B8:$X8/'实盘净值数据(iFinD公式)'!$B$6:$X$6)*(1-实盘持仓配置!$Z$4)^(('实盘净值数据(iFinD公式)'!$A8-'实盘净值数据(iFinD公式)'!$A$6)/365)) -> #VALUE! | C8: =IF(OR(B7="",'实盘净值数据(iFinD公式)'!$A8="",'实盘净值数据(iFinD公式)'!$B8=""),"",(SUMPRODUCT(实盘持仓配置!$B$4:$X$4,'实盘净值数据(iFinD公式)'!$B7:$X7/'实盘净值数据(iFinD公式)'!$B$6:$X$6,'实盘净值数据(iFinD公式)'!$B8:$X8/'实盘净值数据(iFinD公式)'!$B7:$X7)/SUMPRODUCT(实盘持仓配置!$B$4:$X$4,'实盘净值数据(iFinD公式)'!$B7:$X7/'实盘净值数据(iFinD公式)'!$B$6:$X$6))*(1-实盘持仓配置!$Z$4)^(('实盘净值数据(iFinD公式)'!$A8-'实盘净值数据(iFinD公式)'!$A7)/365)-1) -> #VALUE! | D8: =IF(B8="","",B8/MAX(B$5:B8)-1) -> #VALUE! | E8: =IF(OR((ROW()-1)<5,'实盘净值数据(iFinD公式)'!$A8="",'实盘净值数据(iFinD公式)'!$B8=""),"",SUMPRODUCT(实盘持仓配置!$B$5:$X$5,'实盘净值数据(iFinD公式)'!$B8:$X8/'实盘净值数据(iFinD公式)'!$B$5:$X$5)*(1-实盘持仓配置!$Z$5)^(('实盘净值数据(iFinD公式)'!$A8-'实盘净值数据(iFinD公式)'!$A$5)/365)) -> #VALUE! | F8: =IF(OR(E7="",'实盘净值数据(iFinD公式)'!$A8="",'实盘净值数据(iFinD公式)'!$B8=""),"",(SUMPRODUCT(实盘持仓配置!$B$5:$X$5,'实盘净值数据(iFinD公式)'!$B7:$X7/'实盘净值数据(iFinD公式)'!$B$5:$X$5,'实盘净值数据(iFinD公式)'!$B8:$X8/'实盘净值数据(iFinD公式)'!$B7:$X7)/SUMPRODUCT(实盘持仓配置!$B$5:$X$5,'实盘净值数据(iFinD公式)'!$B7:$X7/'实盘净值数据(iFinD公式)'!$B$5:$X$5))*(1-实盘持仓配置!$Z$5)^(('实盘净值数据(iFinD公式)'!$A8-'实盘净值数据(iFinD公式)'!$A7)/365)-1) -> #VALUE! | G8: =IF(E8="","",E8/MAX(E$5:E8)-1) -> #VALUE! | H8: =IF(OR((ROW()-1)<7,'实盘净值数据(iFinD公式)'!$A8="",'实盘净值数据(iFinD公式)'!$B8=""),"",SUMPRODUCT(实盘持仓配置!$B$6:$X$6,'实盘净值数据(iFinD公式)'!$B8:$X8/'实盘净值数据(iFinD公式)'!$B$7:$X$7)*(1-实盘持仓配置!$Z$6)^(('实盘净值数据(iFinD公式)'!$A8-'实盘净值数据(iFinD公式)'!$A$7)/365)) -> #VALUE! | I8: =IF(OR(H7="",'实盘净值数据(iFinD公式)'!$A8="",'实盘净值数据(iFinD公式)'!$B8=""),"",(SUMPRODUCT(实盘持仓配置!$B$6:$X$6,'实盘净值数据(iFinD公式)'!$B7:$X7/'实盘净值数据(iFinD公式)'!$B$7:$X$7,'实盘净值数据(iFinD公式)'!$B8:$X8/'实盘净值数据(iFinD公式)'!$B7:$X7)/SUMPRODUCT(实盘持仓配置!$B$6:$X$6,'实盘净值数据(iFinD公式)'!$B7:$X7/'实盘净值数据(iFinD公式)'!$B$7:$X$7))*(1-实盘持仓配置!$Z$6)^(('实盘净值数据(iFinD公式)'!$A8-'实盘净值数据(iFinD公式)'!$A7)/365)-1) -> #VALUE! | J8: =IF(H8="","",H8/MAX(H$5:H8)-1) -> #VALUE! | K8: 1 | L8: =IF(OR(K7="",'实盘净值数据(iFinD公式)'!$A8="",'实盘净值数据(iFinD公式)'!$B8=""),"",(SUMPRODUCT(实盘持仓配置!$B$7:$X$7,'实盘净值数据(iFinD公式)'!$B7:$X7/'实盘净值数据(iFinD公式)'!$B$8:$X$8,'实盘净值数据(iFinD公式)'!$B8:$X8/'实盘净值数据(iFinD公式)'!$B7:$X7)/SUMPRODUCT(实盘持仓配置!$B$7:$X$7,'实盘净值数据(iFinD公式)'!$B7:$X7/'实盘净值数据(iFinD公式)'!$B$8:$X$8))*(1-实盘持仓配置!$Z$7)^(('实盘净值数据(iFinD公式)'!$A8-'实盘净值数据(iFinD公式)'!$A7)/365)-1) -> #VALUE! | M8: =IF(K8="","",K8/MAX(K$5:K8)-1) -> #VALUE! | N8: =IF(OR((ROW()-1)<5,'实盘净值数据(iFinD公式)'!$A8="",'实盘净值数据(iFinD公式)'!$B8=""),"",SUMPRODUCT(实盘持仓配置!$B$8:$X$8,'实盘净值数据(iFinD公式)'!$B8:$X8/'实盘净值数据(iFinD公式)'!$B$5:$X$5)*(1-实盘持仓配置!$Z$8)^(('实盘净值数据(iFinD公式)'!$A8-'实盘净值数据(iFinD公式)'!$A$5)/365)) -> #VALUE! | O8: =IF(OR(N7="",'实盘净值数据(iFinD公式)'!$A8="",'实盘净值数据(iFinD公式)'!$B8=""),"",(SUMPRODUCT(实盘持仓配置!$B$8:$X$8,'实盘净值数据(iFinD公式)'!$B7:$X7/'实盘净值数据(iFinD公式)'!$B$5:$X$5,'实盘净值数据(iFinD公式)'!$B8:$X8/'实盘净值数据(iFinD公式)'!$B7:$X7)/SUMPRODUCT(实盘持仓配置!$B$8:$X$8,'实盘净值数据(iFinD公式)'!$B7:$X7/'实盘净值数据(iFinD公式)'!$B$5:$X$5))*(1-实盘持仓配置!$Z$8)^(('实盘净值数据(iFinD公式)'!$A8-'实盘净值数据(iFinD公式)'!$A7)/365)-1) -> #VALUE! | P8: =IF(N8="","",N8/MAX(N$5:N8)-1) -> #VALUE! | Q8: 1 | R8: =IF(OR(Q7="",'实盘净值数据(iFinD公式)'!$A8="",'实盘净值数据(iFinD公式)'!$B8=""),"",(SUMPRODUCT(实盘持仓配置!$B$9:$X$9,'实盘净值数据(iFinD公式)'!$B7:$X7/'实盘净值数据(iFinD公式)'!$B$8:$X$8,'实盘净值数据(iFinD公式)'!$B8:$X8/'实盘净值数据(iFinD公式)'!$B7:$X7)/SUMPRODUCT(实盘持仓配置!$B$9:$X$9,'实盘净值数据(iFinD公式)'!$B7:$X7/'实盘净值数据(iFinD公式)'!$B$8:$X$8))*(1-实盘持仓配置!$Z$9)^(('实盘净值数据(iFinD公式)'!$A8-'实盘净值数据(iFinD公式)'!$A7)/365)-1) -> #VALUE! | S8: =IF(Q8="","",Q8/MAX(Q$5:Q8)-1) -> #VALUE!
A9: =IF('实盘净值数据(iFinD公式)'!A9="","",'实盘净值数据(iFinD公式)'!A9) -> 46198 | B9: =IF(OR((ROW()-1)<6,'实盘净值数据(iFinD公式)'!$A9="",'实盘净值数据(iFinD公式)'!$B9=""),"",SUMPRODUCT(实盘持仓配置!$B$4:$X$4,'实盘净值数据(iFinD公式)'!$B9:$X9/'实盘净值数据(iFinD公式)'!$B$6:$X$6)*(1-实盘持仓配置!$Z$4)^(('实盘净值数据(iFinD公式)'!$A9-'实盘净值数据(iFinD公式)'!$A$6)/365)) -> #VALUE! | C9: =IF(OR(B8="",'实盘净值数据(iFinD公式)'!$A9="",'实盘净值数据(iFinD公式)'!$B9=""),"",(SUMPRODUCT(实盘持仓配置!$B$4:$X$4,'实盘净值数据(iFinD公式)'!$B8:$X8/'实盘净值数据(iFinD公式)'!$B$6:$X$6,'实盘净值数据(iFinD公式)'!$B9:$X9/'实盘净值数据(iFinD公式)'!$B8:$X8)/SUMPRODUCT(实盘持仓配置!$B$4:$X$4,'实盘净值数据(iFinD公式)'!$B8:$X8/'实盘净值数据(iFinD公式)'!$B$6:$X$6))*(1-实盘持仓配置!$Z$4)^(('实盘净值数据(iFinD公式)'!$A9-'实盘净值数据(iFinD公式)'!$A8)/365)-1) -> #VALUE! | D9: =IF(B9="","",B9/MAX(B$5:B9)-1) -> #VALUE! | E9: =IF(OR((ROW()-1)<5,'实盘净值数据(iFinD公式)'!$A9="",'实盘净值数据(iFinD公式)'!$B9=""),"",SUMPRODUCT(实盘持仓配置!$B$5:$X$5,'实盘净值数据(iFinD公式)'!$B9:$X9/'实盘净值数据(iFinD公式)'!$B$5:$X$5)*(1-实盘持仓配置!$Z$5)^(('实盘净值数据(iFinD公式)'!$A9-'实盘净值数据(iFinD公式)'!$A$5)/365)) -> #VALUE! | F9: =IF(OR(E8="",'实盘净值数据(iFinD公式)'!$A9="",'实盘净值数据(iFinD公式)'!$B9=""),"",(SUMPRODUCT(实盘持仓配置!$B$5:$X$5,'实盘净值数据(iFinD公式)'!$B8:$X8/'实盘净值数据(iFinD公式)'!$B$5:$X$5,'实盘净值数据(iFinD公式)'!$B9:$X9/'实盘净值数据(iFinD公式)'!$B8:$X8)/SUMPRODUCT(实盘持仓配置!$B$5:$X$5,'实盘净值数据(iFinD公式)'!$B8:$X8/'实盘净值数据(iFinD公式)'!$B$5:$X$5))*(1-实盘持仓配置!$Z$5)^(('实盘净值数据(iFinD公式)'!$A9-'实盘净值数据(iFinD公式)'!$A8)/365)-1) -> #VALUE! | G9: =IF(E9="","",E9/MAX(E$5:E9)-1) -> #VALUE! | H9: =IF(OR((ROW()-1)<7,'实盘净值数据(iFinD公式)'!$A9="",'实盘净值数据(iFinD公式)'!$B9=""),"",SUMPRODUCT(实盘持仓配置!$B$6:$X$6,'实盘净值数据(iFinD公式)'!$B9:$X9/'实盘净值数据(iFinD公式)'!$B$7:$X$7)*(1-实盘持仓配置!$Z$6)^(('实盘净值数据(iFinD公式)'!$A9-'实盘净值数据(iFinD公式)'!$A$7)/365)) -> #VALUE! | I9: =IF(OR(H8="",'实盘净值数据(iFinD公式)'!$A9="",'实盘净值数据(iFinD公式)'!$B9=""),"",(SUMPRODUCT(实盘持仓配置!$B$6:$X$6,'实盘净值数据(iFinD公式)'!$B8:$X8/'实盘净值数据(iFinD公式)'!$B$7:$X$7,'实盘净值数据(iFinD公式)'!$B9:$X9/'实盘净值数据(iFinD公式)'!$B8:$X8)/SUMPRODUCT(实盘持仓配置!$B$6:$X$6,'实盘净值数据(iFinD公式)'!$B8:$X8/'实盘净值数据(iFinD公式)'!$B$7:$X$7))*(1-实盘持仓配置!$Z$6)^(('实盘净值数据(iFinD公式)'!$A9-'实盘净值数据(iFinD公式)'!$A8)/365)-1) -> #VALUE! | J9: =IF(H9="","",H9/MAX(H$5:H9)-1) -> #VALUE! | K9: =IF(OR((ROW()-1)<8,'实盘净值数据(iFinD公式)'!$A9="",'实盘净值数据(iFinD公式)'!$B9=""),"",SUMPRODUCT(实盘持仓配置!$B$7:$X$7,'实盘净值数据(iFinD公式)'!$B9:$X9/'实盘净值数据(iFinD公式)'!$B$8:$X$8)*(1-实盘持仓配置!$Z$7)^(('实盘净值数据(iFinD公式)'!$A9-'实盘净值数据(iFinD公式)'!$A$8)/365)) -> #VALUE! | L9: =IF(OR(K8="",'实盘净值数据(iFinD公式)'!$A9="",'实盘净值数据(iFinD公式)'!$B9=""),"",(SUMPRODUCT(实盘持仓配置!$B$7:$X$7,'实盘净值数据(iFinD公式)'!$B8:$X8/'实盘净值数据(iFinD公式)'!$B$8:$X$8,'实盘净值数据(iFinD公式)'!$B9:$X9/'实盘净值数据(iFinD公式)'!$B8:$X8)/SUMPRODUCT(实盘持仓配置!$B$7:$X$7,'实盘净值数据(iFinD公式)'!$B8:$X8/'实盘净值数据(iFinD公式)'!$B$8:$X$8))*(1-实盘持仓配置!$Z$7)^(('实盘净值数据(iFinD公式)'!$A9-'实盘净值数据(iFinD公式)'!$A8)/365)-1) -> #VALUE! | M9: =IF(K9="","",K9/MAX(K$5:K9)-1) -> #VALUE! | N9: =IF(OR((ROW()-1)<5,'实盘净值数据(iFinD公式)'!$A9="",'实盘净值数据(iFinD公式)'!$B9=""),"",SUMPRODUCT(实盘持仓配置!$B$8:$X$8,'实盘净值数据(iFinD公式)'!$B9:$X9/'实盘净值数据(iFinD公式)'!$B$5:$X$5)*(1-实盘持仓配置!$Z$8)^(('实盘净值数据(iFinD公式)'!$A9-'实盘净值数据(iFinD公式)'!$A$5)/365)) -> #VALUE! | O9: =IF(OR(N8="",'实盘净值数据(iFinD公式)'!$A9="",'实盘净值数据(iFinD公式)'!$B9=""),"",(SUMPRODUCT(实盘持仓配置!$B$8:$X$8,'实盘净值数据(iFinD公式)'!$B8:$X8/'实盘净值数据(iFinD公式)'!$B$5:$X$5,'实盘净值数据(iFinD公式)'!$B9:$X9/'实盘净值数据(iFinD公式)'!$B8:$X8)/SUMPRODUCT(实盘持仓配置!$B$8:$X$8,'实盘净值数据(iFinD公式)'!$B8:$X8/'实盘净值数据(iFinD公式)'!$B$5:$X$5))*(1-实盘持仓配置!$Z$8)^(('实盘净值数据(iFinD公式)'!$A9-'实盘净值数据(iFinD公式)'!$A8)/365)-1) -> #VALUE! | P9: =IF(N9="","",N9/MAX(N$5:N9)-1) -> #VALUE! | Q9: =IF(OR((ROW()-1)<8,'实盘净值数据(iFinD公式)'!$A9="",'实盘净值数据(iFinD公式)'!$B9=""),"",SUMPRODUCT(实盘持仓配置!$B$9:$X$9,'实盘净值数据(iFinD公式)'!$B9:$X9/'实盘净值数据(iFinD公式)'!$B$8:$X$8)*(1-实盘持仓配置!$Z$9)^(('实盘净值数据(iFinD公式)'!$A9-'实盘净值数据(iFinD公式)'!$A$8)/365)) -> #VALUE! | R9: =IF(OR(Q8="",'实盘净值数据(iFinD公式)'!$A9="",'实盘净值数据(iFinD公式)'!$B9=""),"",(SUMPRODUCT(实盘持仓配置!$B$9:$X$9,'实盘净值数据(iFinD公式)'!$B8:$X8/'实盘净值数据(iFinD公式)'!$B$8:$X$8,'实盘净值数据(iFinD公式)'!$B9:$X9/'实盘净值数据(iFinD公式)'!$B8:$X8)/SUMPRODUCT(实盘持仓配置!$B$9:$X$9,'实盘净值数据(iFinD公式)'!$B8:$X8/'实盘净值数据(iFinD公式)'!$B$8:$X$8))*(1-实盘持仓配置!$Z$9)^(('实盘净值数据(iFinD公式)'!$A9-'实盘净值数据(iFinD公式)'!$A8)/365)-1) -> #VALUE! | S9: =IF(Q9="","",Q9/MAX(Q$5:Q9)-1) -> #VALUE!
A10: =IF('实盘净值数据(iFinD公式)'!A10="","",'实盘净值数据(iFinD公式)'!A10) -> 46199 | B10: =IF(OR((ROW()-1)<6,'实盘净值数据(iFinD公式)'!$A10="",'实盘净值数据(iFinD公式)'!$B10=""),"",SUMPRODUCT(实盘持仓配置!$B$4:$X$4,'实盘净值数据(iFinD公式)'!$B10:$X10/'实盘净值数据(iFinD公式)'!$B$6:$X$6)*(1-实盘持仓配置!$Z$4)^(('实盘净值数据(iFinD公式)'!$A10-'实盘净值数据(iFinD公式)'!$A$6)/365)) -> #VALUE! | C10: =IF(OR(B9="",'实盘净值数据(iFinD公式)'!$A10="",'实盘净值数据(iFinD公式)'!$B10=""),"",(SUMPRODUCT(实盘持仓配置!$B$4:$X$4,'实盘净值数据(iFinD公式)'!$B9:$X9/'实盘净值数据(iFinD公式)'!$B$6:$X$6,'实盘净值数据(iFinD公式)'!$B10:$X10/'实盘净值数据(iFinD公式)'!$B9:$X9)/SUMPRODUCT(实盘持仓配置!$B$4:$X$4,'实盘净值数据(iFinD公式)'!$B9:$X9/'实盘净值数据(iFinD公式)'!$B$6:$X$6))*(1-实盘持仓配置!$Z$4)^(('实盘净值数据(iFinD公式)'!$A10-'实盘净值数据(iFinD公式)'!$A9)/365)-1) -> #VALUE! | D10: =IF(B10="","",B10/MAX(B$5:B10)-1) -> #VALUE! | E10: =IF(OR((ROW()-1)<5,'实盘净值数据(iFinD公式)'!$A10="",'实盘净值数据(iFinD公式)'!$B10=""),"",SUMPRODUCT(实盘持仓配置!$B$5:$X$5,'实盘净值数据(iFinD公式)'!$B10:$X10/'实盘净值数据(iFinD公式)'!$B$5:$X$5)*(1-实盘持仓配置!$Z$5)^(('实盘净值数据(iFinD公式)'!$A10-'实盘净值数据(iFinD公式)'!$A$5)/365)) -> #VALUE! | F10: =IF(OR(E9="",'实盘净值数据(iFinD公式)'!$A10="",'实盘净值数据(iFinD公式)'!$B10=""),"",(SUMPRODUCT(实盘持仓配置!$B$5:$X$5,'实盘净值数据(iFinD公式)'!$B9:$X9/'实盘净值数据(iFinD公式)'!$B$5:$X$5,'实盘净值数据(iFinD公式)'!$B10:$X10/'实盘净值数据(iFinD公式)'!$B9:$X9)/SUMPRODUCT(实盘持仓配置!$B$5:$X$5,'实盘净值数据(iFinD公式)'!$B9:$X9/'实盘净值数据(iFinD公式)'!$B$5:$X$5))*(1-实盘持仓配置!$Z$5)^(('实盘净值数据(iFinD公式)'!$A10-'实盘净值数据(iFinD公式)'!$A9)/365)-1) -> #VALUE! | G10: =IF(E10="","",E10/MAX(E$5:E10)-1) -> #VALUE! | H10: =IF(OR((ROW()-1)<7,'实盘净值数据(iFinD公式)'!$A10="",'实盘净值数据(iFinD公式)'!$B10=""),"",SUMPRODUCT(实盘持仓配置!$B$6:$X$6,'实盘净值数据(iFinD公式)'!$B10:$X10/'实盘净值数据(iFinD公式)'!$B$7:$X$7)*(1-实盘持仓配置!$Z$6)^(('实盘净值数据(iFinD公式)'!$A10-'实盘净值数据(iFinD公式)'!$A$7)/365)) -> #VALUE! | I10: =IF(OR(H9="",'实盘净值数据(iFinD公式)'!$A10="",'实盘净值数据(iFinD公式)'!$B10=""),"",(SUMPRODUCT(实盘持仓配置!$B$6:$X$6,'实盘净值数据(iFinD公式)'!$B9:$X9/'实盘净值数据(iFinD公式)'!$B$7:$X$7,'实盘净值数据(iFinD公式)'!$B10:$X10/'实盘净值数据(iFinD公式)'!$B9:$X9)/SUMPRODUCT(实盘持仓配置!$B$6:$X$6,'实盘净值数据(iFinD公式)'!$B9:$X9/'实盘净值数据(iFinD公式)'!$B$7:$X$7))*(1-实盘持仓配置!$Z$6)^(('实盘净值数据(iFinD公式)'!$A10-'实盘净值数据(iFinD公式)'!$A9)/365)-1) -> #VALUE! | J10: =IF(H10="","",H10/MAX(H$5:H10)-1) -> #VALUE! | K10: =IF(OR((ROW()-1)<8,'实盘净值数据(iFinD公式)'!$A10="",'实盘净值数据(iFinD公式)'!$B10=""),"",SUMPRODUCT(实盘持仓配置!$B$7:$X$7,'实盘净值数据(iFinD公式)'!$B10:$X10/'实盘净值数据(iFinD公式)'!$B$8:$X$8)*(1-实盘持仓配置!$Z$7)^(('实盘净值数据(iFinD公式)'!$A10-'实盘净值数据(iFinD公式)'!$A$8)/365)) -> #VALUE! | L10: =IF(OR(K9="",'实盘净值数据(iFinD公式)'!$A10="",'实盘净值数据(iFinD公式)'!$B10=""),"",(SUMPRODUCT(实盘持仓配置!$B$7:$X$7,'实盘净值数据(iFinD公式)'!$B9:$X9/'实盘净值数据(iFinD公式)'!$B$8:$X$8,'实盘净值数据(iFinD公式)'!$B10:$X10/'实盘净值数据(iFinD公式)'!$B9:$X9)/SUMPRODUCT(实盘持仓配置!$B$7:$X$7,'实盘净值数据(iFinD公式)'!$B9:$X9/'实盘净值数据(iFinD公式)'!$B$8:$X$8))*(1-实盘持仓配置!$Z$7)^(('实盘净值数据(iFinD公式)'!$A10-'实盘净值数据(iFinD公式)'!$A9)/365)-1) -> #VALUE! | M10: =IF(K10="","",K10/MAX(K$5:K10)-1) -> #VALUE! | N10: =IF(OR((ROW()-1)<5,'实盘净值数据(iFinD公式)'!$A10="",'实盘净值数据(iFinD公式)'!$B10=""),"",SUMPRODUCT(实盘持仓配置!$B$8:$X$8,'实盘净值数据(iFinD公式)'!$B10:$X10/'实盘净值数据(iFinD公式)'!$B$5:$X$5)*(1-实盘持仓配置!$Z$8)^(('实盘净值数据(iFinD公式)'!$A10-'实盘净值数据(iFinD公式)'!$A$5)/365)) -> #VALUE! | O10: =IF(OR(N9="",'实盘净值数据(iFinD公式)'!$A10="",'实盘净值数据(iFinD公式)'!$B10=""),"",(SUMPRODUCT(实盘持仓配置!$B$8:$X$8,'实盘净值数据(iFinD公式)'!$B9:$X9/'实盘净值数据(iFinD公式)'!$B$5:$X$5,'实盘净值数据(iFinD公式)'!$B10:$X10/'实盘净值数据(iFinD公式)'!$B9:$X9)/SUMPRODUCT(实盘持仓配置!$B$8:$X$8,'实盘净值数据(iFinD公式)'!$B9:$X9/'实盘净值数据(iFinD公式)'!$B$5:$X$5))*(1-实盘持仓配置!$Z$8)^(('实盘净值数据(iFinD公式)'!$A10-'实盘净值数据(iFinD公式)'!$A9)/365)-1) -> #VALUE! | P10: =IF(N10="","",N10/MAX(N$5:N10)-1) -> #VALUE! | Q10: =IF(OR((ROW()-1)<8,'实盘净值数据(iFinD公式)'!$A10="",'实盘净值数据(iFinD公式)'!$B10=""),"",SUMPRODUCT(实盘持仓配置!$B$9:$X$9,'实盘净值数据(iFinD公式)'!$B10:$X10/'实盘净值数据(iFinD公式)'!$B$8:$X$8)*(1-实盘持仓配置!$Z$9)^(('实盘净值数据(iFinD公式)'!$A10-'实盘净值数据(iFinD公式)'!$A$8)/365)) -> #VALUE! | R10: =IF(OR(Q9="",'实盘净值数据(iFinD公式)'!$A10="",'实盘净值数据(iFinD公式)'!$B10=""),"",(SUMPRODUCT(实盘持仓配置!$B$9:$X$9,'实盘净值数据(iFinD公式)'!$B9:$X9/'实盘净值数据(iFinD公式)'!$B$8:$X$8,'实盘净值数据(iFinD公式)'!$B10:$X10/'实盘净值数据(iFinD公式)'!$B9:$X9)/SUMPRODUCT(实盘持仓配置!$B$9:$X$9,'实盘净值数据(iFinD公式)'!$B9:$X9/'实盘净值数据(iFinD公式)'!$B$8:$X$8))*(1-实盘持仓配置!$Z$9)^(('实盘净值数据(iFinD公式)'!$A10-'实盘净值数据(iFinD公式)'!$A9)/365)-1) -> #VALUE! | S10: =IF(Q10="","",Q10/MAX(Q$5:Q10)-1) -> #VALUE!
A11: =IF('实盘净值数据(iFinD公式)'!A11="","",'实盘净值数据(iFinD公式)'!A11) -> 46202 | B11: =IF(OR((ROW()-1)<6,'实盘净值数据(iFinD公式)'!$A11="",'实盘净值数据(iFinD公式)'!$B11=""),"",SUMPRODUCT(实盘持仓配置!$B$4:$X$4,'实盘净值数据(iFinD公式)'!$B11:$X11/'实盘净值数据(iFinD公式)'!$B$6:$X$6)*(1-实盘持仓配置!$Z$4)^(('实盘净值数据(iFinD公式)'!$A11-'实盘净值数据(iFinD公式)'!$A$6)/365)) -> #VALUE! | C11: =IF(OR(B10="",'实盘净值数据(iFinD公式)'!$A11="",'实盘净值数据(iFinD公式)'!$B11=""),"",(SUMPRODUCT(实盘持仓配置!$B$4:$X$4,'实盘净值数据(iFinD公式)'!$B10:$X10/'实盘净值数据(iFinD公式)'!$B$6:$X$6,'实盘净值数据(iFinD公式)'!$B11:$X11/'实盘净值数据(iFinD公式)'!$B10:$X10)/SUMPRODUCT(实盘持仓配置!$B$4:$X$4,'实盘净值数据(iFinD公式)'!$B10:$X10/'实盘净值数据(iFinD公式)'!$B$6:$X$6))*(1-实盘持仓配置!$Z$4)^(('实盘净值数据(iFinD公式)'!$A11-'实盘净值数据(iFinD公式)'!$A10)/365)-1) -> #VALUE! | D11: =IF(B11="","",B11/MAX(B$5:B11)-1) -> #VALUE! | E11: =IF(OR((ROW()-1)<5,'实盘净值数据(iFinD公式)'!$A11="",'实盘净值数据(iFinD公式)'!$B11=""),"",SUMPRODUCT(实盘持仓配置!$B$5:$X$5,'实盘净值数据(iFinD公式)'!$B11:$X11/'实盘净值数据(iFinD公式)'!$B$5:$X$5)*(1-实盘持仓配置!$Z$5)^(('实盘净值数据(iFinD公式)'!$A11-'实盘净值数据(iFinD公式)'!$A$5)/365)) -> #VALUE! | F11: =IF(OR(E10="",'实盘净值数据(iFinD公式)'!$A11="",'实盘净值数据(iFinD公式)'!$B11=""),"",(SUMPRODUCT(实盘持仓配置!$B$5:$X$5,'实盘净值数据(iFinD公式)'!$B10:$X10/'实盘净值数据(iFinD公式)'!$B$5:$X$5,'实盘净值数据(iFinD公式)'!$B11:$X11/'实盘净值数据(iFinD公式)'!$B10:$X10)/SUMPRODUCT(实盘持仓配置!$B$5:$X$5,'实盘净值数据(iFinD公式)'!$B10:$X10/'实盘净值数据(iFinD公式)'!$B$5:$X$5))*(1-实盘持仓配置!$Z$5)^(('实盘净值数据(iFinD公式)'!$A11-'实盘净值数据(iFinD公式)'!$A10)/365)-1) -> #VALUE! | G11: =IF(E11="","",E11/MAX(E$5:E11)-1) -> #VALUE! | H11: =IF(OR((ROW()-1)<7,'实盘净值数据(iFinD公式)'!$A11="",'实盘净值数据(iFinD公式)'!$B11=""),"",SUMPRODUCT(实盘持仓配置!$B$6:$X$6,'实盘净值数据(iFinD公式)'!$B11:$X11/'实盘净值数据(iFinD公式)'!$B$7:$X$7)*(1-实盘持仓配置!$Z$6)^(('实盘净值数据(iFinD公式)'!$A11-'实盘净值数据(iFinD公式)'!$A$7)/365)) -> #VALUE! | I11: =IF(OR(H10="",'实盘净值数据(iFinD公式)'!$A11="",'实盘净值数据(iFinD公式)'!$B11=""),"",(SUMPRODUCT(实盘持仓配置!$B$6:$X$6,'实盘净值数据(iFinD公式)'!$B10:$X10/'实盘净值数据(iFinD公式)'!$B$7:$X$7,'实盘净值数据(iFinD公式)'!$B11:$X11/'实盘净值数据(iFinD公式)'!$B10:$X10)/SUMPRODUCT(实盘持仓配置!$B$6:$X$6,'实盘净值数据(iFinD公式)'!$B10:$X10/'实盘净值数据(iFinD公式)'!$B$7:$X$7))*(1-实盘持仓配置!$Z$6)^(('实盘净值数据(iFinD公式)'!$A11-'实盘净值数据(iFinD公式)'!$A10)/365)-1) -> #VALUE! | J11: =IF(H11="","",H11/MAX(H$5:H11)-1) -> #VALUE! | K11: =IF(OR((ROW()-1)<8,'实盘净值数据(iFinD公式)'!$A11="",'实盘净值数据(iFinD公式)'!$B11=""),"",SUMPRODUCT(实盘持仓配置!$B$7:$X$7,'实盘净值数据(iFinD公式)'!$B11:$X11/'实盘净值数据(iFinD公式)'!$B$8:$X$8)*(1-实盘持仓配置!$Z$7)^(('实盘净值数据(iFinD公式)'!$A11-'实盘净值数据(iFinD公式)'!$A$8)/365)) -> #VALUE! | L11: =IF(OR(K10="",'实盘净值数据(iFinD公式)'!$A11="",'实盘净值数据(iFinD公式)'!$B11=""),"",(SUMPRODUCT(实盘持仓配置!$B$7:$X$7,'实盘净值数据(iFinD公式)'!$B10:$X10/'实盘净值数据(iFinD公式)'!$B$8:$X$8,'实盘净值数据(iFinD公式)'!$B11:$X11/'实盘净值数据(iFinD公式)'!$B10:$X10)/SUMPRODUCT(实盘持仓配置!$B$7:$X$7,'实盘净值数据(iFinD公式)'!$B10:$X10/'实盘净值数据(iFinD公式)'!$B$8:$X$8))*(1-实盘持仓配置!$Z$7)^(('实盘净值数据(iFinD公式)'!$A11-'实盘净值数据(iFinD公式)'!$A10)/365)-1) -> #VALUE! | M11: =IF(K11="","",K11/MAX(K$5:K11)-1) -> #VALUE! | N11: =IF(OR((ROW()-1)<5,'实盘净值数据(iFinD公式)'!$A11="",'实盘净值数据(iFinD公式)'!$B11=""),"",SUMPRODUCT(实盘持仓配置!$B$8:$X$8,'实盘净值数据(iFinD公式)'!$B11:$X11/'实盘净值数据(iFinD公式)'!$B$5:$X$5)*(1-实盘持仓配置!$Z$8)^(('实盘净值数据(iFinD公式)'!$A11-'实盘净值数据(iFinD公式)'!$A$5)/365)) -> #VALUE! | O11: =IF(OR(N10="",'实盘净值数据(iFinD公式)'!$A11="",'实盘净值数据(iFinD公式)'!$B11=""),"",(SUMPRODUCT(实盘持仓配置!$B$8:$X$8,'实盘净值数据(iFinD公式)'!$B10:$X10/'实盘净值数据(iFinD公式)'!$B$5:$X$5,'实盘净值数据(iFinD公式)'!$B11:$X11/'实盘净值数据(iFinD公式)'!$B10:$X10)/SUMPRODUCT(实盘持仓配置!$B$8:$X$8,'实盘净值数据(iFinD公式)'!$B10:$X10/'实盘净值数据(iFinD公式)'!$B$5:$X$5))*(1-实盘持仓配置!$Z$8)^(('实盘净值数据(iFinD公式)'!$A11-'实盘净值数据(iFinD公式)'!$A10)/365)-1) -> #VALUE! | P11: =IF(N11="","",N11/MAX(N$5:N11)-1) -> #VALUE! | Q11: =IF(OR((ROW()-1)<8,'实盘净值数据(iFinD公式)'!$A11="",'实盘净值数据(iFinD公式)'!$B11=""),"",SUMPRODUCT(实盘持仓配置!$B$9:$X$9,'实盘净值数据(iFinD公式)'!$B11:$X11/'实盘净值数据(iFinD公式)'!$B$8:$X$8)*(1-实盘持仓配置!$Z$9)^(('实盘净值数据(iFinD公式)'!$A11-'实盘净值数据(iFinD公式)'!$A$8)/365)) -> #VALUE! | R11: =IF(OR(Q10="",'实盘净值数据(iFinD公式)'!$A11="",'实盘净值数据(iFinD公式)'!$B11=""),"",(SUMPRODUCT(实盘持仓配置!$B$9:$X$9,'实盘净值数据(iFinD公式)'!$B10:$X10/'实盘净值数据(iFinD公式)'!$B$8:$X$8,'实盘净值数据(iFinD公式)'!$B11:$X11/'实盘净值数据(iFinD公式)'!$B10:$X10)/SUMPRODUCT(实盘持仓配置!$B$9:$X$9,'实盘净值数据(iFinD公式)'!$B10:$X10/'实盘净值数据(iFinD公式)'!$B$8:$X$8))*(1-实盘持仓配置!$Z$9)^(('实盘净值数据(iFinD公式)'!$A11-'实盘净值数据(iFinD公式)'!$A10)/365)-1) -> #VALUE! | S11: =IF(Q11="","",Q11/MAX(Q$5:Q11)-1) -> #VALUE!
A12: =IF('实盘净值数据(iFinD公式)'!A12="","",'实盘净值数据(iFinD公式)'!A12) -> 46203 | B12: =IF(OR((ROW()-1)<6,'实盘净值数据(iFinD公式)'!$A12="",'实盘净值数据(iFinD公式)'!$B12=""),"",SUMPRODUCT(实盘持仓配置!$B$4:$X$4,'实盘净值数据(iFinD公式)'!$B12:$X12/'实盘净值数据(iFinD公式)'!$B$6:$X$6)*(1-实盘持仓配置!$Z$4)^(('实盘净值数据(iFinD公式)'!$A12-'实盘净值数据(iFinD公式)'!$A$6)/365)) -> #VALUE! | C12: =IF(OR(B11="",'实盘净值数据(iFinD公式)'!$A12="",'实盘净值数据(iFinD公式)'!$B12=""),"",(SUMPRODUCT(实盘持仓配置!$B$4:$X$4,'实盘净值数据(iFinD公式)'!$B11:$X11/'实盘净值数据(iFinD公式)'!$B$6:$X$6,'实盘净值数据(iFinD公式)'!$B12:$X12/'实盘净值数据(iFinD公式)'!$B11:$X11)/SUMPRODUCT(实盘持仓配置!$B$4:$X$4,'实盘净值数据(iFinD公式)'!$B11:$X11/'实盘净值数据(iFinD公式)'!$B$6:$X$6))*(1-实盘持仓配置!$Z$4)^(('实盘净值数据(iFinD公式)'!$A12-'实盘净值数据(iFinD公式)'!$A11)/365)-1) -> #VALUE! | D12: =IF(B12="","",B12/MAX(B$5:B12)-1) -> #VALUE! | E12: =IF(OR((ROW()-1)<5,'实盘净值数据(iFinD公式)'!$A12="",'实盘净值数据(iFinD公式)'!$B12=""),"",SUMPRODUCT(实盘持仓配置!$B$5:$X$5,'实盘净值数据(iFinD公式)'!$B12:$X12/'实盘净值数据(iFinD公式)'!$B$5:$X$5)*(1-实盘持仓配置!$Z$5)^(('实盘净值数据(iFinD公式)'!$A12-'实盘净值数据(iFinD公式)'!$A$5)/365)) -> #VALUE! | F12: =IF(OR(E11="",'实盘净值数据(iFinD公式)'!$A12="",'实盘净值数据(iFinD公式)'!$B12=""),"",(SUMPRODUCT(实盘持仓配置!$B$5:$X$5,'实盘净值数据(iFinD公式)'!$B11:$X11/'实盘净值数据(iFinD公式)'!$B$5:$X$5,'实盘净值数据(iFinD公式)'!$B12:$X12/'实盘净值数据(iFinD公式)'!$B11:$X11)/SUMPRODUCT(实盘持仓配置!$B$5:$X$5,'实盘净值数据(iFinD公式)'!$B11:$X11/'实盘净值数据(iFinD公式)'!$B$5:$X$5))*(1-实盘持仓配置!$Z$5)^(('实盘净值数据(iFinD公式)'!$A12-'实盘净值数据(iFinD公式)'!$A11)/365)-1) -> #VALUE! | G12: =IF(E12="","",E12/MAX(E$5:E12)-1) -> #VALUE! | H12: =IF(OR((ROW()-1)<7,'实盘净值数据(iFinD公式)'!$A12="",'实盘净值数据(iFinD公式)'!$B12=""),"",SUMPRODUCT(实盘持仓配置!$B$6:$X$6,'实盘净值数据(iFinD公式)'!$B12:$X12/'实盘净值数据(iFinD公式)'!$B$7:$X$7)*(1-实盘持仓配置!$Z$6)^(('实盘净值数据(iFinD公式)'!$A12-'实盘净值数据(iFinD公式)'!$A$7)/365)) -> #VALUE! | I12: =IF(OR(H11="",'实盘净值数据(iFinD公式)'!$A12="",'实盘净值数据(iFinD公式)'!$B12=""),"",(SUMPRODUCT(实盘持仓配置!$B$6:$X$6,'实盘净值数据(iFinD公式)'!$B11:$X11/'实盘净值数据(iFinD公式)'!$B$7:$X$7,'实盘净值数据(iFinD公式)'!$B12:$X12/'实盘净值数据(iFinD公式)'!$B11:$X11)/SUMPRODUCT(实盘持仓配置!$B$6:$X$6,'实盘净值数据(iFinD公式)'!$B11:$X11/'实盘净值数据(iFinD公式)'!$B$7:$X$7))*(1-实盘持仓配置!$Z$6)^(('实盘净值数据(iFinD公式)'!$A12-'实盘净值数据(iFinD公式)'!$A11)/365)-1) -> #VALUE! | J12: =IF(H12="","",H12/MAX(H$5:H12)-1) -> #VALUE! | K12: =IF(OR((ROW()-1)<8,'实盘净值数据(iFinD公式)'!$A12="",'实盘净值数据(iFinD公式)'!$B12=""),"",SUMPRODUCT(实盘持仓配置!$B$7:$X$7,'实盘净值数据(iFinD公式)'!$B12:$X12/'实盘净值数据(iFinD公式)'!$B$8:$X$8)*(1-实盘持仓配置!$Z$7)^(('实盘净值数据(iFinD公式)'!$A12-'实盘净值数据(iFinD公式)'!$A$8)/365)) -> #VALUE! | L12: =IF(OR(K11="",'实盘净值数据(iFinD公式)'!$A12="",'实盘净值数据(iFinD公式)'!$B12=""),"",(SUMPRODUCT(实盘持仓配置!$B$7:$X$7,'实盘净值数据(iFinD公式)'!$B11:$X11/'实盘净值数据(iFinD公式)'!$B$8:$X$8,'实盘净值数据(iFinD公式)'!$B12:$X12/'实盘净值数据(iFinD公式)'!$B11:$X11)/SUMPRODUCT(实盘持仓配置!$B$7:$X$7,'实盘净值数据(iFinD公式)'!$B11:$X11/'实盘净值数据(iFinD公式)'!$B$8:$X$8))*(1-实盘持仓配置!$Z$7)^(('实盘净值数据(iFinD公式)'!$A12-'实盘净值数据(iFinD公式)'!$A11)/365)-1) -> #VALUE! | M12: =IF(K12="","",K12/MAX(K$5:K12)-1) -> #VALUE! | N12: =IF(OR((ROW()-1)<5,'实盘净值数据(iFinD公式)'!$A12="",'实盘净值数据(iFinD公式)'!$B12=""),"",SUMPRODUCT(实盘持仓配置!$B$8:$X$8,'实盘净值数据(iFinD公式)'!$B12:$X12/'实盘净值数据(iFinD公式)'!$B$5:$X$5)*(1-实盘持仓配置!$Z$8)^(('实盘净值数据(iFinD公式)'!$A12-'实盘净值数据(iFinD公式)'!$A$5)/365)) -> #VALUE! | O12: =IF(OR(N11="",'实盘净值数据(iFinD公式)'!$A12="",'实盘净值数据(iFinD公式)'!$B12=""),"",(SUMPRODUCT(实盘持仓配置!$B$8:$X$8,'实盘净值数据(iFinD公式)'!$B11:$X11/'实盘净值数据(iFinD公式)'!$B$5:$X$5,'实盘净值数据(iFinD公式)'!$B12:$X12/'实盘净值数据(iFinD公式)'!$B11:$X11)/SUMPRODUCT(实盘持仓配置!$B$8:$X$8,'实盘净值数据(iFinD公式)'!$B11:$X11/'实盘净值数据(iFinD公式)'!$B$5:$X$5))*(1-实盘持仓配置!$Z$8)^(('实盘净值数据(iFinD公式)'!$A12-'实盘净值数据(iFinD公式)'!$A11)/365)-1) -> #VALUE! | P12: =IF(N12="","",N12/MAX(N$5:N12)-1) -> #VALUE! | Q12: =IF(OR((ROW()-1)<8,'实盘净值数据(iFinD公式)'!$A12="",'实盘净值数据(iFinD公式)'!$B12=""),"",SUMPRODUCT(实盘持仓配置!$B$9:$X$9,'实盘净值数据(iFinD公式)'!$B12:$X12/'实盘净值数据(iFinD公式)'!$B$8:$X$8)*(1-实盘持仓配置!$Z$9)^(('实盘净值数据(iFinD公式)'!$A12-'实盘净值数据(iFinD公式)'!$A$8)/365)) -> #VALUE! | R12: =IF(OR(Q11="",'实盘净值数据(iFinD公式)'!$A12="",'实盘净值数据(iFinD公式)'!$B12=""),"",(SUMPRODUCT(实盘持仓配置!$B$9:$X$9,'实盘净值数据(iFinD公式)'!$B11:$X11/'实盘净值数据(iFinD公式)'!$B$8:$X$8,'实盘净值数据(iFinD公式)'!$B12:$X12/'实盘净值数据(iFinD公式)'!$B11:$X11)/SUMPRODUCT(实盘持仓配置!$B$9:$X$9,'实盘净值数据(iFinD公式)'!$B11:$X11/'实盘净值数据(iFinD公式)'!$B$8:$X$8))*(1-实盘持仓配置!$Z$9)^(('实盘净值数据(iFinD公式)'!$A12-'实盘净值数据(iFinD公式)'!$A11)/365)-1) -> #VALUE! | S12: =IF(Q12="","",Q12/MAX(Q$5:Q12)-1) -> #VALUE!
A13: =IF('实盘净值数据(iFinD公式)'!A13="","",'实盘净值数据(iFinD公式)'!A13) -> 46204 | B13: =IF(OR((ROW()-1)<6,'实盘净值数据(iFinD公式)'!$A13="",'实盘净值数据(iFinD公式)'!$B13=""),"",SUMPRODUCT(实盘持仓配置!$B$4:$X$4,'实盘净值数据(iFinD公式)'!$B13:$X13/'实盘净值数据(iFinD公式)'!$B$6:$X$6)*(1-实盘持仓配置!$Z$4)^(('实盘净值数据(iFinD公式)'!$A13-'实盘净值数据(iFinD公式)'!$A$6)/365)) -> #VALUE! | C13: =IF(OR(B12="",'实盘净值数据(iFinD公式)'!$A13="",'实盘净值数据(iFinD公式)'!$B13=""),"",(SUMPRODUCT(实盘持仓配置!$B$4:$X$4,'实盘净值数据(iFinD公式)'!$B12:$X12/'实盘净值数据(iFinD公式)'!$B$6:$X$6,'实盘净值数据(iFinD公式)'!$B13:$X13/'实盘净值数据(iFinD公式)'!$B12:$X12)/SUMPRODUCT(实盘持仓配置!$B$4:$X$4,'实盘净值数据(iFinD公式)'!$B12:$X12/'实盘净值数据(iFinD公式)'!$B$6:$X$6))*(1-实盘持仓配置!$Z$4)^(('实盘净值数据(iFinD公式)'!$A13-'实盘净值数据(iFinD公式)'!$A12)/365)-1) -> #VALUE! | D13: =IF(B13="","",B13/MAX(B$5:B13)-1) -> #VALUE! | E13: =IF(OR((ROW()-1)<5,'实盘净值数据(iFinD公式)'!$A13="",'实盘净值数据(iFinD公式)'!$B13=""),"",SUMPRODUCT(实盘持仓配置!$B$5:$X$5,'实盘净值数据(iFinD公式)'!$B13:$X13/'实盘净值数据(iFinD公式)'!$B$5:$X$5)*(1-实盘持仓配置!$Z$5)^(('实盘净值数据(iFinD公式)'!$A13-'实盘净值数据(iFinD公式)'!$A$5)/365)) -> #VALUE! | F13: =IF(OR(E12="",'实盘净值数据(iFinD公式)'!$A13="",'实盘净值数据(iFinD公式)'!$B13=""),"",(SUMPRODUCT(实盘持仓配置!$B$5:$X$5,'实盘净值数据(iFinD公式)'!$B12:$X12/'实盘净值数据(iFinD公式)'!$B$5:$X$5,'实盘净值数据(iFinD公式)'!$B13:$X13/'实盘净值数据(iFinD公式)'!$B12:$X12)/SUMPRODUCT(实盘持仓配置!$B$5:$X$5,'实盘净值数据(iFinD公式)'!$B12:$X12/'实盘净值数据(iFinD公式)'!$B$5:$X$5))*(1-实盘持仓配置!$Z$5)^(('实盘净值数据(iFinD公式)'!$A13-'实盘净值数据(iFinD公式)'!$A12)/365)-1) -> #VALUE! | G13: =IF(E13="","",E13/MAX(E$5:E13)-1) -> #VALUE! | H13: =IF(OR((ROW()-1)<7,'实盘净值数据(iFinD公式)'!$A13="",'实盘净值数据(iFinD公式)'!$B13=""),"",SUMPRODUCT(实盘持仓配置!$B$6:$X$6,'实盘净值数据(iFinD公式)'!$B13:$X13/'实盘净值数据(iFinD公式)'!$B$7:$X$7)*(1-实盘持仓配置!$Z$6)^(('实盘净值数据(iFinD公式)'!$A13-'实盘净值数据(iFinD公式)'!$A$7)/365)) -> #VALUE! | I13: =IF(OR(H12="",'实盘净值数据(iFinD公式)'!$A13="",'实盘净值数据(iFinD公式)'!$B13=""),"",(SUMPRODUCT(实盘持仓配置!$B$6:$X$6,'实盘净值数据(iFinD公式)'!$B12:$X12/'实盘净值数据(iFinD公式)'!$B$7:$X$7,'实盘净值数据(iFinD公式)'!$B13:$X13/'实盘净值数据(iFinD公式)'!$B12:$X12)/SUMPRODUCT(实盘持仓配置!$B$6:$X$6,'实盘净值数据(iFinD公式)'!$B12:$X12/'实盘净值数据(iFinD公式)'!$B$7:$X$7))*(1-实盘持仓配置!$Z$6)^(('实盘净值数据(iFinD公式)'!$A13-'实盘净值数据(iFinD公式)'!$A12)/365)-1) -> #VALUE! | J13: =IF(H13="","",H13/MAX(H$5:H13)-1) -> #VALUE! | K13: =IF(OR((ROW()-1)<8,'实盘净值数据(iFinD公式)'!$A13="",'实盘净值数据(iFinD公式)'!$B13=""),"",SUMPRODUCT(实盘持仓配置!$B$7:$X$7,'实盘净值数据(iFinD公式)'!$B13:$X13/'实盘净值数据(iFinD公式)'!$B$8:$X$8)*(1-实盘持仓配置!$Z$7)^(('实盘净值数据(iFinD公式)'!$A13-'实盘净值数据(iFinD公式)'!$A$8)/365)) -> #VALUE! | L13: =IF(OR(K12="",'实盘净值数据(iFinD公式)'!$A13="",'实盘净值数据(iFinD公式)'!$B13=""),"",(SUMPRODUCT(实盘持仓配置!$B$7:$X$7,'实盘净值数据(iFinD公式)'!$B12:$X12/'实盘净值数据(iFinD公式)'!$B$8:$X$8,'实盘净值数据(iFinD公式)'!$B13:$X13/'实盘净值数据(iFinD公式)'!$B12:$X12)/SUMPRODUCT(实盘持仓配置!$B$7:$X$7,'实盘净值数据(iFinD公式)'!$B12:$X12/'实盘净值数据(iFinD公式)'!$B$8:$X$8))*(1-实盘持仓配置!$Z$7)^(('实盘净值数据(iFinD公式)'!$A13-'实盘净值数据(iFinD公式)'!$A12)/365)-1) -> #VALUE! | M13: =IF(K13="","",K13/MAX(K$5:K13)-1) -> #VALUE! | N13: =IF(OR((ROW()-1)<5,'实盘净值数据(iFinD公式)'!$A13="",'实盘净值数据(iFinD公式)'!$B13=""),"",SUMPRODUCT(实盘持仓配置!$B$8:$X$8,'实盘净值数据(iFinD公式)'!$B13:$X13/'实盘净值数据(iFinD公式)'!$B$5:$X$5)*(1-实盘持仓配置!$Z$8)^(('实盘净值数据(iFinD公式)'!$A13-'实盘净值数据(iFinD公式)'!$A$5)/365)) -> #VALUE! | O13: =IF(OR(N12="",'实盘净值数据(iFinD公式)'!$A13="",'实盘净值数据(iFinD公式)'!$B13=""),"",(SUMPRODUCT(实盘持仓配置!$B$8:$X$8,'实盘净值数据(iFinD公式)'!$B12:$X12/'实盘净值数据(iFinD公式)'!$B$5:$X$5,'实盘净值数据(iFinD公式)'!$B13:$X13/'实盘净值数据(iFinD公式)'!$B12:$X12)/SUMPRODUCT(实盘持仓配置!$B$8:$X$8,'实盘净值数据(iFinD公式)'!$B12:$X12/'实盘净值数据(iFinD公式)'!$B$5:$X$5))*(1-实盘持仓配置!$Z$8)^(('实盘净值数据(iFinD公式)'!$A13-'实盘净值数据(iFinD公式)'!$A12)/365)-1) -> #VALUE! | P13: =IF(N13="","",N13/MAX(N$5:N13)-1) -> #VALUE! | Q13: =IF(OR((ROW()-1)<8,'实盘净值数据(iFinD公式)'!$A13="",'实盘净值数据(iFinD公式)'!$B13=""),"",SUMPRODUCT(实盘持仓配置!$B$9:$X$9,'实盘净值数据(iFinD公式)'!$B13:$X13/'实盘净值数据(iFinD公式)'!$B$8:$X$8)*(1-实盘持仓配置!$Z$9)^(('实盘净值数据(iFinD公式)'!$A13-'实盘净值数据(iFinD公式)'!$A$8)/365)) -> #VALUE! | R13: =IF(OR(Q12="",'实盘净值数据(iFinD公式)'!$A13="",'实盘净值数据(iFinD公式)'!$B13=""),"",(SUMPRODUCT(实盘持仓配置!$B$9:$X$9,'实盘净值数据(iFinD公式)'!$B12:$X12/'实盘净值数据(iFinD公式)'!$B$8:$X$8,'实盘净值数据(iFinD公式)'!$B13:$X13/'实盘净值数据(iFinD公式)'!$B12:$X12)/SUMPRODUCT(实盘持仓配置!$B$9:$X$9,'实盘净值数据(iFinD公式)'!$B12:$X12/'实盘净值数据(iFinD公式)'!$B$8:$X$8))*(1-实盘持仓配置!$Z$9)^(('实盘净值数据(iFinD公式)'!$A13-'实盘净值数据(iFinD公式)'!$A12)/365)-1) -> #VALUE! | S13: =IF(Q13="","",Q13/MAX(Q$5:Q13)-1) -> #VALUE!
A14: =IF('实盘净值数据(iFinD公式)'!A14="","",'实盘净值数据(iFinD公式)'!A14) -> 46205 | B14: =IF(OR((ROW()-1)<6,'实盘净值数据(iFinD公式)'!$A14="",'实盘净值数据(iFinD公式)'!$B14=""),"",SUMPRODUCT(实盘持仓配置!$B$4:$X$4,'实盘净值数据(iFinD公式)'!$B14:$X14/'实盘净值数据(iFinD公式)'!$B$6:$X$6)*(1-实盘持仓配置!$Z$4)^(('实盘净值数据(iFinD公式)'!$A14-'实盘净值数据(iFinD公式)'!$A$6)/365)) -> #VALUE! | C14: =IF(OR(B13="",'实盘净值数据(iFinD公式)'!$A14="",'实盘净值数据(iFinD公式)'!$B14=""),"",(SUMPRODUCT(实盘持仓配置!$B$4:$X$4,'实盘净值数据(iFinD公式)'!$B13:$X13/'实盘净值数据(iFinD公式)'!$B$6:$X$6,'实盘净值数据(iFinD公式)'!$B14:$X14/'实盘净值数据(iFinD公式)'!$B13:$X13)/SUMPRODUCT(实盘持仓配置!$B$4:$X$4,'实盘净值数据(iFinD公式)'!$B13:$X13/'实盘净值数据(iFinD公式)'!$B$6:$X$6))*(1-实盘持仓配置!$Z$4)^(('实盘净值数据(iFinD公式)'!$A14-'实盘净值数据(iFinD公式)'!$A13)/365)-1) -> #VALUE! | D14: =IF(B14="","",B14/MAX(B$5:B14)-1) -> #VALUE! | E14: =IF(OR((ROW()-1)<5,'实盘净值数据(iFinD公式)'!$A14="",'实盘净值数据(iFinD公式)'!$B14=""),"",SUMPRODUCT(实盘持仓配置!$B$5:$X$5,'实盘净值数据(iFinD公式)'!$B14:$X14/'实盘净值数据(iFinD公式)'!$B$5:$X$5)*(1-实盘持仓配置!$Z$5)^(('实盘净值数据(iFinD公式)'!$A14-'实盘净值数据(iFinD公式)'!$A$5)/365)) -> #VALUE! | F14: =IF(OR(E13="",'实盘净值数据(iFinD公式)'!$A14="",'实盘净值数据(iFinD公式)'!$B14=""),"",(SUMPRODUCT(实盘持仓配置!$B$5:$X$5,'实盘净值数据(iFinD公式)'!$B13:$X13/'实盘净值数据(iFinD公式)'!$B$5:$X$5,'实盘净值数据(iFinD公式)'!$B14:$X14/'实盘净值数据(iFinD公式)'!$B13:$X13)/SUMPRODUCT(实盘持仓配置!$B$5:$X$5,'实盘净值数据(iFinD公式)'!$B13:$X13/'实盘净值数据(iFinD公式)'!$B$5:$X$5))*(1-实盘持仓配置!$Z$5)^(('实盘净值数据(iFinD公式)'!$A14-'实盘净值数据(iFinD公式)'!$A13)/365)-1) -> #VALUE! | G14: =IF(E14="","",E14/MAX(E$5:E14)-1) -> #VALUE! | H14: =IF(OR((ROW()-1)<7,'实盘净值数据(iFinD公式)'!$A14="",'实盘净值数据(iFinD公式)'!$B14=""),"",SUMPRODUCT(实盘持仓配置!$B$6:$X$6,'实盘净值数据(iFinD公式)'!$B14:$X14/'实盘净值数据(iFinD公式)'!$B$7:$X$7)*(1-实盘持仓配置!$Z$6)^(('实盘净值数据(iFinD公式)'!$A14-'实盘净值数据(iFinD公式)'!$A$7)/365)) -> #VALUE! | I14: =IF(OR(H13="",'实盘净值数据(iFinD公式)'!$A14="",'实盘净值数据(iFinD公式)'!$B14=""),"",(SUMPRODUCT(实盘持仓配置!$B$6:$X$6,'实盘净值数据(iFinD公式)'!$B13:$X13/'实盘净值数据(iFinD公式)'!$B$7:$X$7,'实盘净值数据(iFinD公式)'!$B14:$X14/'实盘净值数据(iFinD公式)'!$B13:$X13)/SUMPRODUCT(实盘持仓配置!$B$6:$X$6,'实盘净值数据(iFinD公式)'!$B13:$X13/'实盘净值数据(iFinD公式)'!$B$7:$X$7))*(1-实盘持仓配置!$Z$6)^(('实盘净值数据(iFinD公式)'!$A14-'实盘净值数据(iFinD公式)'!$A13)/365)-1) -> #VALUE! | J14: =IF(H14="","",H14/MAX(H$5:H14)-1) -> #VALUE! | K14: =IF(OR('实盘净值数据(iFinD公式)'!$A14="",'实盘净值数据(iFinD公式)'!$B14=""),"",分期持仓明细!$AB$9*SUMPRODUCT(分期持仓明细!$B$9:$Y$9,'实盘净值数据(iFinD公式)'!$B14:$Y14/'实盘净值数据(iFinD公式)'!$B$13:$Y$13)*(1-实盘持仓配置!$Z$7)^(('实盘净值数据(iFinD公式)'!$A14-'实盘净值数据(iFinD公式)'!$A$8)/365)) -> #VALUE! | L14: =IF(OR(K13="",K14=""),"",K14/K13-1) -> #VALUE! | M14: =IF(K14="","",K14/MAX(K$5:K14)-1) -> #VALUE! | N14: =IF(OR('实盘净值数据(iFinD公式)'!$A14="",'实盘净值数据(iFinD公式)'!$B14=""),"",分期持仓明细!$AB$11*SUMPRODUCT(分期持仓明细!$B$11:$Y$11,'实盘净值数据(iFinD公式)'!$B14:$Y14/'实盘净值数据(iFinD公式)'!$B$13:$Y$13)*(1-实盘持仓配置!$Z$8)^(('实盘净值数据(iFinD公式)'!$A14-'实盘净值数据(iFinD公式)'!$A$5)/365)) -> #VALUE! | O14: =IF(OR(N13="",N14=""),"",N14/N13-1) -> #VALUE! | P14: =IF(N14="","",N14/MAX(N$5:N14)-1) -> #VALUE! | Q14: =IF(OR('实盘净值数据(iFinD公式)'!$A14="",'实盘净值数据(iFinD公式)'!$B14=""),"",分期持仓明细!$AB$13*SUMPRODUCT(分期持仓明细!$B$13:$Y$13,'实盘净值数据(iFinD公式)'!$B14:$Y14/'实盘净值数据(iFinD公式)'!$B$13:$Y$13)*(1-实盘持仓配置!$Z$9)^(('实盘净值数据(iFinD公式)'!$A14-'实盘净值数据(iFinD公式)'!$A$8)/365)) -> #VALUE! | R14: =IF(OR(Q13="",Q14=""),"",Q14/Q13-1) -> #VALUE! | S14: =IF(Q14="","",Q14/MAX(Q$5:Q14)-1) -> #VALUE!
A15: =IF('实盘净值数据(iFinD公式)'!A15="","",'实盘净值数据(iFinD公式)'!A15) -> 46206 | B15: =IF(OR((ROW()-1)<6,'实盘净值数据(iFinD公式)'!$A15="",'实盘净值数据(iFinD公式)'!$B15=""),"",SUMPRODUCT(实盘持仓配置!$B$4:$X$4,'实盘净值数据(iFinD公式)'!$B15:$X15/'实盘净值数据(iFinD公式)'!$B$6:$X$6)*(1-实盘持仓配置!$Z$4)^(('实盘净值数据(iFinD公式)'!$A15-'实盘净值数据(iFinD公式)'!$A$6)/365)) -> #VALUE! | C15: =IF(OR(B14="",'实盘净值数据(iFinD公式)'!$A15="",'实盘净值数据(iFinD公式)'!$B15=""),"",(SUMPRODUCT(实盘持仓配置!$B$4:$X$4,'实盘净值数据(iFinD公式)'!$B14:$X14/'实盘净值数据(iFinD公式)'!$B$6:$X$6,'实盘净值数据(iFinD公式)'!$B15:$X15/'实盘净值数据(iFinD公式)'!$B14:$X14)/SUMPRODUCT(实盘持仓配置!$B$4:$X$4,'实盘净值数据(iFinD公式)'!$B14:$X14/'实盘净值数据(iFinD公式)'!$B$6:$X$6))*(1-实盘持仓配置!$Z$4)^(('实盘净值数据(iFinD公式)'!$A15-'实盘净值数据(iFinD公式)'!$A14)/365)-1) -> #VALUE! | D15: =IF(B15="","",B15/MAX(B$5:B15)-1) -> #VALUE! | E15: =IF(OR((ROW()-1)<5,'实盘净值数据(iFinD公式)'!$A15="",'实盘净值数据(iFinD公式)'!$B15=""),"",SUMPRODUCT(实盘持仓配置!$B$5:$X$5,'实盘净值数据(iFinD公式)'!$B15:$X15/'实盘净值数据(iFinD公式)'!$B$5:$X$5)*(1-实盘持仓配置!$Z$5)^(('实盘净值数据(iFinD公式)'!$A15-'实盘净值数据(iFinD公式)'!$A$5)/365)) -> #VALUE! | F15: =IF(OR(E14="",'实盘净值数据(iFinD公式)'!$A15="",'实盘净值数据(iFinD公式)'!$B15=""),"",(SUMPRODUCT(实盘持仓配置!$B$5:$X$5,'实盘净值数据(iFinD公式)'!$B14:$X14/'实盘净值数据(iFinD公式)'!$B$5:$X$5,'实盘净值数据(iFinD公式)'!$B15:$X15/'实盘净值数据(iFinD公式)'!$B14:$X14)/SUMPRODUCT(实盘持仓配置!$B$5:$X$5,'实盘净值数据(iFinD公式)'!$B14:$X14/'实盘净值数据(iFinD公式)'!$B$5:$X$5))*(1-实盘持仓配置!$Z$5)^(('实盘净值数据(iFinD公式)'!$A15-'实盘净值数据(iFinD公式)'!$A14)/365)-1) -> #VALUE! | G15: =IF(E15="","",E15/MAX(E$5:E15)-1) -> #VALUE! | H15: =IF(OR((ROW()-1)<7,'实盘净值数据(iFinD公式)'!$A15="",'实盘净值数据(iFinD公式)'!$B15=""),"",SUMPRODUCT(实盘持仓配置!$B$6:$X$6,'实盘净值数据(iFinD公式)'!$B15:$X15/'实盘净值数据(iFinD公式)'!$B$7:$X$7)*(1-实盘持仓配置!$Z$6)^(('实盘净值数据(iFinD公式)'!$A15-'实盘净值数据(iFinD公式)'!$A$7)/365)) -> #VALUE! | I15: =IF(OR(H14="",'实盘净值数据(iFinD公式)'!$A15="",'实盘净值数据(iFinD公式)'!$B15=""),"",(SUMPRODUCT(实盘持仓配置!$B$6:$X$6,'实盘净值数据(iFinD公式)'!$B14:$X14/'实盘净值数据(iFinD公式)'!$B$7:$X$7,'实盘净值数据(iFinD公式)'!$B15:$X15/'实盘净值数据(iFinD公式)'!$B14:$X14)/SUMPRODUCT(实盘持仓配置!$B$6:$X$6,'实盘净值数据(iFinD公式)'!$B14:$X14/'实盘净值数据(iFinD公式)'!$B$7:$X$7))*(1-实盘持仓配置!$Z$6)^(('实盘净值数据(iFinD公式)'!$A15-'实盘净值数据(iFinD公式)'!$A14)/365)-1) -> #VALUE! | J15: =IF(H15="","",H15/MAX(H$5:H15)-1) -> #VALUE! | K15: =IF(OR('实盘净值数据(iFinD公式)'!$A15="",'实盘净值数据(iFinD公式)'!$B15=""),"",分期持仓明细!$AB$9*SUMPRODUCT(分期持仓明细!$B$9:$Y$9,'实盘净值数据(iFinD公式)'!$B15:$Y15/'实盘净值数据(iFinD公式)'!$B$13:$Y$13)*(1-实盘持仓配置!$Z$7)^(('实盘净值数据(iFinD公式)'!$A15-'实盘净值数据(iFinD公式)'!$A$8)/365)) -> #VALUE! | L15: =IF(OR(K14="",K15=""),"",K15/K14-1) -> #VALUE! | M15: =IF(K15="","",K15/MAX(K$5:K15)-1) -> #VALUE! | N15: =IF(OR('实盘净值数据(iFinD公式)'!$A15="",'实盘净值数据(iFinD公式)'!$B15=""),"",分期持仓明细!$AB$11*SUMPRODUCT(分期持仓明细!$B$11:$Y$11,'实盘净值数据(iFinD公式)'!$B15:$Y15/'实盘净值数据(iFinD公式)'!$B$13:$Y$13)*(1-实盘持仓配置!$Z$8)^(('实盘净值数据(iFinD公式)'!$A15-'实盘净值数据(iFinD公式)'!$A$5)/365)) -> #VALUE! | O15: =IF(OR(N14="",N15=""),"",N15/N14-1) -> #VALUE! | P15: =IF(N15="","",N15/MAX(N$5:N15)-1) -> #VALUE! | Q15: =IF(OR('实盘净值数据(iFinD公式)'!$A15="",'实盘净值数据(iFinD公式)'!$B15=""),"",分期持仓明细!$AB$13*SUMPRODUCT(分期持仓明细!$B$13:$Y$13,'实盘净值数据(iFinD公式)'!$B15:$Y15/'实盘净值数据(iFinD公式)'!$B$13:$Y$13)*(1-实盘持仓配置!$Z$9)^(('实盘净值数据(iFinD公式)'!$A15-'实盘净值数据(iFinD公式)'!$A$8)/365)) -> #VALUE! | R15: =IF(OR(Q14="",Q15=""),"",Q15/Q14-1) -> #VALUE! | S15: =IF(Q15="","",Q15/MAX(Q$5:Q15)-1) -> #VALUE!
A16: =IF('实盘净值数据(iFinD公式)'!A16="","",'实盘净值数据(iFinD公式)'!A16) -> 46209 | B16: =IF(OR((ROW()-1)<6,'实盘净值数据(iFinD公式)'!$A16="",'实盘净值数据(iFinD公式)'!$B16=""),"",SUMPRODUCT(实盘持仓配置!$B$4:$X$4,'实盘净值数据(iFinD公式)'!$B16:$X16/'实盘净值数据(iFinD公式)'!$B$6:$X$6)*(1-实盘持仓配置!$Z$4)^(('实盘净值数据(iFinD公式)'!$A16-'实盘净值数据(iFinD公式)'!$A$6)/365)) -> #VALUE! | C16: =IF(OR(B15="",'实盘净值数据(iFinD公式)'!$A16="",'实盘净值数据(iFinD公式)'!$B16=""),"",(SUMPRODUCT(实盘持仓配置!$B$4:$X$4,'实盘净值数据(iFinD公式)'!$B15:$X15/'实盘净值数据(iFinD公式)'!$B$6:$X$6,'实盘净值数据(iFinD公式)'!$B16:$X16/'实盘净值数据(iFinD公式)'!$B15:$X15)/SUMPRODUCT(实盘持仓配置!$B$4:$X$4,'实盘净值数据(iFinD公式)'!$B15:$X15/'实盘净值数据(iFinD公式)'!$B$6:$X$6))*(1-实盘持仓配置!$Z$4)^(('实盘净值数据(iFinD公式)'!$A16-'实盘净值数据(iFinD公式)'!$A15)/365)-1) -> #VALUE! | D16: =IF(B16="","",B16/MAX(B$5:B16)-1) -> #VALUE! | E16: =IF(OR((ROW()-1)<5,'实盘净值数据(iFinD公式)'!$A16="",'实盘净值数据(iFinD公式)'!$B16=""),"",SUMPRODUCT(实盘持仓配置!$B$5:$X$5,'实盘净值数据(iFinD公式)'!$B16:$X16/'实盘净值数据(iFinD公式)'!$B$5:$X$5)*(1-实盘持仓配置!$Z$5)^(('实盘净值数据(iFinD公式)'!$A16-'实盘净值数据(iFinD公式)'!$A$5)/365)) -> #VALUE! | F16: =IF(OR(E15="",'实盘净值数据(iFinD公式)'!$A16="",'实盘净值数据(iFinD公式)'!$B16=""),"",(SUMPRODUCT(实盘持仓配置!$B$5:$X$5,'实盘净值数据(iFinD公式)'!$B15:$X15/'实盘净值数据(iFinD公式)'!$B$5:$X$5,'实盘净值数据(iFinD公式)'!$B16:$X16/'实盘净值数据(iFinD公式)'!$B15:$X15)/SUMPRODUCT(实盘持仓配置!$B$5:$X$5,'实盘净值数据(iFinD公式)'!$B15:$X15/'实盘净值数据(iFinD公式)'!$B$5:$X$5))*(1-实盘持仓配置!$Z$5)^(('实盘净值数据(iFinD公式)'!$A16-'实盘净值数据(iFinD公式)'!$A15)/365)-1) -> #VALUE! | G16: =IF(E16="","",E16/MAX(E$5:E16)-1) -> #VALUE! | H16: =IF(OR((ROW()-1)<7,'实盘净值数据(iFinD公式)'!$A16="",'实盘净值数据(iFinD公式)'!$B16=""),"",SUMPRODUCT(实盘持仓配置!$B$6:$X$6,'实盘净值数据(iFinD公式)'!$B16:$X16/'实盘净值数据(iFinD公式)'!$B$7:$X$7)*(1-实盘持仓配置!$Z$6)^(('实盘净值数据(iFinD公式)'!$A16-'实盘净值数据(iFinD公式)'!$A$7)/365)) -> #VALUE! | I16: =IF(OR(H15="",'实盘净值数据(iFinD公式)'!$A16="",'实盘净值数据(iFinD公式)'!$B16=""),"",(SUMPRODUCT(实盘持仓配置!$B$6:$X$6,'实盘净值数据(iFinD公式)'!$B15:$X15/'实盘净值数据(iFinD公式)'!$B$7:$X$7,'实盘净值数据(iFinD公式)'!$B16:$X16/'实盘净值数据(iFinD公式)'!$B15:$X15)/SUMPRODUCT(实盘持仓配置!$B$6:$X$6,'实盘净值数据(iFinD公式)'!$B15:$X15/'实盘净值数据(iFinD公式)'!$B$7:$X$7))*(1-实盘持仓配置!$Z$6)^(('实盘净值数据(iFinD公式)'!$A16-'实盘净值数据(iFinD公式)'!$A15)/365)-1) -> #VALUE! | J16: =IF(H16="","",H16/MAX(H$5:H16)-1) -> #VALUE! | K16: =IF(OR('实盘净值数据(iFinD公式)'!$A16="",'实盘净值数据(iFinD公式)'!$B16=""),"",分期持仓明细!$AB$9*SUMPRODUCT(分期持仓明细!$B$9:$Y$9,'实盘净值数据(iFinD公式)'!$B16:$Y16/'实盘净值数据(iFinD公式)'!$B$13:$Y$13)*(1-实盘持仓配置!$Z$7)^(('实盘净值数据(iFinD公式)'!$A16-'实盘净值数据(iFinD公式)'!$A$8)/365)) -> #VALUE! | L16: =IF(OR(K15="",K16=""),"",K16/K15-1) -> #VALUE! | M16: =IF(K16="","",K16/MAX(K$5:K16)-1) -> #VALUE! | N16: =IF(OR('实盘净值数据(iFinD公式)'!$A16="",'实盘净值数据(iFinD公式)'!$B16=""),"",分期持仓明细!$AB$11*SUMPRODUCT(分期持仓明细!$B$11:$Y$11,'实盘净值数据(iFinD公式)'!$B16:$Y16/'实盘净值数据(iFinD公式)'!$B$13:$Y$13)*(1-实盘持仓配置!$Z$8)^(('实盘净值数据(iFinD公式)'!$A16-'实盘净值数据(iFinD公式)'!$A$5)/365)) -> #VALUE! | O16: =IF(OR(N15="",N16=""),"",N16/N15-1) -> #VALUE! | P16: =IF(N16="","",N16/MAX(N$5:N16)-1) -> #VALUE! | Q16: =IF(OR('实盘净值数据(iFinD公式)'!$A16="",'实盘净值数据(iFinD公式)'!$B16=""),"",分期持仓明细!$AB$13*SUMPRODUCT(分期持仓明细!$B$13:$Y$13,'实盘净值数据(iFinD公式)'!$B16:$Y16/'实盘净值数据(iFinD公式)'!$B$13:$Y$13)*(1-实盘持仓配置!$Z$9)^(('实盘净值数据(iFinD公式)'!$A16-'实盘净值数据(iFinD公式)'!$A$8)/365)) -> #VALUE! | R16: =IF(OR(Q15="",Q16=""),"",Q16/Q15-1) -> #VALUE! | S16: =IF(Q16="","",Q16/MAX(Q$5:Q16)-1) -> #VALUE!
A17: =IF('实盘净值数据(iFinD公式)'!A17="","",'实盘净值数据(iFinD公式)'!A17) -> 46210 | B17: =IF(OR((ROW()-1)<6,'实盘净值数据(iFinD公式)'!$A17="",'实盘净值数据(iFinD公式)'!$B17=""),"",SUMPRODUCT(实盘持仓配置!$B$4:$X$4,'实盘净值数据(iFinD公式)'!$B17:$X17/'实盘净值数据(iFinD公式)'!$B$6:$X$6)*(1-实盘持仓配置!$Z$4)^(('实盘净值数据(iFinD公式)'!$A17-'实盘净值数据(iFinD公式)'!$A$6)/365)) -> #VALUE! | C17: =IF(OR(B16="",'实盘净值数据(iFinD公式)'!$A17="",'实盘净值数据(iFinD公式)'!$B17=""),"",(SUMPRODUCT(实盘持仓配置!$B$4:$X$4,'实盘净值数据(iFinD公式)'!$B16:$X16/'实盘净值数据(iFinD公式)'!$B$6:$X$6,'实盘净值数据(iFinD公式)'!$B17:$X17/'实盘净值数据(iFinD公式)'!$B16:$X16)/SUMPRODUCT(实盘持仓配置!$B$4:$X$4,'实盘净值数据(iFinD公式)'!$B16:$X16/'实盘净值数据(iFinD公式)'!$B$6:$X$6))*(1-实盘持仓配置!$Z$4)^(('实盘净值数据(iFinD公式)'!$A17-'实盘净值数据(iFinD公式)'!$A16)/365)-1) -> #VALUE! | D17: =IF(B17="","",B17/MAX(B$5:B17)-1) -> #VALUE! | E17: =IF(OR((ROW()-1)<5,'实盘净值数据(iFinD公式)'!$A17="",'实盘净值数据(iFinD公式)'!$B17=""),"",SUMPRODUCT(实盘持仓配置!$B$5:$X$5,'实盘净值数据(iFinD公式)'!$B17:$X17/'实盘净值数据(iFinD公式)'!$B$5:$X$5)*(1-实盘持仓配置!$Z$5)^(('实盘净值数据(iFinD公式)'!$A17-'实盘净值数据(iFinD公式)'!$A$5)/365)) -> #VALUE! | F17: =IF(OR(E16="",'实盘净值数据(iFinD公式)'!$A17="",'实盘净值数据(iFinD公式)'!$B17=""),"",(SUMPRODUCT(实盘持仓配置!$B$5:$X$5,'实盘净值数据(iFinD公式)'!$B16:$X16/'实盘净值数据(iFinD公式)'!$B$5:$X$5,'实盘净值数据(iFinD公式)'!$B17:$X17/'实盘净值数据(iFinD公式)'!$B16:$X16)/SUMPRODUCT(实盘持仓配置!$B$5:$X$5,'实盘净值数据(iFinD公式)'!$B16:$X16/'实盘净值数据(iFinD公式)'!$B$5:$X$5))*(1-实盘持仓配置!$Z$5)^(('实盘净值数据(iFinD公式)'!$A17-'实盘净值数据(iFinD公式)'!$A16)/365)-1) -> #VALUE! | G17: =IF(E17="","",E17/MAX(E$5:E17)-1) -> #VALUE! | H17: =IF(OR((ROW()-1)<7,'实盘净值数据(iFinD公式)'!$A17="",'实盘净值数据(iFinD公式)'!$B17=""),"",SUMPRODUCT(实盘持仓配置!$B$6:$X$6,'实盘净值数据(iFinD公式)'!$B17:$X17/'实盘净值数据(iFinD公式)'!$B$7:$X$7)*(1-实盘持仓配置!$Z$6)^(('实盘净值数据(iFinD公式)'!$A17-'实盘净值数据(iFinD公式)'!$A$7)/365)) -> #VALUE! | I17: =IF(OR(H16="",'实盘净值数据(iFinD公式)'!$A17="",'实盘净值数据(iFinD公式)'!$B17=""),"",(SUMPRODUCT(实盘持仓配置!$B$6:$X$6,'实盘净值数据(iFinD公式)'!$B16:$X16/'实盘净值数据(iFinD公式)'!$B$7:$X$7,'实盘净值数据(iFinD公式)'!$B17:$X17/'实盘净值数据(iFinD公式)'!$B16:$X16)/SUMPRODUCT(实盘持仓配置!$B$6:$X$6,'实盘净值数据(iFinD公式)'!$B16:$X16/'实盘净值数据(iFinD公式)'!$B$7:$X$7))*(1-实盘持仓配置!$Z$6)^(('实盘净值数据(iFinD公式)'!$A17-'实盘净值数据(iFinD公式)'!$A16)/365)-1) -> #VALUE! | J17: =IF(H17="","",H17/MAX(H$5:H17)-1) -> #VALUE! | K17: =IF(OR('实盘净值数据(iFinD公式)'!$A17="",'实盘净值数据(iFinD公式)'!$B17=""),"",分期持仓明细!$AB$9*SUMPRODUCT(分期持仓明细!$B$9:$Y$9,'实盘净值数据(iFinD公式)'!$B17:$Y17/'实盘净值数据(iFinD公式)'!$B$13:$Y$13)*(1-实盘持仓配置!$Z$7)^(('实盘净值数据(iFinD公式)'!$A17-'实盘净值数据(iFinD公式)'!$A$8)/365)) -> #VALUE! | L17: =IF(OR(K16="",K17=""),"",K17/K16-1) -> #VALUE! | M17: =IF(K17="","",K17/MAX(K$5:K17)-1) -> #VALUE! | N17: =IF(OR('实盘净值数据(iFinD公式)'!$A17="",'实盘净值数据(iFinD公式)'!$B17=""),"",分期持仓明细!$AB$11*SUMPRODUCT(分期持仓明细!$B$11:$Y$11,'实盘净值数据(iFinD公式)'!$B17:$Y17/'实盘净值数据(iFinD公式)'!$B$13:$Y$13)*(1-实盘持仓配置!$Z$8)^(('实盘净值数据(iFinD公式)'!$A17-'实盘净值数据(iFinD公式)'!$A$5)/365)) -> #VALUE! | O17: =IF(OR(N16="",N17=""),"",N17/N16-1) -> #VALUE! | P17: =IF(N17="","",N17/MAX(N$5:N17)-1) -> #VALUE! | Q17: =IF(OR('实盘净值数据(iFinD公式)'!$A17="",'实盘净值数据(iFinD公式)'!$B17=""),"",分期持仓明细!$AB$13*SUMPRODUCT(分期持仓明细!$B$13:$Y$13,'实盘净值数据(iFinD公式)'!$B17:$Y17/'实盘净值数据(iFinD公式)'!$B$13:$Y$13)*(1-实盘持仓配置!$Z$9)^(('实盘净值数据(iFinD公式)'!$A17-'实盘净值数据(iFinD公式)'!$A$8)/365)) -> #VALUE! | R17: =IF(OR(Q16="",Q17=""),"",Q17/Q16-1) -> #VALUE! | S17: =IF(Q17="","",Q17/MAX(Q$5:Q17)-1) -> #VALUE!
A18: =IF('实盘净值数据(iFinD公式)'!A18="","",'实盘净值数据(iFinD公式)'!A18) -> 46211 | B18: =IF(OR((ROW()-1)<6,'实盘净值数据(iFinD公式)'!$A18="",'实盘净值数据(iFinD公式)'!$B18=""),"",SUMPRODUCT(实盘持仓配置!$B$4:$X$4,'实盘净值数据(iFinD公式)'!$B18:$X18/'实盘净值数据(iFinD公式)'!$B$6:$X$6)*(1-实盘持仓配置!$Z$4)^(('实盘净值数据(iFinD公式)'!$A18-'实盘净值数据(iFinD公式)'!$A$6)/365)) -> #VALUE! | C18: =IF(OR(B17="",'实盘净值数据(iFinD公式)'!$A18="",'实盘净值数据(iFinD公式)'!$B18=""),"",(SUMPRODUCT(实盘持仓配置!$B$4:$X$4,'实盘净值数据(iFinD公式)'!$B17:$X17/'实盘净值数据(iFinD公式)'!$B$6:$X$6,'实盘净值数据(iFinD公式)'!$B18:$X18/'实盘净值数据(iFinD公式)'!$B17:$X17)/SUMPRODUCT(实盘持仓配置!$B$4:$X$4,'实盘净值数据(iFinD公式)'!$B17:$X17/'实盘净值数据(iFinD公式)'!$B$6:$X$6))*(1-实盘持仓配置!$Z$4)^(('实盘净值数据(iFinD公式)'!$A18-'实盘净值数据(iFinD公式)'!$A17)/365)-1) -> #VALUE! | D18: =IF(B18="","",B18/MAX(B$5:B18)-1) -> #VALUE! | E18: =IF(OR((ROW()-1)<5,'实盘净值数据(iFinD公式)'!$A18="",'实盘净值数据(iFinD公式)'!$B18=""),"",SUMPRODUCT(实盘持仓配置!$B$5:$X$5,'实盘净值数据(iFinD公式)'!$B18:$X18/'实盘净值数据(iFinD公式)'!$B$5:$X$5)*(1-实盘持仓配置!$Z$5)^(('实盘净值数据(iFinD公式)'!$A18-'实盘净值数据(iFinD公式)'!$A$5)/365)) -> #VALUE! | F18: =IF(OR(E17="",'实盘净值数据(iFinD公式)'!$A18="",'实盘净值数据(iFinD公式)'!$B18=""),"",(SUMPRODUCT(实盘持仓配置!$B$5:$X$5,'实盘净值数据(iFinD公式)'!$B17:$X17/'实盘净值数据(iFinD公式)'!$B$5:$X$5,'实盘净值数据(iFinD公式)'!$B18:$X18/'实盘净值数据(iFinD公式)'!$B17:$X17)/SUMPRODUCT(实盘持仓配置!$B$5:$X$5,'实盘净值数据(iFinD公式)'!$B17:$X17/'实盘净值数据(iFinD公式)'!$B$5:$X$5))*(1-实盘持仓配置!$Z$5)^(('实盘净值数据(iFinD公式)'!$A18-'实盘净值数据(iFinD公式)'!$A17)/365)-1) -> #VALUE! | G18: =IF(E18="","",E18/MAX(E$5:E18)-1) -> #VALUE! | H18: =IF(OR((ROW()-1)<7,'实盘净值数据(iFinD公式)'!$A18="",'实盘净值数据(iFinD公式)'!$B18=""),"",SUMPRODUCT(实盘持仓配置!$B$6:$X$6,'实盘净值数据(iFinD公式)'!$B18:$X18/'实盘净值数据(iFinD公式)'!$B$7:$X$7)*(1-实盘持仓配置!$Z$6)^(('实盘净值数据(iFinD公式)'!$A18-'实盘净值数据(iFinD公式)'!$A$7)/365)) -> #VALUE! | I18: =IF(OR(H17="",'实盘净值数据(iFinD公式)'!$A18="",'实盘净值数据(iFinD公式)'!$B18=""),"",(SUMPRODUCT(实盘持仓配置!$B$6:$X$6,'实盘净值数据(iFinD公式)'!$B17:$X17/'实盘净值数据(iFinD公式)'!$B$7:$X$7,'实盘净值数据(iFinD公式)'!$B18:$X18/'实盘净值数据(iFinD公式)'!$B17:$X17)/SUMPRODUCT(实盘持仓配置!$B$6:$X$6,'实盘净值数据(iFinD公式)'!$B17:$X17/'实盘净值数据(iFinD公式)'!$B$7:$X$7))*(1-实盘持仓配置!$Z$6)^(('实盘净值数据(iFinD公式)'!$A18-'实盘净值数据(iFinD公式)'!$A17)/365)-1) -> #VALUE! | J18: =IF(H18="","",H18/MAX(H$5:H18)-1) -> #VALUE! | K18: =IF(OR('实盘净值数据(iFinD公式)'!$A18="",'实盘净值数据(iFinD公式)'!$B18=""),"",分期持仓明细!$AB$14*SUMPRODUCT(分期持仓明细!$B$14:$Y$14,'实盘净值数据(iFinD公式)'!$B18:$Y18/'实盘净值数据(iFinD公式)'!$B$17:$Y$17)*(1-实盘持仓配置!$Z$7)^(('实盘净值数据(iFinD公式)'!$A18-'实盘净值数据(iFinD公式)'!$A$8)/365)) -> #VALUE! | L18: =IF(OR(K17="",K18=""),"",K18/K17-1) -> #VALUE! | M18: =IF(K18="","",K18/MAX(K$5:K18)-1) -> #VALUE! | N18: =IF(OR('实盘净值数据(iFinD公式)'!$A18="",'实盘净值数据(iFinD公式)'!$B18=""),"",分期持仓明细!$AB$15*SUMPRODUCT(分期持仓明细!$B$15:$Y$15,'实盘净值数据(iFinD公式)'!$B18:$Y18/'实盘净值数据(iFinD公式)'!$B$17:$Y$17)*(1-实盘持仓配置!$Z$8)^(('实盘净值数据(iFinD公式)'!$A18-'实盘净值数据(iFinD公式)'!$A$5)/365)) -> #VALUE! | O18: =IF(OR(N17="",N18=""),"",N18/N17-1) -> #VALUE! | P18: =IF(N18="","",N18/MAX(N$5:N18)-1) -> #VALUE! | Q18: =IF(OR('实盘净值数据(iFinD公式)'!$A18="",'实盘净值数据(iFinD公式)'!$B18=""),"",分期持仓明细!$AB$16*SUMPRODUCT(分期持仓明细!$B$16:$Y$16,'实盘净值数据(iFinD公式)'!$B18:$Y18/'实盘净值数据(iFinD公式)'!$B$17:$Y$17)*(1-实盘持仓配置!$Z$9)^(('实盘净值数据(iFinD公式)'!$A18-'实盘净值数据(iFinD公式)'!$A$8)/365)) -> #VALUE! | R18: =IF(OR(Q17="",Q18=""),"",Q18/Q17-1) -> #VALUE! | S18: =IF(Q18="","",Q18/MAX(Q$5:Q18)-1) -> #VALUE!
A19: =IF('实盘净值数据(iFinD公式)'!A19="","",'实盘净值数据(iFinD公式)'!A19) -> 46212 | B19: =IF(OR((ROW()-1)<6,'实盘净值数据(iFinD公式)'!$A19="",'实盘净值数据(iFinD公式)'!$B19=""),"",SUMPRODUCT(实盘持仓配置!$B$4:$X$4,'实盘净值数据(iFinD公式)'!$B19:$X19/'实盘净值数据(iFinD公式)'!$B$6:$X$6)*(1-实盘持仓配置!$Z$4)^(('实盘净值数据(iFinD公式)'!$A19-'实盘净值数据(iFinD公式)'!$A$6)/365)) -> #VALUE! | C19: =IF(OR(B18="",'实盘净值数据(iFinD公式)'!$A19="",'实盘净值数据(iFinD公式)'!$B19=""),"",(SUMPRODUCT(实盘持仓配置!$B$4:$X$4,'实盘净值数据(iFinD公式)'!$B18:$X18/'实盘净值数据(iFinD公式)'!$B$6:$X$6,'实盘净值数据(iFinD公式)'!$B19:$X19/'实盘净值数据(iFinD公式)'!$B18:$X18)/SUMPRODUCT(实盘持仓配置!$B$4:$X$4,'实盘净值数据(iFinD公式)'!$B18:$X18/'实盘净值数据(iFinD公式)'!$B$6:$X$6))*(1-实盘持仓配置!$Z$4)^(('实盘净值数据(iFinD公式)'!$A19-'实盘净值数据(iFinD公式)'!$A18)/365)-1) -> #VALUE! | D19: =IF(B19="","",B19/MAX(B$5:B19)-1) -> #VALUE! | E19: =IF(OR((ROW()-1)<5,'实盘净值数据(iFinD公式)'!$A19="",'实盘净值数据(iFinD公式)'!$B19=""),"",SUMPRODUCT(实盘持仓配置!$B$5:$X$5,'实盘净值数据(iFinD公式)'!$B19:$X19/'实盘净值数据(iFinD公式)'!$B$5:$X$5)*(1-实盘持仓配置!$Z$5)^(('实盘净值数据(iFinD公式)'!$A19-'实盘净值数据(iFinD公式)'!$A$5)/365)) -> #VALUE! | F19: =IF(OR(E18="",'实盘净值数据(iFinD公式)'!$A19="",'实盘净值数据(iFinD公式)'!$B19=""),"",(SUMPRODUCT(实盘持仓配置!$B$5:$X$5,'实盘净值数据(iFinD公式)'!$B18:$X18/'实盘净值数据(iFinD公式)'!$B$5:$X$5,'实盘净值数据(iFinD公式)'!$B19:$X19/'实盘净值数据(iFinD公式)'!$B18:$X18)/SUMPRODUCT(实盘持仓配置!$B$5:$X$5,'实盘净值数据(iFinD公式)'!$B18:$X18/'实盘净值数据(iFinD公式)'!$B$5:$X$5))*(1-实盘持仓配置!$Z$5)^(('实盘净值数据(iFinD公式)'!$A19-'实盘净值数据(iFinD公式)'!$A18)/365)-1) -> #VALUE! | G19: =IF(E19="","",E19/MAX(E$5:E19)-1) -> #VALUE! | H19: =IF(OR((ROW()-1)<7,'实盘净值数据(iFinD公式)'!$A19="",'实盘净值数据(iFinD公式)'!$B19=""),"",SUMPRODUCT(实盘持仓配置!$B$6:$X$6,'实盘净值数据(iFinD公式)'!$B19:$X19/'实盘净值数据(iFinD公式)'!$B$7:$X$7)*(1-实盘持仓配置!$Z$6)^(('实盘净值数据(iFinD公式)'!$A19-'实盘净值数据(iFinD公式)'!$A$7)/365)) -> #VALUE! | I19: =IF(OR(H18="",'实盘净值数据(iFinD公式)'!$A19="",'实盘净值数据(iFinD公式)'!$B19=""),"",(SUMPRODUCT(实盘持仓配置!$B$6:$X$6,'实盘净值数据(iFinD公式)'!$B18:$X18/'实盘净值数据(iFinD公式)'!$B$7:$X$7,'实盘净值数据(iFinD公式)'!$B19:$X19/'实盘净值数据(iFinD公式)'!$B18:$X18)/SUMPRODUCT(实盘持仓配置!$B$6:$X$6,'实盘净值数据(iFinD公式)'!$B18:$X18/'实盘净值数据(iFinD公式)'!$B$7:$X$7))*(1-实盘持仓配置!$Z$6)^(('实盘净值数据(iFinD公式)'!$A19-'实盘净值数据(iFinD公式)'!$A18)/365)-1) -> #VALUE! | J19: =IF(H19="","",H19/MAX(H$5:H19)-1) -> #VALUE! | K19: =IF(OR('实盘净值数据(iFinD公式)'!$A19="",'实盘净值数据(iFinD公式)'!$B19=""),"",分期持仓明细!$AB$14*SUMPRODUCT(分期持仓明细!$B$14:$Y$14,'实盘净值数据(iFinD公式)'!$B19:$Y19/'实盘净值数据(iFinD公式)'!$B$17:$Y$17)*(1-实盘持仓配置!$Z$7)^(('实盘净值数据(iFinD公式)'!$A19-'实盘净值数据(iFinD公式)'!$A$8)/365)) -> #VALUE! | L19: =IF(OR(K18="",K19=""),"",K19/K18-1) -> #VALUE! | M19: =IF(K19="","",K19/MAX(K$5:K19)-1) -> #VALUE! | N19: =IF(OR('实盘净值数据(iFinD公式)'!$A19="",'实盘净值数据(iFinD公式)'!$B19=""),"",分期持仓明细!$AB$15*SUMPRODUCT(分期持仓明细!$B$15:$Y$15,'实盘净值数据(iFinD公式)'!$B19:$Y19/'实盘净值数据(iFinD公式)'!$B$17:$Y$17)*(1-实盘持仓配置!$Z$8)^(('实盘净值数据(iFinD公式)'!$A19-'实盘净值数据(iFinD公式)'!$A$5)/365)) -> #VALUE! | O19: =IF(OR(N18="",N19=""),"",N19/N18-1) -> #VALUE! | P19: =IF(N19="","",N19/MAX(N$5:N19)-1) -> #VALUE! | Q19: =IF(OR('实盘净值数据(iFinD公式)'!$A19="",'实盘净值数据(iFinD公式)'!$B19=""),"",分期持仓明细!$AB$16*SUMPRODUCT(分期持仓明细!$B$16:$Y$16,'实盘净值数据(iFinD公式)'!$B19:$Y19/'实盘净值数据(iFinD公式)'!$B$17:$Y$17)*(1-实盘持仓配置!$Z$9)^(('实盘净值数据(iFinD公式)'!$A19-'实盘净值数据(iFinD公式)'!$A$8)/365)) -> #VALUE! | R19: =IF(OR(Q18="",Q19=""),"",Q19/Q18-1) -> #VALUE! | S19: =IF(Q19="","",Q19/MAX(Q$5:Q19)-1) -> #VALUE!
A20: =IF('实盘净值数据(iFinD公式)'!A20="","",'实盘净值数据(iFinD公式)'!A20) -> 46213 | B20: =IF(OR((ROW()-1)<6,'实盘净值数据(iFinD公式)'!$A20="",'实盘净值数据(iFinD公式)'!$B20=""),"",SUMPRODUCT(实盘持仓配置!$B$4:$X$4,'实盘净值数据(iFinD公式)'!$B20:$X20/'实盘净值数据(iFinD公式)'!$B$6:$X$6)*(1-实盘持仓配置!$Z$4)^(('实盘净值数据(iFinD公式)'!$A20-'实盘净值数据(iFinD公式)'!$A$6)/365)) -> #VALUE! | C20: =IF(OR(B19="",'实盘净值数据(iFinD公式)'!$A20="",'实盘净值数据(iFinD公式)'!$B20=""),"",(SUMPRODUCT(实盘持仓配置!$B$4:$X$4,'实盘净值数据(iFinD公式)'!$B19:$X19/'实盘净值数据(iFinD公式)'!$B$6:$X$6,'实盘净值数据(iFinD公式)'!$B20:$X20/'实盘净值数据(iFinD公式)'!$B19:$X19)/SUMPRODUCT(实盘持仓配置!$B$4:$X$4,'实盘净值数据(iFinD公式)'!$B19:$X19/'实盘净值数据(iFinD公式)'!$B$6:$X$6))*(1-实盘持仓配置!$Z$4)^(('实盘净值数据(iFinD公式)'!$A20-'实盘净值数据(iFinD公式)'!$A19)/365)-1) -> #VALUE! | D20: =IF(B20="","",B20/MAX(B$5:B20)-1) -> #VALUE! | E20: =IF(OR((ROW()-1)<5,'实盘净值数据(iFinD公式)'!$A20="",'实盘净值数据(iFinD公式)'!$B20=""),"",SUMPRODUCT(实盘持仓配置!$B$5:$X$5,'实盘净值数据(iFinD公式)'!$B20:$X20/'实盘净值数据(iFinD公式)'!$B$5:$X$5)*(1-实盘持仓配置!$Z$5)^(('实盘净值数据(iFinD公式)'!$A20-'实盘净值数据(iFinD公式)'!$A$5)/365)) -> #VALUE! | F20: =IF(OR(E19="",'实盘净值数据(iFinD公式)'!$A20="",'实盘净值数据(iFinD公式)'!$B20=""),"",(SUMPRODUCT(实盘持仓配置!$B$5:$X$5,'实盘净值数据(iFinD公式)'!$B19:$X19/'实盘净值数据(iFinD公式)'!$B$5:$X$5,'实盘净值数据(iFinD公式)'!$B20:$X20/'实盘净值数据(iFinD公式)'!$B19:$X19)/SUMPRODUCT(实盘持仓配置!$B$5:$X$5,'实盘净值数据(iFinD公式)'!$B19:$X19/'实盘净值数据(iFinD公式)'!$B$5:$X$5))*(1-实盘持仓配置!$Z$5)^(('实盘净值数据(iFinD公式)'!$A20-'实盘净值数据(iFinD公式)'!$A19)/365)-1) -> #VALUE! | G20: =IF(E20="","",E20/MAX(E$5:E20)-1) -> #VALUE! | H20: =IF(OR((ROW()-1)<7,'实盘净值数据(iFinD公式)'!$A20="",'实盘净值数据(iFinD公式)'!$B20=""),"",SUMPRODUCT(实盘持仓配置!$B$6:$X$6,'实盘净值数据(iFinD公式)'!$B20:$X20/'实盘净值数据(iFinD公式)'!$B$7:$X$7)*(1-实盘持仓配置!$Z$6)^(('实盘净值数据(iFinD公式)'!$A20-'实盘净值数据(iFinD公式)'!$A$7)/365)) -> #VALUE! | I20: =IF(OR(H19="",'实盘净值数据(iFinD公式)'!$A20="",'实盘净值数据(iFinD公式)'!$B20=""),"",(SUMPRODUCT(实盘持仓配置!$B$6:$X$6,'实盘净值数据(iFinD公式)'!$B19:$X19/'实盘净值数据(iFinD公式)'!$B$7:$X$7,'实盘净值数据(iFinD公式)'!$B20:$X20/'实盘净值数据(iFinD公式)'!$B19:$X19)/SUMPRODUCT(实盘持仓配置!$B$6:$X$6,'实盘净值数据(iFinD公式)'!$B19:$X19/'实盘净值数据(iFinD公式)'!$B$7:$X$7))*(1-实盘持仓配置!$Z$6)^(('实盘净值数据(iFinD公式)'!$A20-'实盘净值数据(iFinD公式)'!$A19)/365)-1) -> #VALUE! | J20: =IF(H20="","",H20/MAX(H$5:H20)-1) -> #VALUE! | K20: =IF(OR('实盘净值数据(iFinD公式)'!$A20="",'实盘净值数据(iFinD公式)'!$B20=""),"",分期持仓明细!$AB$14*SUMPRODUCT(分期持仓明细!$B$14:$Y$14,'实盘净值数据(iFinD公式)'!$B20:$Y20/'实盘净值数据(iFinD公式)'!$B$17:$Y$17)*(1-实盘持仓配置!$Z$7)^(('实盘净值数据(iFinD公式)'!$A20-'实盘净值数据(iFinD公式)'!$A$8)/365)) -> #VALUE! | L20: =IF(OR(K19="",K20=""),"",K20/K19-1) -> #VALUE! | M20: =IF(K20="","",K20/MAX(K$5:K20)-1) -> #VALUE! | N20: =IF(OR('实盘净值数据(iFinD公式)'!$A20="",'实盘净值数据(iFinD公式)'!$B20=""),"",分期持仓明细!$AB$15*SUMPRODUCT(分期持仓明细!$B$15:$Y$15,'实盘净值数据(iFinD公式)'!$B20:$Y20/'实盘净值数据(iFinD公式)'!$B$17:$Y$17)*(1-实盘持仓配置!$Z$8)^(('实盘净值数据(iFinD公式)'!$A20-'实盘净值数据(iFinD公式)'!$A$5)/365)) -> #VALUE! | O20: =IF(OR(N19="",N20=""),"",N20/N19-1) -> #VALUE! | P20: =IF(N20="","",N20/MAX(N$5:N20)-1) -> #VALUE! | Q20: =IF(OR('实盘净值数据(iFinD公式)'!$A20="",'实盘净值数据(iFinD公式)'!$B20=""),"",分期持仓明细!$AB$16*SUMPRODUCT(分期持仓明细!$B$16:$Y$16,'实盘净值数据(iFinD公式)'!$B20:$Y20/'实盘净值数据(iFinD公式)'!$B$17:$Y$17)*(1-实盘持仓配置!$Z$9)^(('实盘净值数据(iFinD公式)'!$A20-'实盘净值数据(iFinD公式)'!$A$8)/365)) -> #VALUE! | R20: =IF(OR(Q19="",Q20=""),"",Q20/Q19-1) -> #VALUE! | S20: =IF(Q20="","",Q20/MAX(Q$5:Q20)-1) -> #VALUE!
A21: =IF('实盘净值数据(iFinD公式)'!A21="","",'实盘净值数据(iFinD公式)'!A21) -> 46216 | B21: =IF(OR('实盘净值数据(iFinD公式)'!$A21="",'实盘净值数据(iFinD公式)'!$B21=""),"",分期持仓明细!$AB$17*SUMPRODUCT(分期持仓明细!$B$17:$Y$17,'实盘净值数据(iFinD公式)'!$B21:$Y21/'实盘净值数据(iFinD公式)'!$B$20:$Y$20)*(1-实盘持仓配置!$Z$4)^(('实盘净值数据(iFinD公式)'!$A21-'实盘净值数据(iFinD公式)'!$A$6)/365)) -> #VALUE! | C21: =IF(OR(B20="",B21=""),"",B21/B20-1) -> #VALUE! | D21: =IF(B21="","",B21/MAX(B$5:B21)-1) -> #VALUE! | E21: =IF(OR('实盘净值数据(iFinD公式)'!$A21="",'实盘净值数据(iFinD公式)'!$B21=""),"",分期持仓明细!$AB$18*SUMPRODUCT(分期持仓明细!$B$18:$Y$18,'实盘净值数据(iFinD公式)'!$B21:$Y21/'实盘净值数据(iFinD公式)'!$B$20:$Y$20)*(1-实盘持仓配置!$Z$5)^(('实盘净值数据(iFinD公式)'!$A21-'实盘净值数据(iFinD公式)'!$A$5)/365)) -> #VALUE! | F21: =IF(OR(E20="",E21=""),"",E21/E20-1) -> #VALUE! | G21: =IF(E21="","",E21/MAX(E$5:E21)-1) -> #VALUE! | H21: =IF(OR('实盘净值数据(iFinD公式)'!$A21="",'实盘净值数据(iFinD公式)'!$B21=""),"",分期持仓明细!$AB$19*SUMPRODUCT(分期持仓明细!$B$19:$Y$19,'实盘净值数据(iFinD公式)'!$B21:$Y21/'实盘净值数据(iFinD公式)'!$B$20:$Y$20)*(1-实盘持仓配置!$Z$6)^(('实盘净值数据(iFinD公式)'!$A21-'实盘净值数据(iFinD公式)'!$A$7)/365)) -> #VALUE! | I21: =IF(OR(H20="",H21=""),"",H21/H20-1) -> #VALUE! | J21: =IF(H21="","",H21/MAX(H$5:H21)-1) -> #VALUE! | K21: =IF(OR('实盘净值数据(iFinD公式)'!$A21="",'实盘净值数据(iFinD公式)'!$B21=""),"",分期持仓明细!$AB$14*SUMPRODUCT(分期持仓明细!$B$14:$Y$14,'实盘净值数据(iFinD公式)'!$B21:$Y21/'实盘净值数据(iFinD公式)'!$B$17:$Y$17)*(1-实盘持仓配置!$Z$7)^(('实盘净值数据(iFinD公式)'!$A21-'实盘净值数据(iFinD公式)'!$A$8)/365)) -> #VALUE! | L21: =IF(OR(K20="",K21=""),"",K21/K20-1) -> #VALUE! | M21: =IF(K21="","",K21/MAX(K$5:K21)-1) -> #VALUE! | N21: =IF(OR('实盘净值数据(iFinD公式)'!$A21="",'实盘净值数据(iFinD公式)'!$B21=""),"",分期持仓明细!$AB$15*SUMPRODUCT(分期持仓明细!$B$15:$Y$15,'实盘净值数据(iFinD公式)'!$B21:$Y21/'实盘净值数据(iFinD公式)'!$B$17:$Y$17)*(1-实盘持仓配置!$Z$8)^(('实盘净值数据(iFinD公式)'!$A21-'实盘净值数据(iFinD公式)'!$A$5)/365)) -> #VALUE! | O21: =IF(OR(N20="",N21=""),"",N21/N20-1) -> #VALUE! | P21: =IF(N21="","",N21/MAX(N$5:N21)-1) -> #VALUE! | Q21: =IF(OR('实盘净值数据(iFinD公式)'!$A21="",'实盘净值数据(iFinD公式)'!$B21=""),"",分期持仓明细!$AB$16*SUMPRODUCT(分期持仓明细!$B$16:$Y$16,'实盘净值数据(iFinD公式)'!$B21:$Y21/'实盘净值数据(iFinD公式)'!$B$17:$Y$17)*(1-实盘持仓配置!$Z$9)^(('实盘净值数据(iFinD公式)'!$A21-'实盘净值数据(iFinD公式)'!$A$8)/365)) -> #VALUE! | R21: =IF(OR(Q20="",Q21=""),"",Q21/Q20-1) -> #VALUE! | S21: =IF(Q21="","",Q21/MAX(Q$5:Q21)-1) -> #VALUE!
A22: =IF('实盘净值数据(iFinD公式)'!A22="","",'实盘净值数据(iFinD公式)'!A22) -> 46217 | B22: =IF(OR('实盘净值数据(iFinD公式)'!$A22="",'实盘净值数据(iFinD公式)'!$B22=""),"",分期持仓明细!$AB$17*SUMPRODUCT(分期持仓明细!$B$17:$Y$17,'实盘净值数据(iFinD公式)'!$B22:$Y22/'实盘净值数据(iFinD公式)'!$B$20:$Y$20)*(1-实盘持仓配置!$Z$4)^(('实盘净值数据(iFinD公式)'!$A22-'实盘净值数据(iFinD公式)'!$A$6)/365)) -> #VALUE! | C22: =IF(OR(B21="",B22=""),"",B22/B21-1) -> #VALUE! | D22: =IF(B22="","",B22/MAX(B$5:B22)-1) -> #VALUE! | E22: =IF(OR('实盘净值数据(iFinD公式)'!$A22="",'实盘净值数据(iFinD公式)'!$B22=""),"",分期持仓明细!$AB$18*SUMPRODUCT(分期持仓明细!$B$18:$Y$18,'实盘净值数据(iFinD公式)'!$B22:$Y22/'实盘净值数据(iFinD公式)'!$B$20:$Y$20)*(1-实盘持仓配置!$Z$5)^(('实盘净值数据(iFinD公式)'!$A22-'实盘净值数据(iFinD公式)'!$A$5)/365)) -> #VALUE! | F22: =IF(OR(E21="",E22=""),"",E22/E21-1) -> #VALUE! | G22: =IF(E22="","",E22/MAX(E$5:E22)-1) -> #VALUE! | H22: =IF(OR('实盘净值数据(iFinD公式)'!$A22="",'实盘净值数据(iFinD公式)'!$B22=""),"",分期持仓明细!$AB$19*SUMPRODUCT(分期持仓明细!$B$19:$Y$19,'实盘净值数据(iFinD公式)'!$B22:$Y22/'实盘净值数据(iFinD公式)'!$B$20:$Y$20)*(1-实盘持仓配置!$Z$6)^(('实盘净值数据(iFinD公式)'!$A22-'实盘净值数据(iFinD公式)'!$A$7)/365)) -> #VALUE! | I22: =IF(OR(H21="",H22=""),"",H22/H21-1) -> #VALUE! | J22: =IF(H22="","",H22/MAX(H$5:H22)-1) -> #VALUE! | K22: =IF(OR('实盘净值数据(iFinD公式)'!$A22="",'实盘净值数据(iFinD公式)'!$B22=""),"",分期持仓明细!$AB$14*SUMPRODUCT(分期持仓明细!$B$14:$Y$14,'实盘净值数据(iFinD公式)'!$B22:$Y22/'实盘净值数据(iFinD公式)'!$B$17:$Y$17)*(1-实盘持仓配置!$Z$7)^(('实盘净值数据(iFinD公式)'!$A22-'实盘净值数据(iFinD公式)'!$A$8)/365)) -> #VALUE! | L22: =IF(OR(K21="",K22=""),"",K22/K21-1) -> #VALUE! | M22: =IF(K22="","",K22/MAX(K$5:K22)-1) -> #VALUE! | N22: =IF(OR('实盘净值数据(iFinD公式)'!$A22="",'实盘净值数据(iFinD公式)'!$B22=""),"",分期持仓明细!$AB$15*SUMPRODUCT(分期持仓明细!$B$15:$Y$15,'实盘净值数据(iFinD公式)'!$B22:$Y22/'实盘净值数据(iFinD公式)'!$B$17:$Y$17)*(1-实盘持仓配置!$Z$8)^(('实盘净值数据(iFinD公式)'!$A22-'实盘净值数据(iFinD公式)'!$A$5)/365)) -> #VALUE! | O22: =IF(OR(N21="",N22=""),"",N22/N21-1) -> #VALUE! | P22: =IF(N22="","",N22/MAX(N$5:N22)-1) -> #VALUE! | Q22: =IF(OR('实盘净值数据(iFinD公式)'!$A22="",'实盘净值数据(iFinD公式)'!$B22=""),"",分期持仓明细!$AB$16*SUMPRODUCT(分期持仓明细!$B$16:$Y$16,'实盘净值数据(iFinD公式)'!$B22:$Y22/'实盘净值数据(iFinD公式)'!$B$17:$Y$17)*(1-实盘持仓配置!$Z$9)^(('实盘净值数据(iFinD公式)'!$A22-'实盘净值数据(iFinD公式)'!$A$8)/365)) -> #VALUE! | R22: =IF(OR(Q21="",Q22=""),"",Q22/Q21-1) -> #VALUE! | S22: =IF(Q22="","",Q22/MAX(Q$5:Q22)-1) -> #VALUE!
A23: =IF('实盘净值数据(iFinD公式)'!A23="","",'实盘净值数据(iFinD公式)'!A23) -> 46218 | B23: =IF(OR('实盘净值数据(iFinD公式)'!$A23="",'实盘净值数据(iFinD公式)'!$B23=""),"",分期持仓明细!$AB$17*SUMPRODUCT(分期持仓明细!$B$17:$Y$17,'实盘净值数据(iFinD公式)'!$B23:$Y23/'实盘净值数据(iFinD公式)'!$B$20:$Y$20)*(1-实盘持仓配置!$Z$4)^(('实盘净值数据(iFinD公式)'!$A23-'实盘净值数据(iFinD公式)'!$A$6)/365)) -> #VALUE! | C23: =IF(OR(B22="",B23=""),"",B23/B22-1) -> #VALUE! | D23: =IF(B23="","",B23/MAX(B$5:B23)-1) -> #VALUE! | E23: =IF(OR('实盘净值数据(iFinD公式)'!$A23="",'实盘净值数据(iFinD公式)'!$B23=""),"",分期持仓明细!$AB$18*SUMPRODUCT(分期持仓明细!$B$18:$Y$18,'实盘净值数据(iFinD公式)'!$B23:$Y23/'实盘净值数据(iFinD公式)'!$B$20:$Y$20)*(1-实盘持仓配置!$Z$5)^(('实盘净值数据(iFinD公式)'!$A23-'实盘净值数据(iFinD公式)'!$A$5)/365)) -> #VALUE! | F23: =IF(OR(E22="",E23=""),"",E23/E22-1) -> #VALUE! | G23: =IF(E23="","",E23/MAX(E$5:E23)-1) -> #VALUE! | H23: =IF(OR('实盘净值数据(iFinD公式)'!$A23="",'实盘净值数据(iFinD公式)'!$B23=""),"",分期持仓明细!$AB$19*SUMPRODUCT(分期持仓明细!$B$19:$Y$19,'实盘净值数据(iFinD公式)'!$B23:$Y23/'实盘净值数据(iFinD公式)'!$B$20:$Y$20)*(1-实盘持仓配置!$Z$6)^(('实盘净值数据(iFinD公式)'!$A23-'实盘净值数据(iFinD公式)'!$A$7)/365)) -> #VALUE! | I23: =IF(OR(H22="",H23=""),"",H23/H22-1) -> #VALUE! | J23: =IF(H23="","",H23/MAX(H$5:H23)-1) -> #VALUE! | K23: =IF(OR('实盘净值数据(iFinD公式)'!$A23="",'实盘净值数据(iFinD公式)'!$B23=""),"",分期持仓明细!$AB$14*SUMPRODUCT(分期持仓明细!$B$14:$Y$14,'实盘净值数据(iFinD公式)'!$B23:$Y23/'实盘净值数据(iFinD公式)'!$B$17:$Y$17)*(1-实盘持仓配置!$Z$7)^(('实盘净值数据(iFinD公式)'!$A23-'实盘净值数据(iFinD公式)'!$A$8)/365)) -> #VALUE! | L23: =IF(OR(K22="",K23=""),"",K23/K22-1) -> #VALUE! | M23: =IF(K23="","",K23/MAX(K$5:K23)-1) -> #VALUE! | N23: =IF(OR('实盘净值数据(iFinD公式)'!$A23="",'实盘净值数据(iFinD公式)'!$B23=""),"",分期持仓明细!$AB$15*SUMPRODUCT(分期持仓明细!$B$15:$Y$15,'实盘净值数据(iFinD公式)'!$B23:$Y23/'实盘净值数据(iFinD公式)'!$B$17:$Y$17)*(1-实盘持仓配置!$Z$8)^(('实盘净值数据(iFinD公式)'!$A23-'实盘净值数据(iFinD公式)'!$A$5)/365)) -> #VALUE! | O23: =IF(OR(N22="",N23=""),"",N23/N22-1) -> #VALUE! | P23: =IF(N23="","",N23/MAX(N$5:N23)-1) -> #VALUE! | Q23: =IF(OR('实盘净值数据(iFinD公式)'!$A23="",'实盘净值数据(iFinD公式)'!$B23=""),"",分期持仓明细!$AB$16*SUMPRODUCT(分期持仓明细!$B$16:$Y$16,'实盘净值数据(iFinD公式)'!$B23:$Y23/'实盘净值数据(iFinD公式)'!$B$17:$Y$17)*(1-实盘持仓配置!$Z$9)^(('实盘净值数据(iFinD公式)'!$A23-'实盘净值数据(iFinD公式)'!$A$8)/365)) -> #VALUE! | R23: =IF(OR(Q22="",Q23=""),"",Q23/Q22-1) -> #VALUE! | S23: =IF(Q23="","",Q23/MAX(Q$5:Q23)-1) -> #VALUE!
A24: =IF('实盘净值数据(iFinD公式)'!A24="","",'实盘净值数据(iFinD公式)'!A24) | B24: =IF(OR('实盘净值数据(iFinD公式)'!$A24="",'实盘净值数据(iFinD公式)'!$B24=""),"",分期持仓明细!$AB$17*SUMPRODUCT(分期持仓明细!$B$17:$Y$17,'实盘净值数据(iFinD公式)'!$B24:$Y24/'实盘净值数据(iFinD公式)'!$B$20:$Y$20)*(1-实盘持仓配置!$Z$4)^(('实盘净值数据(iFinD公式)'!$A24-'实盘净值数据(iFinD公式)'!$A$6)/365)) | C24: =IF(OR(B23="",B24=""),"",B24/B23-1) -> #VALUE! | D24: =IF(B24="","",B24/MAX(B$5:B24)-1) | E24: =IF(OR('实盘净值数据(iFinD公式)'!$A24="",'实盘净值数据(iFinD公式)'!$B24=""),"",分期持仓明细!$AB$18*SUMPRODUCT(分期持仓明细!$B$18:$Y$18,'实盘净值数据(iFinD公式)'!$B24:$Y24/'实盘净值数据(iFinD公式)'!$B$20:$Y$20)*(1-实盘持仓配置!$Z$5)^(('实盘净值数据(iFinD公式)'!$A24-'实盘净值数据(iFinD公式)'!$A$5)/365)) | F24: =IF(OR(E23="",E24=""),"",E24/E23-1) -> #VALUE! | G24: =IF(E24="","",E24/MAX(E$5:E24)-1) | H24: =IF(OR('实盘净值数据(iFinD公式)'!$A24="",'实盘净值数据(iFinD公式)'!$B24=""),"",分期持仓明细!$AB$19*SUMPRODUCT(分期持仓明细!$B$19:$Y$19,'实盘净值数据(iFinD公式)'!$B24:$Y24/'实盘净值数据(iFinD公式)'!$B$20:$Y$20)*(1-实盘持仓配置!$Z$6)^(('实盘净值数据(iFinD公式)'!$A24-'实盘净值数据(iFinD公式)'!$A$7)/365)) | I24: =IF(OR(H23="",H24=""),"",H24/H23-1) -> #VALUE! | J24: =IF(H24="","",H24/MAX(H$5:H24)-1) | K24: =IF(OR('实盘净值数据(iFinD公式)'!$A24="",'实盘净值数据(iFinD公式)'!$B24=""),"",分期持仓明细!$AB$14*SUMPRODUCT(分期持仓明细!$B$14:$Y$14,'实盘净值数据(iFinD公式)'!$B24:$Y24/'实盘净值数据(iFinD公式)'!$B$17:$Y$17)*(1-实盘持仓配置!$Z$7)^(('实盘净值数据(iFinD公式)'!$A24-'实盘净值数据(iFinD公式)'!$A$8)/365)) | L24: =IF(OR(K23="",K24=""),"",K24/K23-1) -> #VALUE! | M24: =IF(K24="","",K24/MAX(K$5:K24)-1) | N24: =IF(OR('实盘净值数据(iFinD公式)'!$A24="",'实盘净值数据(iFinD公式)'!$B24=""),"",分期持仓明细!$AB$15*SUMPRODUCT(分期持仓明细!$B$15:$Y$15,'实盘净值数据(iFinD公式)'!$B24:$Y24/'实盘净值数据(iFinD公式)'!$B$17:$Y$17)*(1-实盘持仓配置!$Z$8)^(('实盘净值数据(iFinD公式)'!$A24-'实盘净值数据(iFinD公式)'!$A$5)/365)) | O24: =IF(OR(N23="",N24=""),"",N24/N23-1) -> #VALUE! | P24: =IF(N24="","",N24/MAX(N$5:N24)-1) | Q24: =IF(OR('实盘净值数据(iFinD公式)'!$A24="",'实盘净值数据(iFinD公式)'!$B24=""),"",分期持仓明细!$AB$16*SUMPRODUCT(分期持仓明细!$B$16:$Y$16,'实盘净值数据(iFinD公式)'!$B24:$Y24/'实盘净值数据(iFinD公式)'!$B$17:$Y$17)*(1-实盘持仓配置!$Z$9)^(('实盘净值数据(iFinD公式)'!$A24-'实盘净值数据(iFinD公式)'!$A$8)/365)) | R24: =IF(OR(Q23="",Q24=""),"",Q24/Q23-1) -> #VALUE! | S24: =IF(Q24="","",Q24/MAX(Q$5:Q24)-1)
A25: =IF('实盘净值数据(iFinD公式)'!A25="","",'实盘净值数据(iFinD公式)'!A25) | B25: =IF(OR('实盘净值数据(iFinD公式)'!$A25="",'实盘净值数据(iFinD公式)'!$B25=""),"",分期持仓明细!$AB$17*SUMPRODUCT(分期持仓明细!$B$17:$Y$17,'实盘净值数据(iFinD公式)'!$B25:$Y25/'实盘净值数据(iFinD公式)'!$B$20:$Y$20)*(1-实盘持仓配置!$Z$4)^(('实盘净值数据(iFinD公式)'!$A25-'实盘净值数据(iFinD公式)'!$A$6)/365)) | C25: =IF(OR(B24="",B25=""),"",B25/B24-1) | D25: =IF(B25="","",B25/MAX(B$5:B25)-1) | E25: =IF(OR('实盘净值数据(iFinD公式)'!$A25="",'实盘净值数据(iFinD公式)'!$B25=""),"",分期持仓明细!$AB$18*SUMPRODUCT(分期持仓明细!$B$18:$Y$18,'实盘净值数据(iFinD公式)'!$B25:$Y25/'实盘净值数据(iFinD公式)'!$B$20:$Y$20)*(1-实盘持仓配置!$Z$5)^(('实盘净值数据(iFinD公式)'!$A25-'实盘净值数据(iFinD公式)'!$A$5)/365)) | F25: =IF(OR(E24="",E25=""),"",E25/E24-1) | G25: =IF(E25="","",E25/MAX(E$5:E25)-1) | H25: =IF(OR('实盘净值数据(iFinD公式)'!$A25="",'实盘净值数据(iFinD公式)'!$B25=""),"",分期持仓明细!$AB$19*SUMPRODUCT(分期持仓明细!$B$19:$Y$19,'实盘净值数据(iFinD公式)'!$B25:$Y25/'实盘净值数据(iFinD公式)'!$B$20:$Y$20)*(1-实盘持仓配置!$Z$6)^(('实盘净值数据(iFinD公式)'!$A25-'实盘净值数据(iFinD公式)'!$A$7)/365)) | I25: =IF(OR(H24="",H25=""),"",H25/H24-1) | J25: =IF(H25="","",H25/MAX(H$5:H25)-1) | K25: =IF(OR('实盘净值数据(iFinD公式)'!$A25="",'实盘净值数据(iFinD公式)'!$B25=""),"",分期持仓明细!$AB$20*SUMPRODUCT(分期持仓明细!$B$20:$Y$20,'实盘净值数据(iFinD公式)'!$B25:$Y25/'实盘净值数据(iFinD公式)'!$B$25:$Y$25)*(1-实盘持仓配置!$Z$7)^(('实盘净值数据(iFinD公式)'!$A25-'实盘净值数据(iFinD公式)'!$A$8)/365)) | L25: =IF(OR(K24="",K25=""),"",K25/K24-1) | M25: =IF(K25="","",K25/MAX(K$5:K25)-1) | N25: =IF(OR('实盘净值数据(iFinD公式)'!$A25="",'实盘净值数据(iFinD公式)'!$B25=""),"",分期持仓明细!$AB$21*SUMPRODUCT(分期持仓明细!$B$21:$Y$21,'实盘净值数据(iFinD公式)'!$B25:$Y25/'实盘净值数据(iFinD公式)'!$B$25:$Y$25)*(1-实盘持仓配置!$Z$8)^(('实盘净值数据(iFinD公式)'!$A25-'实盘净值数据(iFinD公式)'!$A$5)/365)) | O25: =IF(OR(N24="",N25=""),"",N25/N24-1) | P25: =IF(N25="","",N25/MAX(N$5:N25)-1) | Q25: =IF(OR('实盘净值数据(iFinD公式)'!$A25="",'实盘净值数据(iFinD公式)'!$B25=""),"",分期持仓明细!$AB$22*SUMPRODUCT(分期持仓明细!$B$22:$Y$22,'实盘净值数据(iFinD公式)'!$B25:$Y25/'实盘净值数据(iFinD公式)'!$B$25:$Y$25)*(1-实盘持仓配置!$Z$9)^(('实盘净值数据(iFinD公式)'!$A25-'实盘净值数据(iFinD公式)'!$A$8)/365)) | R25: =IF(OR(Q24="",Q25=""),"",Q25/Q24-1) | S25: =IF(Q25="","",Q25/MAX(Q$5:Q25)-1)
A26: =IF('实盘净值数据(iFinD公式)'!A26="","",'实盘净值数据(iFinD公式)'!A26) | B26: =IF(OR('实盘净值数据(iFinD公式)'!$A26="",'实盘净值数据(iFinD公式)'!$B26=""),"",分期持仓明细!$AB$17*SUMPRODUCT(分期持仓明细!$B$17:$Y$17,'实盘净值数据(iFinD公式)'!$B26:$Y26/'实盘净值数据(iFinD公式)'!$B$20:$Y$20)*(1-实盘持仓配置!$Z$4)^(('实盘净值数据(iFinD公式)'!$A26-'实盘净值数据(iFinD公式)'!$A$6)/365)) | C26: =IF(OR(B25="",B26=""),"",B26/B25-1) | D26: =IF(B26="","",B26/MAX(B$5:B26)-1) | E26: =IF(OR('实盘净值数据(iFinD公式)'!$A26="",'实盘净值数据(iFinD公式)'!$B26=""),"",分期持仓明细!$AB$18*SUMPRODUCT(分期持仓明细!$B$18:$Y$18,'实盘净值数据(iFinD公式)'!$B26:$Y26/'实盘净值数据(iFinD公式)'!$B$20:$Y$20)*(1-实盘持仓配置!$Z$5)^(('实盘净值数据(iFinD公式)'!$A26-'实盘净值数据(iFinD公式)'!$A$5)/365)) | F26: =IF(OR(E25="",E26=""),"",E26/E25-1) | G26: =IF(E26="","",E26/MAX(E$5:E26)-1) | H26: =IF(OR('实盘净值数据(iFinD公式)'!$A26="",'实盘净值数据(iFinD公式)'!$B26=""),"",分期持仓明细!$AB$19*SUMPRODUCT(分期持仓明细!$B$19:$Y$19,'实盘净值数据(iFinD公式)'!$B26:$Y26/'实盘净值数据(iFinD公式)'!$B$20:$Y$20)*(1-实盘持仓配置!$Z$6)^(('实盘净值数据(iFinD公式)'!$A26-'实盘净值数据(iFinD公式)'!$A$7)/365)) | I26: =IF(OR(H25="",H26=""),"",H26/H25-1) | J26: =IF(H26="","",H26/MAX(H$5:H26)-1) | K26: =IF(OR('实盘净值数据(iFinD公式)'!$A26="",'实盘净值数据(iFinD公式)'!$B26=""),"",分期持仓明细!$AB$20*SUMPRODUCT(分期持仓明细!$B$20:$Y$20,'实盘净值数据(iFinD公式)'!$B26:$Y26/'实盘净值数据(iFinD公式)'!$B$25:$Y$25)*(1-实盘持仓配置!$Z$7)^(('实盘净值数据(iFinD公式)'!$A26-'实盘净值数据(iFinD公式)'!$A$8)/365)) | L26: =IF(OR(K25="",K26=""),"",K26/K25-1) | M26: =IF(K26="","",K26/MAX(K$5:K26)-1) | N26: =IF(OR('实盘净值数据(iFinD公式)'!$A26="",'实盘净值数据(iFinD公式)'!$B26=""),"",分期持仓明细!$AB$21*SUMPRODUCT(分期持仓明细!$B$21:$Y$21,'实盘净值数据(iFinD公式)'!$B26:$Y26/'实盘净值数据(iFinD公式)'!$B$25:$Y$25)*(1-实盘持仓配置!$Z$8)^(('实盘净值数据(iFinD公式)'!$A26-'实盘净值数据(iFinD公式)'!$A$5)/365)) | O26: =IF(OR(N25="",N26=""),"",N26/N25-1) | P26: =IF(N26="","",N26/MAX(N$5:N26)-1) | Q26: =IF(OR('实盘净值数据(iFinD公式)'!$A26="",'实盘净值数据(iFinD公式)'!$B26=""),"",分期持仓明细!$AB$22*SUMPRODUCT(分期持仓明细!$B$22:$Y$22,'实盘净值数据(iFinD公式)'!$B26:$Y26/'实盘净值数据(iFinD公式)'!$B$25:$Y$25)*(1-实盘持仓配置!$Z$9)^(('实盘净值数据(iFinD公式)'!$A26-'实盘净值数据(iFinD公式)'!$A$8)/365)) | R26: =IF(OR(Q25="",Q26=""),"",Q26/Q25-1) | S26: =IF(Q26="","",Q26/MAX(Q$5:Q26)-1)
A27: =IF('实盘净值数据(iFinD公式)'!A27="","",'实盘净值数据(iFinD公式)'!A27) | B27: =IF(OR('实盘净值数据(iFinD公式)'!$A27="",'实盘净值数据(iFinD公式)'!$B27=""),"",分期持仓明细!$AB$17*SUMPRODUCT(分期持仓明细!$B$17:$Y$17,'实盘净值数据(iFinD公式)'!$B27:$Y27/'实盘净值数据(iFinD公式)'!$B$20:$Y$20)*(1-实盘持仓配置!$Z$4)^(('实盘净值数据(iFinD公式)'!$A27-'实盘净值数据(iFinD公式)'!$A$6)/365)) | C27: =IF(OR(B26="",B27=""),"",B27/B26-1) | D27: =IF(B27="","",B27/MAX(B$5:B27)-1) | E27: =IF(OR('实盘净值数据(iFinD公式)'!$A27="",'实盘净值数据(iFinD公式)'!$B27=""),"",分期持仓明细!$AB$18*SUMPRODUCT(分期持仓明细!$B$18:$Y$18,'实盘净值数据(iFinD公式)'!$B27:$Y27/'实盘净值数据(iFinD公式)'!$B$20:$Y$20)*(1-实盘持仓配置!$Z$5)^(('实盘净值数据(iFinD公式)'!$A27-'实盘净值数据(iFinD公式)'!$A$5)/365)) | F27: =IF(OR(E26="",E27=""),"",E27/E26-1) | G27: =IF(E27="","",E27/MAX(E$5:E27)-1) | H27: =IF(OR('实盘净值数据(iFinD公式)'!$A27="",'实盘净值数据(iFinD公式)'!$B27=""),"",分期持仓明细!$AB$19*SUMPRODUCT(分期持仓明细!$B$19:$Y$19,'实盘净值数据(iFinD公式)'!$B27:$Y27/'实盘净值数据(iFinD公式)'!$B$20:$Y$20)*(1-实盘持仓配置!$Z$6)^(('实盘净值数据(iFinD公式)'!$A27-'实盘净值数据(iFinD公式)'!$A$7)/365)) | I27: =IF(OR(H26="",H27=""),"",H27/H26-1) | J27: =IF(H27="","",H27/MAX(H$5:H27)-1) | K27: =IF(OR('实盘净值数据(iFinD公式)'!$A27="",'实盘净值数据(iFinD公式)'!$B27=""),"",分期持仓明细!$AB$20*SUMPRODUCT(分期持仓明细!$B$20:$Y$20,'实盘净值数据(iFinD公式)'!$B27:$Y27/'实盘净值数据(iFinD公式)'!$B$25:$Y$25)*(1-实盘持仓配置!$Z$7)^(('实盘净值数据(iFinD公式)'!$A27-'实盘净值数据(iFinD公式)'!$A$8)/365)) | L27: =IF(OR(K26="",K27=""),"",K27/K26-1) | M27: =IF(K27="","",K27/MAX(K$5:K27)-1) | N27: =IF(OR('实盘净值数据(iFinD公式)'!$A27="",'实盘净值数据(iFinD公式)'!$B27=""),"",分期持仓明细!$AB$21*SUMPRODUCT(分期持仓明细!$B$21:$Y$21,'实盘净值数据(iFinD公式)'!$B27:$Y27/'实盘净值数据(iFinD公式)'!$B$25:$Y$25)*(1-实盘持仓配置!$Z$8)^(('实盘净值数据(iFinD公式)'!$A27-'实盘净值数据(iFinD公式)'!$A$5)/365)) | O27: =IF(OR(N26="",N27=""),"",N27/N26-1) | P27: =IF(N27="","",N27/MAX(N$5:N27)-1) | Q27: =IF(OR('实盘净值数据(iFinD公式)'!$A27="",'实盘净值数据(iFinD公式)'!$B27=""),"",分期持仓明细!$AB$22*SUMPRODUCT(分期持仓明细!$B$22:$Y$22,'实盘净值数据(iFinD公式)'!$B27:$Y27/'实盘净值数据(iFinD公式)'!$B$25:$Y$25)*(1-实盘持仓配置!$Z$9)^(('实盘净值数据(iFinD公式)'!$A27-'实盘净值数据(iFinD公式)'!$A$8)/365)) | R27: =IF(OR(Q26="",Q27=""),"",Q27/Q26-1) | S27: =IF(Q27="","",Q27/MAX(Q$5:Q27)-1)
A28: =IF('实盘净值数据(iFinD公式)'!A28="","",'实盘净值数据(iFinD公式)'!A28) | B28: =IF(OR('实盘净值数据(iFinD公式)'!$A28="",'实盘净值数据(iFinD公式)'!$B28=""),"",分期持仓明细!$AB$17*SUMPRODUCT(分期持仓明细!$B$17:$Y$17,'实盘净值数据(iFinD公式)'!$B28:$Y28/'实盘净值数据(iFinD公式)'!$B$20:$Y$20)*(1-实盘持仓配置!$Z$4)^(('实盘净值数据(iFinD公式)'!$A28-'实盘净值数据(iFinD公式)'!$A$6)/365)) | C28: =IF(OR(B27="",B28=""),"",B28/B27-1) | D28: =IF(B28="","",B28/MAX(B$5:B28)-1) | E28: =IF(OR('实盘净值数据(iFinD公式)'!$A28="",'实盘净值数据(iFinD公式)'!$B28=""),"",分期持仓明细!$AB$18*SUMPRODUCT(分期持仓明细!$B$18:$Y$18,'实盘净值数据(iFinD公式)'!$B28:$Y28/'实盘净值数据(iFinD公式)'!$B$20:$Y$20)*(1-实盘持仓配置!$Z$5)^(('实盘净值数据(iFinD公式)'!$A28-'实盘净值数据(iFinD公式)'!$A$5)/365)) | F28: =IF(OR(E27="",E28=""),"",E28/E27-1) | G28: =IF(E28="","",E28/MAX(E$5:E28)-1) | H28: =IF(OR('实盘净值数据(iFinD公式)'!$A28="",'实盘净值数据(iFinD公式)'!$B28=""),"",分期持仓明细!$AB$19*SUMPRODUCT(分期持仓明细!$B$19:$Y$19,'实盘净值数据(iFinD公式)'!$B28:$Y28/'实盘净值数据(iFinD公式)'!$B$20:$Y$20)*(1-实盘持仓配置!$Z$6)^(('实盘净值数据(iFinD公式)'!$A28-'实盘净值数据(iFinD公式)'!$A$7)/365)) | I28: =IF(OR(H27="",H28=""),"",H28/H27-1) | J28: =IF(H28="","",H28/MAX(H$5:H28)-1) | K28: =IF(OR('实盘净值数据(iFinD公式)'!$A28="",'实盘净值数据(iFinD公式)'!$B28=""),"",分期持仓明细!$AB$20*SUMPRODUCT(分期持仓明细!$B$20:$Y$20,'实盘净值数据(iFinD公式)'!$B28:$Y28/'实盘净值数据(iFinD公式)'!$B$25:$Y$25)*(1-实盘持仓配置!$Z$7)^(('实盘净值数据(iFinD公式)'!$A28-'实盘净值数据(iFinD公式)'!$A$8)/365)) | L28: =IF(OR(K27="",K28=""),"",K28/K27-1) | M28: =IF(K28="","",K28/MAX(K$5:K28)-1) | N28: =IF(OR('实盘净值数据(iFinD公式)'!$A28="",'实盘净值数据(iFinD公式)'!$B28=""),"",分期持仓明细!$AB$21*SUMPRODUCT(分期持仓明细!$B$21:$Y$21,'实盘净值数据(iFinD公式)'!$B28:$Y28/'实盘净值数据(iFinD公式)'!$B$25:$Y$25)*(1-实盘持仓配置!$Z$8)^(('实盘净值数据(iFinD公式)'!$A28-'实盘净值数据(iFinD公式)'!$A$5)/365)) | O28: =IF(OR(N27="",N28=""),"",N28/N27-1) | P28: =IF(N28="","",N28/MAX(N$5:N28)-1) | Q28: =IF(OR('实盘净值数据(iFinD公式)'!$A28="",'实盘净值数据(iFinD公式)'!$B28=""),"",分期持仓明细!$AB$22*SUMPRODUCT(分期持仓明细!$B$22:$Y$22,'实盘净值数据(iFinD公式)'!$B28:$Y28/'实盘净值数据(iFinD公式)'!$B$25:$Y$25)*(1-实盘持仓配置!$Z$9)^(('实盘净值数据(iFinD公式)'!$A28-'实盘净值数据(iFinD公式)'!$A$8)/365)) | R28: =IF(OR(Q27="",Q28=""),"",Q28/Q27-1) | S28: =IF(Q28="","",Q28/MAX(Q$5:Q28)-1)
A29: =IF('实盘净值数据(iFinD公式)'!A29="","",'实盘净值数据(iFinD公式)'!A29) | B29: =IF(OR('实盘净值数据(iFinD公式)'!$A29="",'实盘净值数据(iFinD公式)'!$B29=""),"",分期持仓明细!$AB$17*SUMPRODUCT(分期持仓明细!$B$17:$Y$17,'实盘净值数据(iFinD公式)'!$B29:$Y29/'实盘净值数据(iFinD公式)'!$B$20:$Y$20)*(1-实盘持仓配置!$Z$4)^(('实盘净值数据(iFinD公式)'!$A29-'实盘净值数据(iFinD公式)'!$A$6)/365)) | C29: =IF(OR(B28="",B29=""),"",B29/B28-1) | D29: =IF(B29="","",B29/MAX(B$5:B29)-1) | E29: =IF(OR('实盘净值数据(iFinD公式)'!$A29="",'实盘净值数据(iFinD公式)'!$B29=""),"",分期持仓明细!$AB$18*SUMPRODUCT(分期持仓明细!$B$18:$Y$18,'实盘净值数据(iFinD公式)'!$B29:$Y29/'实盘净值数据(iFinD公式)'!$B$20:$Y$20)*(1-实盘持仓配置!$Z$5)^(('实盘净值数据(iFinD公式)'!$A29-'实盘净值数据(iFinD公式)'!$A$5)/365)) | F29: =IF(OR(E28="",E29=""),"",E29/E28-1) | G29: =IF(E29="","",E29/MAX(E$5:E29)-1) | H29: =IF(OR('实盘净值数据(iFinD公式)'!$A29="",'实盘净值数据(iFinD公式)'!$B29=""),"",分期持仓明细!$AB$19*SUMPRODUCT(分期持仓明细!$B$19:$Y$19,'实盘净值数据(iFinD公式)'!$B29:$Y29/'实盘净值数据(iFinD公式)'!$B$20:$Y$20)*(1-实盘持仓配置!$Z$6)^(('实盘净值数据(iFinD公式)'!$A29-'实盘净值数据(iFinD公式)'!$A$7)/365)) | I29: =IF(OR(H28="",H29=""),"",H29/H28-1) | J29: =IF(H29="","",H29/MAX(H$5:H29)-1) | K29: =IF(OR('实盘净值数据(iFinD公式)'!$A29="",'实盘净值数据(iFinD公式)'!$B29=""),"",分期持仓明细!$AB$20*SUMPRODUCT(分期持仓明细!$B$20:$Y$20,'实盘净值数据(iFinD公式)'!$B29:$Y29/'实盘净值数据(iFinD公式)'!$B$25:$Y$25)*(1-实盘持仓配置!$Z$7)^(('实盘净值数据(iFinD公式)'!$A29-'实盘净值数据(iFinD公式)'!$A$8)/365)) | L29: =IF(OR(K28="",K29=""),"",K29/K28-1) | M29: =IF(K29="","",K29/MAX(K$5:K29)-1) | N29: =IF(OR('实盘净值数据(iFinD公式)'!$A29="",'实盘净值数据(iFinD公式)'!$B29=""),"",分期持仓明细!$AB$21*SUMPRODUCT(分期持仓明细!$B$21:$Y$21,'实盘净值数据(iFinD公式)'!$B29:$Y29/'实盘净值数据(iFinD公式)'!$B$25:$Y$25)*(1-实盘持仓配置!$Z$8)^(('实盘净值数据(iFinD公式)'!$A29-'实盘净值数据(iFinD公式)'!$A$5)/365)) | O29: =IF(OR(N28="",N29=""),"",N29/N28-1) | P29: =IF(N29="","",N29/MAX(N$5:N29)-1) | Q29: =IF(OR('实盘净值数据(iFinD公式)'!$A29="",'实盘净值数据(iFinD公式)'!$B29=""),"",分期持仓明细!$AB$22*SUMPRODUCT(分期持仓明细!$B$22:$Y$22,'实盘净值数据(iFinD公式)'!$B29:$Y29/'实盘净值数据(iFinD公式)'!$B$25:$Y$25)*(1-实盘持仓配置!$Z$9)^(('实盘净值数据(iFinD公式)'!$A29-'实盘净值数据(iFinD公式)'!$A$8)/365)) | R29: =IF(OR(Q28="",Q29=""),"",Q29/Q28-1) | S29: =IF(Q29="","",Q29/MAX(Q$5:Q29)-1)
A30: =IF('实盘净值数据(iFinD公式)'!A30="","",'实盘净值数据(iFinD公式)'!A30) | B30: =IF(OR('实盘净值数据(iFinD公式)'!$A30="",'实盘净值数据(iFinD公式)'!$B30=""),"",分期持仓明细!$AB$17*SUMPRODUCT(分期持仓明细!$B$17:$Y$17,'实盘净值数据(iFinD公式)'!$B30:$Y30/'实盘净值数据(iFinD公式)'!$B$20:$Y$20)*(1-实盘持仓配置!$Z$4)^(('实盘净值数据(iFinD公式)'!$A30-'实盘净值数据(iFinD公式)'!$A$6)/365)) | C30: =IF(OR(B29="",B30=""),"",B30/B29-1) | D30: =IF(B30="","",B30/MAX(B$5:B30)-1) | E30: =IF(OR('实盘净值数据(iFinD公式)'!$A30="",'实盘净值数据(iFinD公式)'!$B30=""),"",分期持仓明细!$AB$18*SUMPRODUCT(分期持仓明细!$B$18:$Y$18,'实盘净值数据(iFinD公式)'!$B30:$Y30/'实盘净值数据(iFinD公式)'!$B$20:$Y$20)*(1-实盘持仓配置!$Z$5)^(('实盘净值数据(iFinD公式)'!$A30-'实盘净值数据(iFinD公式)'!$A$5)/365)) | F30: =IF(OR(E29="",E30=""),"",E30/E29-1) | G30: =IF(E30="","",E30/MAX(E$5:E30)-1) | H30: =IF(OR('实盘净值数据(iFinD公式)'!$A30="",'实盘净值数据(iFinD公式)'!$B30=""),"",分期持仓明细!$AB$19*SUMPRODUCT(分期持仓明细!$B$19:$Y$19,'实盘净值数据(iFinD公式)'!$B30:$Y30/'实盘净值数据(iFinD公式)'!$B$20:$Y$20)*(1-实盘持仓配置!$Z$6)^(('实盘净值数据(iFinD公式)'!$A30-'实盘净值数据(iFinD公式)'!$A$7)/365)) | I30: =IF(OR(H29="",H30=""),"",H30/H29-1) | J30: =IF(H30="","",H30/MAX(H$5:H30)-1) | K30: =IF(OR('实盘净值数据(iFinD公式)'!$A30="",'实盘净值数据(iFinD公式)'!$B30=""),"",分期持仓明细!$AB$20*SUMPRODUCT(分期持仓明细!$B$20:$Y$20,'实盘净值数据(iFinD公式)'!$B30:$Y30/'实盘净值数据(iFinD公式)'!$B$25:$Y$25)*(1-实盘持仓配置!$Z$7)^(('实盘净值数据(iFinD公式)'!$A30-'实盘净值数据(iFinD公式)'!$A$8)/365)) | L30: =IF(OR(K29="",K30=""),"",K30/K29-1) | M30: =IF(K30="","",K30/MAX(K$5:K30)-1) | N30: =IF(OR('实盘净值数据(iFinD公式)'!$A30="",'实盘净值数据(iFinD公式)'!$B30=""),"",分期持仓明细!$AB$21*SUMPRODUCT(分期持仓明细!$B$21:$Y$21,'实盘净值数据(iFinD公式)'!$B30:$Y30/'实盘净值数据(iFinD公式)'!$B$25:$Y$25)*(1-实盘持仓配置!$Z$8)^(('实盘净值数据(iFinD公式)'!$A30-'实盘净值数据(iFinD公式)'!$A$5)/365)) | O30: =IF(OR(N29="",N30=""),"",N30/N29-1) | P30: =IF(N30="","",N30/MAX(N$5:N30)-1) | Q30: =IF(OR('实盘净值数据(iFinD公式)'!$A30="",'实盘净值数据(iFinD公式)'!$B30=""),"",分期持仓明细!$AB$22*SUMPRODUCT(分期持仓明细!$B$22:$Y$22,'实盘净值数据(iFinD公式)'!$B30:$Y30/'实盘净值数据(iFinD公式)'!$B$25:$Y$25)*(1-实盘持仓配置!$Z$9)^(('实盘净值数据(iFinD公式)'!$A30-'实盘净值数据(iFinD公式)'!$A$8)/365)) | R30: =IF(OR(Q29="",Q30=""),"",Q30/Q29-1) | S30: =IF(Q30="","",Q30/MAX(Q$5:Q30)-1)
A31: =IF('实盘净值数据(iFinD公式)'!A31="","",'实盘净值数据(iFinD公式)'!A31) | B31: =IF(OR('实盘净值数据(iFinD公式)'!$A31="",'实盘净值数据(iFinD公式)'!$B31=""),"",分期持仓明细!$AB$17*SUMPRODUCT(分期持仓明细!$B$17:$Y$17,'实盘净值数据(iFinD公式)'!$B31:$Y31/'实盘净值数据(iFinD公式)'!$B$20:$Y$20)*(1-实盘持仓配置!$Z$4)^(('实盘净值数据(iFinD公式)'!$A31-'实盘净值数据(iFinD公式)'!$A$6)/365)) | C31: =IF(OR(B30="",B31=""),"",B31/B30-1) | D31: =IF(B31="","",B31/MAX(B$5:B31)-1) | E31: =IF(OR('实盘净值数据(iFinD公式)'!$A31="",'实盘净值数据(iFinD公式)'!$B31=""),"",分期持仓明细!$AB$18*SUMPRODUCT(分期持仓明细!$B$18:$Y$18,'实盘净值数据(iFinD公式)'!$B31:$Y31/'实盘净值数据(iFinD公式)'!$B$20:$Y$20)*(1-实盘持仓配置!$Z$5)^(('实盘净值数据(iFinD公式)'!$A31-'实盘净值数据(iFinD公式)'!$A$5)/365)) | F31: =IF(OR(E30="",E31=""),"",E31/E30-1) | G31: =IF(E31="","",E31/MAX(E$5:E31)-1) | H31: =IF(OR('实盘净值数据(iFinD公式)'!$A31="",'实盘净值数据(iFinD公式)'!$B31=""),"",分期持仓明细!$AB$19*SUMPRODUCT(分期持仓明细!$B$19:$Y$19,'实盘净值数据(iFinD公式)'!$B31:$Y31/'实盘净值数据(iFinD公式)'!$B$20:$Y$20)*(1-实盘持仓配置!$Z$6)^(('实盘净值数据(iFinD公式)'!$A31-'实盘净值数据(iFinD公式)'!$A$7)/365)) | I31: =IF(OR(H30="",H31=""),"",H31/H30-1) | J31: =IF(H31="","",H31/MAX(H$5:H31)-1) | K31: =IF(OR('实盘净值数据(iFinD公式)'!$A31="",'实盘净值数据(iFinD公式)'!$B31=""),"",分期持仓明细!$AB$20*SUMPRODUCT(分期持仓明细!$B$20:$Y$20,'实盘净值数据(iFinD公式)'!$B31:$Y31/'实盘净值数据(iFinD公式)'!$B$25:$Y$25)*(1-实盘持仓配置!$Z$7)^(('实盘净值数据(iFinD公式)'!$A31-'实盘净值数据(iFinD公式)'!$A$8)/365)) | L31: =IF(OR(K30="",K31=""),"",K31/K30-1) | M31: =IF(K31="","",K31/MAX(K$5:K31)-1) | N31: =IF(OR('实盘净值数据(iFinD公式)'!$A31="",'实盘净值数据(iFinD公式)'!$B31=""),"",分期持仓明细!$AB$21*SUMPRODUCT(分期持仓明细!$B$21:$Y$21,'实盘净值数据(iFinD公式)'!$B31:$Y31/'实盘净值数据(iFinD公式)'!$B$25:$Y$25)*(1-实盘持仓配置!$Z$8)^(('实盘净值数据(iFinD公式)'!$A31-'实盘净值数据(iFinD公式)'!$A$5)/365)) | O31: =IF(OR(N30="",N31=""),"",N31/N30-1) | P31: =IF(N31="","",N31/MAX(N$5:N31)-1) | Q31: =IF(OR('实盘净值数据(iFinD公式)'!$A31="",'实盘净值数据(iFinD公式)'!$B31=""),"",分期持仓明细!$AB$22*SUMPRODUCT(分期持仓明细!$B$22:$Y$22,'实盘净值数据(iFinD公式)'!$B31:$Y31/'实盘净值数据(iFinD公式)'!$B$25:$Y$25)*(1-实盘持仓配置!$Z$9)^(('实盘净值数据(iFinD公式)'!$A31-'实盘净值数据(iFinD公式)'!$A$8)/365)) | R31: =IF(OR(Q30="",Q31=""),"",Q31/Q30-1) | S31: =IF(Q31="","",Q31/MAX(Q$5:Q31)-1)
A32: =IF('实盘净值数据(iFinD公式)'!A32="","",'实盘净值数据(iFinD公式)'!A32) | B32: =IF(OR('实盘净值数据(iFinD公式)'!$A32="",'实盘净值数据(iFinD公式)'!$B32=""),"",分期持仓明细!$AB$17*SUMPRODUCT(分期持仓明细!$B$17:$Y$17,'实盘净值数据(iFinD公式)'!$B32:$Y32/'实盘净值数据(iFinD公式)'!$B$20:$Y$20)*(1-实盘持仓配置!$Z$4)^(('实盘净值数据(iFinD公式)'!$A32-'实盘净值数据(iFinD公式)'!$A$6)/365)) | C32: =IF(OR(B31="",B32=""),"",B32/B31-1) | D32: =IF(B32="","",B32/MAX(B$5:B32)-1) | E32: =IF(OR('实盘净值数据(iFinD公式)'!$A32="",'实盘净值数据(iFinD公式)'!$B32=""),"",分期持仓明细!$AB$18*SUMPRODUCT(分期持仓明细!$B$18:$Y$18,'实盘净值数据(iFinD公式)'!$B32:$Y32/'实盘净值数据(iFinD公式)'!$B$20:$Y$20)*(1-实盘持仓配置!$Z$5)^(('实盘净值数据(iFinD公式)'!$A32-'实盘净值数据(iFinD公式)'!$A$5)/365)) | F32: =IF(OR(E31="",E32=""),"",E32/E31-1) | G32: =IF(E32="","",E32/MAX(E$5:E32)-1) | H32: =IF(OR('实盘净值数据(iFinD公式)'!$A32="",'实盘净值数据(iFinD公式)'!$B32=""),"",分期持仓明细!$AB$19*SUMPRODUCT(分期持仓明细!$B$19:$Y$19,'实盘净值数据(iFinD公式)'!$B32:$Y32/'实盘净值数据(iFinD公式)'!$B$20:$Y$20)*(1-实盘持仓配置!$Z$6)^(('实盘净值数据(iFinD公式)'!$A32-'实盘净值数据(iFinD公式)'!$A$7)/365)) | I32: =IF(OR(H31="",H32=""),"",H32/H31-1) | J32: =IF(H32="","",H32/MAX(H$5:H32)-1) | K32: =IF(OR('实盘净值数据(iFinD公式)'!$A32="",'实盘净值数据(iFinD公式)'!$B32=""),"",分期持仓明细!$AB$20*SUMPRODUCT(分期持仓明细!$B$20:$Y$20,'实盘净值数据(iFinD公式)'!$B32:$Y32/'实盘净值数据(iFinD公式)'!$B$25:$Y$25)*(1-实盘持仓配置!$Z$7)^(('实盘净值数据(iFinD公式)'!$A32-'实盘净值数据(iFinD公式)'!$A$8)/365)) | L32: =IF(OR(K31="",K32=""),"",K32/K31-1) | M32: =IF(K32="","",K32/MAX(K$5:K32)-1) | N32: =IF(OR('实盘净值数据(iFinD公式)'!$A32="",'实盘净值数据(iFinD公式)'!$B32=""),"",分期持仓明细!$AB$21*SUMPRODUCT(分期持仓明细!$B$21:$Y$21,'实盘净值数据(iFinD公式)'!$B32:$Y32/'实盘净值数据(iFinD公式)'!$B$25:$Y$25)*(1-实盘持仓配置!$Z$8)^(('实盘净值数据(iFinD公式)'!$A32-'实盘净值数据(iFinD公式)'!$A$5)/365)) | O32: =IF(OR(N31="",N32=""),"",N32/N31-1) | P32: =IF(N32="","",N32/MAX(N$5:N32)-1) | Q32: =IF(OR('实盘净值数据(iFinD公式)'!$A32="",'实盘净值数据(iFinD公式)'!$B32=""),"",分期持仓明细!$AB$22*SUMPRODUCT(分期持仓明细!$B$22:$Y$22,'实盘净值数据(iFinD公式)'!$B32:$Y32/'实盘净值数据(iFinD公式)'!$B$25:$Y$25)*(1-实盘持仓配置!$Z$9)^(('实盘净值数据(iFinD公式)'!$A32-'实盘净值数据(iFinD公式)'!$A$8)/365)) | R32: =IF(OR(Q31="",Q32=""),"",Q32/Q31-1) | S32: =IF(Q32="","",Q32/MAX(Q$5:Q32)-1)
A33: =IF('实盘净值数据(iFinD公式)'!A33="","",'实盘净值数据(iFinD公式)'!A33) | B33: =IF(OR('实盘净值数据(iFinD公式)'!$A33="",'实盘净值数据(iFinD公式)'!$B33=""),"",分期持仓明细!$AB$17*SUMPRODUCT(分期持仓明细!$B$17:$Y$17,'实盘净值数据(iFinD公式)'!$B33:$Y33/'实盘净值数据(iFinD公式)'!$B$20:$Y$20)*(1-实盘持仓配置!$Z$4)^(('实盘净值数据(iFinD公式)'!$A33-'实盘净值数据(iFinD公式)'!$A$6)/365)) | C33: =IF(OR(B32="",B33=""),"",B33/B32-1) | D33: =IF(B33="","",B33/MAX(B$5:B33)-1) | E33: =IF(OR('实盘净值数据(iFinD公式)'!$A33="",'实盘净值数据(iFinD公式)'!$B33=""),"",分期持仓明细!$AB$18*SUMPRODUCT(分期持仓明细!$B$18:$Y$18,'实盘净值数据(iFinD公式)'!$B33:$Y33/'实盘净值数据(iFinD公式)'!$B$20:$Y$20)*(1-实盘持仓配置!$Z$5)^(('实盘净值数据(iFinD公式)'!$A33-'实盘净值数据(iFinD公式)'!$A$5)/365)) | F33: =IF(OR(E32="",E33=""),"",E33/E32-1) | G33: =IF(E33="","",E33/MAX(E$5:E33)-1) | H33: =IF(OR('实盘净值数据(iFinD公式)'!$A33="",'实盘净值数据(iFinD公式)'!$B33=""),"",分期持仓明细!$AB$19*SUMPRODUCT(分期持仓明细!$B$19:$Y$19,'实盘净值数据(iFinD公式)'!$B33:$Y33/'实盘净值数据(iFinD公式)'!$B$20:$Y$20)*(1-实盘持仓配置!$Z$6)^(('实盘净值数据(iFinD公式)'!$A33-'实盘净值数据(iFinD公式)'!$A$7)/365)) | I33: =IF(OR(H32="",H33=""),"",H33/H32-1) | J33: =IF(H33="","",H33/MAX(H$5:H33)-1) | K33: =IF(OR('实盘净值数据(iFinD公式)'!$A33="",'实盘净值数据(iFinD公式)'!$B33=""),"",分期持仓明细!$AB$20*SUMPRODUCT(分期持仓明细!$B$20:$Y$20,'实盘净值数据(iFinD公式)'!$B33:$Y33/'实盘净值数据(iFinD公式)'!$B$25:$Y$25)*(1-实盘持仓配置!$Z$7)^(('实盘净值数据(iFinD公式)'!$A33-'实盘净值数据(iFinD公式)'!$A$8)/365)) | L33: =IF(OR(K32="",K33=""),"",K33/K32-1) | M33: =IF(K33="","",K33/MAX(K$5:K33)-1) | N33: =IF(OR('实盘净值数据(iFinD公式)'!$A33="",'实盘净值数据(iFinD公式)'!$B33=""),"",分期持仓明细!$AB$21*SUMPRODUCT(分期持仓明细!$B$21:$Y$21,'实盘净值数据(iFinD公式)'!$B33:$Y33/'实盘净值数据(iFinD公式)'!$B$25:$Y$25)*(1-实盘持仓配置!$Z$8)^(('实盘净值数据(iFinD公式)'!$A33-'实盘净值数据(iFinD公式)'!$A$5)/365)) | O33: =IF(OR(N32="",N33=""),"",N33/N32-1) | P33: =IF(N33="","",N33/MAX(N$5:N33)-1) | Q33: =IF(OR('实盘净值数据(iFinD公式)'!$A33="",'实盘净值数据(iFinD公式)'!$B33=""),"",分期持仓明细!$AB$22*SUMPRODUCT(分期持仓明细!$B$22:$Y$22,'实盘净值数据(iFinD公式)'!$B33:$Y33/'实盘净值数据(iFinD公式)'!$B$25:$Y$25)*(1-实盘持仓配置!$Z$9)^(('实盘净值数据(iFinD公式)'!$A33-'实盘净值数据(iFinD公式)'!$A$8)/365)) | R33: =IF(OR(Q32="",Q33=""),"",Q33/Q32-1) | S33: =IF(Q33="","",Q33/MAX(Q$5:Q33)-1)
A34: =IF('实盘净值数据(iFinD公式)'!A34="","",'实盘净值数据(iFinD公式)'!A34) | B34: =IF(OR('实盘净值数据(iFinD公式)'!$A34="",'实盘净值数据(iFinD公式)'!$B34=""),"",分期持仓明细!$AB$17*SUMPRODUCT(分期持仓明细!$B$17:$Y$17,'实盘净值数据(iFinD公式)'!$B34:$Y34/'实盘净值数据(iFinD公式)'!$B$20:$Y$20)*(1-实盘持仓配置!$Z$4)^(('实盘净值数据(iFinD公式)'!$A34-'实盘净值数据(iFinD公式)'!$A$6)/365)) | C34: =IF(OR(B33="",B34=""),"",B34/B33-1) | D34: =IF(B34="","",B34/MAX(B$5:B34)-1) | E34: =IF(OR('实盘净值数据(iFinD公式)'!$A34="",'实盘净值数据(iFinD公式)'!$B34=""),"",分期持仓明细!$AB$18*SUMPRODUCT(分期持仓明细!$B$18:$Y$18,'实盘净值数据(iFinD公式)'!$B34:$Y34/'实盘净值数据(iFinD公式)'!$B$20:$Y$20)*(1-实盘持仓配置!$Z$5)^(('实盘净值数据(iFinD公式)'!$A34-'实盘净值数据(iFinD公式)'!$A$5)/365)) | F34: =IF(OR(E33="",E34=""),"",E34/E33-1) | G34: =IF(E34="","",E34/MAX(E$5:E34)-1) | H34: =IF(OR('实盘净值数据(iFinD公式)'!$A34="",'实盘净值数据(iFinD公式)'!$B34=""),"",分期持仓明细!$AB$19*SUMPRODUCT(分期持仓明细!$B$19:$Y$19,'实盘净值数据(iFinD公式)'!$B34:$Y34/'实盘净值数据(iFinD公式)'!$B$20:$Y$20)*(1-实盘持仓配置!$Z$6)^(('实盘净值数据(iFinD公式)'!$A34-'实盘净值数据(iFinD公式)'!$A$7)/365)) | I34: =IF(OR(H33="",H34=""),"",H34/H33-1) | J34: =IF(H34="","",H34/MAX(H$5:H34)-1) | K34: =IF(OR('实盘净值数据(iFinD公式)'!$A34="",'实盘净值数据(iFinD公式)'!$B34=""),"",分期持仓明细!$AB$20*SUMPRODUCT(分期持仓明细!$B$20:$Y$20,'实盘净值数据(iFinD公式)'!$B34:$Y34/'实盘净值数据(iFinD公式)'!$B$25:$Y$25)*(1-实盘持仓配置!$Z$7)^(('实盘净值数据(iFinD公式)'!$A34-'实盘净值数据(iFinD公式)'!$A$8)/365)) | L34: =IF(OR(K33="",K34=""),"",K34/K33-1) | M34: =IF(K34="","",K34/MAX(K$5:K34)-1) | N34: =IF(OR('实盘净值数据(iFinD公式)'!$A34="",'实盘净值数据(iFinD公式)'!$B34=""),"",分期持仓明细!$AB$21*SUMPRODUCT(分期持仓明细!$B$21:$Y$21,'实盘净值数据(iFinD公式)'!$B34:$Y34/'实盘净值数据(iFinD公式)'!$B$25:$Y$25)*(1-实盘持仓配置!$Z$8)^(('实盘净值数据(iFinD公式)'!$A34-'实盘净值数据(iFinD公式)'!$A$5)/365)) | O34: =IF(OR(N33="",N34=""),"",N34/N33-1) | P34: =IF(N34="","",N34/MAX(N$5:N34)-1) | Q34: =IF(OR('实盘净值数据(iFinD公式)'!$A34="",'实盘净值数据(iFinD公式)'!$B34=""),"",分期持仓明细!$AB$22*SUMPRODUCT(分期持仓明细!$B$22:$Y$22,'实盘净值数据(iFinD公式)'!$B34:$Y34/'实盘净值数据(iFinD公式)'!$B$25:$Y$25)*(1-实盘持仓配置!$Z$9)^(('实盘净值数据(iFinD公式)'!$A34-'实盘净值数据(iFinD公式)'!$A$8)/365)) | R34: =IF(OR(Q33="",Q34=""),"",Q34/Q33-1) | S34: =IF(Q34="","",Q34/MAX(Q$5:Q34)-1)
A35: =IF('实盘净值数据(iFinD公式)'!A35="","",'实盘净值数据(iFinD公式)'!A35) | B35: =IF(OR('实盘净值数据(iFinD公式)'!$A35="",'实盘净值数据(iFinD公式)'!$B35=""),"",分期持仓明细!$AB$17*SUMPRODUCT(分期持仓明细!$B$17:$Y$17,'实盘净值数据(iFinD公式)'!$B35:$Y35/'实盘净值数据(iFinD公式)'!$B$20:$Y$20)*(1-实盘持仓配置!$Z$4)^(('实盘净值数据(iFinD公式)'!$A35-'实盘净值数据(iFinD公式)'!$A$6)/365)) | C35: =IF(OR(B34="",B35=""),"",B35/B34-1) | D35: =IF(B35="","",B35/MAX(B$5:B35)-1) | E35: =IF(OR('实盘净值数据(iFinD公式)'!$A35="",'实盘净值数据(iFinD公式)'!$B35=""),"",分期持仓明细!$AB$18*SUMPRODUCT(分期持仓明细!$B$18:$Y$18,'实盘净值数据(iFinD公式)'!$B35:$Y35/'实盘净值数据(iFinD公式)'!$B$20:$Y$20)*(1-实盘持仓配置!$Z$5)^(('实盘净值数据(iFinD公式)'!$A35-'实盘净值数据(iFinD公式)'!$A$5)/365)) | F35: =IF(OR(E34="",E35=""),"",E35/E34-1) | G35: =IF(E35="","",E35/MAX(E$5:E35)-1) | H35: =IF(OR('实盘净值数据(iFinD公式)'!$A35="",'实盘净值数据(iFinD公式)'!$B35=""),"",分期持仓明细!$AB$19*SUMPRODUCT(分期持仓明细!$B$19:$Y$19,'实盘净值数据(iFinD公式)'!$B35:$Y35/'实盘净值数据(iFinD公式)'!$B$20:$Y$20)*(1-实盘持仓配置!$Z$6)^(('实盘净值数据(iFinD公式)'!$A35-'实盘净值数据(iFinD公式)'!$A$7)/365)) | I35: =IF(OR(H34="",H35=""),"",H35/H34-1) | J35: =IF(H35="","",H35/MAX(H$5:H35)-1) | K35: =IF(OR('实盘净值数据(iFinD公式)'!$A35="",'实盘净值数据(iFinD公式)'!$B35=""),"",分期持仓明细!$AB$20*SUMPRODUCT(分期持仓明细!$B$20:$Y$20,'实盘净值数据(iFinD公式)'!$B35:$Y35/'实盘净值数据(iFinD公式)'!$B$25:$Y$25)*(1-实盘持仓配置!$Z$7)^(('实盘净值数据(iFinD公式)'!$A35-'实盘净值数据(iFinD公式)'!$A$8)/365)) | L35: =IF(OR(K34="",K35=""),"",K35/K34-1) | M35: =IF(K35="","",K35/MAX(K$5:K35)-1) | N35: =IF(OR('实盘净值数据(iFinD公式)'!$A35="",'实盘净值数据(iFinD公式)'!$B35=""),"",分期持仓明细!$AB$21*SUMPRODUCT(分期持仓明细!$B$21:$Y$21,'实盘净值数据(iFinD公式)'!$B35:$Y35/'实盘净值数据(iFinD公式)'!$B$25:$Y$25)*(1-实盘持仓配置!$Z$8)^(('实盘净值数据(iFinD公式)'!$A35-'实盘净值数据(iFinD公式)'!$A$5)/365)) | O35: =IF(OR(N34="",N35=""),"",N35/N34-1) | P35: =IF(N35="","",N35/MAX(N$5:N35)-1) | Q35: =IF(OR('实盘净值数据(iFinD公式)'!$A35="",'实盘净值数据(iFinD公式)'!$B35=""),"",分期持仓明细!$AB$22*SUMPRODUCT(分期持仓明细!$B$22:$Y$22,'实盘净值数据(iFinD公式)'!$B35:$Y35/'实盘净值数据(iFinD公式)'!$B$25:$Y$25)*(1-实盘持仓配置!$Z$9)^(('实盘净值数据(iFinD公式)'!$A35-'实盘净值数据(iFinD公式)'!$A$8)/365)) | R35: =IF(OR(Q34="",Q35=""),"",Q35/Q34-1) | S35: =IF(Q35="","",Q35/MAX(Q$5:Q35)-1)
A36: =IF('实盘净值数据(iFinD公式)'!A36="","",'实盘净值数据(iFinD公式)'!A36) | B36: =IF(OR('实盘净值数据(iFinD公式)'!$A36="",'实盘净值数据(iFinD公式)'!$B36=""),"",分期持仓明细!$AB$17*SUMPRODUCT(分期持仓明细!$B$17:$Y$17,'实盘净值数据(iFinD公式)'!$B36:$Y36/'实盘净值数据(iFinD公式)'!$B$20:$Y$20)*(1-实盘持仓配置!$Z$4)^(('实盘净值数据(iFinD公式)'!$A36-'实盘净值数据(iFinD公式)'!$A$6)/365)) | C36: =IF(OR(B35="",B36=""),"",B36/B35-1) | D36: =IF(B36="","",B36/MAX(B$5:B36)-1) | E36: =IF(OR('实盘净值数据(iFinD公式)'!$A36="",'实盘净值数据(iFinD公式)'!$B36=""),"",分期持仓明细!$AB$18*SUMPRODUCT(分期持仓明细!$B$18:$Y$18,'实盘净值数据(iFinD公式)'!$B36:$Y36/'实盘净值数据(iFinD公式)'!$B$20:$Y$20)*(1-实盘持仓配置!$Z$5)^(('实盘净值数据(iFinD公式)'!$A36-'实盘净值数据(iFinD公式)'!$A$5)/365)) | F36: =IF(OR(E35="",E36=""),"",E36/E35-1) | G36: =IF(E36="","",E36/MAX(E$5:E36)-1) | H36: =IF(OR('实盘净值数据(iFinD公式)'!$A36="",'实盘净值数据(iFinD公式)'!$B36=""),"",分期持仓明细!$AB$19*SUMPRODUCT(分期持仓明细!$B$19:$Y$19,'实盘净值数据(iFinD公式)'!$B36:$Y36/'实盘净值数据(iFinD公式)'!$B$20:$Y$20)*(1-实盘持仓配置!$Z$6)^(('实盘净值数据(iFinD公式)'!$A36-'实盘净值数据(iFinD公式)'!$A$7)/365)) | I36: =IF(OR(H35="",H36=""),"",H36/H35-1) | J36: =IF(H36="","",H36/MAX(H$5:H36)-1) | K36: =IF(OR('实盘净值数据(iFinD公式)'!$A36="",'实盘净值数据(iFinD公式)'!$B36=""),"",分期持仓明细!$AB$20*SUMPRODUCT(分期持仓明细!$B$20:$Y$20,'实盘净值数据(iFinD公式)'!$B36:$Y36/'实盘净值数据(iFinD公式)'!$B$25:$Y$25)*(1-实盘持仓配置!$Z$7)^(('实盘净值数据(iFinD公式)'!$A36-'实盘净值数据(iFinD公式)'!$A$8)/365)) | L36: =IF(OR(K35="",K36=""),"",K36/K35-1) | M36: =IF(K36="","",K36/MAX(K$5:K36)-1) | N36: =IF(OR('实盘净值数据(iFinD公式)'!$A36="",'实盘净值数据(iFinD公式)'!$B36=""),"",分期持仓明细!$AB$21*SUMPRODUCT(分期持仓明细!$B$21:$Y$21,'实盘净值数据(iFinD公式)'!$B36:$Y36/'实盘净值数据(iFinD公式)'!$B$25:$Y$25)*(1-实盘持仓配置!$Z$8)^(('实盘净值数据(iFinD公式)'!$A36-'实盘净值数据(iFinD公式)'!$A$5)/365)) | O36: =IF(OR(N35="",N36=""),"",N36/N35-1) | P36: =IF(N36="","",N36/MAX(N$5:N36)-1) | Q36: =IF(OR('实盘净值数据(iFinD公式)'!$A36="",'实盘净值数据(iFinD公式)'!$B36=""),"",分期持仓明细!$AB$22*SUMPRODUCT(分期持仓明细!$B$22:$Y$22,'实盘净值数据(iFinD公式)'!$B36:$Y36/'实盘净值数据(iFinD公式)'!$B$25:$Y$25)*(1-实盘持仓配置!$Z$9)^(('实盘净值数据(iFinD公式)'!$A36-'实盘净值数据(iFinD公式)'!$A$8)/365)) | R36: =IF(OR(Q35="",Q36=""),"",Q36/Q35-1) | S36: =IF(Q36="","",Q36/MAX(Q$5:Q36)-1)
... A59: =IF('实盘净值数据(iFinD公式)'!A59="","",'实盘净值数据(iFinD公式)'!A59) | B59: =IF(OR('实盘净值数据(iFinD公式)'!$A59="",'实盘净值数据(iFinD公式)'!$B59=""),"",分期持仓明细!$AB$17*SUMPRODUCT(分期持仓明细!$B$17:$Y$17,'实盘净值数据(iFinD公式)'!$B59:$Y59/'实盘净值数据(iFinD公式)'!$B$20:$Y$20)*(1-实盘持仓配置!$Z$4)^(('实盘净值数据(iFinD公式)'!$A59-'实盘净值数据(iFinD公式)'!$A$6)/365)) | C59: =IF(OR(B58="",B59=""),"",B59/B58-1) | D59: =IF(B59="","",B59/MAX(B$5:B59)-1) | E59: =IF(OR('实盘净值数据(iFinD公式)'!$A59="",'实盘净值数据(iFinD公式)'!$B59=""),"",分期持仓明细!$AB$18*SUMPRODUCT(分期持仓明细!$B$18:$Y$18,'实盘净值数据(iFinD公式)'!$B59:$Y59/'实盘净值数据(iFinD公式)'!$B$20:$Y$20)*(1-实盘持仓配置!$Z$5)^(('实盘净值数据(iFinD公式)'!$A59-'实盘净值数据(iFinD公式)'!$A$5)/365)) | F59: =IF(OR(E58="",E59=""),"",E59/E58-1) | G59: =IF(E59="","",E59/MAX(E$5:E59)-1) | H59: =IF(OR('实盘净值数据(iFinD公式)'!$A59="",'实盘净值数据(iFinD公式)'!$B59=""),"",分期持仓明细!$AB$19*SUMPRODUCT(分期持仓明细!$B$19:$Y$19,'实盘净值数据(iFinD公式)'!$B59:$Y59/'实盘净值数据(iFinD公式)'!$B$20:$Y$20)*(1-实盘持仓配置!$Z$6)^(('实盘净值数据(iFinD公式)'!$A59-'实盘净值数据(iFinD公式)'!$A$7)/365)) | I59: =IF(OR(H58="",H59=""),"",H59/H58-1) | J59: =IF(H59="","",H59/MAX(H$5:H59)-1) | K59: =IF(OR('实盘净值数据(iFinD公式)'!$A59="",'实盘净值数据(iFinD公式)'!$B59=""),"",分期持仓明细!$AB$20*SUMPRODUCT(分期持仓明细!$B$20:$Y$20,'实盘净值数据(iFinD公式)'!$B59:$Y59/'实盘净值数据(iFinD公式)'!$B$25:$Y$25)*(1-实盘持仓配置!$Z$7)^(('实盘净值数据(iFinD公式)'!$A59-'实盘净值数据(iFinD公式)'!$A$8)/365)) | L59: =IF(OR(K58="",K59=""),"",K59/K58-1) | M59: =IF(K59="","",K59/MAX(K$5:K59)-1) | N59: =IF(OR('实盘净值数据(iFinD公式)'!$A59="",'实盘净值数据(iFinD公式)'!$B59=""),"",分期持仓明细!$AB$21*SUMPRODUCT(分期持仓明细!$B$21:$Y$21,'实盘净值数据(iFinD公式)'!$B59:$Y59/'实盘净值数据(iFinD公式)'!$B$25:$Y$25)*(1-实盘持仓配置!$Z$8)^(('实盘净值数据(iFinD公式)'!$A59-'实盘净值数据(iFinD公式)'!$A$5)/365)) | O59: =IF(OR(N58="",N59=""),"",N59/N58-1) | P59: =IF(N59="","",N59/MAX(N$5:N59)-1) | Q59: =IF(OR('实盘净值数据(iFinD公式)'!$A59="",'实盘净值数据(iFinD公式)'!$B59=""),"",分期持仓明细!$AB$22*SUMPRODUCT(分期持仓明细!$B$22:$Y$22,'实盘净值数据(iFinD公式)'!$B59:$Y59/'实盘净值数据(iFinD公式)'!$B$25:$Y$25)*(1-实盘持仓配置!$Z$9)^(('实盘净值数据(iFinD公式)'!$A59-'实盘净值数据(iFinD公式)'!$A$8)/365)) | R59: =IF(OR(Q58="",Q59=""),"",Q59/Q58-1) | S59: =IF(Q59="","",Q59/MAX(Q$5:Q59)-1)
A61: 各组合自其净值起始日起=1.0000；买入持有，权重随涨跌漂移；净值已按各自年化费率折每日扣费。新增日期下拉填充。

Sheet 分期持仓明细
A1: 分期持仓明细（每次调仓后的组合权重；P0=初始建仓，P1=7/1调仓后…P3=7/17调仓后）
A2: 基金简称 | B2: 华安黄金ETF联接A | C2: 嘉实快线货币A | D2: 宏利复兴混合A | E2: 博道沪深300增强A | F2: 博道沪深300指增C | G2: 国泰通信设备ETF联接A | H2: 国泰通信设备C | I2: 嘉实前沿科技创新 | J2: 银华集成电路混合A | K2: 银华集成电路混合C | L2: 天弘中证1000指增A | M2: 天弘中证1000指增C | N2: 中欧中证500指增A | O2: 中欧中证500指增C | P2: 信澳业绩驱动A | Q2: 嘉实信息产业A | R2: 嘉实信息产业C | S2: 宏利复兴伟业C | T2: 国泰半导体材料设备ETF联接A | U2: 国泰半导体材料设备C | V2: 华泰柏瑞中证2000指增A | W2: 华泰柏瑞中证2000指增C | X2: 易方达中债新综指LOFA | Y2: 宏利领先中小盘混合 | Z2: 合计 | AA2: 生效日 | AB2: 累计因子(自动)
A3: 基金代码 | B3: 000216 | C3: 000917 | D3: 001170 | E3: 007044 | F3: 007045 | G3: 007817 | H3: 007818 | I3: 009993 | J3: 013840 | K3: 013841 | L3: 014201 | M3: 014202 | N3: 015453 | O3: 015454 | P3: 016370 | Q3: 017488 | R3: 017489 | S3: 017612 | T3: 019632 | U3: 019633 | V3: 019923 | W3: 019924 | X3: 161119 | Y3: 162214
A5: 产业趋势 · P0初始 | B5: =实盘持仓配置!B4 -> 0 | C5: =实盘持仓配置!C4 -> 0.02 | D5: =实盘持仓配置!D4 -> 0.19 | E5: =实盘持仓配置!E4 -> 0 | F5: =实盘持仓配置!F4 -> 0 | G5: =实盘持仓配置!G4 -> 0.11 | H5: =实盘持仓配置!H4 -> 0 | I5: =实盘持仓配置!I4 -> 0 | ... X5: =实盘持仓配置!X4 -> 0 | Y5: 0 | Z5: =SUM(B5:Y5) -> 1 | AA5: 46195
A6: 产业趋势基石 · P0初始 | B6: =实盘持仓配置!B5 -> 0 | C6: =实盘持仓配置!C5 -> 0.02 | D6: =实盘持仓配置!D5 -> 0.19 | E6: =实盘持仓配置!E5 -> 0 | F6: =实盘持仓配置!F5 -> 0 | G6: =实盘持仓配置!G5 -> 0.11 | H6: =实盘持仓配置!H5 -> 0 | I6: =实盘持仓配置!I5 -> 0 | ... X6: =实盘持仓配置!X5 -> 0 | Y6: 0 | Z6: =SUM(B6:Y6) -> 1 | AA6: 46191
A7: 产业趋势2号 · P0初始 | B7: =实盘持仓配置!B6 -> 0 | C7: =实盘持仓配置!C6 -> 0.02 | D7: =实盘持仓配置!D6 -> 0 | E7: =实盘持仓配置!E6 -> 0 | F7: =实盘持仓配置!F6 -> 0 | G7: =实盘持仓配置!G6 -> 0 | H7: =实盘持仓配置!H6 -> 0.11 | I7: =实盘持仓配置!I6 -> 0.19 | ... X7: =实盘持仓配置!X6 -> 0 | Y7: 0 | Z7: =SUM(B7:Y7) -> 1 | AA7: 46196
A8: 10-90 · P0初始 | B8: =实盘持仓配置!B7 -> 0.05 | C8: =实盘持仓配置!C7 -> 0.02 | D8: =实盘持仓配置!D7 -> 0 | E8: =实盘持仓配置!E7 -> 0 | F8: =实盘持仓配置!F7 -> 0.0125 | G8: =实盘持仓配置!G7 -> 0 | H8: =实盘持仓配置!H7 -> 0.005 | I8: =实盘持仓配置!I7 -> 0.01 | ... X8: =实盘持仓配置!X7 -> 0.83 | Y8: 0 | Z8: =SUM(B8:Y8) -> 1 | AA8: 46197
A9: 10-90 · P1(7/1调仓后) | B9: =B$8*'实盘净值数据(iFinD公式)'!B$13/'实盘净值数据(iFinD公式)'!B$8/$AB$9 -> #VALUE! | C9: =C$8*'实盘净值数据(iFinD公式)'!C$13/'实盘净值数据(iFinD公式)'!C$8/$AB$9-0.01 -> #VALUE! | D9: =D$8*'实盘净值数据(iFinD公式)'!D$13/'实盘净值数据(iFinD公式)'!D$8/$AB$9 -> #VALUE! | E9: =E$8*'实盘净值数据(iFinD公式)'!E$13/'实盘净值数据(iFinD公式)'!E$8/$AB$9 -> #VALUE! | F9: =F$8*'实盘净值数据(iFinD公式)'!F$13/'实盘净值数据(iFinD公式)'!F$8/$AB$9 -> #VALUE! | G9: =G$8*'实盘净值数据(iFinD公式)'!G$13/'实盘净值数据(iFinD公式)'!G$8/$AB$9 -> #VALUE! | H9: =H$8*'实盘净值数据(iFinD公式)'!H$13/'实盘净值数据(iFinD公式)'!H$8/$AB$9 -> #VALUE! | I9: =I$8*'实盘净值数据(iFinD公式)'!I$13/'实盘净值数据(iFinD公式)'!I$8/$AB$9 -> #VALUE! | J9: =J$8*'实盘净值数据(iFinD公式)'!J$13/'实盘净值数据(iFinD公式)'!J$8/$AB$9 -> #VALUE! | K9: =K$8*'实盘净值数据(iFinD公式)'!K$13/'实盘净值数据(iFinD公式)'!K$8/$AB$9 -> #VALUE! | ... X9: =X$8*'实盘净值数据(iFinD公式)'!X$13/'实盘净值数据(iFinD公式)'!X$8/$AB$9 -> #VALUE! | Y9: =Y$8*'实盘净值数据(iFinD公式)'!Y$13/'实盘净值数据(iFinD公式)'!Y$8/$AB$9+0.01 -> #VALUE! | Z9: =SUM(B9:Y9) -> #VALUE! | AA9: 46204 | AB9: =SUMPRODUCT($B$8:$Y$8,'实盘净值数据(iFinD公式)'!$B$13:$Y$13/'实盘净值数据(iFinD公式)'!$B$8:$Y$8) -> #VALUE!
A10: 10-90基石 · P0初始 | B10: =实盘持仓配置!B8 -> 0.05 | C10: =实盘持仓配置!C8 -> 0.02 | D10: =实盘持仓配置!D8 -> 0.01 | E10: =实盘持仓配置!E8 -> 0.0125 | F10: =实盘持仓配置!F8 -> 0 | G10: =实盘持仓配置!G8 -> 0.005 | H10: =实盘持仓配置!H8 -> 0 | I10: =实盘持仓配置!I8 -> 0 | ... X10: =实盘持仓配置!X8 -> 0.83 | Y10: 0 | Z10: =SUM(B10:Y10) -> 1 | AA10: 46191
A11: 10-90基石 · P1(7/1调仓后) | B11: =B$10*'实盘净值数据(iFinD公式)'!B$13/'实盘净值数据(iFinD公式)'!B$5/$AB$11 -> #VALUE! | C11: =C$10*'实盘净值数据(iFinD公式)'!C$13/'实盘净值数据(iFinD公式)'!C$5/$AB$11-0.01 -> #VALUE! | D11: =D$10*'实盘净值数据(iFinD公式)'!D$13/'实盘净值数据(iFinD公式)'!D$5/$AB$11 -> #VALUE! | E11: =E$10*'实盘净值数据(iFinD公式)'!E$13/'实盘净值数据(iFinD公式)'!E$5/$AB$11 -> #VALUE! | F11: =F$10*'实盘净值数据(iFinD公式)'!F$13/'实盘净值数据(iFinD公式)'!F$5/$AB$11 -> #VALUE! | G11: =G$10*'实盘净值数据(iFinD公式)'!G$13/'实盘净值数据(iFinD公式)'!G$5/$AB$11 -> #VALUE! | H11: =H$10*'实盘净值数据(iFinD公式)'!H$13/'实盘净值数据(iFinD公式)'!H$5/$AB$11 -> #VALUE! | I11: =I$10*'实盘净值数据(iFinD公式)'!I$13/'实盘净值数据(iFinD公式)'!I$5/$AB$11 -> #VALUE! | J11: =J$10*'实盘净值数据(iFinD公式)'!J$13/'实盘净值数据(iFinD公式)'!J$5/$AB$11 -> #VALUE! | K11: =K$10*'实盘净值数据(iFinD公式)'!K$13/'实盘净值数据(iFinD公式)'!K$5/$AB$11 -> #VALUE! | ... X11: =X$10*'实盘净值数据(iFinD公式)'!X$13/'实盘净值数据(iFinD公式)'!X$5/$AB$11 -> #VALUE! | Y11: =Y$10*'实盘净值数据(iFinD公式)'!Y$13/'实盘净值数据(iFinD公式)'!Y$5/$AB$11+0.01 -> #VALUE! | Z11: =SUM(B11:Y11) -> #VALUE! | AA11: 46204 | AB11: =SUMPRODUCT($B$10:$Y$10,'实盘净值数据(iFinD公式)'!$B$13:$Y$13/'实盘净值数据(iFinD公式)'!$B$5:$Y$5) -> #VALUE!
A12: 30-70 · P0初始 | B12: =实盘持仓配置!B9 -> 0.1 | C12: =实盘持仓配置!C9 -> 0.02 | D12: =实盘持仓配置!D9 -> 0 | E12: =实盘持仓配置!E9 -> 0 | F12: =实盘持仓配置!F9 -> 0.0375 | G12: =实盘持仓配置!G9 -> 0 | H12: =实盘持仓配置!H9 -> 0.015 | I12: =实盘持仓配置!I9 -> 0.03 | ... X12: =实盘持仓配置!X9 -> 0.58 | Y12: 0 | Z12: =SUM(B12:Y12) -> 1 | AA12: 46197
A13: 30-70 · P1(7/1调仓后) | B13: =B$12*'实盘净值数据(iFinD公式)'!B$13/'实盘净值数据(iFinD公式)'!B$8/$AB$13 -> #VALUE! | C13: =C$12*'实盘净值数据(iFinD公式)'!C$13/'实盘净值数据(iFinD公式)'!C$8/$AB$13-0.015 -> #VALUE! | D13: =D$12*'实盘净值数据(iFinD公式)'!D$13/'实盘净值数据(iFinD公式)'!D$8/$AB$13 -> #VALUE! | E13: =E$12*'实盘净值数据(iFinD公式)'!E$13/'实盘净值数据(iFinD公式)'!E$8/$AB$13 -> #VALUE! | F13: =F$12*'实盘净值数据(iFinD公式)'!F$13/'实盘净值数据(iFinD公式)'!F$8/$AB$13 -> #VALUE! | G13: =G$12*'实盘净值数据(iFinD公式)'!G$13/'实盘净值数据(iFinD公式)'!G$8/$AB$13 -> #VALUE! | H13: =H$12*'实盘净值数据(iFinD公式)'!H$13/'实盘净值数据(iFinD公式)'!H$8/$AB$13 -> #VALUE! | I13: =I$12*'实盘净值数据(iFinD公式)'!I$13/'实盘净值数据(iFinD公式)'!I$8/$AB$13 -> #VALUE! | J13: =J$12*'实盘净值数据(iFinD公式)'!J$13/'实盘净值数据(iFinD公式)'!J$8/$AB$13 -> #VALUE! | K13: =K$12*'实盘净值数据(iFinD公式)'!K$13/'实盘净值数据(iFinD公式)'!K$8/$AB$13 -> #VALUE! | ... X13: =X$12*'实盘净值数据(iFinD公式)'!X$13/'实盘净值数据(iFinD公式)'!X$8/$AB$13 -> #VALUE! | Y13: =Y$12*'实盘净值数据(iFinD公式)'!Y$13/'实盘净值数据(iFinD公式)'!Y$8/$AB$13+0.015 -> #VALUE! | Z13: =SUM(B13:Y13) -> #VALUE! | AA13: 46204 | AB13: =SUMPRODUCT($B$12:$Y$12,'实盘净值数据(iFinD公式)'!$B$13:$Y$13/'实盘净值数据(iFinD公式)'!$B$8:$Y$8) -> #VALUE!
A14: 10-90 · P2(7/7调仓后) | B14: 0.051392932 | C14: 0.050001503 | D14: 0 | E14: 0 | F14: 0.012270017 | G14: 0 | H14: 0.0044058931 | I14: 0.0097604352 | J14: 0 | K14: 0.010700918 | L14: 0 | M14: 0.012094651 | N14: 0 | O14: 0.012228859 | P14: 0 | Q14: 0 | R14: 0.0089849705 | S14: 0.0089406348 | T14: 0 | U14: 0.0051732171 | V14: 0 | W14: 0.012045088 | X14: 0.79287068 | Y14: 0.0091301987 | Z14: =SUM(B14:Y14) -> 1 | AA14: 46210 | AB14: =$AB$9*SUMPRODUCT($B$9:$Y$9,'实盘净值数据(iFinD公式)'!$B$17:$Y$17/'实盘净值数据(iFinD公式)'!$B$13:$Y$13) -> #VALUE!
A15: 10-90基石 · P2(7/7调仓后) | B15: 0.049150897 | C15: 0.05000116 | D15: 0.0090305951 | E15: 0.012304438 | F15: 0 | G15: 0.004425079 | H15: 0 | I15: 0 | J15: 0.011856418 | K15: 0 | L15: 0.012254684 | M15: 0 | N15: 0.012505785 | O15: 0 | P15: 0.0087603816 | Q15: 0.0092543444 | R15: 0 | S15: 0 | T15: 0.0055938035 | U15: 0 | V15: 0.012021636 | W15: 0 | X15: 0.79370065 | Y15: 0.0091401297 | Z15: =SUM(B15:Y15) -> 1 | AA15: 46210 | AB15: =$AB$11*SUMPRODUCT($B$11:$Y$11,'实盘净值数据(iFinD公式)'!$B$17:$Y$17/'实盘净值数据(iFinD公式)'!$B$13:$Y$13) -> #VALUE!
A16: 30-70 · P2(7/7调仓后) | B16: 0.10348108 | C16: 0.10000327 | D16: 0 | E16: 0 | F16: 0.037057536 | G16: 0 | H16: 0.013306495 | I16: 0.029478189 | J16: 0 | K16: 0.032319156 | L16: 0 | M16: 0.036532005 | N16: 0 | O16: 0.036934217 | P16: 0 | Q16: 0 | R16: 0.027137906 | S16: 0.027005784 | T16: 0 | U16: 0.015624327 | V16: 0 | W16: 0.036380179 | X16: 0.49087377 | Y16: 0.013866088 | Z16: =SUM(B16:Y16) -> 1 | AA16: 46210 | AB16: =$AB$13*SUMPRODUCT($B$13:$Y$13,'实盘净值数据(iFinD公式)'!$B$17:$Y$17/'实盘净值数据(iFinD公式)'!$B$13:$Y$13) -> #VALUE!
A17: 产业趋势 · P1(7/10调仓后) | B17: 0 | C17: 0.046328032 | D17: 0.16457821 | E17: 0 | F17: 0 | G17: 0 | H17: 0 | I17: 0 | J17: 0.24720581 | K17: 0 | L17: 0 | M17: 0 | N17: 0 | O17: 0 | P17: 0.16397773 | Q17: 0.17265148 | R17: 0 | S17: 0 | T17: 0.13525837 | U17: 0 | V17: 0 | W17: 0 | X17: 0 | Y17: 0.070000375 | Z17: =SUM(B17:Y17) -> 1 | AA17: 46213 | AB17: =SUMPRODUCT($B$5:$Y$5,'实盘净值数据(iFinD公式)'!$B$20:$Y$20/'实盘净值数据(iFinD公式)'!$B$6:$Y$6) -> #VALUE!
A18: 产业趋势基石 · P1(7/10调仓后) | B18: 0 | C18: 0.045293229 | D18: 0.1660948 | E18: 0 | F18: 0 | G18: 0 | H18: 0 | I18: 0 | J18: 0.24542909 | K18: 0 | L18: 0 | M18: 0 | N18: 0 | O18: 0 | P18: 0.16384894 | Q18: 0.17343057 | R18: 0 | S18: 0 | T18: 0.13590355 | U18: 0 | V18: 0 | W18: 0 | X18: 0 | Y18: 0.069999827 | Z18: =SUM(B18:Y18) -> 1 | AA18: 46213 | AB18: =SUMPRODUCT($B$6:$Y$6,'实盘净值数据(iFinD公式)'!$B$20:$Y$20/'实盘净值数据(iFinD公式)'!$B$5:$Y$5) -> #VALUE!
A19: 产业趋势2号 · P1(7/10调仓后) | B19: 0 | C19: 0.043773382 | D19: 0 | E19: 0 | F19: 0 | G19: 0 | H19: 0 | I19: 0.18991247 | J19: 0 | K19: 0.23432792 | L19: 0 | M19: 0 | N19: 0 | O19: 0 | P19: 0 | Q19: 0 | R19: 0.16876427 | S19: 0.16403376 | T19: 0 | U19: 0.12918859 | V19: 0 | W19: 0 | X19: 0 | Y19: 0.069999606 | Z19: =SUM(B19:Y19) -> 1 | AA19: 46213 | AB19: =SUMPRODUCT($B$7:$Y$7,'实盘净值数据(iFinD公式)'!$B$20:$Y$20/'实盘净值数据(iFinD公式)'!$B$7:$Y$7) -> #VALUE!
A20: 10-90 · P3(7/17调仓后) | B20: 0.051393 | C20: 0.044406 | D20: 0 | E20: 0 | F20: 0.01227 | G20: 0 | H20: 0 | I20: 0.00976 | J20: 0 | K20: 0.010701 | L20: 0 | M20: 0.012095 | N20: 0 | O20: 0.012229 | P20: 0 | Q20: 0 | R20: 0.008985 | S20: 0.008941 | T20: 0 | U20: 0.005173 | V20: 0 | W20: 0.012045 | X20: 0.802872 | Y20: 0.00913 | Z20: =SUM(B20:Y20) -> 1 | AA20: 46220 | AB20: =$AB$14*SUMPRODUCT($B$14:$Y$14,'实盘净值数据(iFinD公式)'!$B$25:$Y$25/'实盘净值数据(iFinD公式)'!$B$17:$Y$17) -> #VALUE!
A21: 10-90基石 · P3(7/17调仓后) | B21: 0.049151 | C21: 0.044425 | D21: 0.009031 | E21: 0.012304 | F21: 0 | G21: 0 | H21: 0 | I21: 0 | J21: 0.011856 | K21: 0 | L21: 0.012255 | M21: 0 | N21: 0.012506 | O21: 0 | P21: 0.00876 | Q21: 0.009254 | R21: 0 | S21: 0 | T21: 0.005594 | U21: 0 | V21: 0.012022 | W21: 0 | X21: 0.803702 | Y21: 0.00914 | Z21: =SUM(B21:Y21) -> 1 | AA21: 46220 | AB21: =$AB$15*SUMPRODUCT($B$15:$Y$15,'实盘净值数据(iFinD公式)'!$B$25:$Y$25/'实盘净值数据(iFinD公式)'!$B$17:$Y$17) -> #VALUE!
A22: 30-70 · P3(7/17调仓后) | B22: 0.103481 | C22: 0.087175 | D22: 0 | E22: 0 | F22: 0.037058 | G22: 0 | H22: 0 | I22: 0.029478 | J22: 0 | K22: 0.032319 | L22: 0 | M22: 0.036532 | N22: 0 | O22: 0.036934 | P22: 0 | Q22: 0 | R22: 0.027138 | S22: 0.027006 | T22: 0 | U22: 0.015624 | V22: 0 | W22: 0.03638 | X22: 0.500875 | Y22: 0.03 | Z22: =SUM(B22:Y22) -> 1 | AA22: 46220 | AB22: =$AB$16*SUMPRODUCT($B$16:$Y$16,'实盘净值数据(iFinD公式)'!$B$25:$Y$25/'实盘净值数据(iFinD公式)'!$B$17:$Y$17) -> #VALUE!

Sheet 看板-产业趋势
B2: 样板间组合走势看板（产业趋势组合）
B3: ="买入持有 · 已扣年化费率 "&TEXT(实盘持仓配置!$Z$4,"0.0%")&"（折每日计入净值）" -> 买入持有 · 已扣年化费率 1.5%（折每日计入净值） | E3: ="净值日期："&TEXT(LOOKUP(2,1/(实盘组合净值!$B$5:$B$59<>""),实盘组合净值!$A$5:$A$59),"yyyy-mm-dd") -> 净值日期：2026-06-22
B5: 产品业绩表现（历史表现不代表未来收益承诺）
B6: 最新净值 | C6: 累计收益 | D6: 年化收益 | E6: 年化波动率 | F6: 最大回撤 | G6: 夏普比率
B7: =LOOKUP(2,1/(实盘组合净值!$B$5:$B$59<>""),实盘组合净值!$B$5:$B$59) -> 1 | C7: =(LOOKUP(2,1/(实盘组合净值!$B$5:$B$59<>""),实盘组合净值!$B$5:$B$59))/1-1 -> 0 | D7: =(LOOKUP(2,1/(实盘组合净值!$B$5:$B$59<>""),实盘组合净值!$B$5:$B$59)/1)^(说明!$C$17/MAX(COUNT(实盘组合净值!$C$5:$C$59),1))-1 -> 0 | E7: =STDEV(实盘组合净值!$C$5:$C$59)*SQRT(说明!$C$17) -> #VALUE! | F7: =MIN(实盘组合净值!$D$5:$D$59) -> #VALUE! | G7: =(((LOOKUP(2,1/(实盘组合净值!$B$5:$B$59<>""),实盘组合净值!$B$5:$B$59)/1)^(说明!$C$17/MAX(COUNT(实盘组合净值!$C$5:$C$59),1))-1)-说明!$C$16)/IF((STDEV(实盘组合净值!$C$5:$C$59)*SQRT(说明!$C$17))=0,"",(STDEV(实盘组合净值!$C$5:$C$59)*SQRT(说明!$C$17))) -> #VALUE!
B9: 收益表现 | E9: 风险特征
B10: 区间 | C10: 累计收益 | D10: 年化收益 | E10: 指标 | G10: 数值
B11: 起始以来 | C11: =IFERROR((LOOKUP(2,1/(实盘组合净值!$B$5:$B$59<>""),实盘组合净值!$B$5:$B$59))/(1)-1,"") -> 0 | D11: =IFERROR((LOOKUP(2,1/(实盘组合净值!$B$5:$B$59<>""),实盘组合净值!$B$5:$B$59)/(1))^(说明!$C$17/COUNT(实盘组合净值!$C$5:$C$59))-1,"") | E11: 最大回撤 | G11: =MIN(实盘组合净值!$D$5:$D$59) -> #VALUE!
B12: 2026YTD | C12: =IFERROR((LOOKUP(2,1/(实盘组合净值!$B$5:$B$59<>""),实盘组合净值!$B$5:$B$59))/(IFERROR(LOOKUP(DATE(2026,1,1),实盘组合净值!$A$5:$A$59,实盘组合净值!$B$5:$B$59),1))-1,"") -> 0 | D12: =IFERROR((LOOKUP(2,1/(实盘组合净值!$B$5:$B$59<>""),实盘组合净值!$B$5:$B$59)/(IFERROR(LOOKUP(DATE(2026,1,1),实盘组合净值!$A$5:$A$59,实盘组合净值!$B$5:$B$59),1)))^(说明!$C$17/MAX(COUNTIF(实盘组合净值!$A$5:$A$59,">="&(DATE(2026,1,1))),1))-1,"") -> 0 | E12: 回撤修复天数(未创新高) | G12: =IFERROR((LOOKUP(2,1/(实盘组合净值!$B$5:$B$59<>""),ROW(实盘组合净值!$B$5:$B$59)))-(LOOKUP(2,1/(实盘组合净值!$D$5:$D$59=0),ROW(实盘组合净值!$D$5:$D$59))),"")
B13: 近3个月 | C13: =IFERROR((LOOKUP(2,1/(实盘组合净值!$B$5:$B$59<>""),实盘组合净值!$B$5:$B$59))/(IFERROR(LOOKUP(EDATE(LOOKUP(2,1/(实盘组合净值!$B$5:$B$59<>""),实盘组合净值!$A$5:$A$59),-3),实盘组合净值!$A$5:$A$59,实盘组合净值!$B$5:$B$59),1))-1,"") -> 0 | D13: =IFERROR((LOOKUP(2,1/(实盘组合净值!$B$5:$B$59<>""),实盘组合净值!$B$5:$B$59)/(IFERROR(LOOKUP(EDATE(LOOKUP(2,1/(实盘组合净值!$B$5:$B$59<>""),实盘组合净值!$A$5:$A$59),-3),实盘组合净值!$A$5:$A$59,实盘组合净值!$B$5:$B$59),1)))^(说明!$C$17/MAX(COUNTIF(实盘组合净值!$A$5:$A$59,">="&(EDATE(LOOKUP(2,1/(实盘组合净值!$B$5:$B$59<>""),实盘组合净值!$A$5:$A$59),-3))),1))-1,"") -> 0 | E13: 正收益占比 | G13: =COUNTIF(实盘组合净值!$C$5:$C$59,">0")/MAX(COUNT(实盘组合净值!$C$5:$C$59),1) -> 0
B14: 近6个月 | C14: =IFERROR((LOOKUP(2,1/(实盘组合净值!$B$5:$B$59<>""),实盘组合净值!$B$5:$B$59))/(IFERROR(LOOKUP(EDATE(LOOKUP(2,1/(实盘组合净值!$B$5:$B$59<>""),实盘组合净值!$A$5:$A$59),-6),实盘组合净值!$A$5:$A$59,实盘组合净值!$B$5:$B$59),1))-1,"") -> 0 | D14: =IFERROR((LOOKUP(2,1/(实盘组合净值!$B$5:$B$59<>""),实盘组合净值!$B$5:$B$59)/(IFERROR(LOOKUP(EDATE(LOOKUP(2,1/(实盘组合净值!$B$5:$B$59<>""),实盘组合净值!$A$5:$A$59),-6),实盘组合净值!$A$5:$A$59,实盘组合净值!$B$5:$B$59),1)))^(说明!$C$17/MAX(COUNTIF(实盘组合净值!$A$5:$A$59,">="&(EDATE(LOOKUP(2,1/(实盘组合净值!$B$5:$B$59<>""),实盘组合净值!$A$5:$A$59),-6))),1))-1,"") -> 0 | E14: 年化波动率 | G14: =STDEV(实盘组合净值!$C$5:$C$59)*SQRT(说明!$C$17) -> #VALUE!
B15: 近1年 | C15: =IFERROR((LOOKUP(2,1/(实盘组合净值!$B$5:$B$59<>""),实盘组合净值!$B$5:$B$59))/(IFERROR(LOOKUP(EDATE(LOOKUP(2,1/(实盘组合净值!$B$5:$B$59<>""),实盘组合净值!$A$5:$A$59),-12),实盘组合净值!$A$5:$A$59,实盘组合净值!$B$5:$B$59),1))-1,"") -> 0 | D15: =IFERROR((LOOKUP(2,1/(实盘组合净值!$B$5:$B$59<>""),实盘组合净值!$B$5:$B$59)/(IFERROR(LOOKUP(EDATE(LOOKUP(2,1/(实盘组合净值!$B$5:$B$59<>""),实盘组合净值!$A$5:$A$59),-12),实盘组合净值!$A$5:$A$59,实盘组合净值!$B$5:$B$59),1)))^(说明!$C$17/MAX(COUNTIF(实盘组合净值!$A$5:$A$59,">="&(EDATE(LOOKUP(2,1/(实盘组合净值!$B$5:$B$59<>""),实盘组合净值!$A$5:$A$59),-12))),1))-1,"") -> 0 | E15: 夏普比率 | G15: =(((LOOKUP(2,1/(实盘组合净值!$B$5:$B$59<>""),实盘组合净值!$B$5:$B$59)/1)^(说明!$C$17/MAX(COUNT(实盘组合净值!$C$5:$C$59),1))-1)-说明!$C$16)/IF((STDEV(实盘组合净值!$C$5:$C$59)*SQRT(说明!$C$17))=0,"",(STDEV(实盘组合净值!$C$5:$C$59)*SQRT(说明!$C$17))) -> #VALUE!
E16: 卡玛比率 | G16: =IFERROR(((LOOKUP(2,1/(实盘组合净值!$B$5:$B$59<>""),实盘组合净值!$B$5:$B$59)/1)^(说明!$C$17/MAX(COUNT(实盘组合净值!$C$5:$C$59),1))-1)/ABS(MIN(实盘组合净值!$D$5:$D$59)),"")
B18: 产品运作情况 · 组合净值曲线
B35: 统计区间自2026/6/1起；运作初期样本少，年化类指标仅供参考。新增交易日后请同步扩展本图数据区。

Sheet 看板-产业趋势基石
B2: 样板间组合走势看板（产业趋势基石组合）
B3: ="买入持有 · 已扣年化费率 "&TEXT(实盘持仓配置!$Z$5,"0.0%")&"（折每日计入净值）" -> 买入持有 · 已扣年化费率 1.2%（折每日计入净值） | E3: ="净值日期："&TEXT(LOOKUP(2,1/(实盘组合净值!$E$5:$E$59<>""),实盘组合净值!$A$5:$A$59),"yyyy-mm-dd") -> 净值日期：2026-06-18
B5: 产品业绩表现（历史表现不代表未来收益承诺）
B6: 最新净值 | C6: 累计收益 | D6: 年化收益 | E6: 年化波动率 | F6: 最大回撤 | G6: 夏普比率
B7: =LOOKUP(2,1/(实盘组合净值!$E$5:$E$59<>""),实盘组合净值!$E$5:$E$59) -> 1 | C7: =(LOOKUP(2,1/(实盘组合净值!$E$5:$E$59<>""),实盘组合净值!$E$5:$E$59))/1-1 -> 0 | D7: =(LOOKUP(2,1/(实盘组合净值!$E$5:$E$59<>""),实盘组合净值!$E$5:$E$59)/1)^(说明!$C$17/MAX(COUNT(实盘组合净值!$F$5:$F$59),1))-1 -> 0 | E7: =STDEV(实盘组合净值!$F$5:$F$59)*SQRT(说明!$C$17) -> #VALUE! | F7: =MIN(实盘组合净值!$G$5:$G$59) -> #VALUE! | G7: =(((LOOKUP(2,1/(实盘组合净值!$E$5:$E$59<>""),实盘组合净值!$E$5:$E$59)/1)^(说明!$C$17/MAX(COUNT(实盘组合净值!$F$5:$F$59),1))-1)-说明!$C$16)/IF((STDEV(实盘组合净值!$F$5:$F$59)*SQRT(说明!$C$17))=0,"",(STDEV(实盘组合净值!$F$5:$F$59)*SQRT(说明!$C$17))) -> #VALUE!
B9: 收益表现 | E9: 风险特征
B10: 区间 | C10: 累计收益 | D10: 年化收益 | E10: 指标 | G10: 数值
B11: 起始以来 | C11: =IFERROR((LOOKUP(2,1/(实盘组合净值!$E$5:$E$59<>""),实盘组合净值!$E$5:$E$59))/(1)-1,"") -> 0 | D11: =IFERROR((LOOKUP(2,1/(实盘组合净值!$E$5:$E$59<>""),实盘组合净值!$E$5:$E$59)/(1))^(说明!$C$17/COUNT(实盘组合净值!$F$5:$F$59))-1,"") | E11: 最大回撤 | G11: =MIN(实盘组合净值!$G$5:$G$59) -> #VALUE!
B12: 2026YTD | C12: =IFERROR((LOOKUP(2,1/(实盘组合净值!$E$5:$E$59<>""),实盘组合净值!$E$5:$E$59))/(IFERROR(LOOKUP(DATE(2026,1,1),实盘组合净值!$A$5:$A$59,实盘组合净值!$E$5:$E$59),1))-1,"") -> 0 | D12: =IFERROR((LOOKUP(2,1/(实盘组合净值!$E$5:$E$59<>""),实盘组合净值!$E$5:$E$59)/(IFERROR(LOOKUP(DATE(2026,1,1),实盘组合净值!$A$5:$A$59,实盘组合净值!$E$5:$E$59),1)))^(说明!$C$17/MAX(COUNTIF(实盘组合净值!$A$5:$A$59,">="&(DATE(2026,1,1))),1))-1,"") -> 0 | E12: 回撤修复天数(未创新高) | G12: =IFERROR((LOOKUP(2,1/(实盘组合净值!$E$5:$E$59<>""),ROW(实盘组合净值!$E$5:$E$59)))-(LOOKUP(2,1/(实盘组合净值!$G$5:$G$59=0),ROW(实盘组合净值!$G$5:$G$59))),"") -> 0
B13: 近3个月 | C13: =IFERROR((LOOKUP(2,1/(实盘组合净值!$E$5:$E$59<>""),实盘组合净值!$E$5:$E$59))/(IFERROR(LOOKUP(EDATE(LOOKUP(2,1/(实盘组合净值!$E$5:$E$59<>""),实盘组合净值!$A$5:$A$59),-3),实盘组合净值!$A$5:$A$59,实盘组合净值!$E$5:$E$59),1))-1,"") -> 0 | D13: =IFERROR((LOOKUP(2,1/(实盘组合净值!$E$5:$E$59<>""),实盘组合净值!$E$5:$E$59)/(IFERROR(LOOKUP(EDATE(LOOKUP(2,1/(实盘组合净值!$E$5:$E$59<>""),实盘组合净值!$A$5:$A$59),-3),实盘组合净值!$A$5:$A$59,实盘组合净值!$E$5:$E$59),1)))^(说明!$C$17/MAX(COUNTIF(实盘组合净值!$A$5:$A$59,">="&(EDATE(LOOKUP(2,1/(实盘组合净值!$E$5:$E$59<>""),实盘组合净值!$A$5:$A$59),-3))),1))-1,"") -> 0 | E13: 正收益占比 | G13: =COUNTIF(实盘组合净值!$F$5:$F$59,">0")/MAX(COUNT(实盘组合净值!$F$5:$F$59),1) -> 0
B14: 近6个月 | C14: =IFERROR((LOOKUP(2,1/(实盘组合净值!$E$5:$E$59<>""),实盘组合净值!$E$5:$E$59))/(IFERROR(LOOKUP(EDATE(LOOKUP(2,1/(实盘组合净值!$E$5:$E$59<>""),实盘组合净值!$A$5:$A$59),-6),实盘组合净值!$A$5:$A$59,实盘组合净值!$E$5:$E$59),1))-1,"") -> 0 | D14: =IFERROR((LOOKUP(2,1/(实盘组合净值!$E$5:$E$59<>""),实盘组合净值!$E$5:$E$59)/(IFERROR(LOOKUP(EDATE(LOOKUP(2,1/(实盘组合净值!$E$5:$E$59<>""),实盘组合净值!$A$5:$A$59),-6),实盘组合净值!$A$5:$A$59,实盘组合净值!$E$5:$E$59),1)))^(说明!$C$17/MAX(COUNTIF(实盘组合净值!$A$5:$A$59,">="&(EDATE(LOOKUP(2,1/(实盘组合净值!$E$5:$E$59<>""),实盘组合净值!$A$5:$A$59),-6))),1))-1,"") -> 0 | E14: 年化波动率 | G14: =STDEV(实盘组合净值!$F$5:$F$59)*SQRT(说明!$C$17) -> #VALUE!
B15: 近1年 | C15: =IFERROR((LOOKUP(2,1/(实盘组合净值!$E$5:$E$59<>""),实盘组合净值!$E$5:$E$59))/(IFERROR(LOOKUP(EDATE(LOOKUP(2,1/(实盘组合净值!$E$5:$E$59<>""),实盘组合净值!$A$5:$A$59),-12),实盘组合净值!$A$5:$A$59,实盘组合净值!$E$5:$E$59),1))-1,"") -> 0 | D15: =IFERROR((LOOKUP(2,1/(实盘组合净值!$E$5:$E$59<>""),实盘组合净值!$E$5:$E$59)/(IFERROR(LOOKUP(EDATE(LOOKUP(2,1/(实盘组合净值!$E$5:$E$59<>""),实盘组合净值!$A$5:$A$59),-12),实盘组合净值!$A$5:$A$59,实盘组合净值!$E$5:$E$59),1)))^(说明!$C$17/MAX(COUNTIF(实盘组合净值!$A$5:$A$59,">="&(EDATE(LOOKUP(2,1/(实盘组合净值!$E$5:$E$59<>""),实盘组合净值!$A$5:$A$59),-12))),1))-1,"") -> 0 | E15: 夏普比率 | G15: =(((LOOKUP(2,1/(实盘组合净值!$E$5:$E$59<>""),实盘组合净值!$E$5:$E$59)/1)^(说明!$C$17/MAX(COUNT(实盘组合净值!$F$5:$F$59),1))-1)-说明!$C$16)/IF((STDEV(实盘组合净值!$F$5:$F$59)*SQRT(说明!$C$17))=0,"",(STDEV(实盘组合净值!$F$5:$F$59)*SQRT(说明!$C$17))) -> #VALUE!
E16: 卡玛比率 | G16: =IFERROR(((LOOKUP(2,1/(实盘组合净值!$E$5:$E$59<>""),实盘组合净值!$E$5:$E$59)/1)^(说明!$C$17/MAX(COUNT(实盘组合净值!$F$5:$F$59),1))-1)/ABS(MIN(实盘组合净值!$G$5:$G$59)),"")
B18: 产品运作情况 · 组合净值曲线
B35: 统计区间自2026/6/1起；运作初期样本少，年化类指标仅供参考。新增交易日后请同步扩展本图数据区。

Sheet 看板-产业趋势2号
B2: 样板间组合走势看板（产业趋势2号组合）
B3: ="买入持有 · 已扣年化费率 "&TEXT(实盘持仓配置!$Z$6,"0.0%")&"（折每日计入净值）" -> 买入持有 · 已扣年化费率 1.5%（折每日计入净值） | E3: ="净值日期："&TEXT(LOOKUP(2,1/(实盘组合净值!$H$5:$H$59<>""),实盘组合净值!$A$5:$A$59),"yyyy-mm-dd") -> 净值日期：2026-06-23
B5: 产品业绩表现（历史表现不代表未来收益承诺）
B6: 最新净值 | C6: 累计收益 | D6: 年化收益 | E6: 年化波动率 | F6: 最大回撤 | G6: 夏普比率
B7: =LOOKUP(2,1/(实盘组合净值!$H$5:$H$59<>""),实盘组合净值!$H$5:$H$59) -> 1 | C7: =(LOOKUP(2,1/(实盘组合净值!$H$5:$H$59<>""),实盘组合净值!$H$5:$H$59))/1-1 -> 0 | D7: =(LOOKUP(2,1/(实盘组合净值!$H$5:$H$59<>""),实盘组合净值!$H$5:$H$59)/1)^(说明!$C$17/MAX(COUNT(实盘组合净值!$I$5:$I$59),1))-1 -> 0 | E7: =STDEV(实盘组合净值!$I$5:$I$59)*SQRT(说明!$C$17) -> #VALUE! | F7: =MIN(实盘组合净值!$J$5:$J$59) -> #VALUE! | G7: =(((LOOKUP(2,1/(实盘组合净值!$H$5:$H$59<>""),实盘组合净值!$H$5:$H$59)/1)^(说明!$C$17/MAX(COUNT(实盘组合净值!$I$5:$I$59),1))-1)-说明!$C$16)/IF((STDEV(实盘组合净值!$I$5:$I$59)*SQRT(说明!$C$17))=0,"",(STDEV(实盘组合净值!$I$5:$I$59)*SQRT(说明!$C$17))) -> #VALUE!
B9: 收益表现 | E9: 风险特征
B10: 区间 | C10: 累计收益 | D10: 年化收益 | E10: 指标 | G10: 数值
B11: 起始以来 | C11: =IFERROR((LOOKUP(2,1/(实盘组合净值!$H$5:$H$59<>""),实盘组合净值!$H$5:$H$59))/(1)-1,"") -> 0 | D11: =IFERROR((LOOKUP(2,1/(实盘组合净值!$H$5:$H$59<>""),实盘组合净值!$H$5:$H$59)/(1))^(说明!$C$17/COUNT(实盘组合净值!$I$5:$I$59))-1,"") | E11: 最大回撤 | G11: =MIN(实盘组合净值!$J$5:$J$59) -> #VALUE!
B12: 2026YTD | C12: =IFERROR((LOOKUP(2,1/(实盘组合净值!$H$5:$H$59<>""),实盘组合净值!$H$5:$H$59))/(IFERROR(LOOKUP(DATE(2026,1,1),实盘组合净值!$A$5:$A$59,实盘组合净值!$H$5:$H$59),1))-1,"") -> 0 | D12: =IFERROR((LOOKUP(2,1/(实盘组合净值!$H$5:$H$59<>""),实盘组合净值!$H$5:$H$59)/(IFERROR(LOOKUP(DATE(2026,1,1),实盘组合净值!$A$5:$A$59,实盘组合净值!$H$5:$H$59),1)))^(说明!$C$17/MAX(COUNTIF(实盘组合净值!$A$5:$A$59,">="&(DATE(2026,1,1))),1))-1,"") -> 0 | E12: 回撤修复天数(未创新高) | G12: =IFERROR((LOOKUP(2,1/(实盘组合净值!$H$5:$H$59<>""),ROW(实盘组合净值!$H$5:$H$59)))-(LOOKUP(2,1/(实盘组合净值!$J$5:$J$59=0),ROW(实盘组合净值!$J$5:$J$59))),"")
B13: 近3个月 | C13: =IFERROR((LOOKUP(2,1/(实盘组合净值!$H$5:$H$59<>""),实盘组合净值!$H$5:$H$59))/(IFERROR(LOOKUP(EDATE(LOOKUP(2,1/(实盘组合净值!$H$5:$H$59<>""),实盘组合净值!$A$5:$A$59),-3),实盘组合净值!$A$5:$A$59,实盘组合净值!$H$5:$H$59),1))-1,"") -> 0 | D13: =IFERROR((LOOKUP(2,1/(实盘组合净值!$H$5:$H$59<>""),实盘组合净值!$H$5:$H$59)/(IFERROR(LOOKUP(EDATE(LOOKUP(2,1/(实盘组合净值!$H$5:$H$59<>""),实盘组合净值!$A$5:$A$59),-3),实盘组合净值!$A$5:$A$59,实盘组合净值!$H$5:$H$59),1)))^(说明!$C$17/MAX(COUNTIF(实盘组合净值!$A$5:$A$59,">="&(EDATE(LOOKUP(2,1/(实盘组合净值!$H$5:$H$59<>""),实盘组合净值!$A$5:$A$59),-3))),1))-1,"") -> 0 | E13: 正收益占比 | G13: =COUNTIF(实盘组合净值!$I$5:$I$59,">0")/MAX(COUNT(实盘组合净值!$I$5:$I$59),1) -> 0
B14: 近6个月 | C14: =IFERROR((LOOKUP(2,1/(实盘组合净值!$H$5:$H$59<>""),实盘组合净值!$H$5:$H$59))/(IFERROR(LOOKUP(EDATE(LOOKUP(2,1/(实盘组合净值!$H$5:$H$59<>""),实盘组合净值!$A$5:$A$59),-6),实盘组合净值!$A$5:$A$59,实盘组合净值!$H$5:$H$59),1))-1,"") -> 0 | D14: =IFERROR((LOOKUP(2,1/(实盘组合净值!$H$5:$H$59<>""),实盘组合净值!$H$5:$H$59)/(IFERROR(LOOKUP(EDATE(LOOKUP(2,1/(实盘组合净值!$H$5:$H$59<>""),实盘组合净值!$A$5:$A$59),-6),实盘组合净值!$A$5:$A$59,实盘组合净值!$H$5:$H$59),1)))^(说明!$C$17/MAX(COUNTIF(实盘组合净值!$A$5:$A$59,">="&(EDATE(LOOKUP(2,1/(实盘组合净值!$H$5:$H$59<>""),实盘组合净值!$A$5:$A$59),-6))),1))-1,"") -> 0 | E14: 年化波动率 | G14: =STDEV(实盘组合净值!$I$5:$I$59)*SQRT(说明!$C$17) -> #VALUE!
B15: 近1年 | C15: =IFERROR((LOOKUP(2,1/(实盘组合净值!$H$5:$H$59<>""),实盘组合净值!$H$5:$H$59))/(IFERROR(LOOKUP(EDATE(LOOKUP(2,1/(实盘组合净值!$H$5:$H$59<>""),实盘组合净值!$A$5:$A$59),-12),实盘组合净值!$A$5:$A$59,实盘组合净值!$H$5:$H$59),1))-1,"") -> 0 | D15: =IFERROR((LOOKUP(2,1/(实盘组合净值!$H$5:$H$59<>""),实盘组合净值!$H$5:$H$59)/(IFERROR(LOOKUP(EDATE(LOOKUP(2,1/(实盘组合净值!$H$5:$H$59<>""),实盘组合净值!$A$5:$A$59),-12),实盘组合净值!$A$5:$A$59,实盘组合净值!$H$5:$H$59),1)))^(说明!$C$17/MAX(COUNTIF(实盘组合净值!$A$5:$A$59,">="&(EDATE(LOOKUP(2,1/(实盘组合净值!$H$5:$H$59<>""),实盘组合净值!$A$5:$A$59),-12))),1))-1,"") -> 0 | E15: 夏普比率 | G15: =(((LOOKUP(2,1/(实盘组合净值!$H$5:$H$59<>""),实盘组合净值!$H$5:$H$59)/1)^(说明!$C$17/MAX(COUNT(实盘组合净值!$I$5:$I$59),1))-1)-说明!$C$16)/IF((STDEV(实盘组合净值!$I$5:$I$59)*SQRT(说明!$C$17))=0,"",(STDEV(实盘组合净值!$I$5:$I$59)*SQRT(说明!$C$17))) -> #VALUE!
E16: 卡玛比率 | G16: =IFERROR(((LOOKUP(2,1/(实盘组合净值!$H$5:$H$59<>""),实盘组合净值!$H$5:$H$59)/1)^(说明!$C$17/MAX(COUNT(实盘组合净值!$I$5:$I$59),1))-1)/ABS(MIN(实盘组合净值!$J$5:$J$59)),"")
B18: 产品运作情况 · 组合净值曲线
B35: 统计区间自2026/6/1起；运作初期样本少，年化类指标仅供参考。新增交易日后请同步扩展本图数据区。

Sheet 看板-10-90
B2: 样板间组合走势看板（10-90组合）
B3: ="买入持有 · 已扣年化费率 "&TEXT(实盘持仓配置!$Z$7,"0.0%")&"（折每日计入净值）" -> 买入持有 · 已扣年化费率 0.8%（折每日计入净值） | E3: ="净值日期："&TEXT(LOOKUP(2,1/(实盘组合净值!$K$5:$K$59<>""),实盘组合净值!$A$5:$A$59),"yyyy-mm-dd") -> 净值日期：2026-06-24
B5: 产品业绩表现（历史表现不代表未来收益承诺）
B6: 最新净值 | C6: 累计收益 | D6: 年化收益 | E6: 年化波动率 | F6: 最大回撤 | G6: 夏普比率
B7: =LOOKUP(2,1/(实盘组合净值!$K$5:$K$59<>""),实盘组合净值!$K$5:$K$59) -> 1 | C7: =(LOOKUP(2,1/(实盘组合净值!$K$5:$K$59<>""),实盘组合净值!$K$5:$K$59))/1-1 -> 0 | D7: =(LOOKUP(2,1/(实盘组合净值!$K$5:$K$59<>""),实盘组合净值!$K$5:$K$59)/1)^(说明!$C$17/MAX(COUNT(实盘组合净值!$L$5:$L$59),1))-1 -> 0 | E7: =STDEV(实盘组合净值!$L$5:$L$59)*SQRT(说明!$C$17) -> #VALUE! | F7: =MIN(实盘组合净值!$M$5:$M$59) -> #VALUE! | G7: =(((LOOKUP(2,1/(实盘组合净值!$K$5:$K$59<>""),实盘组合净值!$K$5:$K$59)/1)^(说明!$C$17/MAX(COUNT(实盘组合净值!$L$5:$L$59),1))-1)-说明!$C$16)/IF((STDEV(实盘组合净值!$L$5:$L$59)*SQRT(说明!$C$17))=0,"",(STDEV(实盘组合净值!$L$5:$L$59)*SQRT(说明!$C$17))) -> #VALUE!
B9: 收益表现 | E9: 风险特征
B10: 区间 | C10: 累计收益 | D10: 年化收益 | E10: 指标 | G10: 数值
B11: 起始以来 | C11: =IFERROR((LOOKUP(2,1/(实盘组合净值!$K$5:$K$59<>""),实盘组合净值!$K$5:$K$59))/(1)-1,"") -> 0 | D11: =IFERROR((LOOKUP(2,1/(实盘组合净值!$K$5:$K$59<>""),实盘组合净值!$K$5:$K$59)/(1))^(说明!$C$17/COUNT(实盘组合净值!$L$5:$L$59))-1,"") | E11: 最大回撤 | G11: =MIN(实盘组合净值!$M$5:$M$59) -> #VALUE!
B12: 2026YTD | C12: =IFERROR((LOOKUP(2,1/(实盘组合净值!$K$5:$K$59<>""),实盘组合净值!$K$5:$K$59))/(IFERROR(LOOKUP(DATE(2026,1,1),实盘组合净值!$A$5:$A$59,实盘组合净值!$K$5:$K$59),1))-1,"") -> 0 | D12: =IFERROR((LOOKUP(2,1/(实盘组合净值!$K$5:$K$59<>""),实盘组合净值!$K$5:$K$59)/(IFERROR(LOOKUP(DATE(2026,1,1),实盘组合净值!$A$5:$A$59,实盘组合净值!$K$5:$K$59),1)))^(说明!$C$17/MAX(COUNTIF(实盘组合净值!$A$5:$A$59,">="&(DATE(2026,1,1))),1))-1,"") -> 0 | E12: 回撤修复天数(未创新高) | G12: =IFERROR((LOOKUP(2,1/(实盘组合净值!$K$5:$K$59<>""),ROW(实盘组合净值!$K$5:$K$59)))-(LOOKUP(2,1/(实盘组合净值!$M$5:$M$59=0),ROW(实盘组合净值!$M$5:$M$59))),"")
B13: 近3个月 | C13: =IFERROR((LOOKUP(2,1/(实盘组合净值!$K$5:$K$59<>""),实盘组合净值!$K$5:$K$59))/(IFERROR(LOOKUP(EDATE(LOOKUP(2,1/(实盘组合净值!$K$5:$K$59<>""),实盘组合净值!$A$5:$A$59),-3),实盘组合净值!$A$5:$A$59,实盘组合净值!$K$5:$K$59),1))-1,"") -> 0 | D13: =IFERROR((LOOKUP(2,1/(实盘组合净值!$K$5:$K$59<>""),实盘组合净值!$K$5:$K$59)/(IFERROR(LOOKUP(EDATE(LOOKUP(2,1/(实盘组合净值!$K$5:$K$59<>""),实盘组合净值!$A$5:$A$59),-3),实盘组合净值!$A$5:$A$59,实盘组合净值!$K$5:$K$59),1)))^(说明!$C$17/MAX(COUNTIF(实盘组合净值!$A$5:$A$59,">="&(EDATE(LOOKUP(2,1/(实盘组合净值!$K$5:$K$59<>""),实盘组合净值!$A$5:$A$59),-3))),1))-1,"") -> 0 | E13: 正收益占比 | G13: =COUNTIF(实盘组合净值!$L$5:$L$59,">0")/MAX(COUNT(实盘组合净值!$L$5:$L$59),1) -> 0
B14: 近6个月 | C14: =IFERROR((LOOKUP(2,1/(实盘组合净值!$K$5:$K$59<>""),实盘组合净值!$K$5:$K$59))/(IFERROR(LOOKUP(EDATE(LOOKUP(2,1/(实盘组合净值!$K$5:$K$59<>""),实盘组合净值!$A$5:$A$59),-6),实盘组合净值!$A$5:$A$59,实盘组合净值!$K$5:$K$59),1))-1,"") -> 0 | D14: =IFERROR((LOOKUP(2,1/(实盘组合净值!$K$5:$K$59<>""),实盘组合净值!$K$5:$K$59)/(IFERROR(LOOKUP(EDATE(LOOKUP(2,1/(实盘组合净值!$K$5:$K$59<>""),实盘组合净值!$A$5:$A$59),-6),实盘组合净值!$A$5:$A$59,实盘组合净值!$K$5:$K$59),1)))^(说明!$C$17/MAX(COUNTIF(实盘组合净值!$A$5:$A$59,">="&(EDATE(LOOKUP(2,1/(实盘组合净值!$K$5:$K$59<>""),实盘组合净值!$A$5:$A$59),-6))),1))-1,"") -> 0 | E14: 年化波动率 | G14: =STDEV(实盘组合净值!$L$5:$L$59)*SQRT(说明!$C$17) -> #VALUE!
B15: 近1年 | C15: =IFERROR((LOOKUP(2,1/(实盘组合净值!$K$5:$K$59<>""),实盘组合净值!$K$5:$K$59))/(IFERROR(LOOKUP(EDATE(LOOKUP(2,1/(实盘组合净值!$K$5:$K$59<>""),实盘组合净值!$A$5:$A$59),-12),实盘组合净值!$A$5:$A$59,实盘组合净值!$K$5:$K$59),1))-1,"") -> 0 | D15: =IFERROR((LOOKUP(2,1/(实盘组合净值!$K$5:$K$59<>""),实盘组合净值!$K$5:$K$59)/(IFERROR(LOOKUP(EDATE(LOOKUP(2,1/(实盘组合净值!$K$5:$K$59<>""),实盘组合净值!$A$5:$A$59),-12),实盘组合净值!$A$5:$A$59,实盘组合净值!$K$5:$K$59),1)))^(说明!$C$17/MAX(COUNTIF(实盘组合净值!$A$5:$A$59,">="&(EDATE(LOOKUP(2,1/(实盘组合净值!$K$5:$K$59<>""),实盘组合净值!$A$5:$A$59),-12))),1))-1,"") -> 0 | E15: 夏普比率 | G15: =(((LOOKUP(2,1/(实盘组合净值!$K$5:$K$59<>""),实盘组合净值!$K$5:$K$59)/1)^(说明!$C$17/MAX(COUNT(实盘组合净值!$L$5:$L$59),1))-1)-说明!$C$16)/IF((STDEV(实盘组合净值!$L$5:$L$59)*SQRT(说明!$C$17))=0,"",(STDEV(实盘组合净值!$L$5:$L$59)*SQRT(说明!$C$17))) -> #VALUE!
E16: 卡玛比率 | G16: =IFERROR(((LOOKUP(2,1/(实盘组合净值!$K$5:$K$59<>""),实盘组合净值!$K$5:$K$59)/1)^(说明!$C$17/MAX(COUNT(实盘组合净值!$L$5:$L$59),1))-1)/ABS(MIN(实盘组合净值!$M$5:$M$59)),"")
B18: 产品运作情况 · 组合净值曲线
B35: 统计区间自2026/6/1起；运作初期样本少，年化类指标仅供参考。新增交易日后请同步扩展本图数据区。

Sheet 看板-10-90基石
B2: 样板间组合走势看板（10-90基石组合）
B3: ="买入持有 · 已扣年化费率 "&TEXT(实盘持仓配置!$Z$8,"0.0%")&"（折每日计入净值）" -> 买入持有 · 已扣年化费率 0.5%（折每日计入净值） | E3: ="净值日期："&TEXT(LOOKUP(2,1/(实盘组合净值!$N$5:$N$59<>""),实盘组合净值!$A$5:$A$59),"yyyy-mm-dd") -> 净值日期：2026-06-18
B5: 产品业绩表现（历史表现不代表未来收益承诺）
B6: 最新净值 | C6: 累计收益 | D6: 年化收益 | E6: 年化波动率 | F6: 最大回撤 | G6: 夏普比率
B7: =LOOKUP(2,1/(实盘组合净值!$N$5:$N$59<>""),实盘组合净值!$N$5:$N$59) -> 1 | C7: =(LOOKUP(2,1/(实盘组合净值!$N$5:$N$59<>""),实盘组合净值!$N$5:$N$59))/1-1 -> 0 | D7: =(LOOKUP(2,1/(实盘组合净值!$N$5:$N$59<>""),实盘组合净值!$N$5:$N$59)/1)^(说明!$C$17/MAX(COUNT(实盘组合净值!$O$5:$O$59),1))-1 -> 0 | E7: =STDEV(实盘组合净值!$O$5:$O$59)*SQRT(说明!$C$17) -> #VALUE! | F7: =MIN(实盘组合净值!$P$5:$P$59) -> #VALUE! | G7: =(((LOOKUP(2,1/(实盘组合净值!$N$5:$N$59<>""),实盘组合净值!$N$5:$N$59)/1)^(说明!$C$17/MAX(COUNT(实盘组合净值!$O$5:$O$59),1))-1)-说明!$C$16)/IF((STDEV(实盘组合净值!$O$5:$O$59)*SQRT(说明!$C$17))=0,"",(STDEV(实盘组合净值!$O$5:$O$59)*SQRT(说明!$C$17))) -> #VALUE!
B9: 收益表现 | E9: 风险特征
B10: 区间 | C10: 累计收益 | D10: 年化收益 | E10: 指标 | G10: 数值
B11: 起始以来 | C11: =IFERROR((LOOKUP(2,1/(实盘组合净值!$N$5:$N$59<>""),实盘组合净值!$N$5:$N$59))/(1)-1,"") -> 0 | D11: =IFERROR((LOOKUP(2,1/(实盘组合净值!$N$5:$N$59<>""),实盘组合净值!$N$5:$N$59)/(1))^(说明!$C$17/COUNT(实盘组合净值!$O$5:$O$59))-1,"") | E11: 最大回撤 | G11: =MIN(实盘组合净值!$P$5:$P$59) -> #VALUE!
B12: 2026YTD | C12: =IFERROR((LOOKUP(2,1/(实盘组合净值!$N$5:$N$59<>""),实盘组合净值!$N$5:$N$59))/(IFERROR(LOOKUP(DATE(2026,1,1),实盘组合净值!$A$5:$A$59,实盘组合净值!$N$5:$N$59),1))-1,"") -> 0 | D12: =IFERROR((LOOKUP(2,1/(实盘组合净值!$N$5:$N$59<>""),实盘组合净值!$N$5:$N$59)/(IFERROR(LOOKUP(DATE(2026,1,1),实盘组合净值!$A$5:$A$59,实盘组合净值!$N$5:$N$59),1)))^(说明!$C$17/MAX(COUNTIF(实盘组合净值!$A$5:$A$59,">="&(DATE(2026,1,1))),1))-1,"") -> 0 | E12: 回撤修复天数(未创新高) | G12: =IFERROR((LOOKUP(2,1/(实盘组合净值!$N$5:$N$59<>""),ROW(实盘组合净值!$N$5:$N$59)))-(LOOKUP(2,1/(实盘组合净值!$P$5:$P$59=0),ROW(实盘组合净值!$P$5:$P$59))),"") -> 0
B13: 近3个月 | C13: =IFERROR((LOOKUP(2,1/(实盘组合净值!$N$5:$N$59<>""),实盘组合净值!$N$5:$N$59))/(IFERROR(LOOKUP(EDATE(LOOKUP(2,1/(实盘组合净值!$N$5:$N$59<>""),实盘组合净值!$A$5:$A$59),-3),实盘组合净值!$A$5:$A$59,实盘组合净值!$N$5:$N$59),1))-1,"") -> 0 | D13: =IFERROR((LOOKUP(2,1/(实盘组合净值!$N$5:$N$59<>""),实盘组合净值!$N$5:$N$59)/(IFERROR(LOOKUP(EDATE(LOOKUP(2,1/(实盘组合净值!$N$5:$N$59<>""),实盘组合净值!$A$5:$A$59),-3),实盘组合净值!$A$5:$A$59,实盘组合净值!$N$5:$N$59),1)))^(说明!$C$17/MAX(COUNTIF(实盘组合净值!$A$5:$A$59,">="&(EDATE(LOOKUP(2,1/(实盘组合净值!$N$5:$N$59<>""),实盘组合净值!$A$5:$A$59),-3))),1))-1,"") -> 0 | E13: 正收益占比 | G13: =COUNTIF(实盘组合净值!$O$5:$O$59,">0")/MAX(COUNT(实盘组合净值!$O$5:$O$59),1) -> 0
B14: 近6个月 | C14: =IFERROR((LOOKUP(2,1/(实盘组合净值!$N$5:$N$59<>""),实盘组合净值!$N$5:$N$59))/(IFERROR(LOOKUP(EDATE(LOOKUP(2,1/(实盘组合净值!$N$5:$N$59<>""),实盘组合净值!$A$5:$A$59),-6),实盘组合净值!$A$5:$A$59,实盘组合净值!$N$5:$N$59),1))-1,"") -> 0 | D14: =IFERROR((LOOKUP(2,1/(实盘组合净值!$N$5:$N$59<>""),实盘组合净值!$N$5:$N$59)/(IFERROR(LOOKUP(EDATE(LOOKUP(2,1/(实盘组合净值!$N$5:$N$59<>""),实盘组合净值!$A$5:$A$59),-6),实盘组合净值!$A$5:$A$59,实盘组合净值!$N$5:$N$59),1)))^(说明!$C$17/MAX(COUNTIF(实盘组合净值!$A$5:$A$59,">="&(EDATE(LOOKUP(2,1/(实盘组合净值!$N$5:$N$59<>""),实盘组合净值!$A$5:$A$59),-6))),1))-1,"") -> 0 | E14: 年化波动率 | G14: =STDEV(实盘组合净值!$O$5:$O$59)*SQRT(说明!$C$17) -> #VALUE!
B15: 近1年 | C15: =IFERROR((LOOKUP(2,1/(实盘组合净值!$N$5:$N$59<>""),实盘组合净值!$N$5:$N$59))/(IFERROR(LOOKUP(EDATE(LOOKUP(2,1/(实盘组合净值!$N$5:$N$59<>""),实盘组合净值!$A$5:$A$59),-12),实盘组合净值!$A$5:$A$59,实盘组合净值!$N$5:$N$59),1))-1,"") -> 0 | D15: =IFERROR((LOOKUP(2,1/(实盘组合净值!$N$5:$N$59<>""),实盘组合净值!$N$5:$N$59)/(IFERROR(LOOKUP(EDATE(LOOKUP(2,1/(实盘组合净值!$N$5:$N$59<>""),实盘组合净值!$A$5:$A$59),-12),实盘组合净值!$A$5:$A$59,实盘组合净值!$N$5:$N$59),1)))^(说明!$C$17/MAX(COUNTIF(实盘组合净值!$A$5:$A$59,">="&(EDATE(LOOKUP(2,1/(实盘组合净值!$N$5:$N$59<>""),实盘组合净值!$A$5:$A$59),-12))),1))-1,"") -> 0 | E15: 夏普比率 | G15: =(((LOOKUP(2,1/(实盘组合净值!$N$5:$N$59<>""),实盘组合净值!$N$5:$N$59)/1)^(说明!$C$17/MAX(COUNT(实盘组合净值!$O$5:$O$59),1))-1)-说明!$C$16)/IF((STDEV(实盘组合净值!$O$5:$O$59)*SQRT(说明!$C$17))=0,"",(STDEV(实盘组合净值!$O$5:$O$59)*SQRT(说明!$C$17))) -> #VALUE!
E16: 卡玛比率 | G16: =IFERROR(((LOOKUP(2,1/(实盘组合净值!$N$5:$N$59<>""),实盘组合净值!$N$5:$N$59)/1)^(说明!$C$17/MAX(COUNT(实盘组合净值!$O$5:$O$59),1))-1)/ABS(MIN(实盘组合净值!$P$5:$P$59)),"")
B18: 产品运作情况 · 组合净值曲线
B35: 统计区间自2026/6/1起；运作初期样本少，年化类指标仅供参考。新增交易日后请同步扩展本图数据区。

Sheet 看板-30-70
B2: 样板间组合走势看板（30-70组合）
B3: ="买入持有 · 已扣年化费率 "&TEXT(实盘持仓配置!$Z$9,"0.0%")&"（折每日计入净值）" -> 买入持有 · 已扣年化费率 1.2%（折每日计入净值） | E3: ="净值日期："&TEXT(LOOKUP(2,1/(实盘组合净值!$Q$5:$Q$59<>""),实盘组合净值!$A$5:$A$59),"yyyy-mm-dd") -> 净值日期：2026-06-24
B5: 产品业绩表现（历史表现不代表未来收益承诺）
B6: 最新净值 | C6: 累计收益 | D6: 年化收益 | E6: 年化波动率 | F6: 最大回撤 | G6: 夏普比率
B7: =LOOKUP(2,1/(实盘组合净值!$Q$5:$Q$59<>""),实盘组合净值!$Q$5:$Q$59) -> 1 | C7: =(LOOKUP(2,1/(实盘组合净值!$Q$5:$Q$59<>""),实盘组合净值!$Q$5:$Q$59))/1-1 -> 0 | D7: =(LOOKUP(2,1/(实盘组合净值!$Q$5:$Q$59<>""),实盘组合净值!$Q$5:$Q$59)/1)^(说明!$C$17/MAX(COUNT(实盘组合净值!$R$5:$R$59),1))-1 -> 0 | E7: =STDEV(实盘组合净值!$R$5:$R$59)*SQRT(说明!$C$17) -> #VALUE! | F7: =MIN(实盘组合净值!$S$5:$S$59) -> #VALUE! | G7: =(((LOOKUP(2,1/(实盘组合净值!$Q$5:$Q$59<>""),实盘组合净值!$Q$5:$Q$59)/1)^(说明!$C$17/MAX(COUNT(实盘组合净值!$R$5:$R$59),1))-1)-说明!$C$16)/IF((STDEV(实盘组合净值!$R$5:$R$59)*SQRT(说明!$C$17))=0,"",(STDEV(实盘组合净值!$R$5:$R$59)*SQRT(说明!$C$17))) -> #VALUE!
B9: 收益表现 | E9: 风险特征
B10: 区间 | C10: 累计收益 | D10: 年化收益 | E10: 指标 | G10: 数值
B11: 起始以来 | C11: =IFERROR((LOOKUP(2,1/(实盘组合净值!$Q$5:$Q$59<>""),实盘组合净值!$Q$5:$Q$59))/(1)-1,"") -> 0 | D11: =IFERROR((LOOKUP(2,1/(实盘组合净值!$Q$5:$Q$59<>""),实盘组合净值!$Q$5:$Q$59)/(1))^(说明!$C$17/COUNT(实盘组合净值!$R$5:$R$59))-1,"") | E11: 最大回撤 | G11: =MIN(实盘组合净值!$S$5:$S$59) -> #VALUE!
B12: 2026YTD | C12: =IFERROR((LOOKUP(2,1/(实盘组合净值!$Q$5:$Q$59<>""),实盘组合净值!$Q$5:$Q$59))/(IFERROR(LOOKUP(DATE(2026,1,1),实盘组合净值!$A$5:$A$59,实盘组合净值!$Q$5:$Q$59),1))-1,"") -> 0 | D12: =IFERROR((LOOKUP(2,1/(实盘组合净值!$Q$5:$Q$59<>""),实盘组合净值!$Q$5:$Q$59)/(IFERROR(LOOKUP(DATE(2026,1,1),实盘组合净值!$A$5:$A$59,实盘组合净值!$Q$5:$Q$59),1)))^(说明!$C$17/MAX(COUNTIF(实盘组合净值!$A$5:$A$59,">="&(DATE(2026,1,1))),1))-1,"") -> 0 | E12: 回撤修复天数(未创新高) | G12: =IFERROR((LOOKUP(2,1/(实盘组合净值!$Q$5:$Q$59<>""),ROW(实盘组合净值!$Q$5:$Q$59)))-(LOOKUP(2,1/(实盘组合净值!$S$5:$S$59=0),ROW(实盘组合净值!$S$5:$S$59))),"")
B13: 近3个月 | C13: =IFERROR((LOOKUP(2,1/(实盘组合净值!$Q$5:$Q$59<>""),实盘组合净值!$Q$5:$Q$59))/(IFERROR(LOOKUP(EDATE(LOOKUP(2,1/(实盘组合净值!$Q$5:$Q$59<>""),实盘组合净值!$A$5:$A$59),-3),实盘组合净值!$A$5:$A$59,实盘组合净值!$Q$5:$Q$59),1))-1,"") -> 0 | D13: =IFERROR((LOOKUP(2,1/(实盘组合净值!$Q$5:$Q$59<>""),实盘组合净值!$Q$5:$Q$59)/(IFERROR(LOOKUP(EDATE(LOOKUP(2,1/(实盘组合净值!$Q$5:$Q$59<>""),实盘组合净值!$A$5:$A$59),-3),实盘组合净值!$A$5:$A$59,实盘组合净值!$Q$5:$Q$59),1)))^(说明!$C$17/MAX(COUNTIF(实盘组合净值!$A$5:$A$59,">="&(EDATE(LOOKUP(2,1/(实盘组合净值!$Q$5:$Q$59<>""),实盘组合净值!$A$5:$A$59),-3))),1))-1,"") -> 0 | E13: 正收益占比 | G13: =COUNTIF(实盘组合净值!$R$5:$R$59,">0")/MAX(COUNT(实盘组合净值!$R$5:$R$59),1) -> 0
B14: 近6个月 | C14: =IFERROR((LOOKUP(2,1/(实盘组合净值!$Q$5:$Q$59<>""),实盘组合净值!$Q$5:$Q$59))/(IFERROR(LOOKUP(EDATE(LOOKUP(2,1/(实盘组合净值!$Q$5:$Q$59<>""),实盘组合净值!$A$5:$A$59),-6),实盘组合净值!$A$5:$A$59,实盘组合净值!$Q$5:$Q$59),1))-1,"") -> 0 | D14: =IFERROR((LOOKUP(2,1/(实盘组合净值!$Q$5:$Q$59<>""),实盘组合净值!$Q$5:$Q$59)/(IFERROR(LOOKUP(EDATE(LOOKUP(2,1/(实盘组合净值!$Q$5:$Q$59<>""),实盘组合净值!$A$5:$A$59),-6),实盘组合净值!$A$5:$A$59,实盘组合净值!$Q$5:$Q$59),1)))^(说明!$C$17/MAX(COUNTIF(实盘组合净值!$A$5:$A$59,">="&(EDATE(LOOKUP(2,1/(实盘组合净值!$Q$5:$Q$59<>""),实盘组合净值!$A$5:$A$59),-6))),1))-1,"") -> 0 | E14: 年化波动率 | G14: =STDEV(实盘组合净值!$R$5:$R$59)*SQRT(说明!$C$17) -> #VALUE!
B15: 近1年 | C15: =IFERROR((LOOKUP(2,1/(实盘组合净值!$Q$5:$Q$59<>""),实盘组合净值!$Q$5:$Q$59))/(IFERROR(LOOKUP(EDATE(LOOKUP(2,1/(实盘组合净值!$Q$5:$Q$59<>""),实盘组合净值!$A$5:$A$59),-12),实盘组合净值!$A$5:$A$59,实盘组合净值!$Q$5:$Q$59),1))-1,"") -> 0 | D15: =IFERROR((LOOKUP(2,1/(实盘组合净值!$Q$5:$Q$59<>""),实盘组合净值!$Q$5:$Q$59)/(IFERROR(LOOKUP(EDATE(LOOKUP(2,1/(实盘组合净值!$Q$5:$Q$59<>""),实盘组合净值!$A$5:$A$59),-12),实盘组合净值!$A$5:$A$59,实盘组合净值!$Q$5:$Q$59),1)))^(说明!$C$17/MAX(COUNTIF(实盘组合净值!$A$5:$A$59,">="&(EDATE(LOOKUP(2,1/(实盘组合净值!$Q$5:$Q$59<>""),实盘组合净值!$A$5:$A$59),-12))),1))-1,"") -> 0 | E15: 夏普比率 | G15: =(((LOOKUP(2,1/(实盘组合净值!$Q$5:$Q$59<>""),实盘组合净值!$Q$5:$Q$59)/1)^(说明!$C$17/MAX(COUNT(实盘组合净值!$R$5:$R$59),1))-1)-说明!$C$16)/IF((STDEV(实盘组合净值!$R$5:$R$59)*SQRT(说明!$C$17))=0,"",(STDEV(实盘组合净值!$R$5:$R$59)*SQRT(说明!$C$17))) -> #VALUE!
E16: 卡玛比率 | G16: =IFERROR(((LOOKUP(2,1/(实盘组合净值!$Q$5:$Q$59<>""),实盘组合净值!$Q$5:$Q$59)/1)^(说明!$C$17/MAX(COUNT(实盘组合净值!$R$5:$R$59),1))-1)/ABS(MIN(实盘组合净值!$S$5:$S$59)),"")
B18: 产品运作情况 · 组合净值曲线
B35: 统计区间自2026/6/1起；运作初期样本少，年化类指标仅供参考。新增交易日后请同步扩展本图数据区。

Sheet 说明
B2: 样板间投顾组合 · 净值监控模板
B3: 运作起始日（实盘）：产业趋势基石/10-90基石 2026/6/18 · 产业趋势 6/22 · 产业趋势2号 6/23 · 10-90/30-70 6/24 ｜ 净值口径：复权单位净值(iFinD) ｜ 买入持有(权重漂移)，各组合自其起始日净值=1
B5: 一、模板结构
B6: 持仓配置 | C6: 实盘6组合(产业趋势/产业趋势基石/产业趋势2号/10-90/10-90基石/30-70)成份基金、代码、初始权重、年化费率、净值起始日，可直接编辑。
B7: 净值数据(iFinD公式) | C7: 同花顺公式拉取复权单位净值
B8: 组合净值 | C8: 按买入持有逐日计算四组合净值、日收益与回撤；净值已按年化费率折每日扣费(扣费后口径)。
B9: 看板-10/20/30/增值 | C9: 6个组合各一页：业绩KPI＋收益表现＋风险特征＋净值曲线。
B11: 二、使用说明
B12: 每日更新 | C12: 在『净值数据』『组合净值』底部按日期顺序新增一行(公式可下拉)，看板自动刷新。
B13: iFinD指标 | C13: 复权净值指标代码集中在『净值数据』B2，与本地版本不符时只改此处。
B14: 买入持有口径 | C14: 起始日按初始权重买入后持有，权重随涨跌漂移；组合起始净值=1.0000。
B15: 扣费方式 | C15: 各组合年化费率见『实盘持仓配置』Z列；按 净值×(1-费率)^(已运作交易日数/年化交易日数) 折每日计入，看板均为扣费后口径。
B16: 参数：无风险利率(年化) | C16: 0
B17: 参数：年化交易日数 | C17: 242
B18: 净值曲线 | C18: 净值曲线改用日期轴+直接区域引用，横轴自起始日起、自动延伸到最新交易日，无需手改图表数据区。
B19: 数据来源：同花顺 iFinD(复权单位净值)

Sheet 持仓权重预警
A1: 三个产业趋势组合 · 动态持仓权重监控（单只权重超过20%自动标红预警） | F1: 末行序号(自动) | G1: =COUNT('实盘净值数据(iFinD公式)'!$B$5:$B$60) -> 0
A2: 截止净值日期： | B2: =INDEX('实盘净值数据(iFinD公式)'!$A$5:$A$60,$G$1) -> 46191 | F2: 产业趋势毛净值 | G2: =SUMPRODUCT(实盘持仓配置!$B$4:$X$4,INDEX('实盘净值数据(iFinD公式)'!$B$5:$X$60,$G$1,0)/'实盘净值数据(iFinD公式)'!$B$6:$X$6) -> #VALUE!
F3: 基石毛净值 | G3: =SUMPRODUCT(实盘持仓配置!$B$5:$X$5,INDEX('实盘净值数据(iFinD公式)'!$B$5:$X$60,$G$1,0)/'实盘净值数据(iFinD公式)'!$B$5:$X$5) -> #VALUE!
F4: 2号毛净值 | G4: =SUMPRODUCT(实盘持仓配置!$B$6:$X$6,INDEX('实盘净值数据(iFinD公式)'!$B$5:$X$60,$G$1,0)/'实盘净值数据(iFinD公式)'!$B$7:$X$7) -> #VALUE!
A5: 基金简称 | B5: 基金代码 | C5: 初始权重 | D5: 动态权重(截止前一交易日)
A6: 国泰半导体ETF联接A | B6: 019632.OF | C6: =实盘持仓配置!T$4 -> 0.11 | D6: =实盘持仓配置!T$4*INDEX('实盘净值数据(iFinD公式)'!T$5:T$60,$G$1)/'实盘净值数据(iFinD公式)'!T$6/$G$2 -> #VALUE!
A7: 国泰通信ETF联接A | B7: 007817.OF | C7: =实盘持仓配置!G$4 -> 0.11 | D7: =实盘持仓配置!G$4*INDEX('实盘净值数据(iFinD公式)'!G$5:G$60,$G$1)/'实盘净值数据(iFinD公式)'!G$6/$G$2 -> #VALUE!
A8: 宏利复兴混合A | B8: 001170.OF | C8: =实盘持仓配置!D$4 -> 0.19 | D8: =实盘持仓配置!D$4*INDEX('实盘净值数据(iFinD公式)'!D$5:D$60,$G$1)/'实盘净值数据(iFinD公式)'!D$6/$G$2 -> #VALUE!
A9: 嘉实信息产业A | B9: 017488.OF | C9: =实盘持仓配置!Q$4 -> 0.19 | D9: =实盘持仓配置!Q$4*INDEX('实盘净值数据(iFinD公式)'!Q$5:Q$60,$G$1)/'实盘净值数据(iFinD公式)'!Q$6/$G$2 -> #VALUE!
A10: 信澳业绩驱动A | B10: 016370.OF | C10: =实盘持仓配置!P$4 -> 0.19 | D10: =实盘持仓配置!P$4*INDEX('实盘净值数据(iFinD公式)'!P$5:P$60,$G$1)/'实盘净值数据(iFinD公式)'!P$6/$G$2 -> #VALUE!
A11: 银华集成电路混合A | B11: 013840.OF | C11: =实盘持仓配置!J$4 -> 0.19 | D11: =实盘持仓配置!J$4*INDEX('实盘净值数据(iFinD公式)'!J$5:J$60,$G$1)/'实盘净值数据(iFinD公式)'!J$6/$G$2 -> #VALUE!
A12: 嘉实快线货币A | B12: 000917.OF | C12: =实盘持仓配置!C$4 -> 0.02 | D12: =实盘持仓配置!C$4*INDEX('实盘净值数据(iFinD公式)'!C$5:C$60,$G$1)/'实盘净值数据(iFinD公式)'!C$6/$G$2 -> #VALUE!
A13: 合计 | C13: =SUM(C6:C12) -> 1 | D13: =SUM(D6:D12) -> #VALUE!
A15: 产业趋势基石组合（起始日 2026-06-18）
A16: 基金简称 | B16: 基金代码 | C16: 初始权重 | D16: 动态权重(截止前一交易日)
A17: 国泰半导体ETF联接A | B17: 019632.OF | C17: =实盘持仓配置!T$5 -> 0.11 | D17: =实盘持仓配置!T$5*INDEX('实盘净值数据(iFinD公式)'!T$5:T$60,$G$1)/'实盘净值数据(iFinD公式)'!T$5/$G$3 -> #VALUE!
A18: 国泰通信ETF联接A | B18: 007817.OF | C18: =实盘持仓配置!G$5 -> 0.11 | D18: =实盘持仓配置!G$5*INDEX('实盘净值数据(iFinD公式)'!G$5:G$60,$G$1)/'实盘净值数据(iFinD公式)'!G$5/$G$3 -> #VALUE!
A19: 宏利复兴混合A | B19: 001170.OF | C19: =实盘持仓配置!D$5 -> 0.19 | D19: =实盘持仓配置!D$5*INDEX('实盘净值数据(iFinD公式)'!D$5:D$60,$G$1)/'实盘净值数据(iFinD公式)'!D$5/$G$3 -> #VALUE!
A20: 嘉实信息产业A | B20: 017488.OF | C20: =实盘持仓配置!Q$5 -> 0.19 | D20: =实盘持仓配置!Q$5*INDEX('实盘净值数据(iFinD公式)'!Q$5:Q$60,$G$1)/'实盘净值数据(iFinD公式)'!Q$5/$G$3 -> #VALUE!
A21: 信澳业绩驱动A | B21: 016370.OF | C21: =实盘持仓配置!P$5 -> 0.19 | D21: =实盘持仓配置!P$5*INDEX('实盘净值数据(iFinD公式)'!P$5:P$60,$G$1)/'实盘净值数据(iFinD公式)'!P$5/$G$3 -> #VALUE!
A22: 银华集成电路混合A | B22: 013840.OF | C22: =实盘持仓配置!J$5 -> 0.19 | D22: =实盘持仓配置!J$5*INDEX('实盘净值数据(iFinD公式)'!J$5:J$60,$G$1)/'实盘净值数据(iFinD公式)'!J$5/$G$3 -> #VALUE!
A23: 嘉实快线货币A | B23: 000917.OF | C23: =实盘持仓配置!C$5 -> 0.02 | D23: =实盘持仓配置!C$5*INDEX('实盘净值数据(iFinD公式)'!C$5:C$60,$G$1)/'实盘净值数据(iFinD公式)'!C$5/$G$3 -> #VALUE!
A24: 合计 | C24: =SUM(C17:C23) -> 1 | D24: =SUM(D17:D23) -> #VALUE!
A26: 产业趋势2号组合（起始日 2026-06-23）
A27: 基金简称 | B27: 基金代码 | C27: 初始权重 | D27: 动态权重(截止前一交易日)
A28: 国泰半导体C | B28: 019633.OF | C28: =实盘持仓配置!U$6 -> 0.11 | D28: =实盘持仓配置!U$6*INDEX('实盘净值数据(iFinD公式)'!U$5:U$60,$G$1)/'实盘净值数据(iFinD公式)'!U$7/$G$4 -> #VALUE!
A29: 国泰通信设备C | B29: 007818.OF | C29: =实盘持仓配置!H$6 -> 0.11 | D29: =实盘持仓配置!H$6*INDEX('实盘净值数据(iFinD公式)'!H$5:H$60,$G$1)/'实盘净值数据(iFinD公式)'!H$7/$G$4 -> #VALUE!
A30: 宏利复兴伟业C | B30: 017612.OF | C30: =实盘持仓配置!S$6 -> 0.19 | D30: =实盘持仓配置!S$6*INDEX('实盘净值数据(iFinD公式)'!S$5:S$60,$G$1)/'实盘净值数据(iFinD公式)'!S$7/$G$4 -> #VALUE!
A31: 嘉实信息产业C | B31: 017489.OF | C31: =实盘持仓配置!R$6 -> 0.19 | D31: =实盘持仓配置!R$6*INDEX('实盘净值数据(iFinD公式)'!R$5:R$60,$G$1)/'实盘净值数据(iFinD公式)'!R$7/$G$4 -> #VALUE!
A32: 嘉实前沿科技创新 | B32: 009993.OF | C32: =实盘持仓配置!I$6 -> 0.19 | D32: =实盘持仓配置!I$6*INDEX('实盘净值数据(iFinD公式)'!I$5:I$60,$G$1)/'实盘净值数据(iFinD公式)'!I$7/$G$4 -> #VALUE!
A33: 银华集成电路混合C | B33: 013841.OF | C33: =实盘持仓配置!K$6 -> 0.19 | D33: =实盘持仓配置!K$6*INDEX('实盘净值数据(iFinD公式)'!K$5:K$60,$G$1)/'实盘净值数据(iFinD公式)'!K$7/$G$4 -> #VALUE!
A34: 嘉实快线货币A | B34: 000917.OF | C34: =实盘持仓配置!C$6 -> 0.02 | D34: =实盘持仓配置!C$6*INDEX('实盘净值数据(iFinD公式)'!C$5:C$60,$G$1)/'实盘净值数据(iFinD公式)'!C$7/$G$4 -> #VALUE!
A35: 合计 | C35: =SUM(C28:C34) -> 1 | D35: =SUM(D28:D34) -> #VALUE!
