Workbook

Sheet 概念指数热点监控
C1: 46023 | D1: =DATE(YEAR(D2),MONTH(D2),DAY(D2)-7) | E1: =DATE(YEAR(E2),MONTH(E2),DAY(E2)-30)
A2: =TODAY()-1 | C2: =A2 | D2: =C2 | E2: =D2 | K2: ↓前5大重仓=iFinD智能选股快照(按A股流通市值取前5,数据日2026-06-18),非单元格公式,需定期手动刷新
A3: 概念代码 | B3: 概念名称 | C3: YTD涨跌幅 | D3: 近一周 | E3: 近一月 | F3: 加速度 | G3: 概念类型 | H3: 一级 | I3: 二级 | J3: 产业链位置 | K3: 第1大重仓-名称 | L3: 第1大重仓-代码 | M3: 第1大重仓-流通市值(亿元) | N3: 第2大重仓-名称 | O3: 第2大重仓-代码 | P3: 第2大重仓-流通市值(亿元) | Q3: 第3大重仓-名称 | R3: 第3大重仓-代码 | S3: 第3大重仓-流通市值(亿元) | T3: 第4大重仓-名称 | U3: 第4大重仓-代码 | V3: 第4大重仓-流通市值(亿元) | W3: 第5大重仓-名称 | X3: 第5大重仓-代码 | Y3: 第5大重仓-流通市值(亿元)
A4: 886020.TI | B4: =[1]!thsiFinD("THS_GPJC_STOCK",$A4) | C4: =[1]!thsiFinD("ths_int_chg_ratio_index",$A4,C$1,C$2)/100 | D4: =[1]!thsiFinD("ths_int_chg_ratio_index",$A4,D$1,D$2)/100 | E4: =[1]!thsiFinD("ths_int_chg_ratio_index",$A4,E$1,E$2)/100 | F4: =D4-(E4-D4)/3 | G4: 产业链 | H4: =IFERROR(VLOOKUP($I4,'分类规则'!$A$30:$C$200,2,0),"") | I4: 电子材料 | J4: =IFERROR(VLOOKUP($I4,'分类规则'!$A$30:$C$200,3,0),"") | K4: 中天科技 | L4: 600522.SH | M4: 1929.7 | N4: 铜冠铜箔 | O4: 301217.SZ | P4: 1656.4 | Q4: 恒力石化 | R4: 600346.SH | S4: 1208.6 | T4: 东材科技 | U4: 601208.SH | V4: 755.9 | W4: 远东股份 | X4: 600869.SH | Y4: 729.3
A5: 886033.TI | B5: =[1]!thsiFinD("THS_GPJC_STOCK",$A5) | C5: =[1]!thsiFinD("ths_int_chg_ratio_index",$A5,C$1,C$2)/100 | D5: =[1]!thsiFinD("ths_int_chg_ratio_index",$A5,D$1,D$2)/100 | E5: =[1]!thsiFinD("ths_int_chg_ratio_index",$A5,E$1,E$2)/100 | F5: =D5-(E5-D5)/3 | G5: 产业链 | H5: =IFERROR(VLOOKUP($I5,'分类规则'!$A$30:$C$200,2,0),"") | I5: 光通信/算力硬件 | J5: =IFERROR(VLOOKUP($I5,'分类规则'!$A$30:$C$200,3,0),"") | K5: 工业富联 | L5: 601138.SH | M5: 15494.3 | N5: 中际旭创 | O5: 300308.SZ | P5: 15182.6 | Q5: 新易盛 | R5: 300502.SZ | S5: 7293.2 | T5: 立讯精密 | U5: 002475.SZ | V5: 5083.4 | W5: 生益科技 | X5: 600183.SH | Y5: 4402.8
A6: 886084.TI | B6: =[1]!thsiFinD("THS_GPJC_STOCK",$A6) | C6: =[1]!thsiFinD("ths_int_chg_ratio_index",$A6,C$1,C$2)/100 | D6: =[1]!thsiFinD("ths_int_chg_ratio_index",$A6,D$1,D$2)/100 | E6: =[1]!thsiFinD("ths_int_chg_ratio_index",$A6,E$1,E$2)/100 | F6: =D6-(E6-D6)/3 | G6: 产业链 | H6: =IFERROR(VLOOKUP($I6,'分类规则'!$A$30:$C$200,2,0),"") | I6: 光通信/算力硬件 | J6: =IFERROR(VLOOKUP($I6,'分类规则'!$A$30:$C$200,3,0),"") | K6: 东山精密 | L6: 002384.SZ | M6: 3784.7 | N6: 天孚通信 | O6: 300394.SZ | P6: 3663.5 | Q6: 三环集团 | R6: 300408.SZ | S6: 2952.2 | T6: 海康威视 | U6: 002415.SZ | V6: 2922 | W6: 蓝思科技 | X6: 300433.SZ | Y6: 2771.6
A7: 886009.TI | B7: =[1]!thsiFinD("THS_GPJC_STOCK",$A7) | C7: =[1]!thsiFinD("ths_int_chg_ratio_index",$A7,C$1,C$2)/100 | D7: =[1]!thsiFinD("ths_int_chg_ratio_index",$A7,D$1,D$2)/100 | E7: =[1]!thsiFinD("ths_int_chg_ratio_index",$A7,E$1,E$2)/100 | F7: =D7-(E7-D7)/3 | G7: 产业链 | H7: =IFERROR(VLOOKUP($I7,'分类规则'!$A$30:$C$200,2,0),"") | I7: 半导体 | J7: =IFERROR(VLOOKUP($I7,'分类规则'!$A$30:$C$200,3,0),"") | K7: 寒武纪 | L7: 688256.SH | M7: 9471.3 | N7: 生益科技 | O7: 600183.SH | P7: 4402.8 | Q7: 天孚通信 | R7: 300394.SZ | S7: 3663.5 | T7: 中微公司 | U7: 688012.SH | V7: 3373.1 | W7: 深南电路 | X7: 002916.SZ | Y7: 3016.9
A8: 885959.TI | B8: =[1]!thsiFinD("THS_GPJC_STOCK",$A8) | C8: =[1]!thsiFinD("ths_int_chg_ratio_index",$A8,C$1,C$2)/100 | D8: =[1]!thsiFinD("ths_int_chg_ratio_index",$A8,D$1,D$2)/100 | E8: =[1]!thsiFinD("ths_int_chg_ratio_index",$A8,E$1,E$2)/100 | F8: =D8-(E8-D8)/3 | G8: 产业链 | H8: =IFERROR(VLOOKUP($I8,'分类规则'!$A$30:$C$200,2,0),"") | I8: PCB/覆铜板 | J8: =IFERROR(VLOOKUP($I8,'分类规则'!$A$30:$C$200,3,0),"") | K8: 生益科技 | L8: 600183.SH | M8: 4402.8 | N8: 东山精密 | O8: 002384.SZ | P8: 3784.7 | Q8: 胜宏科技 | R8: 300476.SZ | S8: 3192.6 | T8: 深南电路 | U8: 002916.SZ | V8: 3016.9 | W8: 沪电股份 | X8: 002463.SZ | Y8: 2843.8
A9: 885893.TI | B9: =[1]!thsiFinD("THS_GPJC_STOCK",$A9) | C9: =[1]!thsiFinD("ths_int_chg_ratio_index",$A9,C$1,C$2)/100 | D9: =[1]!thsiFinD("ths_int_chg_ratio_index",$A9,D$1,D$2)/100 | E9: =[1]!thsiFinD("ths_int_chg_ratio_index",$A9,E$1,E$2)/100 | F9: =D9-(E9-D9)/3 | G9: 产业链 | H9: =IFERROR(VLOOKUP($I9,'分类规则'!$A$30:$C$200,2,0),"") | I9: 半导体 | J9: =IFERROR(VLOOKUP($I9,'分类规则'!$A$30:$C$200,3,0),"") | K9: 北方华创 | L9: 002371.SZ | M9: 5222.2 | N9: 中微公司 | O9: 688012.SH | P9: 3373.1 | Q9: 深南电路 | R9: 002916.SZ | S9: 3016.9 | T9: 中芯国际 | U9: 688981.SH | V9: 2813.4 | W9: 拓荆科技 | X9: 688072.SH | Y9: 2075
A10: 886042.TI | B10: =[1]!thsiFinD("THS_GPJC_STOCK",$A10) | C10: =[1]!thsiFinD("ths_int_chg_ratio_index",$A10,C$1,C$2)/100 | D10: =[1]!thsiFinD("ths_int_chg_ratio_index",$A10,D$1,D$2)/100 | E10: =[1]!thsiFinD("ths_int_chg_ratio_index",$A10,E$1,E$2)/100 | F10: =D10-(E10-D10)/3 | G10: 产业链 | H10: =IFERROR(VLOOKUP($I10,'分类规则'!$A$30:$C$200,2,0),"") | I10: 半导体 | J10: =IFERROR(VLOOKUP($I10,'分类规则'!$A$30:$C$200,3,0),"") | K10: 北方华创 | L10: 002371.SZ | M10: 5222.2 | N10: 生益科技 | O10: 600183.SH | P10: 4402.8 | Q10: 兆易创新 | R10: 603986.SH | S10: 4204.8 | T10: 中微公司 | U10: 688012.SH | V10: 3373.1 | W10: 澜起科技 | X10: 688008.SH | Y10: 3094.2
A11: 886054.TI | B11: =[1]!thsiFinD("THS_GPJC_STOCK",$A11) | C11: =[1]!thsiFinD("ths_int_chg_ratio_index",$A11,C$1,C$2)/100 | D11: =[1]!thsiFinD("ths_int_chg_ratio_index",$A11,D$1,D$2)/100 | E11: =[1]!thsiFinD("ths_int_chg_ratio_index",$A11,E$1,E$2)/100 | F11: =D11-(E11-D11)/3 | G11: 产业链 | H11: =IFERROR(VLOOKUP($I11,'分类规则'!$A$30:$C$200,2,0),"") | I11: 半导体 | J11: =IFERROR(VLOOKUP($I11,'分类规则'!$A$30:$C$200,3,0),"") | K11: 大族激光 | L11: 002008.SZ | M11: 1290.6 | N11: 江丰电子 | O11: 300666.SZ | P11: 688.1 | Q11: 芯碁微装 | R11: 688630.SH | S11: 661.3 | T11: 富创精密 | U11: 688409.SH | V11: 622.5 | W11: 中瓷电子 | X11: 003031.SZ | Y11: 599.7
A12: 885897.TI | B12: =[1]!thsiFinD("THS_GPJC_STOCK",$A12) | C12: =[1]!thsiFinD("ths_int_chg_ratio_index",$A12,C$1,C$2)/100 | D12: =[1]!thsiFinD("ths_int_chg_ratio_index",$A12,D$1,D$2)/100 | E12: =[1]!thsiFinD("ths_int_chg_ratio_index",$A12,E$1,E$2)/100 | F12: =D12-(E12-D12)/3 | G12: 公司链 | H12: =IFERROR(VLOOKUP($I12,'分类规则'!$A$30:$C$200,2,0),"") | I12: 半导体 | J12: =IFERROR(VLOOKUP($I12,'分类规则'!$A$30:$C$200,3,0),"") | K12: 北方华创 | L12: 002371.SZ | M12: 5222.2 | N12: 中微公司 | O12: 688012.SH | P12: 3373.1 | Q12: 澜起科技 | R12: 688008.SH | S12: 3094.2 | T12: 中芯国际 | U12: 688981.SH | V12: 2813.4 | W12: 盛美上海 | X12: 688082.SH | Y12: 1808.2
A13: 885875.TI | B13: =[1]!thsiFinD("THS_GPJC_STOCK",$A13) | C13: =[1]!thsiFinD("ths_int_chg_ratio_index",$A13,C$1,C$2)/100 | D13: =[1]!thsiFinD("ths_int_chg_ratio_index",$A13,D$1,D$2)/100 | E13: =[1]!thsiFinD("ths_int_chg_ratio_index",$A13,E$1,E$2)/100 | F13: =D13-(E13-D13)/3 | G13: 产业链 | H13: =IFERROR(VLOOKUP($I13,'分类规则'!$A$30:$C$200,2,0),"") | I13: 面板显示 | J13: =IFERROR(VLOOKUP($I13,'分类规则'!$A$30:$C$200,3,0),"") | K13: 生益科技 | L13: 600183.SH | M13: 4402.8 | N13: 东山精密 | O13: 002384.SZ | P13: 3784.7 | Q13: 中微公司 | R13: 688012.SH | S13: 3373.1 | T13: 鹏鼎控股 | U13: 002938.SZ | V13: 2769.2 | W13: 京东方A | X13: 000725.SZ | Y13: 2316.5
A14: 885908.TI | B14: =[1]!thsiFinD("THS_GPJC_STOCK",$A14) | C14: =[1]!thsiFinD("ths_int_chg_ratio_index",$A14,C$1,C$2)/100 | D14: =[1]!thsiFinD("ths_int_chg_ratio_index",$A14,D$1,D$2)/100 | E14: =[1]!thsiFinD("ths_int_chg_ratio_index",$A14,E$1,E$2)/100 | F14: =D14-(E14-D14)/3 | G14: 产业链 | H14: =IFERROR(VLOOKUP($I14,'分类规则'!$A$30:$C$200,2,0),"") | I14: 半导体 | J14: =IFERROR(VLOOKUP($I14,'分类规则'!$A$30:$C$200,3,0),"") | K14: 北方华创 | L14: 002371.SZ | M14: 5222.2 | N14: 格力电器 | O14: 000651.SZ | P14: 2027.7 | Q14: 长飞光纤 | R14: 601869.SH | S14: 1916.1 | T14: 盛美上海 | U14: 688082.SH | V14: 1808.2 | W14: 华工科技 | X14: 000988.SZ | Y14: 1784.4
A15: 885937.TI | B15: =[1]!thsiFinD("THS_GPJC_STOCK",$A15) | C15: =[1]!thsiFinD("ths_int_chg_ratio_index",$A15,C$1,C$2)/100 | D15: =[1]!thsiFinD("ths_int_chg_ratio_index",$A15,D$1,D$2)/100 | E15: =[1]!thsiFinD("ths_int_chg_ratio_index",$A15,E$1,E$2)/100 | F15: =D15-(E15-D15)/3 | G15: 产业链 | H15: =IFERROR(VLOOKUP($I15,'分类规则'!$A$30:$C$200,2,0),"") | I15: 超硬材料 | J15: =IFERROR(VLOOKUP($I15,'分类规则'!$A$30:$C$200,3,0),"") | K15: 晶盛机电 | L15: 300316.SZ | M15: 663.7 | N15: 国机精工 | O15: 002046.SZ | P15: 337.7 | Q15: 中兵红箭 | R15: 000519.SZ | S15: 283.2 | T15: 楚江新材 | U15: 002171.SZ | V15: 248.2 | W15: 英诺激光 | X15: 301021.SZ | Y15: 189.9
... A18: 885998.TI | B18: =[1]!thsiFinD("THS_GPJC_STOCK",$A18) | C18: =[1]!thsiFinD("ths_int_chg_ratio_index",$A18,C$1,C$2)/100 | D18: =[1]!thsiFinD("ths_int_chg_ratio_index",$A18,D$1,D$2)/100 | E18: =[1]!thsiFinD("ths_int_chg_ratio_index",$A18,E$1,E$2)/100 | F18: =D18-(E18-D18)/3 | G18: 产业链 | H18: =IFERROR(VLOOKUP($I18,'分类规则'!$A$30:$C$200,2,0),"") | I18: 光通信/算力硬件 | J18: =IFERROR(VLOOKUP($I18,'分类规则'!$A$30:$C$200,3,0),"") | K18: 中际旭创 | L18: 300308.SZ | M18: 15182.6 | N18: 亨通光电 | O18: 600487.SH | P18: 2714.4 | Q18: 光迅科技 | R18: 002281.SZ | S18: 2077.7 | T18: 华工科技 | U18: 000988.SZ | V18: 1784.4 | W18: 上港集团 | X18: 600018.SH | Y18: 1136.8
A19: 886073.TI | B19: =[1]!thsiFinD("THS_GPJC_STOCK",$A19) | C19: =[1]!thsiFinD("ths_int_chg_ratio_index",$A19,C$1,C$2)/100 | D19: =[1]!thsiFinD("ths_int_chg_ratio_index",$A19,D$1,D$2)/100 | E19: =[1]!thsiFinD("ths_int_chg_ratio_index",$A19,E$1,E$2)/100 | F19: =D19-(E19-D19)/3 | G19: 产业链 | H19: =IFERROR(VLOOKUP($I19,'分类规则'!$A$30:$C$200,2,0),"") | I19: 光通信/算力硬件 | J19: =IFERROR(VLOOKUP($I19,'分类规则'!$A$30:$C$200,3,0),"")
A20: 885987.TI | B20: =[1]!thsiFinD("THS_GPJC_STOCK",$A20) | C20: =[1]!thsiFinD("ths_int_chg_ratio_index",$A20,C$1,C$2)/100 | D20: =[1]!thsiFinD("ths_int_chg_ratio_index",$A20,D$1,D$2)/100 | E20: =[1]!thsiFinD("ths_int_chg_ratio_index",$A20,E$1,E$2)/100 | F20: =D20-(E20-D20)/3 | G20: 产业链 | H20: =IFERROR(VLOOKUP($I20,'分类规则'!$A$30:$C$200,2,0),"") | I20: 面板显示 | J20: =IFERROR(VLOOKUP($I20,'分类规则'!$A$30:$C$200,3,0),"") | K20: 京东方A | L20: 000725.SZ | M20: 2316.5 | N20: 华工科技 | O20: 000988.SZ | P20: 1784.4 | Q20: 大族激光 | R20: 002008.SZ | S20: 1290.6 | T20: 华海清科 | U20: 688120.SH | V20: 1122.3 | W20: 晶合集成 | X20: 688249.SH | Y20: 1003
A21: 885864.TI | B21: =[1]!thsiFinD("THS_GPJC_STOCK",$A21) | C21: =[1]!thsiFinD("ths_int_chg_ratio_index",$A21,C$1,C$2)/100 | D21: =[1]!thsiFinD("ths_int_chg_ratio_index",$A21,D$1,D$2)/100 | E21: =[1]!thsiFinD("ths_int_chg_ratio_index",$A21,E$1,E$2)/100 | F21: =D21-(E21-D21)/3 | G21: 产业链 | H21: =IFERROR(VLOOKUP($I21,'分类规则'!$A$30:$C$200,2,0),"") | I21: 半导体 | J21: =IFERROR(VLOOKUP($I21,'分类规则'!$A$30:$C$200,3,0),"") | K21: 东材科技 | L21: 601208.SH | M21: 755.9 | N21: 鼎龙股份 | O21: 300054.SZ | P21: 684.8 | Q21: 芯碁微装 | R21: 688630.SH | S21: 661.3 | T21: 芯源微 | U21: 688037.SH | V21: 590.9 | W21: 圣泉集团 | X21: 605589.SH | Y21: 590.6
A22: 885809.TI | B22: =[1]!thsiFinD("THS_GPJC_STOCK",$A22) | C22: =[1]!thsiFinD("ths_int_chg_ratio_index",$A22,C$1,C$2)/100 | D22: =[1]!thsiFinD("ths_int_chg_ratio_index",$A22,D$1,D$2)/100 | E22: =[1]!thsiFinD("ths_int_chg_ratio_index",$A22,E$1,E$2)/100 | F22: =D22-(E22-D22)/3 | G22: 产业链 | H22: =IFERROR(VLOOKUP($I22,'分类规则'!$A$30:$C$200,2,0),"") | I22: 面板显示 | J22: =IFERROR(VLOOKUP($I22,'分类规则'!$A$30:$C$200,3,0),"") | K22: 蓝思科技 | L22: 300433.SZ | M22: 2771.6 | N22: 京东方A | O22: 000725.SZ | P22: 2316.5 | Q22: 华工科技 | R22: 000988.SZ | S22: 1784.4 | T22: 领益智造 | U22: 002600.SZ | V22: 1211 | W22: TCL科技 | X22: 000100.SZ | Y22: 956.6
A23: 885376.TI | B23: =[1]!thsiFinD("THS_GPJC_STOCK",$A23) | C23: =[1]!thsiFinD("ths_int_chg_ratio_index",$A23,C$1,C$2)/100 | D23: =[1]!thsiFinD("ths_int_chg_ratio_index",$A23,D$1,D$2)/100 | E23: =[1]!thsiFinD("ths_int_chg_ratio_index",$A23,E$1,E$2)/100 | F23: =D23-(E23-D23)/3 | G23: 公司链 | H23: =IFERROR(VLOOKUP($I23,'分类规则'!$A$30:$C$200,2,0),"") | I23: 消费电子 | J23: =IFERROR(VLOOKUP($I23,'分类规则'!$A$30:$C$200,3,0),"") | K23: 工业富联 | L23: 601138.SH | M23: 15494.3 | N23: 立讯精密 | O23: 002475.SZ | P23: 5083.4 | Q23: 东山精密 | R23: 002384.SZ | S23: 3784.7 | T23: 深南电路 | U23: 002916.SZ | V23: 3016.9 | W23: 蓝思科技 | X23: 300433.SZ | Y23: 2771.6
A24: 885886.TI | B24: =[1]!thsiFinD("THS_GPJC_STOCK",$A24) | C24: =[1]!thsiFinD("ths_int_chg_ratio_index",$A24,C$1,C$2)/100 | D24: =[1]!thsiFinD("ths_int_chg_ratio_index",$A24,D$1,D$2)/100 | E24: =[1]!thsiFinD("ths_int_chg_ratio_index",$A24,E$1,E$2)/100 | F24: =D24-(E24-D24)/3 | G24: 产业链 | H24: =IFERROR(VLOOKUP($I24,'分类规则'!$A$30:$C$200,2,0),"") | I24: 储能/电池 | J24: =IFERROR(VLOOKUP($I24,'分类规则'!$A$30:$C$200,3,0),"") | K24: 中天科技 | L24: 600522.SH | M24: 1930 | N24: 思源电气 | O24: 002028.SZ | P24: 1161.5 | Q24: 东阳光 | R24: 600673.SH | S24: 1088.4 | T24: 江海股份 | U24: 002484.SZ | V24: 886.6 | W24: 风华高科 | X24: 000636.SZ | Y24: 863.1
A25: 885907.TI | B25: =[1]!thsiFinD("THS_GPJC_STOCK",$A25) | C25: =[1]!thsiFinD("ths_int_chg_ratio_index",$A25,C$1,C$2)/100 | D25: =[1]!thsiFinD("ths_int_chg_ratio_index",$A25,D$1,D$2)/100 | E25: =[1]!thsiFinD("ths_int_chg_ratio_index",$A25,E$1,E$2)/100 | F25: =D25-(E25-D25)/3 | G25: 宽基风格 | H25: =IFERROR(VLOOKUP($I25,'分类规则'!$A$30:$C$200,2,0),"") | I25: 次新股 | J25: =IFERROR(VLOOKUP($I25,'分类规则'!$A$30:$C$200,3,0),"") | K25: 联讯仪器 | L25: 688808.SH | M25: 457.9 | N25: 盛合晶微 | O25: 688820.SH | P25: 320.9 | Q25: 摩尔线程 | R25: 688795.SH | S25: 202.2 | T25: 强一股份 | U25: 688809.SH | V25: 152.4 | W25: 沐曦股份 | X25: 688802.SH | Y25: 142.6
A26: 886082.TI | B26: =[1]!thsiFinD("THS_GPJC_STOCK",$A26) | C26: =[1]!thsiFinD("ths_int_chg_ratio_index",$A26,C$1,C$2)/100 | D26: =[1]!thsiFinD("ths_int_chg_ratio_index",$A26,D$1,D$2)/100 | E26: =[1]!thsiFinD("ths_int_chg_ratio_index",$A26,E$1,E$2)/100 | F26: =D26-(E26-D26)/3 | G26: 宽基风格 | H26: =IFERROR(VLOOKUP($I26,'分类规则'!$A$30:$C$200,2,0),"") | I26: 主题指数 | J26: =IFERROR(VLOOKUP($I26,'分类规则'!$A$30:$C$200,3,0),"")
A27: 886071.TI | B27: =[1]!thsiFinD("THS_GPJC_STOCK",$A27) | C27: =[1]!thsiFinD("ths_int_chg_ratio_index",$A27,C$1,C$2)/100 | D27: =[1]!thsiFinD("ths_int_chg_ratio_index",$A27,D$1,D$2)/100 | E27: =[1]!thsiFinD("ths_int_chg_ratio_index",$A27,E$1,E$2)/100 | F27: =D27-(E27-D27)/3 | G27: 产业链 | H27: =IFERROR(VLOOKUP($I27,'分类规则'!$A$30:$C$200,2,0),"") | I27: 消费电子 | J27: =IFERROR(VLOOKUP($I27,'分类规则'!$A$30:$C$200,3,0),"") | K27: 胜宏科技 | L27: 300476.SZ | M27: 3192.6 | N27: 鹏鼎控股 | O27: 002938.SZ | P27: 2769.2 | Q27: 京东方A | R27: 000725.SZ | S27: 2316.5 | T27: 佰维存储 | U27: 688525.SH | V27: 1821.2 | W27: 江波龙 | X27: 301308.SZ | Y27: 1628.5
A28: 886053.TI | B28: =[1]!thsiFinD("THS_GPJC_STOCK",$A28) | C28: =[1]!thsiFinD("ths_int_chg_ratio_index",$A28,C$1,C$2)/100 | D28: =[1]!thsiFinD("ths_int_chg_ratio_index",$A28,D$1,D$2)/100 | E28: =[1]!thsiFinD("ths_int_chg_ratio_index",$A28,E$1,E$2)/100 | F28: =D28-(E28-D28)/3 | G28: 产业链 | H28: =IFERROR(VLOOKUP($I28,'分类规则'!$A$30:$C$200,2,0),"") | I28: 光伏 | J28: =IFERROR(VLOOKUP($I28,'分类规则'!$A$30:$C$200,3,0),"") | K28: 罗博特科 | L28: 300757.SZ | M28: 1082.7 | N28: 隆基绿能 | O28: 601012.SH | P28: 973 | Q28: 东材科技 | R28: 601208.SH | S28: 755.9 | T28: 先导智能 | U28: 300450.SZ | V28: 728.7 | W28: 晶盛机电 | X28: 300316.SZ | Y28: 663.7
A29: 885756.TI | B29: =[1]!thsiFinD("THS_GPJC_STOCK",$A29) | C29: =[1]!thsiFinD("ths_int_chg_ratio_index",$A29,C$1,C$2)/100 | D29: =[1]!thsiFinD("ths_int_chg_ratio_index",$A29,D$1,D$2)/100 | E29: =[1]!thsiFinD("ths_int_chg_ratio_index",$A29,E$1,E$2)/100 | F29: =D29-(E29-D29)/3 | G29: 产业链 | H29: =IFERROR(VLOOKUP($I29,'分类规则'!$A$30:$C$200,2,0),"") | I29: 半导体 | J29: =IFERROR(VLOOKUP($I29,'分类规则'!$A$30:$C$200,3,0),"") | K29: 工业富联 | L29: 601138.SH | M29: 15494.3 | N29: 中际旭创 | O29: 300308.SZ | P29: 15182.6 | Q29: 寒武纪 | R29: 688256.SH | S29: 9471.3 | T29: 海光信息 | U29: 688041.SH | V29: 7623.8 | W29: 新易盛 | X29: 300502.SZ | Y29: 7293.2
A30: 886037.TI | B30: =[1]!thsiFinD("THS_GPJC_STOCK",$A30) | C30: =[1]!thsiFinD("ths_int_chg_ratio_index",$A30,C$1,C$2)/100 | D30: =[1]!thsiFinD("ths_int_chg_ratio_index",$A30,D$1,D$2)/100 | E30: =[1]!thsiFinD("ths_int_chg_ratio_index",$A30,E$1,E$2)/100 | F30: =D30-(E30-D30)/3 | G30: 产业链 | H30: =IFERROR(VLOOKUP($I30,'分类规则'!$A$30:$C$200,2,0),"") | I30: 通信 | J30: =IFERROR(VLOOKUP($I30,'分类规则'!$A$30:$C$200,3,0),"") | K30: 中国电信 | L30: 601728.SH | M30: 4409.4 | N30: 亨通光电 | O30: 600487.SH | P30: 2714.4 | Q30: 光迅科技 | R30: 002281.SZ | S30: 2077.7 | T30: 中天科技 | U30: 600522.SH | V30: 1930 | W30: 华工科技 | X30: 000988.SZ | Y30: 1784.4
A31: 885945.TI | B31: =[1]!thsiFinD("THS_GPJC_STOCK",$A31) | C31: =[1]!thsiFinD("ths_int_chg_ratio_index",$A31,C$1,C$2)/100 | D31: =[1]!thsiFinD("ths_int_chg_ratio_index",$A31,D$1,D$2)/100 | E31: =[1]!thsiFinD("ths_int_chg_ratio_index",$A31,E$1,E$2)/100 | F31: =D31-(E31-D31)/3 | G31: 产业链 | H31: =IFERROR(VLOOKUP($I31,'分类规则'!$A$30:$C$200,2,0),"") | I31: 半导体 | J31: =IFERROR(VLOOKUP($I31,'分类规则'!$A$30:$C$200,3,0),"") | K31: 寒武纪 | L31: 688256.SH | M31: 9471.3 | N31: 兆易创新 | O31: 603986.SH | P31: 4204.8 | Q31: 源杰科技 | R31: 688498.SH | S31: 2056.4 | T31: 佰维存储 | U31: 688525.SH | V31: 1821.2 | W31: 中兴通讯 | X31: 000063.SZ | Y31: 1526.1
A32: 886091.TI | B32: =[1]!thsiFinD("THS_GPJC_STOCK",$A32) | C32: =[1]!thsiFinD("ths_int_chg_ratio_index",$A32,C$1,C$2)/100 | D32: =[1]!thsiFinD("ths_int_chg_ratio_index",$A32,D$1,D$2)/100 | E32: =[1]!thsiFinD("ths_int_chg_ratio_index",$A32,E$1,E$2)/100 | F32: =D32-(E32-D32)/3 | G32: 公司链 | H32: =IFERROR(VLOOKUP($I32,'分类规则'!$A$30:$C$200,2,0),"") | I32: 消费电子 | J32: =IFERROR(VLOOKUP($I32,'分类规则'!$A$30:$C$200,3,0),"") | K32: 立讯精密 | L32: 002475.SZ | M32: 5083.4 | N32: 宏和科技 | O32: 603256.SH | P32: 2267.9 | Q32: 豪威集团 | R32: 603501.SH | S32: 1089.2 | T32: 景旺电子 | U32: 603228.SH | V32: 791 | W32: 华勤技术 | X32: 603296.SH | Y32: 642.1
A33: 886044.TI | B33: =[1]!thsiFinD("THS_GPJC_STOCK",$A33) | C33: =[1]!thsiFinD("ths_int_chg_ratio_index",$A33,C$1,C$2)/100 | D33: =[1]!thsiFinD("ths_int_chg_ratio_index",$A33,D$1,D$2)/100 | E33: =[1]!thsiFinD("ths_int_chg_ratio_index",$A33,E$1,E$2)/100 | F33: =D33-(E33-D33)/3 | G33: 产业链 | H33: =IFERROR(VLOOKUP($I33,'分类规则'!$A$30:$C$200,2,0),"") | I33: 光通信/算力硬件 | J33: =IFERROR(VLOOKUP($I33,'分类规则'!$A$30:$C$200,3,0),"") | K33: 工业富联 | L33: 601138.SH | M33: 15494.3 | N33: 中际旭创 | O33: 300308.SZ | P33: 15182.6 | Q33: 美的集团 | R33: 000333.SZ | S33: 5352.5 | T33: 立讯精密 | U33: 002475.SZ | V33: 5083.4 | W33: 蓝思科技 | X33: 300433.SZ | Y33: 2771.6
A34: 885800.TI | B34: =[1]!thsiFinD("THS_GPJC_STOCK",$A34) | C34: =[1]!thsiFinD("ths_int_chg_ratio_index",$A34,C$1,C$2)/100 | D34: =[1]!thsiFinD("ths_int_chg_ratio_index",$A34,D$1,D$2)/100 | E34: =[1]!thsiFinD("ths_int_chg_ratio_index",$A34,E$1,E$2)/100 | F34: =D34-(E34-D34)/3 | G34: 产业链 | H34: =IFERROR(VLOOKUP($I34,'分类规则'!$A$30:$C$200,2,0),"") | I34: 消费电子 | J34: =IFERROR(VLOOKUP($I34,'分类规则'!$A$30:$C$200,3,0),"") | K34: 立讯精密 | L34: 002475.SZ | M34: 5083.4 | N34: 东山精密 | O34: 002384.SZ | P34: 3784.7 | Q34: 澜起科技 | R34: 688008.SH | S34: 3094.2 | T34: 三环集团 | U34: 300408.SZ | V34: 2952.2 | W34: 中芯国际 | X34: 688981.SH | Y34: 2813.4
A35: 886006.TI | B35: =[1]!thsiFinD("THS_GPJC_STOCK",$A35) | C35: =[1]!thsiFinD("ths_int_chg_ratio_index",$A35,C$1,C$2)/100 | D35: =[1]!thsiFinD("ths_int_chg_ratio_index",$A35,D$1,D$2)/100 | E35: =[1]!thsiFinD("ths_int_chg_ratio_index",$A35,E$1,E$2)/100 | F35: =D35-(E35-D35)/3 | G35: 产业链 | H35: =IFERROR(VLOOKUP($I35,'分类规则'!$A$30:$C$200,2,0),"") | I35: 光伏 | J35: =IFERROR(VLOOKUP($I35,'分类规则'!$A$30:$C$200,3,0),"") | K35: 京东方A | L35: 000725.SZ | M35: 2316.5 | N35: 中天科技 | O35: 600522.SH | P35: 1930 | Q35: 华工科技 | R35: 000988.SZ | S35: 1784.4 | T35: 中国核电 | U35: 601985.SH | V35: 1722.2 | W35: 大族激光 | X35: 002008.SZ | Y35: 1290.6
A36: 885843.TI | B36: =[1]!thsiFinD("THS_GPJC_STOCK",$A36) | C36: =[1]!thsiFinD("ths_int_chg_ratio_index",$A36,C$1,C$2)/100 | D36: =[1]!thsiFinD("ths_int_chg_ratio_index",$A36,D$1,D$2)/100 | E36: =[1]!thsiFinD("ths_int_chg_ratio_index",$A36,E$1,E$2)/100 | F36: =D36-(E36-D36)/3 | G36: 公司链 | H36: =IFERROR(VLOOKUP($I36,'分类规则'!$A$30:$C$200,2,0),"") | I36: 半导体 | J36: =IFERROR(VLOOKUP($I36,'分类规则'!$A$30:$C$200,3,0),"") | K36: 北方华创 | L36: 002371.SZ | M36: 5222.2 | N36: 罗博特科 | O36: 300757.SZ | P36: 1082.7 | Q36: 通富微电 | R36: 002156.SZ | S36: 1036 | T36: 华天科技 | U36: 002185.SZ | V36: 651.6 | W36: 中瓷电子 | X36: 003031.SZ | Y36: 599.7
A37: 886109.TI | B37: =[1]!thsiFinD("THS_GPJC_STOCK",$A37) | C37: =[1]!thsiFinD("ths_int_chg_ratio_index",$A37,C$1,C$2)/100 | D37: =[1]!thsiFinD("ths_int_chg_ratio_index",$A37,D$1,D$2)/100 | E37: =[1]!thsiFinD("ths_int_chg_ratio_index",$A37,E$1,E$2)/100 | F37: =D37-(E37-D37)/3 | G37: 主题事件 | H37: =IFERROR(VLOOKUP($I37,'分类规则'!$A$30:$C$200,2,0),"") | I37: 预增 | J37: =IFERROR(VLOOKUP($I37,'分类规则'!$A$30:$C$200,3,0),"")
A38: 886085.TI | B38: =[1]!thsiFinD("THS_GPJC_STOCK",$A38) | C38: =[1]!thsiFinD("ths_int_chg_ratio_index",$A38,C$1,C$2)/100 | D38: =[1]!thsiFinD("ths_int_chg_ratio_index",$A38,D$1,D$2)/100 | E38: =[1]!thsiFinD("ths_int_chg_ratio_index",$A38,E$1,E$2)/100 | F38: =D38-(E38-D38)/3 | G38: 产业链 | H38: =IFERROR(VLOOKUP($I38,'分类规则'!$A$30:$C$200,2,0),"") | I38: 消费电子 | J38: =IFERROR(VLOOKUP($I38,'分类规则'!$A$30:$C$200,3,0),"") | K38: 立讯精密 | L38: 002475.SZ | M38: 5083.4 | N38: 蓝思科技 | O38: 300433.SZ | P38: 2771.6 | Q38: 鹏鼎控股 | R38: 002938.SZ | S38: 2769.2 | T38: 京东方A | U38: 000725.SZ | V38: 2316.5 | W38: 佰维存储 | X38: 688525.SH | Y38: 1821.2
A39: 885556.TI | B39: =[1]!thsiFinD("THS_GPJC_STOCK",$A39) | C39: =[1]!thsiFinD("ths_int_chg_ratio_index",$A39,C$1,C$2)/100 | D39: =[1]!thsiFinD("ths_int_chg_ratio_index",$A39,D$1,D$2)/100 | E39: =[1]!thsiFinD("ths_int_chg_ratio_index",$A39,E$1,E$2)/100 | F39: =D39-(E39-D39)/3 | G39: 产业链 | H39: =IFERROR(VLOOKUP($I39,'分类规则'!$A$30:$C$200,2,0),"") | I39: 通信 | J39: =IFERROR(VLOOKUP($I39,'分类规则'!$A$30:$C$200,3,0),"") | K39: 工业富联 | L39: 601138.SH | M39: 15494.3 | N39: 中际旭创 | O39: 300308.SZ | P39: 15182.6 | Q39: 新易盛 | R39: 300502.SZ | S39: 7293.2 | T39: 立讯精密 | U39: 002475.SZ | V39: 5083.4 | W39: 中国电信 | X39: 601728.SH | Y39: 4409.4
A40: 885425.TI | B40: =[1]!thsiFinD("THS_GPJC_STOCK",$A40) | C40: =[1]!thsiFinD("ths_int_chg_ratio_index",$A40,C$1,C$2)/100 | D40: =[1]!thsiFinD("ths_int_chg_ratio_index",$A40,D$1,D$2)/100 | E40: =[1]!thsiFinD("ths_int_chg_ratio_index",$A40,E$1,E$2)/100 | F40: =D40-(E40-D40)/3 | G40: 产业链 | H40: =IFERROR(VLOOKUP($I40,'分类规则'!$A$30:$C$200,2,0),"") | I40: 电力设备 | J40: =IFERROR(VLOOKUP($I40,'分类规则'!$A$30:$C$200,3,0),"") | K40: 亨通光电 | L40: 600487.SH | M40: 2714.4 | N40: 中天科技 | O40: 600522.SH | P40: 1930 | Q40: 长飞光纤 | R40: 601869.SH | S40: 1916.1 | T40: 国电南瑞 | U40: 600406.SH | V40: 1846.7 | W40: 中国中车 | X40: 601766.SH | Y40: 1362.4
A41: 886007.TI | B41: =[1]!thsiFinD("THS_GPJC_STOCK",$A41) | C41: =[1]!thsiFinD("ths_int_chg_ratio_index",$A41,C$1,C$2)/100 | D41: =[1]!thsiFinD("ths_int_chg_ratio_index",$A41,D$1,D$2)/100 | E41: =[1]!thsiFinD("ths_int_chg_ratio_index",$A41,E$1,E$2)/100 | F41: =D41-(E41-D41)/3 | G41: 产业链 | H41: =IFERROR(VLOOKUP($I41,'分类规则'!$A$30:$C$200,2,0),"") | I41: 光伏 | J41: =IFERROR(VLOOKUP($I41,'分类规则'!$A$30:$C$200,3,0),"") | K41: 蓝思科技 | L41: 300433.SZ | M41: 2771.6 | N41: 大族激光 | O41: 002008.SZ | P41: 1290.6 | Q41: 罗博特科 | R41: 300757.SZ | S41: 1082.7 | T41: 隆基绿能 | U41: 601012.SH | V41: 973 | W41: 先导智能 | X41: 300450.SZ | Y41: 728.7
A42: 885948.TI | B42: =[1]!thsiFinD("THS_GPJC_STOCK",$A42) | C42: =[1]!thsiFinD("ths_int_chg_ratio_index",$A42,C$1,C$2)/100 | D42: =[1]!thsiFinD("ths_int_chg_ratio_index",$A42,D$1,D$2)/100 | E42: =[1]!thsiFinD("ths_int_chg_ratio_index",$A42,E$1,E$2)/100 | F42: =D42-(E42-D42)/3 | G42: 产业链 | H42: =IFERROR(VLOOKUP($I42,'分类规则'!$A$30:$C$200,2,0),"") | I42: 电力设备 | J42: =IFERROR(VLOOKUP($I42,'分类规则'!$A$30:$C$200,3,0),"") | K42: 亨通光电 | L42: 600487.SH | M42: 2714.4 | N42: 中天科技 | O42: 600522.SH | P42: 1930 | Q42: 国电南瑞 | R42: 600406.SH | S42: 1846.7 | T42: 特变电工 | U42: 600089.SH | V42: 1178.3 | W42: 中国能建 | X42: 601868.SH | Y42: 895
A43: 885899.TI | B43: =[1]!thsiFinD("THS_GPJC_STOCK",$A43) | C43: =[1]!thsiFinD("ths_int_chg_ratio_index",$A43,C$1,C$2)/100 | D43: =[1]!thsiFinD("ths_int_chg_ratio_index",$A43,D$1,D$2)/100 | E43: =[1]!thsiFinD("ths_int_chg_ratio_index",$A43,E$1,E$2)/100 | F43: =D43-(E43-D43)/3 | G43: 产业链 | H43: =IFERROR(VLOOKUP($I43,'分类规则'!$A$30:$C$200,2,0),"") | I43: 烟草 | J43: =IFERROR(VLOOKUP($I43,'分类规则'!$A$30:$C$200,3,0),"") | K43: 蓝思科技 | L43: 300433.SZ | M43: 2771.6 | N43: 亿纬锂能 | O43: 300014.SZ | P43: 1408.2 | Q43: 欣旺达 | R43: 300207.SZ | S43: 356.5 | T43: 鹏辉能源 | U43: 300438.SZ | V43: 328.2 | W43: 电连技术 | X43: 300679.SZ | Y43: 259.5
A44: 886032.TI | B44: =[1]!thsiFinD("THS_GPJC_STOCK",$A44) | C44: =[1]!thsiFinD("ths_int_chg_ratio_index",$A44,C$1,C$2)/100 | D44: =[1]!thsiFinD("ths_int_chg_ratio_index",$A44,D$1,D$2)/100 | E44: =[1]!thsiFinD("ths_int_chg_ratio_index",$A44,E$1,E$2)/100 | F44: =D44-(E44-D44)/3 | G44: 产业链 | H44: =IFERROR(VLOOKUP($I44,'分类规则'!$A$30:$C$200,2,0),"") | I44: 储能/电池 | J44: =IFERROR(VLOOKUP($I44,'分类规则'!$A$30:$C$200,3,0),"") | K44: 宁德时代 | L44: 300750.SZ | M44: 16668.3 | N44: 中天科技 | O44: 600522.SH | P44: 1930 | Q44: 铜冠铜箔 | R44: 301217.SZ | S44: 1658 | T44: 潍柴动力 | U44: 000338.SZ | V44: 1490.4 | W44: 亿纬锂能 | X44: 300014.SZ | Y44: 1408.2
A45: 886048.TI | B45: =[1]!thsiFinD("THS_GPJC_STOCK",$A45) | C45: =[1]!thsiFinD("ths_int_chg_ratio_index",$A45,C$1,C$2)/100 | D45: =[1]!thsiFinD("ths_int_chg_ratio_index",$A45,D$1,D$2)/100 | E45: =[1]!thsiFinD("ths_int_chg_ratio_index",$A45,E$1,E$2)/100 | F45: =D45-(E45-D45)/3 | G45: 公司链 | H45: =IFERROR(VLOOKUP($I45,'分类规则'!$A$30:$C$200,2,0),"") | I45: 光通信/算力硬件 | J45: =IFERROR(VLOOKUP($I45,'分类规则'!$A$30:$C$200,3,0),"") | K45: 工业富联 | L45: 601138.SH | M45: 15494.3 | N45: 天孚通信 | O45: 300394.SZ | P45: 3663.5 | Q45: 胜宏科技 | R45: 300476.SZ | S45: 3192.6 | T45: 协创数据 | U45: 300857.SZ | V45: 1352.3 | W45: 领益智造 | X45: 002600.SZ | Y45: 1211
A46: 886093.TI | B46: =[1]!thsiFinD("THS_GPJC_STOCK",$A46) | C46: =[1]!thsiFinD("ths_int_chg_ratio_index",$A46,C$1,C$2)/100 | D46: =[1]!thsiFinD("ths_int_chg_ratio_index",$A46,D$1,D$2)/100 | E46: =[1]!thsiFinD("ths_int_chg_ratio_index",$A46,E$1,E$2)/100 | F46: =D46-(E46-D46)/3 | G46: 公司链 | H46: =IFERROR(VLOOKUP($I46,'分类规则'!$A$30:$C$200,2,0),"") | I46: 储能/电池 | J46: =IFERROR(VLOOKUP($I46,'分类规则'!$A$30:$C$200,3,0),"")
A47: 885878.TI | B47: =[1]!thsiFinD("THS_GPJC_STOCK",$A47) | C47: =[1]!thsiFinD("ths_int_chg_ratio_index",$A47,C$1,C$2)/100 | D47: =[1]!thsiFinD("ths_int_chg_ratio_index",$A47,D$1,D$2)/100 | E47: =[1]!thsiFinD("ths_int_chg_ratio_index",$A47,E$1,E$2)/100 | F47: =D47-(E47-D47)/3 | G47: 产业链 | H47: =IFERROR(VLOOKUP($I47,'分类规则'!$A$30:$C$200,2,0),"") | I47: 光伏 | J47: =IFERROR(VLOOKUP($I47,'分类规则'!$A$30:$C$200,3,0),"") | K47: 大族激光 | L47: 002008.SZ | M47: 1290.6 | N47: 罗博特科 | O47: 300757.SZ | P47: 1082.7 | Q47: 隆基绿能 | R47: 601012.SH | S47: 973 | T47: 先导智能 | U47: 300450.SZ | V47: 728.7 | W47: 通威股份 | X47: 600438.SH | Y47: 578.5
A48: 885545.TI | B48: =[1]!thsiFinD("THS_GPJC_STOCK",$A48) | C48: =[1]!thsiFinD("ths_int_chg_ratio_index",$A48,C$1,C$2)/100 | D48: =[1]!thsiFinD("ths_int_chg_ratio_index",$A48,D$1,D$2)/100 | E48: =[1]!thsiFinD("ths_int_chg_ratio_index",$A48,E$1,E$2)/100 | F48: =D48-(E48-D48)/3 | G48: 产业链 | H48: =IFERROR(VLOOKUP($I48,'分类规则'!$A$30:$C$200,2,0),"") | I48: 汽车 | J48: =IFERROR(VLOOKUP($I48,'分类规则'!$A$30:$C$200,3,0),"") | K48: 中际旭创 | L48: 300308.SZ | M48: 15182.6 | N48: 立讯精密 | O48: 002475.SZ | P48: 5083.4 | Q48: 生益科技 | R48: 600183.SH | S48: 4402.8 | T48: 兆易创新 | U48: 603986.SH | V48: 4204.8 | W48: 胜宏科技 | X48: 300476.SZ | Y48: 3192.6
A49: 885551.TI | B49: =[1]!thsiFinD("THS_GPJC_STOCK",$A49) | C49: =[1]!thsiFinD("ths_int_chg_ratio_index",$A49,C$1,C$2)/100 | D49: =[1]!thsiFinD("ths_int_chg_ratio_index",$A49,D$1,D$2)/100 | E49: =[1]!thsiFinD("ths_int_chg_ratio_index",$A49,E$1,E$2)/100 | F49: =D49-(E49-D49)/3 | G49: 产业链 | H49: =IFERROR(VLOOKUP($I49,'分类规则'!$A$30:$C$200,2,0),"") | I49: 化工 | J49: =IFERROR(VLOOKUP($I49,'分类规则'!$A$30:$C$200,3,0),"") | K49: 巨化股份 | L49: 600160.SH | M49: 1191.1 | N49: 东阳光 | O49: 600673.SH | P49: 1088.4 | Q49: 新和成 | R49: 002001.SZ | S49: 850.3 | T49: 天赐材料 | U49: 002709.SZ | V49: 778.8 | W49: 包钢股份 | X49: 600010.SH | Y49: 761
A50: 886038.TI | B50: =[1]!thsiFinD("THS_GPJC_STOCK",$A50) | C50: =[1]!thsiFinD("ths_int_chg_ratio_index",$A50,C$1,C$2)/100 | D50: =[1]!thsiFinD("ths_int_chg_ratio_index",$A50,D$1,D$2)/100 | E50: =[1]!thsiFinD("ths_int_chg_ratio_index",$A50,E$1,E$2)/100 | F50: =D50-(E50-D50)/3 | G50: 产业链 | H50: =IFERROR(VLOOKUP($I50,'分类规则'!$A$30:$C$200,2,0),"") | I50: 新材料 | J50: =IFERROR(VLOOKUP($I50,'分类规则'!$A$30:$C$200,3,0),"") | K50: 中天科技 | L50: 600522.SH | M50: 1930 | N50: 上海电气 | O50: 601727.SH | P50: 922.2 | Q50: 永鼎股份 | R50: 600105.SH | S50: 908.2 | T50: 远东股份 | U50: 600869.SH | V50: 729.3 | W50: 中信金属 | X50: 601061.SH | Y50: 586
A51: 885925.TI | B51: =[1]!thsiFinD("THS_GPJC_STOCK",$A51) | C51: =[1]!thsiFinD("ths_int_chg_ratio_index",$A51,C$1,C$2)/100 | D51: =[1]!thsiFinD("ths_int_chg_ratio_index",$A51,D$1,D$2)/100 | E51: =[1]!thsiFinD("ths_int_chg_ratio_index",$A51,E$1,E$2)/100 | F51: =D51-(E51-D51)/3 | G51: 产业链 | H51: =IFERROR(VLOOKUP($I51,'分类规则'!$A$30:$C$200,2,0),"") | I51: 半导体 | J51: =IFERROR(VLOOKUP($I51,'分类规则'!$A$30:$C$200,3,0),"") | K51: 美的集团 | L51: 000333.SZ | M51: 5352.5 | N51: 兆易创新 | O51: 603986.SH | P51: 4204.8 | Q51: 格力电器 | R51: 000651.SZ | S51: 2027.7 | T51: 芯原股份 | U51: 688521.SH | V51: 1441 | W51: 长城汽车 | X51: 601633.SH | Y51: 1097.9
A52: 885940.TI | B52: =[1]!thsiFinD("THS_GPJC_STOCK",$A52) | C52: =[1]!thsiFinD("ths_int_chg_ratio_index",$A52,C$1,C$2)/100 | D52: =[1]!thsiFinD("ths_int_chg_ratio_index",$A52,D$1,D$2)/100 | E52: =[1]!thsiFinD("ths_int_chg_ratio_index",$A52,E$1,E$2)/100 | F52: =D52-(E52-D52)/3 | G52: 产业链 | H52: =IFERROR(VLOOKUP($I52,'分类规则'!$A$30:$C$200,2,0),"") | I52: 通信 | J52: =IFERROR(VLOOKUP($I52,'分类规则'!$A$30:$C$200,3,0),"") | K52: 烽火通信 | L52: 600498.SH | M52: 957.7 | N52: 环旭电子 | O52: 601231.SH | P52: 896.1 | Q52: 信维通信 | R52: 300136.SZ | S52: 886.7 | T52: 紫光股份 | U52: 000938.SZ | V52: 785.1 | W52: 锐捷网络 | X52: 301165.SZ | Y52: 755
A53: 885531.TI | B53: =[1]!thsiFinD("THS_GPJC_STOCK",$A53) | C53: =[1]!thsiFinD("ths_int_chg_ratio_index",$A53,C$1,C$2)/100 | D53: =[1]!thsiFinD("ths_int_chg_ratio_index",$A53,D$1,D$2)/100 | E53: =[1]!thsiFinD("ths_int_chg_ratio_index",$A53,E$1,E$2)/100 | F53: =D53-(E53-D53)/3 | G53: 产业链 | H53: =IFERROR(VLOOKUP($I53,'分类规则'!$A$30:$C$200,2,0),"") | I53: 光伏 | J53: =IFERROR(VLOOKUP($I53,'分类规则'!$A$30:$C$200,3,0),"") | K53: 北方华创 | L53: 002371.SZ | M53: 5222.2 | N53: 兆易创新 | O53: 603986.SH | P53: 4204.8 | Q53: 胜宏科技 | R53: 300476.SZ | S53: 3192.6 | T53: 比亚迪 | U53: 002594.SZ | V53: 3072.8 | W53: 蓝思科技 | X53: 300433.SZ | Y53: 2771.6
A54: 886070.TI | B54: =[1]!thsiFinD("THS_GPJC_STOCK",$A54) | C54: =[1]!thsiFinD("ths_int_chg_ratio_index",$A54,C$1,C$2)/100 | D54: =[1]!thsiFinD("ths_int_chg_ratio_index",$A54,D$1,D$2)/100 | E54: =[1]!thsiFinD("ths_int_chg_ratio_index",$A54,E$1,E$2)/100 | F54: =D54-(E54-D54)/3 | G54: 产业链 | H54: =IFERROR(VLOOKUP($I54,'分类规则'!$A$30:$C$200,2,0),"") | I54: 消费电子 | J54: =IFERROR(VLOOKUP($I54,'分类规则'!$A$30:$C$200,3,0),"") | K54: 东山精密 | L54: 002384.SZ | M54: 3784.7 | N54: 胜宏科技 | O54: 300476.SZ | P54: 3192.6 | Q54: 蓝思科技 | R54: 300433.SZ | S54: 2771.6 | T54: 鹏鼎控股 | U54: 002938.SZ | V54: 2769.2 | W54: 佰维存储 | X54: 688525.SH | Y54: 1821.2
A55: 885343.TI | B55: =[1]!thsiFinD("THS_GPJC_STOCK",$A55) | C55: =[1]!thsiFinD("ths_int_chg_ratio_index",$A55,C$1,C$2)/100 | D55: =[1]!thsiFinD("ths_int_chg_ratio_index",$A55,D$1,D$2)/100 | E55: =[1]!thsiFinD("ths_int_chg_ratio_index",$A55,E$1,E$2)/100 | F55: =D55-(E55-D55)/3 | G55: 产业链 | H55: =IFERROR(VLOOKUP($I55,'分类规则'!$A$30:$C$200,2,0),"") | I55: 有色金属 | J55: =IFERROR(VLOOKUP($I55,'分类规则'!$A$30:$C$200,3,0),"") | K55: 北方稀土 | L55: 600111.SH | M55: 1858.1 | N55: 厦门钨业 | O55: 600549.SH | P55: 1335 | Q55: 中国铝业 | R55: 601600.SH | S55: 1235.7 | T55: 领益智造 | U55: 002600.SZ | V55: 1211 | W55: 包钢股份 | X55: 600010.SH | Y55: 761
A56: 885454.TI | B56: =[1]!thsiFinD("THS_GPJC_STOCK",$A56) | C56: =[1]!thsiFinD("ths_int_chg_ratio_index",$A56,C$1,C$2)/100 | D56: =[1]!thsiFinD("ths_int_chg_ratio_index",$A56,D$1,D$2)/100 | E56: =[1]!thsiFinD("ths_int_chg_ratio_index",$A56,E$1,E$2)/100 | F56: =D56-(E56-D56)/3 | G56: 产业链 | H56: =IFERROR(VLOOKUP($I56,'分类规则'!$A$30:$C$200,2,0),"") | I56: 消费电子 | J56: =IFERROR(VLOOKUP($I56,'分类规则'!$A$30:$C$200,3,0),"") | K56: 立讯精密 | L56: 002475.SZ | M56: 5083.4 | N56: 东山精密 | O56: 002384.SZ | P56: 3784.7 | Q56: 蓝思科技 | R56: 300433.SZ | S56: 2771.6 | T56: 鹏鼎控股 | U56: 002938.SZ | V56: 2769.2 | W56: 京东方A | X56: 000725.SZ | Y56: 2316.5
A57: 886046.TI | B57: =[1]!thsiFinD("THS_GPJC_STOCK",$A57) | C57: =[1]!thsiFinD("ths_int_chg_ratio_index",$A57,C$1,C$2)/100 | D57: =[1]!thsiFinD("ths_int_chg_ratio_index",$A57,D$1,D$2)/100 | E57: =[1]!thsiFinD("ths_int_chg_ratio_index",$A57,E$1,E$2)/100 | F57: =D57-(E57-D57)/3 | G57: 产业链 | H57: =IFERROR(VLOOKUP($I57,'分类规则'!$A$30:$C$200,2,0),"") | I57: 消费电子 | J57: =IFERROR(VLOOKUP($I57,'分类规则'!$A$30:$C$200,3,0),"") | K57: 立讯精密 | L57: 002475.SZ | M57: 5083.4 | N57: 大族激光 | O57: 002008.SZ | P57: 1290.6 | Q57: 领益智造 | R57: 002600.SZ | S57: 1211 | T57: 歌尔股份 | U57: 002241.SZ | V57: 751.9 | W57: 炬光科技 | X57: 688167.SH | Y57: 511.4
A58: 885931.TI | B58: =[1]!thsiFinD("THS_GPJC_STOCK",$A58) | C58: =[1]!thsiFinD("ths_int_chg_ratio_index",$A58,C$1,C$2)/100 | D58: =[1]!thsiFinD("ths_int_chg_ratio_index",$A58,D$1,D$2)/100 | E58: =[1]!thsiFinD("ths_int_chg_ratio_index",$A58,E$1,E$2)/100 | F58: =D58-(E58-D58)/3 | G58: 产业链 | H58: =IFERROR(VLOOKUP($I58,'分类规则'!$A$30:$C$200,2,0),"") | I58: 化工 | J58: =IFERROR(VLOOKUP($I58,'分类规则'!$A$30:$C$200,3,0),"") | K58: 巨化股份 | L58: 600160.SH | M58: 1191.1 | N58: 东阳光 | O58: 600673.SH | P58: 1088.4 | Q58: 昊华科技 | R58: 600378.SH | S58: 698.9 | T58: 璞泰来 | U58: 603659.SH | V58: 632.4 | W58: 多氟多 | X58: 002407.SZ | Y58: 418.3
A59: 885789.TI | B59: =[1]!thsiFinD("THS_GPJC_STOCK",$A59) | C59: =[1]!thsiFinD("ths_int_chg_ratio_index",$A59,C$1,C$2)/100 | D59: =[1]!thsiFinD("ths_int_chg_ratio_index",$A59,D$1,D$2)/100 | E59: =[1]!thsiFinD("ths_int_chg_ratio_index",$A59,E$1,E$2)/100 | F59: =D59-(E59-D59)/3 | G59: 公司链 | H59: =IFERROR(VLOOKUP($I59,'分类规则'!$A$30:$C$200,2,0),"") | I59: 储能/电池 | J59: =IFERROR(VLOOKUP($I59,'分类规则'!$A$30:$C$200,3,0),"")
A60: 885953.TI | B60: =[1]!thsiFinD("THS_GPJC_STOCK",$A60) | C60: =[1]!thsiFinD("ths_int_chg_ratio_index",$A60,C$1,C$2)/100 | D60: =[1]!thsiFinD("ths_int_chg_ratio_index",$A60,D$1,D$2)/100 | E60: =[1]!thsiFinD("ths_int_chg_ratio_index",$A60,E$1,E$2)/100 | F60: =D60-(E60-D60)/3 | G60: 产业链 | H60: =IFERROR(VLOOKUP($I60,'分类规则'!$A$30:$C$200,2,0),"") | I60: 面板显示 | J60: =IFERROR(VLOOKUP($I60,'分类规则'!$A$30:$C$200,3,0),"") | K60: 京东方A | L60: 000725.SZ | M60: 2316.5 | N60: 汇顶科技 | O60: 603160.SH | P60: 275.1 | Q60: 飞凯材料 | R60: 300398.SZ | S60: 259.9 | T60: 长信科技 | U60: 300088.SZ | V60: 257.7 | W60: 深天马A | X60: 000050.SZ | Y60: 217.8
A61: 885355.TI | B61: =[1]!thsiFinD("THS_GPJC_STOCK",$A61) | C61: =[1]!thsiFinD("ths_int_chg_ratio_index",$A61,C$1,C$2)/100 | D61: =[1]!thsiFinD("ths_int_chg_ratio_index",$A61,D$1,D$2)/100 | E61: =[1]!thsiFinD("ths_int_chg_ratio_index",$A61,E$1,E$2)/100 | F61: =D61-(E61-D61)/3 | G61: 产业链 | H61: =IFERROR(VLOOKUP($I61,'分类规则'!$A$30:$C$200,2,0),"") | I61: 新材料 | J61: =IFERROR(VLOOKUP($I61,'分类规则'!$A$30:$C$200,3,0),"") | K61: 中国动力 | L61: 600482.SH | M61: 751 | N61: 圣泉集团 | O61: 605589.SH | P61: 590.6 | Q61: 广汽集团 | R61: 601238.SH | S61: 408.3 | T61: 彤程新材 | U61: 603650.SH | V61: 405.4 | W61: 格林美 | X61: 002340.SZ | Y61: 376.6
A62: 886107.TI | B62: =[1]!thsiFinD("THS_GPJC_STOCK",$A62) | C62: =[1]!thsiFinD("ths_int_chg_ratio_index",$A62,C$1,C$2)/100 | D62: =[1]!thsiFinD("ths_int_chg_ratio_index",$A62,D$1,D$2)/100 | E62: =[1]!thsiFinD("ths_int_chg_ratio_index",$A62,E$1,E$2)/100 | F62: =D62-(E62-D62)/3 | G62: 主题事件 | H62: =IFERROR(VLOOKUP($I62,'分类规则'!$A$30:$C$200,2,0),"") | I62: 预增 | J62: =IFERROR(VLOOKUP($I62,'分类规则'!$A$30:$C$200,3,0),"")
A63: 885935.TI | B63: =[1]!thsiFinD("THS_GPJC_STOCK",$A63) | C63: =[1]!thsiFinD("ths_int_chg_ratio_index",$A63,C$1,C$2)/100 | D63: =[1]!thsiFinD("ths_int_chg_ratio_index",$A63,D$1,D$2)/100 | E63: =[1]!thsiFinD("ths_int_chg_ratio_index",$A63,E$1,E$2)/100 | F63: =D63-(E63-D63)/3 | G63: 产业链 | H63: =IFERROR(VLOOKUP($I63,'分类规则'!$A$30:$C$200,2,0),"") | I63: 电力运营/储能 | J63: =IFERROR(VLOOKUP($I63,'分类规则'!$A$30:$C$200,3,0),"") | K63: 国电南瑞 | L63: 600406.SH | M63: 1846.7 | N63: 特变电工 | O63: 600089.SH | P63: 1178.3 | Q63: 三峡能源 | R63: 600905.SH | S63: 1163.5 | T63: 思源电气 | U63: 002028.SZ | V63: 1161.5 | W63: 国投电力 | X63: 600886.SH | Y63: 974.3
A64: 885774.TI | B64: =[1]!thsiFinD("THS_GPJC_STOCK",$A64) | C64: =[1]!thsiFinD("ths_int_chg_ratio_index",$A64,C$1,C$2)/100 | D64: =[1]!thsiFinD("ths_int_chg_ratio_index",$A64,D$1,D$2)/100 | E64: =[1]!thsiFinD("ths_int_chg_ratio_index",$A64,E$1,E$2)/100 | F64: =D64-(E64-D64)/3 | G64: 产业链 | H64: =IFERROR(VLOOKUP($I64,'分类规则'!$A$30:$C$200,2,0),"") | I64: 消费电子 | J64: =IFERROR(VLOOKUP($I64,'分类规则'!$A$30:$C$200,3,0),"") | K64: 海尔智家 | L64: 600690.SH | M64: 1216.2 | N64: 领益智造 | O64: 002600.SZ | P64: 1211 | Q64: 赛力斯 | R64: 601127.SH | S64: 1009.2 | T64: 信维通信 | U64: 300136.SZ | V64: 886.7 | W64: 公牛集团 | X64: 603195.SH | Y64: 708.6
A65: 885930.TI | B65: =[1]!thsiFinD("THS_GPJC_STOCK",$A65) | C65: =[1]!thsiFinD("ths_int_chg_ratio_index",$A65,C$1,C$2)/100 | D65: =[1]!thsiFinD("ths_int_chg_ratio_index",$A65,D$1,D$2)/100 | E65: =[1]!thsiFinD("ths_int_chg_ratio_index",$A65,E$1,E$2)/100 | F65: =D65-(E65-D65)/3 | G65: 产业链 | H65: =IFERROR(VLOOKUP($I65,'分类规则'!$A$30:$C$200,2,0),"") | I65: 工业自动化 | J65: =IFERROR(VLOOKUP($I65,'分类规则'!$A$30:$C$200,3,0),"") | K65: 格力电器 | L65: 000651.SZ | M65: 2027.7 | N65: 华工科技 | O65: 000988.SZ | P65: 1784.4 | Q65: 汇川技术 | R65: 300124.SZ | S65: 1715.7 | T65: 大族数控 | U65: 301200.SZ | V65: 1433.1 | W65: 中钨高新 | X65: 000657.SZ | Y65: 1430.8
A66: 886065.TI | B66: =[1]!thsiFinD("THS_GPJC_STOCK",$A66) | C66: =[1]!thsiFinD("ths_int_chg_ratio_index",$A66,C$1,C$2)/100 | D66: =[1]!thsiFinD("ths_int_chg_ratio_index",$A66,D$1,D$2)/100 | E66: =[1]!thsiFinD("ths_int_chg_ratio_index",$A66,E$1,E$2)/100 | F66: =D66-(E66-D66)/3 | G66: 产业链 | H66: =IFERROR(VLOOKUP($I66,'分类规则'!$A$30:$C$200,2,0),"") | I66: 核电 | J66: =IFERROR(VLOOKUP($I66,'分类规则'!$A$30:$C$200,3,0),"") | K66: 中天科技 | L66: 600522.SH | M66: 1930 | N66: 中国核电 | O66: 601985.SH | P66: 1722.2 | Q66: 中钨高新 | R66: 000657.SZ | S66: 1430.8 | T66: 厦门钨业 | U66: 600549.SH | V66: 1335 | W66: 上海电气 | X66: 601727.SH | Y66: 922.2
A67: 885868.TI | B67: =[1]!thsiFinD("THS_GPJC_STOCK",$A67) | C67: =[1]!thsiFinD("ths_int_chg_ratio_index",$A67,C$1,C$2)/100 | D67: =[1]!thsiFinD("ths_int_chg_ratio_index",$A67,D$1,D$2)/100 | E67: =[1]!thsiFinD("ths_int_chg_ratio_index",$A67,E$1,E$2)/100 | F67: =D67-(E67-D67)/3 | G67: 产业链 | H67: =IFERROR(VLOOKUP($I67,'分类规则'!$A$30:$C$200,2,0),"") | I67: 消费电子 | J67: =IFERROR(VLOOKUP($I67,'分类规则'!$A$30:$C$200,3,0),"") | K67: 立讯精密 | L67: 002475.SZ | M67: 5083.4 | N67: 兆易创新 | O67: 603986.SH | P67: 4204.8 | Q67: 蓝思科技 | R67: 300433.SZ | S67: 2771.6 | T67: 鹏鼎控股 | U67: 002938.SZ | V67: 2769.2 | W67: 亿纬锂能 | X67: 300014.SZ | Y67: 1408.2
A68: 885552.TI | B68: =[1]!thsiFinD("THS_GPJC_STOCK",$A68) | C68: =[1]!thsiFinD("ths_int_chg_ratio_index",$A68,C$1,C$2)/100 | D68: =[1]!thsiFinD("ths_int_chg_ratio_index",$A68,D$1,D$2)/100 | E68: =[1]!thsiFinD("ths_int_chg_ratio_index",$A68,E$1,E$2)/100 | F68: =D68-(E68-D68)/3 | G68: 产业链 | H68: =IFERROR(VLOOKUP($I68,'分类规则'!$A$30:$C$200,2,0),"") | I68: 有色金属 | J68: =IFERROR(VLOOKUP($I68,'分类规则'!$A$30:$C$200,3,0),"") | K68: 紫金矿业 | L68: 601899.SH | M68: 6116.7 | N68: 洛阳钼业 | O68: 603993.SH | P68: 3499.2 | Q68: 北方稀土 | R68: 600111.SH | S68: 1858.1 | T68: 盐湖股份 | U68: 000792.SZ | V68: 1574.2 | W68: 中钨高新 | X68: 000657.SZ | Y68: 1430.8
A69: 885537.TI | B69: =[1]!thsiFinD("THS_GPJC_STOCK",$A69) | C69: =[1]!thsiFinD("ths_int_chg_ratio_index",$A69,C$1,C$2)/100 | D69: =[1]!thsiFinD("ths_int_chg_ratio_index",$A69,D$1,D$2)/100 | E69: =[1]!thsiFinD("ths_int_chg_ratio_index",$A69,E$1,E$2)/100 | F69: =D69-(E69-D69)/3 | G69: 产业链 | H69: =IFERROR(VLOOKUP($I69,'分类规则'!$A$30:$C$200,2,0),"") | I69: 工业自动化 | J69: =IFERROR(VLOOKUP($I69,'分类规则'!$A$30:$C$200,3,0),"") | K69: 蓝思科技 | L69: 300433.SZ | M69: 2771.6 | N69: 华工科技 | O69: 000988.SZ | P69: 1784.4 | Q69: 大族激光 | R69: 002008.SZ | S69: 1290.6 | T69: 领益智造 | U69: 002600.SZ | V69: 1211 | W69: 光库科技 | X69: 300620.SZ | Y69: 965.7
A70: 885710.TI | B70: =[1]!thsiFinD("THS_GPJC_STOCK",$A70) | C70: =[1]!thsiFinD("ths_int_chg_ratio_index",$A70,C$1,C$2)/100 | D70: =[1]!thsiFinD("ths_int_chg_ratio_index",$A70,D$1,D$2)/100 | E70: =[1]!thsiFinD("ths_int_chg_ratio_index",$A70,E$1,E$2)/100 | F70: =D70-(E70-D70)/3 | G70: 产业链 | H70: =IFERROR(VLOOKUP($I70,'分类规则'!$A$30:$C$200,2,0),"") | I70: 储能/电池 | J70: =IFERROR(VLOOKUP($I70,'分类规则'!$A$30:$C$200,3,0),"") | K70: 宁德时代 | L70: 300750.SZ | M70: 16668.3 | N70: 紫金矿业 | O70: 601899.SH | P70: 6116.7 | Q70: 北方华创 | R70: 002371.SZ | S70: 5222.2 | T70: 兆易创新 | U70: 603986.SH | V70: 4204.8 | W70: 比亚迪 | X70: 002594.SZ | Y70: 3072.8
A71: 885887.TI | B71: =[1]!thsiFinD("THS_GPJC_STOCK",$A71) | C71: =[1]!thsiFinD("ths_int_chg_ratio_index",$A71,C$1,C$2)/100 | D71: =[1]!thsiFinD("ths_int_chg_ratio_index",$A71,D$1,D$2)/100 | E71: =[1]!thsiFinD("ths_int_chg_ratio_index",$A71,E$1,E$2)/100 | F71: =D71-(E71-D71)/3 | G71: 产业链 | H71: =IFERROR(VLOOKUP($I71,'分类规则'!$A$30:$C$200,2,0),"") | I71: 光通信/算力硬件 | J71: =IFERROR(VLOOKUP($I71,'分类规则'!$A$30:$C$200,3,0),"")
A72: 885860.TI | B72: =[1]!thsiFinD("THS_GPJC_STOCK",$A72) | C72: =[1]!thsiFinD("ths_int_chg_ratio_index",$A72,C$1,C$2)/100 | D72: =[1]!thsiFinD("ths_int_chg_ratio_index",$A72,D$1,D$2)/100 | E72: =[1]!thsiFinD("ths_int_chg_ratio_index",$A72,E$1,E$2)/100 | F72: =D72-(E72-D72)/3 | G72: 公司链 | H72: =IFERROR(VLOOKUP($I72,'分类规则'!$A$30:$C$200,2,0),"") | I72: 船舶 | J72: =IFERROR(VLOOKUP($I72,'分类规则'!$A$30:$C$200,3,0),"") | K72: 中国船舶 | L72: 600150.SH | M72: 2719.8 | N72: 中国动力 | O72: 600482.SH | P72: 751 | Q72: 中船防务 | R72: 600685.SH | S72: 219.1 | T72: 中国海防 | U72: 600764.SH | V72: 133 | W72: 中船科技 | X72: 600072.SH | Y72: 102.2
A73: 885970.TI | B73: =[1]!thsiFinD("THS_GPJC_STOCK",$A73) | C73: =[1]!thsiFinD("ths_int_chg_ratio_index",$A73,C$1,C$2)/100 | D73: =[1]!thsiFinD("ths_int_chg_ratio_index",$A73,D$1,D$2)/100 | E73: =[1]!thsiFinD("ths_int_chg_ratio_index",$A73,E$1,E$2)/100 | F73: =D73-(E73-D73)/3 | G73: 产业链 | H73: =IFERROR(VLOOKUP($I73,'分类规则'!$A$30:$C$200,2,0),"") | I73: 有色金属 | J73: =IFERROR(VLOOKUP($I73,'分类规则'!$A$30:$C$200,3,0),"") | K73: 紫金矿业 | L73: 601899.SH | M73: 6116.7 | N73: 中国中铁 | O73: 601390.SH | P73: 923.6 | Q73: 西部矿业 | R73: 601168.SH | S73: 756.6 | T73: 兴业银锡 | U73: 000426.SZ | V73: 702.4 | W73: 锡业股份 | X73: 000960.SZ | Y73: 686.8
A74: 885903.TI | B74: =[1]!thsiFinD("THS_GPJC_STOCK",$A74) | C74: =[1]!thsiFinD("ths_int_chg_ratio_index",$A74,C$1,C$2)/100 | D74: =[1]!thsiFinD("ths_int_chg_ratio_index",$A74,D$1,D$2)/100 | E74: =[1]!thsiFinD("ths_int_chg_ratio_index",$A74,E$1,E$2)/100 | F74: =D74-(E74-D74)/3 | G74: 产业链 | H74: =IFERROR(VLOOKUP($I74,'分类规则'!$A$30:$C$200,2,0),"") | I74: 化工 | J74: =IFERROR(VLOOKUP($I74,'分类规则'!$A$30:$C$200,3,0),"") | K74: 万华化学 | L74: 600309.SH | M74: 2161.6 | N74: 东方盛虹 | O74: 000301.SZ | P74: 765.9 | Q74: 卫星化学 | R74: 002648.SZ | S74: 728.8 | T74: 中国化学 | U74: 601117.SH | V74: 491.9 | W74: 联泓新科 | X74: 003022.SZ | Y74: 376.2
A75: 883304.TI | B75: =[1]!thsiFinD("THS_GPJC_STOCK",$A75) | C75: =[1]!thsiFinD("ths_int_chg_ratio_index",$A75,C$1,C$2)/100 | D75: =[1]!thsiFinD("ths_int_chg_ratio_index",$A75,D$1,D$2)/100 | E75: =[1]!thsiFinD("ths_int_chg_ratio_index",$A75,E$1,E$2)/100 | F75: =D75-(E75-D75)/3 | G75: 宽基风格 | H75: =IFERROR(VLOOKUP($I75,'分类规则'!$A$30:$C$200,2,0),"") | I75: 中证500 | J75: =IFERROR(VLOOKUP($I75,'分类规则'!$A$30:$C$200,3,0),"") | K75: 宏和科技 | L75: 603256.SH | M75: 2267.9 | N75: 光迅科技 | O75: 002281.SZ | P75: 2077.7 | Q75: 源杰科技 | R75: 688498.SH | S75: 2056.4 | T75: 长飞光纤 | U75: 601869.SH | V75: 1916.1 | W75: 大族数控 | X75: 301200.SZ | Y75: 1433.1
A76: 886035.TI | B76: =[1]!thsiFinD("THS_GPJC_STOCK",$A76) | C76: =[1]!thsiFinD("ths_int_chg_ratio_index",$A76,C$1,C$2)/100 | D76: =[1]!thsiFinD("ths_int_chg_ratio_index",$A76,D$1,D$2)/100 | E76: =[1]!thsiFinD("ths_int_chg_ratio_index",$A76,E$1,E$2)/100 | F76: =D76-(E76-D76)/3 | G76: 产业链 | H76: =IFERROR(VLOOKUP($I76,'分类规则'!$A$30:$C$200,2,0),"") | I76: 汽车 | J76: =IFERROR(VLOOKUP($I76,'分类规则'!$A$30:$C$200,3,0),"") | K76: 立讯精密 | L76: 002475.SZ | M76: 5083.4 | N76: 生益科技 | O76: 600183.SH | P76: 4402.8 | Q76: 沪电股份 | R76: 002463.SZ | S76: 2843.8 | T76: 长电科技 | U76: 600584.SH | V76: 1485.8 | W76: 生益电子 | X76: 688183.SH | Y76: 1152.1
A77: 885912.TI | B77: =[1]!thsiFinD("THS_GPJC_STOCK",$A77) | C77: =[1]!thsiFinD("ths_int_chg_ratio_index",$A77,C$1,C$2)/100 | D77: =[1]!thsiFinD("ths_int_chg_ratio_index",$A77,D$1,D$2)/100 | E77: =[1]!thsiFinD("ths_int_chg_ratio_index",$A77,E$1,E$2)/100 | F77: =D77-(E77-D77)/3 | G77: 产业链 | H77: =IFERROR(VLOOKUP($I77,'分类规则'!$A$30:$C$200,2,0),"") | I77: 化工 | J77: =IFERROR(VLOOKUP($I77,'分类规则'!$A$30:$C$200,3,0),"") | K77: 天赐材料 | L77: 002709.SZ | M77: 778.8 | N77: 合盛硅业 | O77: 603260.SH | P77: 572.2 | Q77: 兴发集团 | R77: 600141.SH | S77: 464.5 | T77: 大全能源 | U77: 688303.SH | V77: 411.9 | W77: 鲁西化工 | X77: 000830.SZ | Y77: 239.7
A78: 885996.TI | B78: =[1]!thsiFinD("THS_GPJC_STOCK",$A78) | C78: =[1]!thsiFinD("ths_int_chg_ratio_index",$A78,C$1,C$2)/100 | D78: =[1]!thsiFinD("ths_int_chg_ratio_index",$A78,D$1,D$2)/100 | E78: =[1]!thsiFinD("ths_int_chg_ratio_index",$A78,E$1,E$2)/100 | F78: =D78-(E78-D78)/3 | G78: 产业链 | H78: =IFERROR(VLOOKUP($I78,'分类规则'!$A$30:$C$200,2,0),"") | I78: 火电 | J78: =IFERROR(VLOOKUP($I78,'分类规则'!$A$30:$C$200,3,0),"") | K78: 特变电工 | L78: 600089.SH | M78: 1178.3 | N78: 上海电气 | O78: 601727.SH | P78: 922.2 | Q78: 中国能建 | R78: 601868.SH | S78: 895 | T78: 国电电力 | U78: 600795.SH | V78: 845.4 | W78: 华能国际 | X78: 600011.SH | Y78: 840.2
A79: 886052.TI | B79: =[1]!thsiFinD("THS_GPJC_STOCK",$A79) | C79: =[1]!thsiFinD("ths_int_chg_ratio_index",$A79,C$1,C$2)/100 | D79: =[1]!thsiFinD("ths_int_chg_ratio_index",$A79,D$1,D$2)/100 | E79: =[1]!thsiFinD("ths_int_chg_ratio_index",$A79,E$1,E$2)/100 | F79: =D79-(E79-D79)/3 | G79: 产业链 | H79: =IFERROR(VLOOKUP($I79,'分类规则'!$A$30:$C$200,2,0),"") | I79: 环保 | J79: =IFERROR(VLOOKUP($I79,'分类规则'!$A$30:$C$200,3,0),"") | K79: 中国广核 | L79: 003816.SZ | M79: 1604.9 | N79: 上海电气 | O79: 601727.SH | P79: 922.2 | Q79: 中国动力 | R79: 600482.SH | S79: 751 | T79: 应流股份 | U79: 603308.SH | V79: 463 | W79: 光智科技 | X79: 300489.SZ | Y79: 312.7
A80: 885969.TI | B80: =[1]!thsiFinD("THS_GPJC_STOCK",$A80) | C80: =[1]!thsiFinD("ths_int_chg_ratio_index",$A80,C$1,C$2)/100 | D80: =[1]!thsiFinD("ths_int_chg_ratio_index",$A80,D$1,D$2)/100 | E80: =[1]!thsiFinD("ths_int_chg_ratio_index",$A80,E$1,E$2)/100 | F80: =D80-(E80-D80)/3 | G80: 产业链 | H80: =IFERROR(VLOOKUP($I80,'分类规则'!$A$30:$C$200,2,0),"") | I80: 有色金属 | J80: =IFERROR(VLOOKUP($I80,'分类规则'!$A$30:$C$200,3,0),"")
A81: 885555.TI | B81: =[1]!thsiFinD("THS_GPJC_STOCK",$A81) | C81: =[1]!thsiFinD("ths_int_chg_ratio_index",$A81,C$1,C$2)/100 | D81: =[1]!thsiFinD("ths_int_chg_ratio_index",$A81,D$1,D$2)/100 | E81: =[1]!thsiFinD("ths_int_chg_ratio_index",$A81,E$1,E$2)/100 | F81: =D81-(E81-D81)/3 | G81: 产业链 | H81: =IFERROR(VLOOKUP($I81,'分类规则'!$A$30:$C$200,2,0),"") | I81: 环保 | J81: =IFERROR(VLOOKUP($I81,'分类规则'!$A$30:$C$200,3,0),"") | K81: 贵研铂业 | L81: 600459.SH | M81: 198.2 | N81: 再升科技 | O81: 603601.SH | P81: 171 | Q81: 华盛昌 | R81: 002980.SZ | S81: 133 | T81: 优利德 | U81: 688628.SH | V81: 118.6 | W81: 美埃科技 | X81: 688376.SH | Y81: 106.5
A82: 885863.TI | B82: =[1]!thsiFinD("THS_GPJC_STOCK",$A82) | C82: =[1]!thsiFinD("ths_int_chg_ratio_index",$A82,C$1,C$2)/100 | D82: =[1]!thsiFinD("ths_int_chg_ratio_index",$A82,D$1,D$2)/100 | E82: =[1]!thsiFinD("ths_int_chg_ratio_index",$A82,E$1,E$2)/100 | F82: =D82-(E82-D82)/3 | G82: 产业链 | H82: =IFERROR(VLOOKUP($I82,'分类规则'!$A$30:$C$200,2,0),"") | I82: 化工 | J82: =IFERROR(VLOOKUP($I82,'分类规则'!$A$30:$C$200,3,0),"") | K82: 洛阳钼业 | L82: 603993.SH | M82: 3499.2 | N82: 华友钴业 | O82: 603799.SH | P82: 983.4 | Q82: 昊华科技 | R82: 600378.SH | S82: 698.9 | T82: 湖南裕能 | U82: 301358.SZ | V82: 578.2 | W82: 云天化 | X82: 600096.SH | Y82: 539.1
A83: 886001.TI | B83: =[1]!thsiFinD("THS_GPJC_STOCK",$A83) | C83: =[1]!thsiFinD("ths_int_chg_ratio_index",$A83,C$1,C$2)/100 | D83: =[1]!thsiFinD("ths_int_chg_ratio_index",$A83,D$1,D$2)/100 | E83: =[1]!thsiFinD("ths_int_chg_ratio_index",$A83,E$1,E$2)/100 | F83: =D83-(E83-D83)/3 | G83: 产业链 | H83: =IFERROR(VLOOKUP($I83,'分类规则'!$A$30:$C$200,2,0),"") | I83: 汽车 | J83: =IFERROR(VLOOKUP($I83,'分类规则'!$A$30:$C$200,3,0),"") | K83: 东山精密 | L83: 002384.SZ | M83: 3784.7 | N83: 比亚迪 | O83: 002594.SZ | P83: 3072.8 | Q83: 华工科技 | R83: 000988.SZ | S83: 1784.4 | T83: 特变电工 | U83: 600089.SH | V83: 1178.3 | W83: 风华高科 | X83: 000636.SZ | Y83: 863.1
A84: 885946.TI | B84: =[1]!thsiFinD("THS_GPJC_STOCK",$A84) | C84: =[1]!thsiFinD("ths_int_chg_ratio_index",$A84,C$1,C$2)/100 | D84: =[1]!thsiFinD("ths_int_chg_ratio_index",$A84,D$1,D$2)/100 | E84: =[1]!thsiFinD("ths_int_chg_ratio_index",$A84,E$1,E$2)/100 | F84: =D84-(E84-D84)/3 | G84: 产业链 | H84: =IFERROR(VLOOKUP($I84,'分类规则'!$A$30:$C$200,2,0),"") | I84: 半导体 | J84: =IFERROR(VLOOKUP($I84,'分类规则'!$A$30:$C$200,3,0),"") | K84: 兆易创新 | L84: 603986.SH | M84: 4204.8 | N84: 蓝思科技 | O84: 300433.SZ | P84: 2771.6 | Q84: 京东方A | R84: 000725.SZ | S84: 2316.5 | T84: 华工科技 | U84: 000988.SZ | V84: 1784.4 | W84: 豪威集团 | X84: 603501.SH | Y84: 1089.2
A85: 886028.TI | B85: =[1]!thsiFinD("THS_GPJC_STOCK",$A85) | C85: =[1]!thsiFinD("ths_int_chg_ratio_index",$A85,C$1,C$2)/100 | D85: =[1]!thsiFinD("ths_int_chg_ratio_index",$A85,D$1,D$2)/100 | E85: =[1]!thsiFinD("ths_int_chg_ratio_index",$A85,E$1,E$2)/100 | F85: =D85-(E85-D85)/3 | G85: 产业链 | H85: =IFERROR(VLOOKUP($I85,'分类规则'!$A$30:$C$200,2,0),"") | I85: 医疗器械 | J85: =IFERROR(VLOOKUP($I85,'分类规则'!$A$30:$C$200,3,0),"") | K85: 九安医疗 | L85: 002432.SZ | M85: 342 | N85: 科翔股份 | O85: 300903.SZ | P85: 335.9 | Q85: 四川长虹 | R85: 600839.SH | S85: 312.9 | T85: 鱼跃医疗 | U85: 002223.SZ | V85: 232.9 | W85: 乐普医疗 | X85: 300003.SZ | Y85: 186.6
A86: 885785.TI | B86: =[1]!thsiFinD("THS_GPJC_STOCK",$A86) | C86: =[1]!thsiFinD("ths_int_chg_ratio_index",$A86,C$1,C$2)/100 | D86: =[1]!thsiFinD("ths_int_chg_ratio_index",$A86,D$1,D$2)/100 | E86: =[1]!thsiFinD("ths_int_chg_ratio_index",$A86,E$1,E$2)/100 | F86: =D86-(E86-D86)/3 | G86: 公司链 | H86: =IFERROR(VLOOKUP($I86,'分类规则'!$A$30:$C$200,2,0),"") | I86: 消费电子 | J86: =IFERROR(VLOOKUP($I86,'分类规则'!$A$30:$C$200,3,0),"") | K86: 兆易创新 | L86: 603986.SH | M86: 4204.8 | N86: 东山精密 | O86: 002384.SZ | P86: 3784.7 | Q86: 胜宏科技 | R86: 300476.SZ | S86: 3192.6 | T86: 三环集团 | U86: 300408.SZ | V86: 2952.2 | W86: 蓝思科技 | X86: 300433.SZ | Y86: 2771.6
A87: 885311.TI | B87: =[1]!thsiFinD("THS_GPJC_STOCK",$A87) | C87: =[1]!thsiFinD("ths_int_chg_ratio_index",$A87,C$1,C$2)/100 | D87: =[1]!thsiFinD("ths_int_chg_ratio_index",$A87,D$1,D$2)/100 | E87: =[1]!thsiFinD("ths_int_chg_ratio_index",$A87,E$1,E$2)/100 | F87: =D87-(E87-D87)/3 | G87: 产业链 | H87: =IFERROR(VLOOKUP($I87,'分类规则'!$A$30:$C$200,2,0),"") | I87: 电力设备 | J87: =IFERROR(VLOOKUP($I87,'分类规则'!$A$30:$C$200,3,0),"") | K87: 美的集团 | L87: 000333.SZ | M87: 5352.5 | N87: 胜宏科技 | O87: 300476.SZ | P87: 3192.6 | Q87: 亨通光电 | R87: 600487.SH | S87: 2714.4 | T87: 中天科技 | U87: 600522.SH | V87: 1930 | W87: 长飞光纤 | X87: 601869.SH | Y87: 1916.1
A88: 886043.TI | B88: =[1]!thsiFinD("THS_GPJC_STOCK",$A88) | C88: =[1]!thsiFinD("ths_int_chg_ratio_index",$A88,C$1,C$2)/100 | D88: =[1]!thsiFinD("ths_int_chg_ratio_index",$A88,D$1,D$2)/100 | E88: =[1]!thsiFinD("ths_int_chg_ratio_index",$A88,E$1,E$2)/100 | F88: =D88-(E88-D88)/3 | G88: 产业链 | H88: =IFERROR(VLOOKUP($I88,'分类规则'!$A$30:$C$200,2,0),"") | I88: 通信 | J88: =IFERROR(VLOOKUP($I88,'分类规则'!$A$30:$C$200,3,0),"") | K88: 亨通光电 | L88: 600487.SH | M88: 2714.4 | N88: 长飞光纤 | O88: 601869.SH | P88: 1916.1 | Q88: 中兴通讯 | R88: 000063.SZ | S88: 1526.1 | T88: 航天电子 | U88: 600879.SH | V88: 681.6 | W88: 海格通信 | X88: 002465.SZ | Y88: 339
A89: 885971.TI | B89: =[1]!thsiFinD("THS_GPJC_STOCK",$A89) | C89: =[1]!thsiFinD("ths_int_chg_ratio_index",$A89,C$1,C$2)/100 | D89: =[1]!thsiFinD("ths_int_chg_ratio_index",$A89,D$1,D$2)/100 | E89: =[1]!thsiFinD("ths_int_chg_ratio_index",$A89,E$1,E$2)/100 | F89: =D89-(E89-D89)/3 | G89: 产业链 | H89: =IFERROR(VLOOKUP($I89,'分类规则'!$A$30:$C$200,2,0),"") | I89: 有色金属 | J89: =IFERROR(VLOOKUP($I89,'分类规则'!$A$30:$C$200,3,0),"")
A90: 885958.TI | B90: =[1]!thsiFinD("THS_GPJC_STOCK",$A90) | C90: =[1]!thsiFinD("ths_int_chg_ratio_index",$A90,C$1,C$2)/100 | D90: =[1]!thsiFinD("ths_int_chg_ratio_index",$A90,D$1,D$2)/100 | E90: =[1]!thsiFinD("ths_int_chg_ratio_index",$A90,E$1,E$2)/100 | F90: =D90-(E90-D90)/3 | G90: 产业链 | H90: =IFERROR(VLOOKUP($I90,'分类规则'!$A$30:$C$200,2,0),"") | I90: 光伏 | J90: =IFERROR(VLOOKUP($I90,'分类规则'!$A$30:$C$200,3,0),"")
A91: 885929.TI | B91: =[1]!thsiFinD("THS_GPJC_STOCK",$A91) | C91: =[1]!thsiFinD("ths_int_chg_ratio_index",$A91,C$1,C$2)/100 | D91: =[1]!thsiFinD("ths_int_chg_ratio_index",$A91,D$1,D$2)/100 | E91: =[1]!thsiFinD("ths_int_chg_ratio_index",$A91,E$1,E$2)/100 | F91: =D91-(E91-D91)/3 | G91: 宽基风格 | H91: =IFERROR(VLOOKUP($I91,'分类规则'!$A$30:$C$200,2,0),"") | I91: 专精特新 | J91: =IFERROR(VLOOKUP($I91,'分类规则'!$A$30:$C$200,3,0),"") | K91: 天孚通信 | L91: 300394.SZ | M91: 3663.5 | N91: 宏和科技 | O91: 603256.SH | P91: 2267.9 | Q91: 长飞光纤 | R91: 601869.SH | S91: 1916.1 | T91: 北方稀土 | U91: 600111.SH | V91: 1858.1 | W91: 佰维存储 | X91: 688525.SH | Y91: 1821.2
A92: 885928.TI | B92: =[1]!thsiFinD("THS_GPJC_STOCK",$A92) | C92: =[1]!thsiFinD("ths_int_chg_ratio_index",$A92,C$1,C$2)/100 | D92: =[1]!thsiFinD("ths_int_chg_ratio_index",$A92,D$1,D$2)/100 | E92: =[1]!thsiFinD("ths_int_chg_ratio_index",$A92,E$1,E$2)/100 | F92: =D92-(E92-D92)/3 | G92: 产业链 | H92: =IFERROR(VLOOKUP($I92,'分类规则'!$A$30:$C$200,2,0),"") | I92: 储能/电池 | J92: =IFERROR(VLOOKUP($I92,'分类规则'!$A$30:$C$200,3,0),"") | K92: 宁德时代 | L92: 300750.SZ | M92: 16668.3 | N92: 比亚迪 | O92: 002594.SZ | P92: 3072.8 | Q92: 亿纬锂能 | R92: 300014.SZ | S92: 1408.2 | T92: 华友钴业 | U92: 603799.SH | V92: 983.4 | W92: 天赐材料 | X92: 002709.SZ | Y92: 778.8
A93: 885921.TI | B93: =[1]!thsiFinD("THS_GPJC_STOCK",$A93) | C93: =[1]!thsiFinD("ths_int_chg_ratio_index",$A93,C$1,C$2)/100 | D93: =[1]!thsiFinD("ths_int_chg_ratio_index",$A93,D$1,D$2)/100 | E93: =[1]!thsiFinD("ths_int_chg_ratio_index",$A93,E$1,E$2)/100 | F93: =D93-(E93-D93)/3 | G93: 产业链 | H93: =IFERROR(VLOOKUP($I93,'分类规则'!$A$30:$C$200,2,0),"") | I93: 储能/电池 | J93: =IFERROR(VLOOKUP($I93,'分类规则'!$A$30:$C$200,3,0),"") | K93: 宁德时代 | L93: 300750.SZ | M93: 16668.3 | N93: 长江电力 | O93: 600900.SH | P93: 6523.2 | Q93: 美的集团 | R93: 000333.SZ | S93: 5352.5 | T93: 胜宏科技 | U93: 300476.SZ | V93: 3192.6 | W93: 比亚迪 | X93: 002594.SZ | Y93: 3072.8
A94: 885957.TI | B94: =[1]!thsiFinD("THS_GPJC_STOCK",$A94) | C94: =[1]!thsiFinD("ths_int_chg_ratio_index",$A94,C$1,C$2)/100 | D94: =[1]!thsiFinD("ths_int_chg_ratio_index",$A94,D$1,D$2)/100 | E94: =[1]!thsiFinD("ths_int_chg_ratio_index",$A94,E$1,E$2)/100 | F94: =D94-(E94-D94)/3 | G94: 产业链 | H94: =IFERROR(VLOOKUP($I94,'分类规则'!$A$30:$C$200,2,0),"") | I94: 光通信/算力硬件 | J94: =IFERROR(VLOOKUP($I94,'分类规则'!$A$30:$C$200,3,0),"") | K94: 工业富联 | L94: 601138.SH | M94: 15494.3 | N94: 寒武纪 | O94: 688256.SH | P94: 9471.3 | Q94: 海光信息 | R94: 688041.SH | S94: 7623.8 | T94: 胜宏科技 | U94: 300476.SZ | V94: 3192.6 | W94: 光迅科技 | X94: 002281.SZ | Y94: 2077.7
A95: 883303.TI | B95: =[1]!thsiFinD("THS_GPJC_STOCK",$A95) | C95: =[1]!thsiFinD("ths_int_chg_ratio_index",$A95,C$1,C$2)/100 | D95: =[1]!thsiFinD("ths_int_chg_ratio_index",$A95,D$1,D$2)/100 | E95: =[1]!thsiFinD("ths_int_chg_ratio_index",$A95,E$1,E$2)/100 | F95: =D95-(E95-D95)/3 | G95: 宽基风格 | H95: =IFERROR(VLOOKUP($I95,'分类规则'!$A$30:$C$200,2,0),"") | I95: 上证380 | J95: =IFERROR(VLOOKUP($I95,'分类规则'!$A$30:$C$200,3,0),"") | K95: 宏和科技 | L95: 603256.SH | M95: 2267.9 | N95: 源杰科技 | O95: 688498.SH | P95: 2056.4 | Q95: 长飞光纤 | R95: 601869.SH | S95: 1916.1 | T95: 华虹宏力 | U95: 688347.SH | V95: 1132.8 | W95: 华海清科 | X95: 688120.SH | Y95: 1122.3
A96: 885997.TI | B96: =[1]!thsiFinD("THS_GPJC_STOCK",$A96) | C96: =[1]!thsiFinD("ths_int_chg_ratio_index",$A96,C$1,C$2)/100 | D96: =[1]!thsiFinD("ths_int_chg_ratio_index",$A96,D$1,D$2)/100 | E96: =[1]!thsiFinD("ths_int_chg_ratio_index",$A96,E$1,E$2)/100 | F96: =D96-(E96-D96)/3 | G96: 公司链 | H96: =IFERROR(VLOOKUP($I96,'分类规则'!$A$30:$C$200,2,0),"") | I96: 汽车 | J96: =IFERROR(VLOOKUP($I96,'分类规则'!$A$30:$C$200,3,0),"") | K96: 比亚迪 | L96: 002594.SZ | M96: 3072.8 | N96: 蓝思科技 | O96: 300433.SZ | P96: 2771.6 | Q96: 佰维存储 | R96: 688525.SH | S96: 1821.2 | T96: 华工科技 | U96: 000988.SZ | V96: 1784.4 | W96: 三花智控 | X96: 002050.SZ | Y96: 1685.2
A97: 885865.TI | B97: =[1]!thsiFinD("THS_GPJC_STOCK",$A97) | C97: =[1]!thsiFinD("ths_int_chg_ratio_index",$A97,C$1,C$2)/100 | D97: =[1]!thsiFinD("ths_int_chg_ratio_index",$A97,D$1,D$2)/100 | E97: =[1]!thsiFinD("ths_int_chg_ratio_index",$A97,E$1,E$2)/100 | F97: =D97-(E97-D97)/3 | G97: 产业链 | H97: =IFERROR(VLOOKUP($I97,'分类规则'!$A$30:$C$200,2,0),"") | I97: 有色金属 | J97: =IFERROR(VLOOKUP($I97,'分类规则'!$A$30:$C$200,3,0),"")
A98: 886102.TI | B98: =[1]!thsiFinD("THS_GPJC_STOCK",$A98) | C98: =[1]!thsiFinD("ths_int_chg_ratio_index",$A98,C$1,C$2)/100 | D98: =[1]!thsiFinD("ths_int_chg_ratio_index",$A98,D$1,D$2)/100 | E98: =[1]!thsiFinD("ths_int_chg_ratio_index",$A98,E$1,E$2)/100 | F98: =D98-(E98-D98)/3 | G98: 产业链 | H98: =IFERROR(VLOOKUP($I98,'分类规则'!$A$30:$C$200,2,0),"") | I98: AI应用 | J98: =IFERROR(VLOOKUP($I98,'分类规则'!$A$30:$C$200,3,0),"")
A99: 885652.TI | B99: =[1]!thsiFinD("THS_GPJC_STOCK",$A99) | C99: =[1]!thsiFinD("ths_int_chg_ratio_index",$A99,C$1,C$2)/100 | D99: =[1]!thsiFinD("ths_int_chg_ratio_index",$A99,D$1,D$2)/100 | E99: =[1]!thsiFinD("ths_int_chg_ratio_index",$A99,E$1,E$2)/100 | F99: =D99-(E99-D99)/3 | G99: 产业链 | H99: =IFERROR(VLOOKUP($I99,'分类规则'!$A$30:$C$200,2,0),"") | I99: 化工 | J99: =IFERROR(VLOOKUP($I99,'分类规则'!$A$30:$C$200,3,0),"") | K99: 国城矿业 | L99: 000688.SZ | M99: 448.7 | N99: 龙佰集团 | O99: 002601.SZ | P99: 307.7 | Q99: 钒钛股份 | R99: 000629.SZ | S99: 297.3 | T99: 振华股份 | U99: 603067.SH | V99: 272.7 | W99: 坤彩科技 | X99: 603826.SH | Y99: 203.6
A100: 885973.TI | B100: =[1]!thsiFinD("THS_GPJC_STOCK",$A100) | C100: =[1]!thsiFinD("ths_int_chg_ratio_index",$A100,C$1,C$2)/100 | D100: =[1]!thsiFinD("ths_int_chg_ratio_index",$A100,D$1,D$2)/100 | E100: =[1]!thsiFinD("ths_int_chg_ratio_index",$A100,E$1,E$2)/100 | F100: =D100-(E100-D100)/3 | G100: 产业链 | H100: =IFERROR(VLOOKUP($I100,'分类规则'!$A$30:$C$200,2,0),"") | I100: 有色金属 | J100: =IFERROR(VLOOKUP($I100,'分类规则'!$A$30:$C$200,3,0),"")
A101: 885641.TI | B101: =[1]!thsiFinD("THS_GPJC_STOCK",$A101) | C101: =[1]!thsiFinD("ths_int_chg_ratio_index",$A101,C$1,C$2)/100 | D101: =[1]!thsiFinD("ths_int_chg_ratio_index",$A101,D$1,D$2)/100 | E101: =[1]!thsiFinD("ths_int_chg_ratio_index",$A101,E$1,E$2)/100 | F101: =D101-(E101-D101)/3 | G101: 产业链 | H101: =IFERROR(VLOOKUP($I101,'分类规则'!$A$30:$C$200,2,0),"") | I101: 新能源发电 | J101: =IFERROR(VLOOKUP($I101,'分类规则'!$A$30:$C$200,3,0),"") | K101: 中国船舶 | L101: 600150.SH | M101: 2719.8 | N101: 亨通光电 | O101: 600487.SH | P101: 2714.4 | Q101: 阳光电源 | R101: 300274.SZ | S101: 2333.3 | T101: 中国巨石 | U101: 600176.SH | V101: 2141.7 | W101: 中天科技 | X101: 600522.SH | Y101: 1930
A102: 885431.TI | B102: =[1]!thsiFinD("THS_GPJC_STOCK",$A102) | C102: =[1]!thsiFinD("ths_int_chg_ratio_index",$A102,C$1,C$2)/100 | D102: =[1]!thsiFinD("ths_int_chg_ratio_index",$A102,D$1,D$2)/100 | E102: =[1]!thsiFinD("ths_int_chg_ratio_index",$A102,E$1,E$2)/100 | F102: =D102-(E102-D102)/3 | G102: 产业链 | H102: =IFERROR(VLOOKUP($I102,'分类规则'!$A$30:$C$200,2,0),"") | I102: 汽车 | J102: =IFERROR(VLOOKUP($I102,'分类规则'!$A$30:$C$200,3,0),"")
...

Sheet 分类规则
A1: 概念指数热点监控 — 分类与计算规则
A3: 一、口径目标：跟踪市场资金短期追捧的热点，识别哪个细分方向(二级赛道)最热。
A5: 二、加速度 = 近一周 − (近一月 − 近一周) ÷ 3 【F列】
A6: 含义：本周涨幅 减去 前三周的平均周涨幅。>0=本周比过去三周更猛(在加速/发动)，<0=在退潮。
A7: 目的：YTD是"今年赢家"，本指标抓"现在刚发动"的方向，更贴近短期资金。
A9: 三、概念类型【G列，决定是否计入产业热度】
A10: 产业链 = 真实产业细分方向(计入热度)；公司链 = 单龙头供应链篮子(计入)；
A11: 主题事件 = 区域/政策/事件/业绩(不计)；宽基风格 = 指数/风格/资金面(不计)。
A12: 统计"哪个方向最热"时只用 产业链+公司链，剔除 主题事件/宽基风格(否则污染排序)。
A14: 四、一级 / 二级【H/I列】：二级为细分赛道(硬编码)，一级由二级自动带出(VLOOKUP本表)。
A15: 二级由概念名称语义判定(复用已确认分类+名称规则)，是排序"最热方向"的主键。
A17: 五、产业链位置【J列，由二级VLOOKUP本表自动带出】
... A26: 下表为 二级→一级→产业链位置 主表，H/J列VLOOKUP引用此处(第30行起，请勿插改行)：
A29: 二级 | B29: 一级 | C29: 产业链位置
A30: AIoT/物联网 | B30: 科技·TMT | C30: 中游
A31: AI应用 | B31: 科技·TMT | C31: 下游
A32: PCB/覆铜板 | B32: 科技·TMT | C32: 中游
A33: 传媒/游戏 | B33: 科技·TMT | C33: 下游
A34: 传媒互联网 | B34: 科技·TMT | C34: 下游
A35: 信创/国产化 | B35: 科技·TMT | C35: 下游
A36: 光通信/算力硬件 | B36: 科技·TMT | C36: 中游
A37: 区块链/Web3 | B37: 科技·TMT | C37: 下游
A38: 半导体 | B38: 科技·TMT | C38: 中游
A39: 消费电子 | B39: 科技·TMT | C39: 中游
A40: 综合 | B40: 科技·TMT | C40: 中游
... A115: 风格/事件 | B115: 市场风格 | C115: —

Sheet 二级赛道热度
A1: 二级赛道 | B1: 一级 | C1: 概念数 | D1: 周涨幅均值 | E1: 月涨幅均值 | F1: 加速度均值 | G1: 周内最强
A2: AIoT/物联网 | B2: 科技·TMT | C2: =COUNTIF('概念指数热点监控'!$I$4:$I$396,$A2) | D2: =IFERROR(AVERAGEIF('概念指数热点监控'!$I$4:$I$396,$A2,'概念指数热点监控'!$D$4:$D$396),"") | E2: =IFERROR(AVERAGEIF('概念指数热点监控'!$I$4:$I$396,$A2,'概念指数热点监控'!$E$4:$E$396),"") | F2: =IFERROR(AVERAGEIF('概念指数热点监控'!$I$4:$I$396,$A2,'概念指数热点监控'!$F$4:$F$396),"") | G2: =IFERROR(MAXIFS('概念指数热点监控'!$D$4:$D$396,'概念指数热点监控'!$I$4:$I$396,$A2),"")
A3: AI应用 | B3: 科技·TMT | C3: =COUNTIF('概念指数热点监控'!$I$4:$I$396,$A3) | D3: =IFERROR(AVERAGEIF('概念指数热点监控'!$I$4:$I$396,$A3,'概念指数热点监控'!$D$4:$D$396),"") | E3: =IFERROR(AVERAGEIF('概念指数热点监控'!$I$4:$I$396,$A3,'概念指数热点监控'!$E$4:$E$396),"") | F3: =IFERROR(AVERAGEIF('概念指数热点监控'!$I$4:$I$396,$A3,'概念指数热点监控'!$F$4:$F$396),"") | G3: =IFERROR(MAXIFS('概念指数热点监控'!$D$4:$D$396,'概念指数热点监控'!$I$4:$I$396,$A3),"")
A4: PCB/覆铜板 | B4: 科技·TMT | C4: =COUNTIF('概念指数热点监控'!$I$4:$I$396,$A4) | D4: =IFERROR(AVERAGEIF('概念指数热点监控'!$I$4:$I$396,$A4,'概念指数热点监控'!$D$4:$D$396),"") | E4: =IFERROR(AVERAGEIF('概念指数热点监控'!$I$4:$I$396,$A4,'概念指数热点监控'!$E$4:$E$396),"") | F4: =IFERROR(AVERAGEIF('概念指数热点监控'!$I$4:$I$396,$A4,'概念指数热点监控'!$F$4:$F$396),"") | G4: =IFERROR(MAXIFS('概念指数热点监控'!$D$4:$D$396,'概念指数热点监控'!$I$4:$I$396,$A4),"")
A5: 传媒/游戏 | B5: 科技·TMT | C5: =COUNTIF('概念指数热点监控'!$I$4:$I$396,$A5) | D5: =IFERROR(AVERAGEIF('概念指数热点监控'!$I$4:$I$396,$A5,'概念指数热点监控'!$D$4:$D$396),"") | E5: =IFERROR(AVERAGEIF('概念指数热点监控'!$I$4:$I$396,$A5,'概念指数热点监控'!$E$4:$E$396),"") | F5: =IFERROR(AVERAGEIF('概念指数热点监控'!$I$4:$I$396,$A5,'概念指数热点监控'!$F$4:$F$396),"") | G5: =IFERROR(MAXIFS('概念指数热点监控'!$D$4:$D$396,'概念指数热点监控'!$I$4:$I$396,$A5),"")
A6: 传媒互联网 | B6: 科技·TMT | C6: =COUNTIF('概念指数热点监控'!$I$4:$I$396,$A6) | D6: =IFERROR(AVERAGEIF('概念指数热点监控'!$I$4:$I$396,$A6,'概念指数热点监控'!$D$4:$D$396),"") | E6: =IFERROR(AVERAGEIF('概念指数热点监控'!$I$4:$I$396,$A6,'概念指数热点监控'!$E$4:$E$396),"") | F6: =IFERROR(AVERAGEIF('概念指数热点监控'!$I$4:$I$396,$A6,'概念指数热点监控'!$F$4:$F$396),"") | G6: =IFERROR(MAXIFS('概念指数热点监控'!$D$4:$D$396,'概念指数热点监控'!$I$4:$I$396,$A6),"")
A7: 信创/国产化 | B7: 科技·TMT | C7: =COUNTIF('概念指数热点监控'!$I$4:$I$396,$A7) | D7: =IFERROR(AVERAGEIF('概念指数热点监控'!$I$4:$I$396,$A7,'概念指数热点监控'!$D$4:$D$396),"") | E7: =IFERROR(AVERAGEIF('概念指数热点监控'!$I$4:$I$396,$A7,'概念指数热点监控'!$E$4:$E$396),"") | F7: =IFERROR(AVERAGEIF('概念指数热点监控'!$I$4:$I$396,$A7,'概念指数热点监控'!$F$4:$F$396),"") | G7: =IFERROR(MAXIFS('概念指数热点监控'!$D$4:$D$396,'概念指数热点监控'!$I$4:$I$396,$A7),"")
A8: 光通信/算力硬件 | B8: 科技·TMT | C8: =COUNTIF('概念指数热点监控'!$I$4:$I$396,$A8) | D8: =IFERROR(AVERAGEIF('概念指数热点监控'!$I$4:$I$396,$A8,'概念指数热点监控'!$D$4:$D$396),"") | E8: =IFERROR(AVERAGEIF('概念指数热点监控'!$I$4:$I$396,$A8,'概念指数热点监控'!$E$4:$E$396),"") | F8: =IFERROR(AVERAGEIF('概念指数热点监控'!$I$4:$I$396,$A8,'概念指数热点监控'!$F$4:$F$396),"") | G8: =IFERROR(MAXIFS('概念指数热点监控'!$D$4:$D$396,'概念指数热点监控'!$I$4:$I$396,$A8),"")
A9: 区块链/Web3 | B9: 科技·TMT | C9: =COUNTIF('概念指数热点监控'!$I$4:$I$396,$A9) | D9: =IFERROR(AVERAGEIF('概念指数热点监控'!$I$4:$I$396,$A9,'概念指数热点监控'!$D$4:$D$396),"") | E9: =IFERROR(AVERAGEIF('概念指数热点监控'!$I$4:$I$396,$A9,'概念指数热点监控'!$E$4:$E$396),"") | F9: =IFERROR(AVERAGEIF('概念指数热点监控'!$I$4:$I$396,$A9,'概念指数热点监控'!$F$4:$F$396),"") | G9: =IFERROR(MAXIFS('概念指数热点监控'!$D$4:$D$396,'概念指数热点监控'!$I$4:$I$396,$A9),"")
A10: 半导体 | B10: 科技·TMT | C10: =COUNTIF('概念指数热点监控'!$I$4:$I$396,$A10) | D10: =IFERROR(AVERAGEIF('概念指数热点监控'!$I$4:$I$396,$A10,'概念指数热点监控'!$D$4:$D$396),"") | E10: =IFERROR(AVERAGEIF('概念指数热点监控'!$I$4:$I$396,$A10,'概念指数热点监控'!$E$4:$E$396),"") | F10: =IFERROR(AVERAGEIF('概念指数热点监控'!$I$4:$I$396,$A10,'概念指数热点监控'!$F$4:$F$396),"") | G10: =IFERROR(MAXIFS('概念指数热点监控'!$D$4:$D$396,'概念指数热点监控'!$I$4:$I$396,$A10),"")
A11: 消费电子 | B11: 科技·TMT | C11: =COUNTIF('概念指数热点监控'!$I$4:$I$396,$A11) | D11: =IFERROR(AVERAGEIF('概念指数热点监控'!$I$4:$I$396,$A11,'概念指数热点监控'!$D$4:$D$396),"") | E11: =IFERROR(AVERAGEIF('概念指数热点监控'!$I$4:$I$396,$A11,'概念指数热点监控'!$E$4:$E$396),"") | F11: =IFERROR(AVERAGEIF('概念指数热点监控'!$I$4:$I$396,$A11,'概念指数热点监控'!$F$4:$F$396),"") | G11: =IFERROR(MAXIFS('概念指数热点监控'!$D$4:$D$396,'概念指数热点监控'!$I$4:$I$396,$A11),"")
A12: 综合 | B12: 科技·TMT | C12: =COUNTIF('概念指数热点监控'!$I$4:$I$396,$A12) | D12: =IFERROR(AVERAGEIF('概念指数热点监控'!$I$4:$I$396,$A12,'概念指数热点监控'!$D$4:$D$396),"") | E12: =IFERROR(AVERAGEIF('概念指数热点监控'!$I$4:$I$396,$A12,'概念指数热点监控'!$E$4:$E$396),"") | F12: =IFERROR(AVERAGEIF('概念指数热点监控'!$I$4:$I$396,$A12,'概念指数热点监控'!$F$4:$F$396),"") | G12: =IFERROR(MAXIFS('概念指数热点监控'!$D$4:$D$396,'概念指数热点监控'!$I$4:$I$396,$A12),"")
A13: 通信 | B13: 科技·TMT | C13: =COUNTIF('概念指数热点监控'!$I$4:$I$396,$A13) | D13: =IFERROR(AVERAGEIF('概念指数热点监控'!$I$4:$I$396,$A13,'概念指数热点监控'!$D$4:$D$396),"") | E13: =IFERROR(AVERAGEIF('概念指数热点监控'!$I$4:$I$396,$A13,'概念指数热点监控'!$E$4:$E$396),"") | F13: =IFERROR(AVERAGEIF('概念指数热点监控'!$I$4:$I$396,$A13,'概念指数热点监控'!$F$4:$F$396),"") | G13: =IFERROR(MAXIFS('概念指数热点监控'!$D$4:$D$396,'概念指数热点监控'!$I$4:$I$396,$A13),"")
... A55: 航运 | B55: 交通运输 | C55: =COUNTIF('概念指数热点监控'!$I$4:$I$396,$A55) | D55: =IFERROR(AVERAGEIF('概念指数热点监控'!$I$4:$I$396,$A55,'概念指数热点监控'!$D$4:$D$396),"") | E55: =IFERROR(AVERAGEIF('概念指数热点监控'!$I$4:$I$396,$A55,'概念指数热点监控'!$E$4:$E$396),"") | F55: =IFERROR(AVERAGEIF('概念指数热点监控'!$I$4:$I$396,$A55,'概念指数热点监控'!$F$4:$F$396),"") | G55: =IFERROR(MAXIFS('概念指数热点监控'!$D$4:$D$396,'概念指数热点监控'!$I$4:$I$396,$A55),"")
A57: 提示：刷新iFinD后，选中表格按"周涨幅均值"降序排序，即得本周最热细分方向。
