Workbook

Sheet 绩效总览
A1: 玄驹组合·卫星轮动引擎V1 历史回测绩效报告
A2: 区间: 2019-07-15 ~ 2026-07-07(建仓完成日起) | 参数: K=3/持续期12日/3窗口风险调整动量/无即时止损/T+3/最短持有7天/只动进出腿
A3: ⚠️ 指数池确定于2026年(含后见之明),收益水平系统性偏乐观;本报告用于理解策略机制、换手结构与仓位行为,不构成收益预期。
A5: 无风险利率(夏普) | B5: 0.015 | C5: 区间自然日数 | D5: 2549
A7: 指标 | B7: 策略 | C7: 科技100 | D7: 创业板指 | E7: 万得全A
A8: 累计收益 | B8: ='净值曲线'!B1693/'净值曲线'!B2-1 | C8: ='净值曲线'!C1693/'净值曲线'!C2-1 | D8: ='净值曲线'!D1693/'净值曲线'!D2-1 | E8: ='净值曲线'!E1693/'净值曲线'!E2-1
A9: 年化收益 | B9: =(1+B8)^(365/$D$5)-1 | C9: =(1+C8)^(365/$D$5)-1 | D9: =(1+D8)^(365/$D$5)-1 | E9: =(1+E8)^(365/$D$5)-1
A10: 年化波动 | B10: =STDEV.S('净值曲线'!F3:F1693)*SQRT(250) | C10: =STDEV.S('净值曲线'!H3:H1693)*SQRT(250) | D10: =STDEV.S('净值曲线'!J3:J1693)*SQRT(250) | E10: =STDEV.S('净值曲线'!L3:L1693)*SQRT(250)
A11: 夏普比率 | B11: =(B9-$B$5)/B10 | C11: =(C9-$B$5)/C10 | D11: =(D9-$B$5)/D10 | E11: =(E9-$B$5)/E10
A12: 最大回撤 | B12: =MIN('净值曲线'!G3:G1693) | C12: =MIN('净值曲线'!I3:I1693) | D12: =MIN('净值曲线'!K3:K1693) | E12: =MIN('净值曲线'!M3:M1693)
A13: 卡玛比率 | B13: =B9/ABS(B12) | C13: =C9/ABS(C12) | D13: =D9/ABS(D12) | E13: =E9/ABS(E12)
A14: 年均监管换手率 | B14: 0.93165744 | C14: - | D14: - | E14: -
A15: 最差年监管换手 | B15: 1.0579989 | F15: 口径:(申购+赎回)/(2×年均资产),不含建仓;上限200% | Source:调仓记录汇总

Sheet 分年度
A1: 年份 | B1: 策略收益 | C1: 科技100收益 | D1: 创业板指收益 | E1: 万得全A收益 | F1: 超额(vs科技100) | G1: 监管换手率 | H1: 备注
A2: 2019 | B2: ='净值曲线'!B117/'净值曲线'!B2-1 | C2: ='净值曲线'!C117/'净值曲线'!C2-1 | D2: ='净值曲线'!D117/'净值曲线'!D2-1 | E2: ='净值曲线'!E117/'净值曲线'!E2-1 | F2: =B2-C2 | G2: 0.31367112 | H2: 建仓年(不满整年)
A3: 2020 | B3: ='净值曲线'!B360/'净值曲线'!B117-1 | C3: ='净值曲线'!C360/'净值曲线'!C117-1 | D3: ='净值曲线'!D360/'净值曲线'!D117-1 | E3: ='净值曲线'!E360/'净值曲线'!E117-1 | F3: =B3-C3 | G3: 0.80886117
A4: 2021 | B4: ='净值曲线'!B603/'净值曲线'!B360-1 | C4: ='净值曲线'!C603/'净值曲线'!C360-1 | D4: ='净值曲线'!D603/'净值曲线'!D360-1 | E4: ='净值曲线'!E603/'净值曲线'!E360-1 | F4: =B4-C4 | G4: 0.88253719
A5: 2022 | B5: ='净值曲线'!B845/'净值曲线'!B603-1 | C5: ='净值曲线'!C845/'净值曲线'!C603-1 | D5: ='净值曲线'!D845/'净值曲线'!D603-1 | E5: ='净值曲线'!E845/'净值曲线'!E603-1 | F5: =B5-C5 | G5: 1.0579989
A6: 2023 | B6: ='净值曲线'!B1087/'净值曲线'!B845-1 | C6: ='净值曲线'!C1087/'净值曲线'!C845-1 | D6: ='净值曲线'!D1087/'净值曲线'!D845-1 | E6: ='净值曲线'!E1087/'净值曲线'!E845-1 | F6: =B6-C6 | G6: 0.90737986
A7: 2024 | B7: ='净值曲线'!B1329/'净值曲线'!B1087-1 | C7: ='净值曲线'!C1329/'净值曲线'!C1087-1 | D7: ='净值曲线'!D1329/'净值曲线'!D1087-1 | E7: ='净值曲线'!E1329/'净值曲线'!E1087-1 | F7: =B7-C7 | G7: 1.0197631
A8: 2025 | B8: ='净值曲线'!B1572/'净值曲线'!B1329-1 | C8: ='净值曲线'!C1572/'净值曲线'!C1329-1 | D8: ='净值曲线'!D1572/'净值曲线'!D1329-1 | E8: ='净值曲线'!E1572/'净值曲线'!E1329-1 | F8: =B8-C8 | G8: 0.9134044
A9: 2026 | B9: ='净值曲线'!B1693/'净值曲线'!B1572-1 | C9: ='净值曲线'!C1693/'净值曲线'!C1572-1 | D9: ='净值曲线'!D1693/'净值曲线'!D1572-1 | E9: ='净值曲线'!E1693/'净值曲线'!E1572-1 | F9: =B9-C9 | G9: 0.29149633 | H9: 半年

Sheet 调仓记录
A1: 序号 | B1: 信号日 | C1: 执行日 | D1: 类型 | E1: 卖出(占组合) | F1: 买入(占组合) | G1: 金额(元) | H1: 占组合 | I1: 执行后持仓 | J1: 卫星现金占比 | K1: 当年累计换手
A2: 1 | B2: 43656 | C2: 43661 | D2: 建仓 | F2: 半导体材料设备(14.4%), 港股通创新药(14.4%) | G2: 3300 | H2: 0.28774415 | I2: 半导体材料设备/港股通创新药 | J2: 0.14387208 | K2: 0
A3: 2 | B3: 43661 | C3: 43664 | D3: 核心再平衡 | G3: 1372.3368 | H3: 0.12001814 | I3: 半导体材料设备/港股通创新药 | J3: 0.16373611 | K3: 0.060786495
A4: 3 | B4: 43719 | C4: 43725 | D4: 卫星调仓 | F4: 计算机(15.0%) | G4: 1872.2261 | H4: 0.14987736 | I4: 半导体材料设备/港股通创新药/计算机 | J4: 0 | K4: 0.14194528
A5: 4 | B5: 43749 | C5: 43754 | D5: 复核撤销 | G5: 0 | H5: 0 | I5: 半导体材料设备/港股通创新药/计算机 | J5: 0 | K5: 0.14090776
A6: 5 | B6: 43815 | C6: 43818 | D6: 卫星调仓 | E6: 港股通创新药(15.4%) | F6: 新能源电池(15.4%) | G6: 4155.4588 | H6: 0.30718048 | I6: 半导体材料设备/计算机/新能源电池 | J6: 0 | K6: 0.31497836
A7: 6 | B7: 43844 | C7: 43847 | D7: 卫星调仓 | E7: 计算机(14.0%) | F7: 工业有色(14.0%) | G7: 4187.9319 | H7: 0.28063445 | I7: 半导体材料设备/新能源电池/工业有色 | J7: 0 | K7: 0.14501716
A8: 7 | B8: 43874 | C8: 43879 | D8: 卫星调仓 | E8: 工业有色(13.0%) | G8: 2159.87 | H8: 0.12951827 | I8: 半导体材料设备/新能源电池 | J8: 0.12951827 | K8: 0.2128177
A9: 8 | B9: 43907 | C9: 43910 | D9: 核心再平衡 | G9: 1591.6269 | H9: 0.10605543 | I9: 半导体材料设备/新能源电池 | J9: 0.12999358 | K9: 0.25624011
A10: 9 | B10: 43921 | C10: 43924 | D10: 卫星调仓 | E10: 新能源电池(13.4%) | G10: 1943.9277 | H10: 0.13379916 | I10: 半导体材料设备 | J10: 0.26807675 | K10: 0.32269952
A11: 10 | B11: 43943 | C11: 43948 | D11: 卫星调仓 | E11: 半导体材料设备(20.6%) | G11: 3018.0113 | H11: 0.20553837 | J11: 0.47078993 | K11: 0.4240819
A12: 11 | B12: 43969 | C12: 43972 | D12: 卫星调仓 | F12: 港股通互联网(15.4%) | G12: 2304.2726 | H12: 0.15425822 | I12: 港股通互联网 | J12: 0.30851645 | K12: 0.50073308
A13: 12 | B13: 43990 | C13: 43993 | D13: 卫星调仓 | F13: 半导体材料设备(15.2%) | G13: 2352.482 | H13: 0.15198589 | I13: 港股通互联网/半导体材料设备 | J13: 0.14575659 | K13: 0.57898893
A14: 13 | B14: 44013 | C14: 44018 | D14: 卫星调仓 | F14: 新能源电池(12.8%) | G14: 2256.0632 | H14: 0.12761813 | I14: 港股通互联网/半导体材料设备/新能源电池 | J14: 0 | K14: 0.64733072
A15: 14 | B15: 44028 | C15: 44033 | D15: 核心再平衡 | G15: 1888.4102 | H15: 0.10165153 | I15: 港股通互联网/半导体材料设备/新能源电池 | J15: 0 | K15: 0.69638382
A16: 15 | B16: 44050 | C16: 44055 | D16: 卫星调仓 | E16: 半导体材料设备(16.9%) | G16: 3102.672 | H16: 0.16897704 | I16: 港股通互联网/新能源电池 | J16: 0.16897704 | K16: 0.77929023
A17: 16 | B17: 44071 | C17: 44076 | D17: 卫星调仓 | F17: 机器人(15.9%) | G17: 3102.672 | H17: 0.15853412 | I17: 港股通互联网/新能源电池/机器人 | J17: 0 | K17: 0.86206433
A18: 17 | B18: 44228 | C18: 44231 | D18: 核心再平衡 | G18: 2565.8982 | H18: 0.11141032 | I18: 港股通互联网/新能源电池/机器人 | J18: 0 | K18: 0.055925288
A19: 18 | B19: 44237 | C19: 44249 | D19: 卫星调仓 | E19: 机器人(13.6%) | G19: 3160.8526 | H19: 0.1357863 | I19: 港股通互联网/新能源电池 | J19: 0.1357863 | K19: 0.12396636
A20: 19 | B20: 44274 | C20: 44279 | D20: 卫星调仓 | E20: 新能源电池(16.0%) | G20: 3273.4295 | H20: 0.16021313 | I20: 港股通互联网 | J20: 0.31491634 | K20: 0.20058198
A21: 20 | B21: 44298 | C21: 44301 | D21: 卫星调仓 | E21: 港股通互联网(17.8%) | G21: 3706.8293 | H21: 0.17826256 | J21: 0.48768916 | K21: 0.28761533
A22: 21 | B22: 44322 | C22: 44327 | D22: 卫星调仓 | F22: 港股通创新药(16.1%) | G22: 3380.3705 | H22: 0.16063431 | I22: 港股通创新药 | J22: 0.32126862 | K22: 0.36680781
A23: 22 | B23: 44347 | C23: 44350 | D23: 卫星调仓 | F23: 新能源电池(16.3%) | G23: 3596.0504 | H23: 0.16292641 | I23: 港股通创新药/新能源电池 | J23: 0.14338277 | K23: 0.4490514
A24: 23 | B24: 44369 | C24: 44372 | D24: 卫星调仓 | F24: 半导体材料设备(13.6%) | G24: 3164.6905 | H24: 0.13648598 | I24: 港股通创新药/新能源电池/半导体材料设备 | J24: 0 | K24: 0.51971019
A25: 24 | B25: 44413 | C25: 44418 | D25: 卫星调仓 | E25: 港股通创新药(14.8%) | F25: 工业有色(14.8%) | G25: 7400.0397 | H25: 0.29611472 | I25: 新能源电池/半导体材料设备/工业有色 | J25: 0 | K25: 0.67381317
A26: 25 | B26: 44469 | C26: 44481 | D26: 卫星调仓 | E26: 半导体材料设备(14.2%) | G26: 3246.3938 | H26: 0.14244529 | I26: 新能源电池/工业有色 | J26: 0.14244529 | K26: 0.73270854
A27: 26 | B27: 44497 | C27: 44502 | D27: 卫星调仓 | E27: 工业有色(14.3%) | G27: 3429.1618 | H27: 0.14276785 | I27: 新能源电池 | J27: 0.27792643 | K27: 0.80499305
A28: 27 | B28: 44531 | C28: 44536 | D28: 卫星调仓 | F28: 通信设备(16.7%) | G28: 4143.2028 | H28: 0.16660962 | I28: 新能源电池/通信设备 | J28: 0.1018329 | K28: 0.88764139
A29: 28 | B29: 44572 | C29: 44575 | D29: 卫星调仓 | E29: 新能源电池(20.8%) | G29: 4918.8256 | H29: 0.20759476 | I29: 通信设备 | J29: 0.31447051 | K29: 0.10295384
A30: 29 | B30: 44603 | C30: 44608 | D30: 卫星调仓 | E30: 通信设备(17.1%) | G30: 3876.492 | H30: 0.17134005 | J30: 0.50068041 | K30: 0.18860901
A31: 30 | B31: 44672 | C31: 44677 | D31: 核心再平衡 | G31: 2977.2205 | H31: 0.14931384 | J31: 0.495 | K31: 0.26338575
A32: 31 | B32: 44727 | C32: 44732 | D32: 卫星调仓 | F32: 港股通互联网(15.0%) | G32: 3289.9924 | H32: 0.15027105 | I32: 港股通互联网 | J32: 0.30054211 | K32: 0.34322576
A33: 32 | B33: 44742 | C33: 44747 | D33: 核心再平衡 | G33: 2467.5865 | H33: 0.10905819 | I33: 港股通互联网 | J33: 0.32593382 | K33: 0.39888862
A34: 33 | B34: 44748 | C34: 44753 | D34: 卫星调仓 | F34: 新能源电池(16.6%), 工业有色(16.6%) | G34: 7324.989 | H34: 0.33262682 | I34: 港股通互联网/新能源电池/工业有色 | J34: 0.0022567456 | K34: 0.56527778
A35: 34 | B35: 44769 | C35: 44774 | D35: 卫星调仓 | E35: 港股通互联网(15.4%) | G35: 3336.7986 | H35: 0.15373626 | I35: 新能源电池/工业有色 | J35: 0.15602596 | K35: 0.64176047
A36: 35 | B36: 44790 | C36: 44795 | D36: 卫星调仓 | E36: 工业有色(16.1%) | G36: 3590.5261 | H36: 0.16098275 | I36: 新能源电池 | J36: 0.31281772 | K36: 0.7240944
A37: 36 | B37: 44832 | C37: 44844 | D37: 卫星调仓 | E37: 新能源电池(17.0%) | G37: 3311.7913 | H37: 0.1701456 | J37: 0.52859498 | K37: 0.8066889
A38: 37 | B38: 44866 | C38: 44869 | D38: 卫星调仓 | F38: 计算机(16.7%) | G38: 3429.6044 | H38: 0.16733025 | I38: 计算机 | J38: 0.3346605 | K38: 0.89182288
A39: 38 | B39: 44887 | C39: 44890 | D39: 卫星调仓 | F39: 卫星产业(16.9%) | G39: 3394.6554 | H39: 0.1688633 | I39: 计算机/卫星产业 | J39: 0.1723403 | K39: 0.97406957
A40: 39 | B40: 44915 | C40: 44918 | D40: 卫星调仓 | F40: 港股通互联网(16.9%) | G40: 3281.2131 | H40: 0.16945951 | I40: 计算机/卫星产业/港股通互联网 | J40: 0.0094686772 | K40: 1.0562767
A41: 40 | B41: 44985 | C41: 44988 | D41: 卫星调仓 | E41: 港股通互联网(14.7%) | G41: 3250.3764 | H41: 0.14660681 | I41: 计算机/卫星产业 | J41: 0.15487629 | K41: 0.075665005
A42: 41 | B42: 45006 | C42: 45009 | D42: 卫星调仓 | F42: 通信设备(14.8%) | G42: 3433.7166 | H42: 0.14806763 | I42: 计算机/卫星产业/通信设备 | J42: 0 | K42: 0.15391397
A43: 42 | B43: 45037 | C43: 45042 | D43: 卫星调仓 | E43: 卫星产业(16.9%) | F43: 科创芯片设计(16.7%) | G43: 7374.1367 | H43: 0.33582547 | I43: 计算机/通信设备/科创芯片设计 | J43: 0.0011965474 | K43: 0.31663794
A44: 43 | B44: 45068 | C44: 45071 | D44: 卫星调仓 | E44: 科创芯片设计(16.7%) | G44: 3582.2836 | H44: 0.16748342 | I44: 计算机/通信设备 | J44: 0.16871181 | K44: 0.39949444
A45: 44 | B45: 45111 | C45: 45114 | D45: 卫星调仓 | F45: 机器人(16.1%) | G45: 3608.5577 | H45: 0.16123213 | I45: 计算机/通信设备/机器人 | J45: 0 | K45: 0.4789225
A46: 45 | B46: 45132 | C46: 45135 | D46: 卫星调仓 | E46: 计算机(17.5%) | G46: 3809.4608 | H46: 0.17512236 | I46: 通信设备/机器人 | J46: 0.17512236 | K46: 0.56512984
A47: 46 | B47: 45162 | C47: 45167 | D47: 卫星调仓 | E47: 通信设备(16.6%), 机器人(16.0%) | G47: 6768.4973 | H47: 0.32657936 | J47: 0.51038549 | K47: 0.72268914
A48: 47 | B48: 45239 | C48: 45244 | D48: 卫星调仓 | F48: 卫星产业(17.3%) | G48: 3525.9861 | H48: 0.17250543 | I48: 卫星产业 | J48: 0.34501085 | K48: 0.81745316
A49: 48 | B49: 45273 | C49: 45278 | D49: 卫星调仓 | F49: 科创芯片设计(17.7%) | G49: 3419.4123 | H49: 0.17739568 | I49: 卫星产业/科创芯片设计 | J49: 0.18845357 | K49: 0.90389844
A50: 49 | B50: 45295 | C50: 45300 | D50: 卫星调仓 | E50: 卫星产业(15.9%) | G50: 2927.1161 | H50: 0.15908634 | I50: 科创芯片设计 | J50: 0.35651296 | K50: 0.077485285
A51: 50 | B51: 45316 | C51: 45321 | D51: 卫星调仓 | E51: 科创芯片设计(14.9%) | G51: 2583.9013 | H51: 0.14879485 | J51: 0.52653606 | K51: 0.15038298
A52: 51 | B52: 45356 | C52: 45359 | D52: 卫星调仓 | F52: 通信设备(16.4%) | G52: 3047.8591 | H52: 0.16447354 | I52: 通信设备 | J52: 0.32894708 | K52: 0.23591781
A53: 52 | B53: 45377 | C53: 45380 | D53: 卫星调仓 | F53: 工业有色(16.4%) | G53: 3005.3428 | H53: 0.16413081 | I53: 通信设备/工业有色 | J53: 0.1687747 | K53: 0.3166887
A54: 53 | B54: 45407 | C54: 45412 | D54: 卫星调仓 | F54: 港股通互联网(16.4%) | G54: 3059.2094 | H54: 0.16437727 | I54: 通信设备/工业有色/港股通互联网 | J54: 0.0016746076 | K54: 0.40002244
A55: 54 | B55: 45454 | C55: 45457 | D55: 复核撤销 | G55: 0 | H55: 0 | I55: 通信设备/工业有色/港股通互联网 | J55: 0.0017064563 | K55: 0.39833047
A56: 55 | B56: 45461 | C56: 45464 | D56: 卫星调仓 | E56: 工业有色(15.6%) | G56: 2844.9986 | H56: 0.15567442 | I56: 通信设备/港股通互联网 | J56: 0.15737977 | K56: 0.47579076
A57: 56 | B57: 45483 | C57: 45488 | D57: 卫星调仓 | E57: 港股通互联网(16.5%) | G57: 2980.2005 | H57: 0.16548662 | I57: 通信设备 | J57: 0.32519625 | K57: 0.55864755
A58: 57 | B58: 45509 | C58: 45512 | D58: 卫星调仓 | E58: 通信设备(15.1%) | G58: 2596.7766 | H58: 0.15140981 | J58: 0.49287588 | K58: 0.63246569
A59: 58 | B59: 45530 | C59: 45533 | D59: 卫星调仓 | F59: 港股通创新药(16.7%) | G59: 2817.7139 | H59: 0.16675693 | I59: 港股通创新药 | J59: 0.33351386 | K59: 0.71429048
A60: 59 | B60: 45575 | C60: 45580 | D60: 卫星调仓 | F60: 港股通互联网(15.7%) | G60: 2991.5466 | H60: 0.15712293 | I60: 港股通创新药/港股通互联网 | J60: 0.13886274 | K60: 0.79929071
A61: 60 | B61: 45596 | C61: 45601 | D61: 卫星调仓 | F61: 计算机(13.1%) | G61: 2643.8812 | H61: 0.1313857 | I61: 港股通创新药/港股通互联网/计算机 | J61: 0 | K61: 0.86721787
A62: 61 | B62: 45617 | C62: 45622 | D62: 卫星调仓 | E62: 港股通创新药(16.6%) | G62: 3129.3714 | H62: 0.16593037 | I62: 港股通互联网/计算机 | J62: 0.16593037 | K62: 0.94750829
A63: 62 | B63: 45638 | C63: 45643 | D63: 卫星调仓 | F63: 科创芯片设计(15.2%) | G63: 2931.6227 | H63: 0.1524847 | I63: 港股通互联网/计算机/科创芯片设计 | J63: 0.010285649 | K63: 1.0230765
A64: 63 | B64: 45660 | C64: 45665 | D64: 卫星调仓 | E64: 港股通互联网(15.6%) | G64: 2869.0778 | H64: 0.15550591 | I64: 计算机/科创芯片设计 | J64: 0.16622402 | K64: 0.077811191
A65: 64 | B65: 45681 | C65: 45694 | D65: 复核撤销 | G65: 0 | H65: 0 | I65: 计算机/科创芯片设计 | J65: 0.15294967 | K65: 0.075915664
A66: 65 | B66: 45694 | C66: 45699 | D66: 卫星调仓 | F66: 机器人(15.1%) | G66: 3066.8265 | H66: 0.15084731 | I66: 计算机/科创芯片设计/机器人 | J66: 0 | K66: 0.15549552
A67: 66 | B67: 45741 | C67: 45744 | D67: 卫星调仓 | E67: 计算机(13.6%) | F67: 港股通互联网(13.6%) | G67: 5449.4767 | H67: 0.27125143 | I67: 科创芯片设计/机器人/港股通互联网 | J67: 0 | K67: 0.28212464
A68: 67 | B68: 45768 | C68: 45771 | D68: 卫星调仓 | E68: 机器人(15.0%) | G68: 2808.9883 | H68: 0.14982528 | I68: 科创芯片设计/港股通互联网 | J68: 0.14982528 | K68: 0.35823657
A69: 68 | B69: 45792 | C69: 45797 | D69: 卫星调仓 | F69: 港股通创新药(14.6%) | G69: 2808.9883 | H69: 0.14571078 | I69: 科创芯片设计/港股通互联网/港股通创新药 | J69: 0 | K69: 0.43141969
A70: 69 | B70: 45814 | C70: 45819 | D70: 卫星调仓 | E70: 科创芯片设计(16.7%) | G70: 3341.5963 | H70: 0.16679731 | I70: 港股通互联网/港股通创新药 | J70: 0.16679731 | K70: 0.51724878
A71: 70 | B71: 45841 | C71: 45846 | D71: 卫星调仓 | F71: 通信设备(15.6%) | G71: 3205.5346 | H71: 0.15555076 | I71: 港股通互联网/港股通创新药/通信设备 | J71: 0.006602485 | K71: 0.59660618
A72: 71 | B72: 45887 | C72: 45890 | D72: 卫星调仓 | E72: 港股通互联网(12.0%) | G72: 2998.6688 | H72: 0.12021276 | I72: 港股通创新药/通信设备 | J72: 0.1256673 | K72: 0.65187727
A73: 72 | B73: 45908 | C73: 45911 | D73: 卫星调仓 | F73: 工业有色(11.2%) | G73: 3134.7304 | H73: 0.11176844 | I73: 港股通创新药/通信设备/工业有色 | J73: 0 | K73: 0.70863569
A74: 73 | B74: 45929 | C74: 45940 | D74: 卫星调仓 | E74: 港股通创新药(15.0%) | F74: 新能源电池(15.0%) | G74: 8725.3131 | H74: 0.29907227 | I74: 通信设备/工业有色/新能源电池 | J74: 0 | K74: 0.88999713
A75: 74 | B75: 46008 | C75: 46013 | D75: 卫星调仓 | E75: 新能源电池(14.5%) | G75: 4368.2634 | H75: 0.14463473 | I75: 通信设备/工业有色 | J75: 0.14463473 | K75: 0.92167777
A76: 75 | B76: 46031 | C76: 46036 | D76: 卫星调仓 | F76: 卫星产业(13.3%) | G76: 4368.2634 | H76: 0.13327868 | I76: 通信设备/工业有色/卫星产业 | J76: 0 | K76: 0.067924971
A77: 76 | B77: 46052 | C77: 46057 | D77: 复核撤销 | G77: 0 | H77: 0 | I77: 通信设备/工业有色/卫星产业 | J77: 0 | K77: 0.067366769
A78: 77 | B78: 46111 | C78: 46114 | D78: 卫星调仓 | E78: 卫星产业(10.9%) | G78: 3209.2646 | H78: 0.10863034 | I78: 通信设备/工业有色 | J78: 0.10863034 | K78: 0.11914564
A79: 78 | B79: 46133 | C79: 46136 | D79: 卫星调仓 | E79: 工业有色(13.3%) | G79: 4353.2323 | H79: 0.13293503 | I79: 通信设备 | J79: 0.23093662 | K79: 0.18754951
A80: 79 | B80: 46157 | C80: 46162 | D80: 卫星调仓 | F80: 半导体材料设备(10.7%), 科创芯片设计(10.7%) | G80: 7562.4968 | H80: 0.21401057 | I80: 通信设备/半导体材料设备/科创芯片设计 | J80: 0 | K80: 0.30244199

Sheet 调仓因子打分
A1: 信号日 | B1: 标的 | C1: 综合分 | D1: z(r20/σ) | E1: z(r60/σ) | F1: z(r120/σ) | G1: 合格排名 | H1: 过资格线 | I1: 当时持有 | J1: 计划动作
A2: 43656 | B2: 港股通创新药 | C2: 1.3797614 | D2: 2.2757951 | E2: 0.10121088 | F2: 1.7622783 | G2: 1 | H2: 是 | I2: 否 | J2: 买入
A3: 43656 | B3: 半导体材料设备 | C3: 1.2182264 | D3: -0.29376208 | E3: 2.3907641 | F3: 1.5576771 | G3: 2 | H3: 是 | I3: 否 | J3: 买入
A4: 43656 | B4: 计算机 | C4: -0.029250757 | D4: 0.087289208 | E4: -0.37477386 | F4: 0.19973238 | H4: 否 | I4: 否
A5: 43656 | B5: 机器人 | C5: -0.14264037 | D5: 0.46655613 | E5: -0.29815037 | F5: -0.59632688 | H5: 否 | I5: 否
A6: 43656 | B6: 卫星产业 | C6: -0.2074232 | D6: -0.37492959 | E6: 0.064978429 | F6: -0.31231844 | H6: 否 | I6: 否
A7: 43656 | B7: 通信设备 | C7: -0.32692689 | D7: -0.66867181 | E7: 0.20648188 | F7: -0.51859075 | H7: 否 | I7: 否
A8: 43656 | B8: 新能源电池 | C8: -0.35535666 | D8: 0.11187826 | E8: -0.78469885 | F8: -0.39324938 | H8: 否 | I8: 否
A9: 43656 | B9: 工业有色 | C9: -0.70525256 | D9: -1.3598851 | E9: -0.1383811 | F9: -0.61749147 | H9: 否 | I9: 否
A10: 43656 | B10: 港股通互联网 | C10: -0.83113739 | D10: -0.24427014 | E10: -1.1674312 | F10: -1.0817109 | H10: 否 | I10: 否
A11: 43656 | B11: 科创芯片设计 | H11: 否 | I11: 否
A13: 43719 | B13: 半导体材料设备 | C13: 1.5668613 | D13: 1.1795472 | E13: 1.6053515 | F13: 1.915685 | G13: 1 | H13: 是 | I13: 是 | J13: 保留
A14: 43719 | B14: 计算机 | C14: 0.5325351 | D14: 0.97027093 | E14: 0.44254895 | F14: 0.18478543 | G14: 2 | H14: 是 | I14: 否 | J14: 买入
A15: 43719 | B15: 新能源电池 | C15: 0.31806813 | D15: 0.67270611 | E15: 0.46571937 | F15: -0.18422108 | G15: 3 | H15: 是 | I15: 否
A16: 43719 | B16: 卫星产业 | C16: 0.24983839 | D16: 0.67105719 | E16: -0.0051290384 | F16: 0.083587027 | G16: 4 | H16: 是 | I16: 否
A17: 43719 | B17: 通信设备 | C17: 0.21504538 | D17: -0.0083200628 | E17: 0.3403013 | F17: 0.3131549 | G17: 5 | H17: 是 | I17: 否
A18: 43719 | B18: 机器人 | C18: -0.2429842 | D18: -0.2836718 | E18: 0.090824756 | F18: -0.53610554 | G18: 6 | H18: 是 | I18: 否
A19: 43719 | B19: 港股通创新药 | C19: -0.3592244 | D19: -1.3954649 | E19: -0.13257423 | F19: 0.45036597 | G19: 7 | H19: 是 | I19: 是 | J19: 保留
A20: 43719 | B20: 工业有色 | C20: -0.90401073 | D20: -1.6465295 | E20: -0.72208821 | F20: -0.34341444 | G20: 8 | H20: 是 | I20: 否
A21: 43719 | B21: 港股通互联网 | C21: -1.3761289 | D21: -0.15959514 | E21: -2.0849544 | F21: -1.8838373 | H21: 否 | I21: 否
A22: 43719 | B22: 科创芯片设计 | H22: 否 | I22: 否
A24: 43815 | B24: 半导体材料设备 | C24: 1.4387262 | D24: 0.35415332 | E24: 1.8246384 | F24: 2.1373868 | G24: 1 | H24: 是 | I24: 是 | J24: 保留
A25: 43815 | B25: 新能源电池 | C25: 0.61227345 | D25: 1.2043478 | E25: 0.34737952 | F25: 0.28509299 | G25: 2 | H25: 是 | I25: 否 | J25: 买入
A26: 43815 | B26: 通信设备 | C26: 0.07401778 | D26: 0.29912787 | E26: -0.26548304 | F26: 0.1884085 | G26: 3 | H26: 是 | I26: 否
A27: 43815 | B27: 港股通互联网 | C27: -0.14938402 | D27: -0.12954467 | E27: 0.77921832 | F27: -1.0978257 | G27: 4 | H27: 是 | I27: 否
A28: 43815 | B28: 计算机 | C28: -0.149561 | D28: -0.15404914 | E28: -0.3262647 | F28: 0.031630855 | G28: 5 | H28: 是 | I28: 是 | J28: 保留
A29: 43815 | B29: 机器人 | C29: -0.262453 | D29: -0.1180783 | E29: -0.44315381 | F29: -0.22612689 | G29: 6 | H29: 是 | I29: 否
A30: 43815 | B30: 港股通创新药 | C30: -0.42966102 | D30: -2.3926493 | E30: 0.60648473 | F30: 0.4971815 | H30: 否 | I30: 是 | J30: 卖出
A31: 43815 | B31: 工业有色 | C31: -0.54843478 | D31: 0.70992626 | E31: -1.1629387 | F31: -1.1922919 | G31: 7 | H31: 是 | I31: 否
A32: 43815 | B32: 卫星产业 | C32: -0.58552357 | D32: 0.22676612 | E32: -1.3598807 | F32: -0.62345612 | G32: 8 | H32: 是 | I32: 否
A33: 43815 | B33: 科创芯片设计 | H33: 否 | I33: 否
A35: 43844 | B35: 工业有色 | C35: 0.88646284 | D35: 1.8413267 | E35: 1.0963316 | F35: -0.27826973 | G35: 1 | H35: 是 | I35: 否 | J35: 买入
A36: 43844 | B36: 半导体材料设备 | C36: 0.85502613 | D36: -0.70997066 | E36: 1.143564 | F36: 2.131485 | G36: 2 | H36: 是 | I36: 是 | J36: 保留
A37: 43844 | B37: 新能源电池 | C37: 0.7723904 | D37: 0.55083811 | E37: 1.137782 | F37: 0.62855107 | G37: 3 | H37: 是 | I37: 是 | J37: 保留
A38: 43844 | B38: 机器人 | C38: 0.37183577 | D38: 0.73640971 | E38: 0.25243663 | F38: 0.12666099 | G38: 4 | H38: 是 | I38: 否
A39: 43844 | B39: 港股通互联网 | C39: -0.20627728 | D39: 0.68063942 | E39: -0.15745148 | F39: -1.1420198 | G39: 5 | H39: 是 | I39: 否
A40: 43844 | B40: 计算机 | C40: -0.33479437 | D40: -0.56634078 | E40: -0.60377923 | F40: 0.16573691 | G40: 6 | H40: 是 | I40: 是 | J40: 卖出
A41: 43844 | B41: 通信设备 | C41: -0.45234501 | D41: -1.0064361 | E41: -0.51017069 | F41: 0.15957171 | G41: 7 | H41: 是 | I41: 否
A42: 43844 | B42: 卫星产业 | C42: -0.60204911 | D42: -0.37738307 | E42: -0.58746601 | F42: -0.84129825 | G42: 8 | H42: 是 | I42: 否
A43: 43844 | B43: 港股通创新药 | C43: -1.2902494 | D43: -1.1490833 | E43: -1.7712469 | F43: -0.95041794 | G43: 9 | H43: 是 | I43: 否
A44: 43844 | B44: 科创芯片设计 | H44: 否 | I44: 否
A46: 43874 | B46: 半导体材料设备 | C46: 1.9856468 | D46: 1.9669279 | E46: 1.7546468 | F46: 2.2353656 | G46: 1 | H46: 是 | I46: 是 | J46: 保留
A47: 43874 | B47: 新能源电池 | C47: 0.69344407 | D47: 0.38962647 | E47: 0.99474204 | F47: 0.69596371 | G47: 2 | H47: 是 | I47: 是 | J47: 保留
A48: 43874 | B48: 港股通互联网 | C48: 0.48731426 | D48: 0.78930645 | E48: 0.33677373 | F48: 0.33586261 | G48: 3 | H48: 是 | I48: 否
A49: 43874 | B49: 计算机 | C49: -0.10261151 | D49: -0.15345251 | E49: -0.09908824 | F49: -0.055293769 | G49: 4 | H49: 是 | I49: 否
A50: 43874 | B50: 卫星产业 | C50: -0.14298652 | D50: -0.19487615 | E50: 0.084056006 | F50: -0.31813941 | G50: 5 | H50: 是 | I50: 否
A51: 43874 | B51: 港股通创新药 | C51: -0.59751505 | D51: 0.27050434 | E51: -1.6197594 | F51: -0.44329007 | G51: 6 | H51: 是 | I51: 否
A52: 43874 | B52: 机器人 | C52: -0.69852595 | D52: -0.92572108 | E52: -0.57837173 | F52: -0.59148503 | G52: 7 | H52: 是 | I52: 否
A53: 43874 | B53: 工业有色 | C53: -0.75352294 | D53: -1.2581962 | E53: 0.044231315 | F53: -1.046604 | G53: 8 | H53: 是 | I53: 是 | J53: 卖出
A54: 43874 | B54: 通信设备 | C54: -0.87124315 | D54: -0.8841193 | E54: -0.91723048 | F54: -0.81237967 | G54: 9 | H54: 是 | I54: 否
A55: 43874 | B55: 科创芯片设计 | H55: 否 | I55: 否
A57: 43921 | B57: 半导体材料设备 | C57: 1.0636288 | D57: -0.074418965 | E57: 1.2666018 | F57: 1.9987035 | H57: 否 | I57: 是 | J57: 保留
A58: 43921 | B58: 港股通互联网 | C58: 0.86424459 | D58: 1.774764 | E58: 0.27196673 | F58: 0.54600305 | H58: 否 | I58: 否
A59: 43921 | B59: 新能源电池 | C59: 0.29804733 | D59: -0.44552028 | E59: 0.5099052 | F59: 0.82975706 | H59: 否 | I59: 是 | J59: 卖出
A60: 43921 | B60: 卫星产业 | C60: 0.13010992 | D60: 0.037510399 | E60: 0.60538927 | F60: -0.2525699 | H60: 否 | I60: 否
A61: 43921 | B61: 通信设备 | C61: -0.013273304 | D61: 0.01428701 | E61: 0.32798993 | F61: -0.38209685 | H61: 否 | I61: 否
A62: 43921 | B62: 计算机 | C62: -0.032588312 | D62: -0.80891612 | E62: 0.60302499 | F62: 0.10812619 | H62: 否 | I62: 否
A63: 43921 | B63: 港股通创新药 | C63: -0.33542738 | D63: 1.3376928 | E63: -1.4184369 | F63: -0.92553807 | H63: 否 | I63: 否
A64: 43921 | B64: 机器人 | C64: -0.8657426 | D64: -1.4258644 | E64: -0.42544334 | F64: -0.74592005 | H64: 否 | I64: 否
A65: 43921 | B65: 工业有色 | C65: -1.108999 | D65: -0.40953446 | E65: -1.7409977 | F65: -1.176465 | H65: 否 | I65: 否
A66: 43921 | B66: 科创芯片设计 | H66: 否 | I66: 否
A68: 43943 | B68: 港股通互联网 | C68: 1.0399466 | D68: 1.9315886 | E68: 0.70422575 | F68: 0.48402542 | G68: 1 | H68: 是 | I68: 否
A69: 43943 | B69: 半导体材料设备 | C69: 0.79201426 | D69: -0.43463886 | E69: 0.85748947 | F69: 1.9531922 | H69: 否 | I69: 是 | J69: 卖出
A70: 43943 | B70: 卫星产业 | C70: 0.45105231 | D70: -0.11818713 | E70: 1.1478936 | F70: 0.32345051 | H70: 否 | I70: 否
A71: 43943 | B71: 新能源电池 | C71: 0.3551793 | D71: 0.082666214 | E71: 0.32912312 | F71: 0.65374857 | H71: 否 | I71: 否
A72: 43943 | B72: 计算机 | C72: 0.045719922 | D72: -0.45953139 | E72: 0.52042845 | F72: 0.07626271 | H72: 否 | I72: 否
A73: 43943 | B73: 港股通创新药 | C73: -0.41077195 | D73: 1.2025025 | E73: -1.1125514 | F73: -1.322267 | H73: 否 | I73: 否
A74: 43943 | B74: 机器人 | C74: -0.52722382 | D74: -0.48056222 | E74: -0.38497444 | F74: -0.71613481 | H74: 否 | I74: 否
A75: 43943 | B75: 通信设备 | C75: -0.7001517 | D75: -1.4472917 | E75: -0.14741303 | F75: -0.50575035 | H75: 否 | I75: 否
A76: 43943 | B76: 工业有色 | C76: -1.0457649 | D76: -0.27654606 | E76: -1.9142215 | F76: -0.94652722 | H76: 否 | I76: 否
A77: 43943 | B77: 科创芯片设计 | H77: 否 | I77: 否
A79: 43969 | B79: 港股通互联网 | C79: 1.6001394 | D79: 1.8053732 | E79: 1.9509386 | F79: 1.0441062 | G79: 1 | H79: 是 | I79: 否 | J79: 买入
A80: 43969 | B80: 半导体材料设备 | C80: 1.0728605 | D80: 1.0450326 | E80: 0.38105395 | F80: 1.7924949 | G80: 2 | H80: 是 | I80: 否
A81: 43969 | B81: 港股通创新药 | C81: 0.047827193 | D81: 0.90515026 | E81: 0.63440243 | F81: -1.3960711 | G81: 3 | H81: 是 | I81: 否
A82: 43969 | B82: 卫星产业 | C82: 0.037774294 | D82: -0.25685083 | E82: 0.066013355 | F82: 0.30416036 | G82: 4 | H82: 是 | I82: 否
A83: 43969 | B83: 新能源电池 | C83: -0.25478866 | D83: -0.40585353 | E83: -0.82738855 | F83: 0.4688761 | H83: 否 | I83: 否
A84: 43969 | B84: 计算机 | C84: -0.33910202 | D84: -0.53921943 | E84: -0.31900337 | F84: -0.15908327 | H84: 否 | I84: 否
A85: 43969 | B85: 通信设备 | C85: -0.46422704 | D85: -0.88805046 | E85: 0.22601258 | F85: -0.73064322 | H85: 否 | I85: 否
A86: 43969 | B86: 机器人 | C86: -0.58666583 | D86: -0.57581317 | E86: -0.52026161 | F86: -0.66392272 | H86: 否 | I86: 否
A87: 43969 | B87: 工业有色 | C87: -1.1138178 | D87: -1.0897687 | E87: -1.5917674 | F87: -0.65991729 | G87: 5 | H87: 是 | I87: 否
A88: 43969 | B88: 科创芯片设计 | H88: 否 | I88: 否
A90: 43990 | B90: 港股通互联网 | C90: 1.671296 | D90: 1.4704196 | E90: 2.0816152 | F90: 1.4618533 | G90: 1 | H90: 是 | I90: 是 | J90: 保留
A91: 43990 | B91: 半导体材料设备 | C91: 0.83334382 | D91: 0.23846376 | E91: 0.678472 | F91: 1.5830957 | G91: 2 | H91: 是 | I91: 否 | J91: 买入
A92: 43990 | B92: 新能源电池 | C92: 0.4117424 | D92: 0.9145589 | E92: -0.13033172 | F92: 0.45100003 | G92: 3 | H92: 是 | I92: 否
A93: 43990 | B93: 港股通创新药 | C93: 0.15693776 | D93: 0.52207383 | E93: 0.75793724 | F93: -0.8091978 | G93: 4 | H93: 是 | I93: 否
A94: 43990 | B94: 工业有色 | C94: -0.33357237 | D94: 0.53689 | E94: -0.38532516 | F94: -1.1522819 | G94: 5 | H94: 是 | I94: 否
A95: 43990 | B95: 卫星产业 | C95: -0.38518647 | D95: -0.83274522 | E95: -0.48890605 | F95: 0.16609185 | G95: 6 | H95: 是 | I95: 否
A96: 43990 | B96: 机器人 | C96: -0.49484321 | D96: -0.1444214 | E96: -0.82793238 | F96: -0.51217585 | G96: 7 | H96: 是 | I96: 否
A97: 43990 | B97: 计算机 | C97: -0.72520862 | D97: -1.2808958 | E97: -0.59616963 | F97: -0.29856039 | G97: 8 | H97: 是 | I97: 否
A98: 43990 | B98: 通信设备 | C98: -1.1345093 | D98: -1.4243437 | E98: -1.0893594 | F98: -0.88982488 | H98: 否 | I98: 否
A99: 43990 | B99: 科创芯片设计 | H99: 否 | I99: 否
A101: 44013 | B101: 港股通互联网 | C101: 1.3555713 | D101: 0.44432235 | E101: 1.9814377 | F101: 1.6409538 | G101: 1 | H101: 是 | I101: 是 | J101: 保留
A102: 44013 | B102: 新能源电池 | C102: 0.59984759 | D102: 0.84353327 | E102: 0.47656125 | F102: 0.47944825 | G102: 2 | H102: 是 | I102: 否 | J102: 买入
A103: 44013 | B103: 计算机 | C103: 0.38346571 | D103: 1.3585681 | E103: -0.31205393 | F103: 0.10388294 | G103: 3 | H103: 是 | I103: 否
A104: 44013 | B104: 半导体材料设备 | C104: 0.3765094 | D104: -0.53736275 | E104: 0.42281064 | F104: 1.2440803 | G104: 4 | H104: 是 | I104: 是 | J104: 保留
A105: 44013 | B105: 机器人 | C105: 0.14813875 | D105: 1.0654723 | E105: -0.1353343 | F105: -0.48572179 | G105: 5 | H105: 是 | I105: 否
A106: 44013 | B106: 港股通创新药 | C106: -0.039813043 | D106: -0.16780738 | E106: 0.52587923 | F106: -0.47751098 | G106: 6 | H106: 是 | I106: 否
A107: 44013 | B107: 卫星产业 | C107: -0.8716948 | D107: -1.6806505 | E107: -0.72727733 | F107: -0.20715657 | G107: 7 | H107: 是 | I107: 否
A108: 44013 | B108: 通信设备 | C108: -0.88109367 | D108: -0.45167504 | E108: -1.4737035 | F108: -0.71790243 | G108: 8 | H108: 是 | I108: 否
A109: 44013 | B109: 工业有色 | C109: -1.0709312 | D109: -0.87440041 | E109: -0.75831969 | F109: -1.5800735 | G109: 9 | H109: 是 | I109: 否
...

Sheet 月度持仓
A1: 月末 | B1: 现金(顶层) | C1: 核心:科技100 | D1: 半导体材料设备 | E1: 科创芯片设计 | F1: 卫星产业 | G1: 港股通互联网 | H1: 通信设备 | I1: 计算机 | J1: 机器人 | K1: 新能源电池 | L1: 港股通创新药 | M1: 工业有色 | N1: 卫星内现金 | O1: 合计
A2: 43677 | B2: 0.0097371889 | C2: 0.49981232 | D2: 0.16755131 | E2: 0 | F2: 0 | G2: 0 | H2: 0 | I2: 0 | J2: 0 | K2: 0 | L2: 0.16346624 | M2: 0 | N2: 0.15943294 | O2: =SUM(B2:N2)
A3: 43708 | B3: 0.0094705527 | C3: 0.49245136 | D3: 0.17579703 | E3: 0 | F3: 0 | G3: 0 | H3: 0 | I3: 0 | J3: 0 | K3: 0 | L3: 0.16721391 | M3: 0 | N3: 0.15506715 | O3: =SUM(B3:N3)
A4: 43738 | B4: 0.0094499368 | C4: 0.5011075 | D4: 0.18691704 | E4: 0 | F4: 0 | G4: 0 | H4: 0 | I4: 0.14501417 | J4: 0 | K4: 0 | L4: 0.15751134 | M4: 0 | N4: 0 | O4: =SUM(B4:N4)
A5: 43769 | B5: 0.0091603249 | C5: 0.49059892 | D5: 0.18515974 | E5: 0 | F5: 0 | G5: 0 | H5: 0 | I5: 0.14101001 | J5: 0 | K5: 0 | L5: 0.174071 | M5: 0 | N5: 0 | O5: =SUM(B5:N5)
A6: 43799 | B6: 0.0092096074 | C6: 0.497471 | D6: 0.19101381 | E6: 0 | F6: 0 | G6: 0 | H6: 0 | I6: 0.13935097 | J6: 0 | K6: 0 | L6: 0.16295461 | M6: 0 | N6: 0 | O6: =SUM(B6:N6)
A7: 43830 | B7: 0.0084133816 | C7: 0.4911849 | D7: 0.20808838 | E7: 0 | F7: 0 | G7: 0 | H7: 0 | I7: 0.13832269 | J7: 0 | K7: 0.15399065 | L7: 0 | M7: 0 | N7: 0 | O7: =SUM(B7:N7)
A8: 43861 | B8: 0.0075855848 | C8: 0.46977622 | D8: 0.23497835 | E8: 0 | F8: 0 | G8: 0 | H8: 0 | I8: 0 | J8: 0 | K8: 0.15460909 | L8: 0 | M8: 0.13305076 | N8: 0 | O8: =SUM(B8:N8)
A9: 43890 | B9: 0.0070967894 | C9: 0.46030172 | D9: 0.24771669 | E9: 0 | F9: 0 | G9: 0 | H9: 0 | I9: 0 | J9: 0 | K9: 0.15083206 | L9: 0 | M9: 0 | N9: 0.13405275 | O9: =SUM(B9:N9)
A10: 43921 | B10: 0.010599831 | C10: 0.5142151 | D10: 0.20242993 | E10: 0 | F10: 0 | G10: 0 | H10: 0 | I10: 0 | J10: 0 | K10: 0.13496414 | L10: 0 | M10: 0 | N10: 0.137791 | O10: =SUM(B10:N10)
A11: 43951 | B11: 0.010065249 | C11: 0.52630504 | D11: 0 | E11: 0 | F11: 0 | G11: 0 | H11: 0 | I11: 0 | J11: 0 | K11: 0 | L11: 0 | M11: 0 | N11: 0.46362971 | O11: =SUM(B11:N11)
A12: 43982 | B12: 0.01021718 | C12: 0.52225283 | D12: 0 | E12: 0 | F12: 0 | G12: 0.15377797 | H12: 0 | I12: 0 | J12: 0 | K12: 0 | L12: 0 | M12: 0 | N12: 0.31375201 | O12: =SUM(B12:N12)
A13: 44012 | B13: 0.0089796183 | C13: 0.54460869 | D13: 0.15180792 | E13: 0 | F13: 0 | G13: 0.15961404 | H13: 0 | I13: 0 | J13: 0 | K13: 0 | L13: 0 | M13: 0 | N13: 0.13498974 | O13: =SUM(B13:N13)
... A86: 46234 | B86: 0.0060833108 | C86: 0.4864897 | D86: 0.13261638 | E86: 0.10799554 | F86: 0 | G86: 0 | H86: 0.26681507 | I86: 0 | J86: 0 | K86: 0 | L86: 0 | M86: 0 | N86: 0 | O86: =SUM(B86:N86)

Sheet 参数快照
A1: 参数 | B1: 取值
A2: K(目标持有数) | B2: 3
A3: 持续期persist(交易日) | B3: 12
A4: 打分 | B4: 3窗口风险调整动量 z(r20/σ20)+z(r60/σ60)+z(r120/σ120) 等权; 量能项未启用
A5: 资格线 | B5: 收盘价>MA60 且 历史≥120交易日
A6: 即时止损 | B6: 无(退出仅靠轮换持续期; 排名跌出前K+1持续12日)
A7: 权重 | B7: 入场=min(现金等分,卫星桶/K); 此后只动进出腿,不修剪不重等权
A8: 执行延迟 | B8: T+3交易日,执行日复核,信号消失撤单
A9: 最短持有 | B9: 7自然日(C份额惩罚性赎回费)
A10: 核心仓 | B10: 科技100,占可投50%,band 45%-55%
A11: 顶层现金 | B11: 1%(货基)
A12: 换手约束 | B12: 监管口径(申购+赎回)/(2×年均资产)≤200%; 本回测自然换手未触顶,throttle未启用
... A15: 引擎版本 | B15: V1平台档(参数经5×4×2×2敏感性网格验证为平台而非尖峰)

Sheet 净值曲线
A1: 日期 | B1: 策略 | C1: 科技100 | D1: 创业板指 | E1: 万得全A | F1: 策略日收益 | G1: 策略回撤 | H1: 科技100日收益 | I1: 科技100回撤 | J1: 创业板指日收益 | K1: 创业板指回撤 | L1: 万得全A日收益 | M1: 万得全A回撤
A2: 43661 | B2: 1 | C2: 1 | D2: 1 | E2: 1
A3: 43662 | B3: 1.0022917 | C3: 0.999657 | D3: 0.99858168 | E3: 0.99870182 | F3: =B3/B2-1 | G3: =B3/MAX(B$2:B3)-1 | H3: =C3/C2-1 | I3: =C3/MAX(C$2:C3)-1 | J3: =D3/D2-1 | K3: =D3/MAX(D$2:D3)-1 | L3: =E3/E2-1 | M3: =E3/MAX(E$2:E3)-1
A4: 43663 | B4: 1.009317 | C4: 1.0052656 | D4: 1.0017768 | E4: 0.99860138 | F4: =B4/B3-1 | G4: =B4/MAX(B$2:B4)-1 | H4: =C4/C3-1 | I4: =C4/MAX(C$2:C4)-1 | J4: =D4/D3-1 | K4: =D4/MAX(D$2:D4)-1 | L4: =E4/E3-1 | M4: =E4/MAX(E$2:E4)-1
A5: 43664 | B5: 0.99702577 | C5: 0.98873271 | D5: 0.98514444 | E5: 0.9858204 | F5: =B5/B4-1 | G5: =B5/MAX(B$2:B5)-1 | H5: =C5/C4-1 | I5: =C5/MAX(C$2:C5)-1 | J5: =D5/D4-1 | K5: =D5/MAX(D$2:D5)-1 | L5: =E5/E4-1 | M5: =E5/MAX(E$2:E5)-1
A6: 43665 | B6: 1.0017814 | C6: 0.99355875 | D6: 0.99645466 | E6: 0.99429766 | F6: =B6/B5-1 | G6: =B6/MAX(B$2:B6)-1 | H6: =C6/C5-1 | I6: =C6/MAX(C$2:C6)-1 | J6: =D6/D5-1 | K6: =D6/MAX(D$2:D6)-1 | L6: =E6/E5-1 | M6: =E6/MAX(E$2:E6)-1
A7: 43668 | B7: 0.98997488 | C7: 0.98662924 | D7: 0.97964268 | E7: 0.97888683 | F7: =B7/B6-1 | G7: =B7/MAX(B$2:B7)-1 | H7: =C7/C6-1 | I7: =C7/MAX(C$2:C7)-1 | J7: =D7/D6-1 | K7: =D7/MAX(D$2:D7)-1 | L7: =E7/E6-1 | M7: =E7/MAX(E$2:E7)-1
A8: 43669 | B8: 1.0009662 | C8: 0.99836854 | D8: 0.9918954 | E8: 0.98544471 | F8: =B8/B7-1 | G8: =B8/MAX(B$2:B8)-1 | H8: =C8/C7-1 | I8: =C8/MAX(C$2:C8)-1 | J8: =D8/D7-1 | K8: =D8/MAX(D$2:D8)-1 | L8: =E8/E7-1 | M8: =E8/MAX(E$2:E8)-1
A9: 43670 | B9: 1.0114744 | C9: 1.012292 | D9: 1.0040389 | E9: 0.99480726 | F9: =B9/B8-1 | G9: =B9/MAX(B$2:B9)-1 | H9: =C9/C8-1 | I9: =C9/MAX(C$2:C9)-1 | J9: =D9/D8-1 | K9: =D9/MAX(D$2:D9)-1 | L9: =E9/E8-1 | M9: =E9/MAX(E$2:E9)-1
A10: 43671 | B10: 1.022517 | C10: 1.0232708 | D10: 1.0120257 | E10: 1.0009746 | F10: =B10/B9-1 | G10: =B10/MAX(B$2:B10)-1 | H10: =C10/C9-1 | I10: =C10/MAX(C$2:C10)-1 | J10: =D10/D9-1 | K10: =D10/MAX(D$2:D10)-1 | L10: =E10/E9-1 | M10: =E10/MAX(E$2:E10)-1
A11: 43672 | B11: 1.0222457 | C11: 1.0296964 | D11: 1.0092974 | E11: 1.0027749 | F11: =B11/B10-1 | G11: =B11/MAX(B$2:B11)-1 | H11: =C11/C10-1 | I11: =C11/MAX(C$2:C11)-1 | J11: =D11/D10-1 | K11: =D11/MAX(D$2:D11)-1 | L11: =E11/E10-1 | M11: =E11/MAX(E$2:E11)-1
A12: 43675 | B12: 1.0263767 | C12: 1.0293299 | D12: 1.0123148 | E12: 1.0019715 | F12: =B12/B11-1 | G12: =B12/MAX(B$2:B12)-1 | H12: =C12/C11-1 | I12: =C12/MAX(C$2:C12)-1 | J12: =D12/D11-1 | K12: =D12/MAX(D$2:D12)-1 | L12: =E12/E11-1 | M12: =E12/MAX(E$2:E12)-1
A13: 43676 | B13: 1.0256772 | C13: 1.0293305 | D13: 1.021106 | E13: 1.0061785 | F13: =B13/B12-1 | G13: =B13/MAX(B$2:B13)-1 | H13: =C13/C12-1 | I13: =C13/MAX(C$2:C13)-1 | J13: =D13/D12-1 | K13: =D13/MAX(D$2:D13)-1 | L13: =E13/E12-1 | M13: =E13/MAX(E$2:E13)-1
A14: 43677 | B14: 1.023936 | C14: 1.0252908 | D14: 1.014815 | E14: 0.99863114 | F14: =B14/B13-1 | G14: =B14/MAX(B$2:B14)-1 | H14: =C14/C13-1 | I14: =C14/MAX(C$2:C14)-1 | J14: =D14/D13-1 | K14: =D14/MAX(D$2:D14)-1 | L14: =E14/E13-1 | M14: =E14/MAX(E$2:E14)-1
... A1693: 46210 | B1693: 3.2431474 | C1693: 2.6291917 | D1693: 2.5279413 | E1693: 1.683833 | F1693: =B1693/B1692-1 | G1693: =B1693/MAX(B$2:B1693)-1 | H1693: =C1693/C1692-1 | I1693: =C1693/MAX(C$2:C1693)-1 | J1693: =D1693/D1692-1 | K1693: =D1693/MAX(D$2:D1693)-1 | L1693: =E1693/E1692-1 | M1693: =E1693/MAX(E$2:E1693)-1
