Workbook

Sheet 贴图

Sheet 股指
C1: 2020-4-6 | D1: 日度 | E1: =F1-7 -> 46195 | F1: 2026-6-29 | G1: 2026-1-1 | H1: 2026-4-1 | I1: 45200 | J1: 2024-7-1 | K1: 2025-4-1 | L1: 44927 | M1: 44927 | N1: 44562 | O1: 44197 | P1: 43831 | Q1: 43466 | R1: 43101
D2: =TODAY()-1 -> 46209 | E2: =F2-7 -> 46196 | F2: 2026-6-30 | G2: =F2 -> 2026-6-30 | H2: =F2 -> 2026-6-30 | I2: 45291 | J2: 2024-9-30 | K2: 2025-6-30 | L2: 2023-3-31 | M2: 45289 | N2: 44926 | O2: 44561 | P2: 44196 | Q2: 43830 | R2: 43465
B3: 代码 | C3: 申万一级行业 | D3: 昨日 | E3: 前周 | F3: 近一周 | G3: 2026YTD | H3: 2026Q2 | I3: Q4 | J3: Q3 | K3: Q2 | L3: Q1 | M3: 2023年 | N3: 2022年 | O3: 2021年 | P3: 2020年 | Q3: 2019年 | R3: 2018年
B4: 801150.SL | C4: =[1]!thsiFinD("ths_stock_short_name_stock",B4) -> 医药生物 | D4: =[1]!thsiFinD("ths_chg_ratio_index",B4,D$2)/100 -> 0.0069522709 | E4: =[1]!thsiFinD("ths_int_chg_ratio_index",$B4,E$1,E$2) -> 1.749365 | F4: =[1]!thsiFinD("ths_int_chg_ratio_index",$B4,F$1,F$2) -> 4.4848513 | G4: =[1]!thsiFinD("ths_int_chg_ratio_index",$B4,G$1,G$2) -> -10.258627 | H4: =[1]!thsiFinD("ths_int_chg_ratio_index",$B4,H$1,H$2) -> -9.445219 | I4: =[1]!thsiFinD("ths_int_chg_ratio_index",$B4,I$1,I$2) -> -0.0035701658 | J4: =[1]!thsiFinD("ths_int_chg_ratio_index",$B4,J$1,J$2) -> 17.623742 | K4: =[1]!thsiFinD("ths_int_chg_ratio_index",$B4,K$1,K$2) -> 4.9532624 | L4: =[1]!thsiFinD("ths_int_chg_ratio_index",$B4,L$1,L$2) -> 1.8629671 | ... R4: =[1]!thsiFinD("ths_int_chg_ratio_index",$B4,R$1,R$2) -> -27.672089 | Y4: =8.48/5 -> 1.696
B5: 801980.SL | C5: =[1]!thsiFinD("ths_stock_short_name_stock",B5) -> 美容护理 | D5: =[1]!thsiFinD("ths_chg_ratio_index",B5,D$2)/100 -> -0.0072070552 | E5: =[1]!thsiFinD("ths_int_chg_ratio_index",$B5,E$1,E$2) -> -1.0893417 | F5: =[1]!thsiFinD("ths_int_chg_ratio_index",$B5,F$1,F$2) -> 2.9713359 | G5: =[1]!thsiFinD("ths_int_chg_ratio_index",$B5,G$1,G$2) -> -24.862304 | H5: =[1]!thsiFinD("ths_int_chg_ratio_index",$B5,H$1,H$2) -> -17.493519 | I5: =[1]!thsiFinD("ths_int_chg_ratio_index",$B5,I$1,I$2) -> -14.545458 | J5: =[1]!thsiFinD("ths_int_chg_ratio_index",$B5,J$1,J$2) -> 18.207146 | K5: =[1]!thsiFinD("ths_int_chg_ratio_index",$B5,K$1,K$2) -> 4.9227838 | L5: =[1]!thsiFinD("ths_int_chg_ratio_index",$B5,L$1,L$2) -> -1.6341889 | ... R5: =[1]!thsiFinD("ths_int_chg_ratio_index",$B5,R$1,R$2) -> -22.793649
B6: 801880.SL | C6: =[1]!thsiFinD("ths_stock_short_name_stock",B6) -> 汽车 | D6: =[1]!thsiFinD("ths_chg_ratio_index",B6,D$2)/100 -> -0.0044424476 | E6: =[1]!thsiFinD("ths_int_chg_ratio_index",$B6,E$1,E$2) -> -2.3903776 | F6: =[1]!thsiFinD("ths_int_chg_ratio_index",$B6,F$1,F$2) -> 1.0644235 | G6: =[1]!thsiFinD("ths_int_chg_ratio_index",$B6,G$1,G$2) -> -17.822964 | H6: =[1]!thsiFinD("ths_int_chg_ratio_index",$B6,H$1,H$2) -> -12.237187 | I6: =[1]!thsiFinD("ths_int_chg_ratio_index",$B6,I$1,I$2) -> -1.0188913 | J6: =[1]!thsiFinD("ths_int_chg_ratio_index",$B6,J$1,J$2) -> 15.78049 | K6: =[1]!thsiFinD("ths_int_chg_ratio_index",$B6,K$1,K$2) -> -2.2424578 | L6: =[1]!thsiFinD("ths_int_chg_ratio_index",$B6,L$1,L$2) -> 3.9315654 | ... R6: =[1]!thsiFinD("ths_int_chg_ratio_index",$B6,R$1,R$2) -> -34.343632 | AP6: 列2 | AQ6: 列3 | AT6: 列2 | AU6: 列3
B7: 801010.SL | C7: =[1]!thsiFinD("ths_stock_short_name_stock",B7) -> 农林牧渔 | D7: =[1]!thsiFinD("ths_chg_ratio_index",B7,D$2)/100 -> 0.025717167 | E7: =[1]!thsiFinD("ths_int_chg_ratio_index",$B7,E$1,E$2) -> -0.30378191 | F7: =[1]!thsiFinD("ths_int_chg_ratio_index",$B7,F$1,F$2) -> 1.6006056 | G7: =[1]!thsiFinD("ths_int_chg_ratio_index",$B7,G$1,G$2) -> -25.264323 | H7: =[1]!thsiFinD("ths_int_chg_ratio_index",$B7,H$1,H$2) -> -20.190424 | I7: =[1]!thsiFinD("ths_int_chg_ratio_index",$B7,I$1,I$2) -> 1.7252814 | J7: =[1]!thsiFinD("ths_int_chg_ratio_index",$B7,J$1,J$2) -> 9.1985402 | K7: =[1]!thsiFinD("ths_int_chg_ratio_index",$B7,K$1,K$2) -> 6.4915497 | L7: =[1]!thsiFinD("ths_int_chg_ratio_index",$B7,L$1,L$2) -> 1.8562752 | ... R7: =[1]!thsiFinD("ths_int_chg_ratio_index",$B7,R$1,R$2) -> -22.444282 | AP7: 主要指数2025涨幅（截止8.22） | AT7: 2025涨幅前15行业（截止8.22）
B8: 801130.SL | C8: =[1]!thsiFinD("ths_stock_short_name_stock",B8) -> 纺织服饰 | D8: =[1]!thsiFinD("ths_chg_ratio_index",B8,D$2)/100 -> -0.0089787465 | E8: 0 | F8: =[1]!thsiFinD("ths_int_chg_ratio_index",$B8,F$1,F$2) -> -0.42708521 | G8: =[1]!thsiFinD("ths_int_chg_ratio_index",$B8,G$1,G$2) -> -11.819423 | H8: =[1]!thsiFinD("ths_int_chg_ratio_index",$B8,H$1,H$2) -> -10.22838 | I8: =[1]!thsiFinD("ths_int_chg_ratio_index",$B8,I$1,I$2) -> -2.2874632 | J8: =[1]!thsiFinD("ths_int_chg_ratio_index",$B8,J$1,J$2) -> 9.698646 | K8: =[1]!thsiFinD("ths_int_chg_ratio_index",$B8,K$1,K$2) -> 6.4704254 | L8: =[1]!thsiFinD("ths_int_chg_ratio_index",$B8,L$1,L$2) -> 3.7267673 | M8: =[1]!thsiFinD("ths_int_chg_ratio_index",$B8,M$1,M$2) -> 0.33741064 | ... R8: =[1]!thsiFinD("ths_int_chg_ratio_index",$B8,R$1,R$2) -> -34.326417 | S8: =13.22/5 -> 2.644 | AP8: 指数名称 | AQ8: 2025YTD | AT8: 申万一级行业 | AU8: 2025YTD
B9: 801740.SL | C9: =[1]!thsiFinD("ths_stock_short_name_stock",B9) -> 国防军工 | D9: =[1]!thsiFinD("ths_chg_ratio_index",B9,D$2)/100 -> -0.016629459 | E9: =[1]!thsiFinD("ths_int_chg_ratio_index",$B9,E$1,E$2) -> -3.1279845 | F9: =[1]!thsiFinD("ths_int_chg_ratio_index",$B9,F$1,F$2) -> 3.2507576 | G9: =[1]!thsiFinD("ths_int_chg_ratio_index",$B9,G$1,G$2) -> -6.5906658 | H9: =[1]!thsiFinD("ths_int_chg_ratio_index",$B9,H$1,H$2) -> -0.47820638 | I9: =[1]!thsiFinD("ths_int_chg_ratio_index",$B9,I$1,I$2) -> -3.6291008 | J9: =[1]!thsiFinD("ths_int_chg_ratio_index",$B9,J$1,J$2) -> 13.856409 | K9: =[1]!thsiFinD("ths_int_chg_ratio_index",$B9,K$1,K$2) -> 15.013011 | L9: =[1]!thsiFinD("ths_int_chg_ratio_index",$B9,L$1,L$2) -> 3.8622921 | ... R9: =[1]!thsiFinD("ths_int_chg_ratio_index",$B9,R$1,R$2) -> -31.038296 | AP9: wind微盘股指数 | AQ9: 70.116042 | AT9: 通信(申万) | AU9: 44.907835
B10: 801790.SL | C10: =[1]!thsiFinD("ths_stock_short_name_stock",B10) -> 非银金融 | D10: =[1]!thsiFinD("ths_chg_ratio_index",B10,D$2)/100 -> 0.0084438276 | E10: =[1]!thsiFinD("ths_int_chg_ratio_index",$B10,E$1,E$2) -> 6.2304166 | F10: =[1]!thsiFinD("ths_int_chg_ratio_index",$B10,F$1,F$2) -> 1.2105496 | G10: =[1]!thsiFinD("ths_int_chg_ratio_index",$B10,G$1,G$2) -> -15.25894 | H10: =[1]!thsiFinD("ths_int_chg_ratio_index",$B10,H$1,H$2) -> -0.33209276 | I10: =[1]!thsiFinD("ths_int_chg_ratio_index",$B10,I$1,I$2) -> -8.3118835 | J10: =[1]!thsiFinD("ths_int_chg_ratio_index",$B10,J$1,J$2) -> 41.671816 | K10: =[1]!thsiFinD("ths_int_chg_ratio_index",$B10,K$1,K$2) -> 6.2320758 | L10: =[1]!thsiFinD("ths_int_chg_ratio_index",$B10,L$1,L$2) -> 2.3677637 | ... R10: =[1]!thsiFinD("ths_int_chg_ratio_index",$B10,R$1,R$2) -> -25.371968 | AP10: 北证50 | AQ10: 54.197435 | AT10: 有色金属(申万) | AU10: 38.596662
B11: 801110.SL | C11: =[1]!thsiFinD("ths_stock_short_name_stock",B11) -> 家用电器 | D11: =[1]!thsiFinD("ths_chg_ratio_index",B11,D$2)/100 -> 0.0027650325 | E11: =[1]!thsiFinD("ths_int_chg_ratio_index",$B11,E$1,E$2) -> -0.60641538 | F11: =[1]!thsiFinD("ths_int_chg_ratio_index",$B11,F$1,F$2) -> 0.69340495 | G11: =[1]!thsiFinD("ths_int_chg_ratio_index",$B11,G$1,G$2) -> -9.2511114 | H11: =[1]!thsiFinD("ths_int_chg_ratio_index",$B11,H$1,H$2) -> -2.3193736 | I11: =[1]!thsiFinD("ths_int_chg_ratio_index",$B11,I$1,I$2) -> -4.3134523 | J11: =[1]!thsiFinD("ths_int_chg_ratio_index",$B11,J$1,J$2) -> 16.847318 | K11: =[1]!thsiFinD("ths_int_chg_ratio_index",$B11,K$1,K$2) -> -5.3182954 | L11: =[1]!thsiFinD("ths_int_chg_ratio_index",$B11,L$1,L$2) -> 7.7384678 | ... R11: =[1]!thsiFinD("ths_int_chg_ratio_index",$B11,R$1,R$2) -> -31.402943 | AP11: 神鹿1号 | AQ11: 36.2 | AT11: 神鹿1号 | AU11: 36.2
B12: 801200.SL | C12: =[1]!thsiFinD("ths_stock_short_name_stock",B12) -> 商贸零售 | D12: =[1]!thsiFinD("ths_chg_ratio_index",B12,D$2)/100 -> -0.005398364 | E12: =[1]!thsiFinD("ths_int_chg_ratio_index",$B12,E$1,E$2) -> 0.067495579 | F12: =[1]!thsiFinD("ths_int_chg_ratio_index",$B12,F$1,F$2) -> 0.81666107 | G12: =[1]!thsiFinD("ths_int_chg_ratio_index",$B12,G$1,G$2) -> -29.423468 | H12: =[1]!thsiFinD("ths_int_chg_ratio_index",$B12,H$1,H$2) -> -17.519477 | I12: =[1]!thsiFinD("ths_int_chg_ratio_index",$B12,I$1,I$2) -> -9.3173382 | J12: =[1]!thsiFinD("ths_int_chg_ratio_index",$B12,J$1,J$2) -> 27.497206 | K12: =[1]!thsiFinD("ths_int_chg_ratio_index",$B12,K$1,K$2) -> 6.2245107 | L12: =[1]!thsiFinD("ths_int_chg_ratio_index",$B12,L$1,L$2) -> -5.1061484 | ... R12: =[1]!thsiFinD("ths_int_chg_ratio_index",$B12,R$1,R$2) -> -32.695271 | AP12: 中证2000 | AQ12: 33.129667 | AT12: 综合(申万) | AU12: 30.486613
B13: 801950.SL | C13: =[1]!thsiFinD("ths_stock_short_name_stock",B13) -> 煤炭 | D13: =[1]!thsiFinD("ths_chg_ratio_index",B13,D$2)/100 -> 0.041135372 | E13: =[1]!thsiFinD("ths_int_chg_ratio_index",$B13,E$1,E$2) -> 0.73770437 | F13: =[1]!thsiFinD("ths_int_chg_ratio_index",$B13,F$1,F$2) -> -1.2241431 | G13: =[1]!thsiFinD("ths_int_chg_ratio_index",$B13,G$1,G$2) -> 1.4263339 | H13: =[1]!thsiFinD("ths_int_chg_ratio_index",$B13,H$1,H$2) -> -13.184424 | I13: =[1]!thsiFinD("ths_int_chg_ratio_index",$B13,I$1,I$2) -> 4.1832208 | J13: =[1]!thsiFinD("ths_int_chg_ratio_index",$B13,J$1,J$2) -> 1.2420506 | K13: =[1]!thsiFinD("ths_int_chg_ratio_index",$B13,K$1,K$2) -> -1.9007542 | L13: =[1]!thsiFinD("ths_int_chg_ratio_index",$B13,L$1,L$2) -> 3.4241577 | ... R13: =[1]!thsiFinD("ths_int_chg_ratio_index",$B13,R$1,R$2) -> -32.726667 | AP13: 恒生科技 | AQ13: 26.399753 | AT13: 电子(申万) | AU13: 30.165717
B14: 801230.SL | C14: =[1]!thsiFinD("ths_stock_short_name_stock",B14) -> 综合 | D14: =[1]!thsiFinD("ths_chg_ratio_index",B14,D$2)/100 -> -4.8690017e-05 | E14: =[1]!thsiFinD("ths_int_chg_ratio_index",$B14,E$1,E$2) -> -1.9178379 | F14: =[1]!thsiFinD("ths_int_chg_ratio_index",$B14,F$1,F$2) -> -1.642541 | G14: =[1]!thsiFinD("ths_int_chg_ratio_index",$B14,G$1,G$2) -> 9.6679225 | H14: =[1]!thsiFinD("ths_int_chg_ratio_index",$B14,H$1,H$2) -> -3.5205977 | I14: =[1]!thsiFinD("ths_int_chg_ratio_index",$B14,I$1,I$2) -> 0.79791497 | J14: =[1]!thsiFinD("ths_int_chg_ratio_index",$B14,J$1,J$2) -> 31.203327 | K14: =[1]!thsiFinD("ths_int_chg_ratio_index",$B14,K$1,K$2) -> 8.1950096 | L14: =[1]!thsiFinD("ths_int_chg_ratio_index",$B14,L$1,L$2) -> -1.1104702 | ... R14: =[1]!thsiFinD("ths_int_chg_ratio_index",$B14,R$1,R$2) -> -39.303493 | AP14: 恒生指数 | AQ14: 26.317065 | AT14: 机械设备(申万) | AU14: 29.10817
B15: 801140.SL | C15: =[1]!thsiFinD("ths_stock_short_name_stock",B15) -> 轻工制造 | D15: =[1]!thsiFinD("ths_chg_ratio_index",B15,D$2)/100 -> -0.0090435595 | E15: =[1]!thsiFinD("ths_int_chg_ratio_index",$B15,E$1,E$2) -> 0.14805619 | F15: =[1]!thsiFinD("ths_int_chg_ratio_index",$B15,F$1,F$2) -> 0.60983216 | G15: =[1]!thsiFinD("ths_int_chg_ratio_index",$B15,G$1,G$2) -> -13.880116 | H15: =[1]!thsiFinD("ths_int_chg_ratio_index",$B15,H$1,H$2) -> -12.608099 | I15: =[1]!thsiFinD("ths_int_chg_ratio_index",$B15,I$1,I$2) -> -4.7879631 | J15: =[1]!thsiFinD("ths_int_chg_ratio_index",$B15,J$1,J$2) -> 14.062617 | K15: =[1]!thsiFinD("ths_int_chg_ratio_index",$B15,K$1,K$2) -> 6.3516191 | L15: =[1]!thsiFinD("ths_int_chg_ratio_index",$B15,L$1,L$2) -> 3.7813229 | ... R15: =[1]!thsiFinD("ths_int_chg_ratio_index",$B15,R$1,R$2) -> -36.619742 | AP15: 科创50 | AQ15: 26.182469 | AT15: 计算机(申万) | AU15: 28.863996
B16: 801970.SL | C16: =[1]!thsiFinD("ths_stock_short_name_stock",B16) -> 环保 | D16: =[1]!thsiFinD("ths_chg_ratio_index",B16,D$2)/100 -> -0.015075081 | E16: =[1]!thsiFinD("ths_int_chg_ratio_index",$B16,E$1,E$2) -> 0.96328157 | F16: =[1]!thsiFinD("ths_int_chg_ratio_index",$B16,F$1,F$2) -> -0.055943351 | G16: =[1]!thsiFinD("ths_int_chg_ratio_index",$B16,G$1,G$2) -> 1.2529997 | H16: =[1]!thsiFinD("ths_int_chg_ratio_index",$B16,H$1,H$2) -> -3.4514321 | I16: =[1]!thsiFinD("ths_int_chg_ratio_index",$B16,I$1,I$2) -> -4.9931845 | J16: =[1]!thsiFinD("ths_int_chg_ratio_index",$B16,J$1,J$2) -> 15.507818 | K16: =[1]!thsiFinD("ths_int_chg_ratio_index",$B16,K$1,K$2) -> 4.6483234 | L16: =[1]!thsiFinD("ths_int_chg_ratio_index",$B16,L$1,L$2) -> 3.8091147 | ... R16: =[1]!thsiFinD("ths_int_chg_ratio_index",$B16,R$1,R$2) -> -45.62455 | AP16: 宁组合 | AQ16: 25.273204 | AT16: 传媒(申万) | AU16: 27.464822
B17: 801210.SL | C17: =[1]!thsiFinD("ths_stock_short_name_stock",B17) -> 社会服务 | D17: =[1]!thsiFinD("ths_chg_ratio_index",B17,D$2)/100 -> -0.0011519166 | E17: =[1]!thsiFinD("ths_int_chg_ratio_index",$B17,E$1,E$2) -> -0.1131452 | F17: =[1]!thsiFinD("ths_int_chg_ratio_index",$B17,F$1,F$2) -> -0.16430291 | G17: =[1]!thsiFinD("ths_int_chg_ratio_index",$B17,G$1,G$2) -> -17.49802 | H17: =[1]!thsiFinD("ths_int_chg_ratio_index",$B17,H$1,H$2) -> -13.736012 | I17: =[1]!thsiFinD("ths_int_chg_ratio_index",$B17,I$1,I$2) -> -7.9632939 | J17: =[1]!thsiFinD("ths_int_chg_ratio_index",$B17,J$1,J$2) -> 25.430223 | K17: =[1]!thsiFinD("ths_int_chg_ratio_index",$B17,K$1,K$2) -> -0.92744142 | L17: =[1]!thsiFinD("ths_int_chg_ratio_index",$B17,L$1,L$2) -> 2.0467433 | ... R17: =[1]!thsiFinD("ths_int_chg_ratio_index",$B17,R$1,R$2) -> -10.607492 | AP17: 创业板指 | AQ17: 25.259533 | AT17: 医药生物(申万) | AU17: 26.327172
B18: 801050.SL | C18: =[1]!thsiFinD("ths_stock_short_name_stock",B18) -> 有色金属 | D18: =[1]!thsiFinD("ths_chg_ratio_index",B18,D$2)/100 -> -0.016983724 | E18: =[1]!thsiFinD("ths_int_chg_ratio_index",$B18,E$1,E$2) -> -2.9005769 | F18: =[1]!thsiFinD("ths_int_chg_ratio_index",$B18,F$1,F$2) -> 0.72520225 | G18: =[1]!thsiFinD("ths_int_chg_ratio_index",$B18,G$1,G$2) -> -0.21513714 | H18: =[1]!thsiFinD("ths_int_chg_ratio_index",$B18,H$1,H$2) -> -3.737935 | I18: =[1]!thsiFinD("ths_int_chg_ratio_index",$B18,I$1,I$2) -> -2.0263618 | J18: =[1]!thsiFinD("ths_int_chg_ratio_index",$B18,J$1,J$2) -> 10.751915 | K18: =[1]!thsiFinD("ths_int_chg_ratio_index",$B18,K$1,K$2) -> 5.5003858 | L18: =[1]!thsiFinD("ths_int_chg_ratio_index",$B18,L$1,L$2) -> 6.156357 | ... R18: =[1]!thsiFinD("ths_int_chg_ratio_index",$B18,R$1,R$2) -> -41.036192 | AP18: 中证1000 | AQ18: 23.586591 | AT18: 国防军工(申万) | AU18: 25.485157
B19: 801040.SL | C19: =[1]!thsiFinD("ths_stock_short_name_stock",B19) -> 钢铁 | D19: =[1]!thsiFinD("ths_chg_ratio_index",B19,D$2)/100 -> -0.005250753 | E19: =[1]!thsiFinD("ths_int_chg_ratio_index",$B19,E$1,E$2) -> -1.0133752 | F19: =[1]!thsiFinD("ths_int_chg_ratio_index",$B19,F$1,F$2) -> 0.12593112 | G19: =[1]!thsiFinD("ths_int_chg_ratio_index",$B19,G$1,G$2) -> -19.008867 | H19: =[1]!thsiFinD("ths_int_chg_ratio_index",$B19,H$1,H$2) -> -18.589942 | I19: =[1]!thsiFinD("ths_int_chg_ratio_index",$B19,I$1,I$2) -> -6.0813553 | J19: =[1]!thsiFinD("ths_int_chg_ratio_index",$B19,J$1,J$2) -> 14.316308 | K19: =[1]!thsiFinD("ths_int_chg_ratio_index",$B19,K$1,K$2) -> -4.4006268 | L19: =[1]!thsiFinD("ths_int_chg_ratio_index",$B19,L$1,L$2) -> 3.8101821 | ... R19: =[1]!thsiFinD("ths_int_chg_ratio_index",$B19,R$1,R$2) -> -29.61898 | AP19: 万得全A | AQ19: 20.688866 | AT19: 基础化工(申万) | AU19: 22.531764
B20: 801120.SL | C20: =[1]!thsiFinD("ths_stock_short_name_stock",B20) -> 食品饮料 | D20: =[1]!thsiFinD("ths_chg_ratio_index",B20,D$2)/100 -> 0.010678635 | E20: =[1]!thsiFinD("ths_int_chg_ratio_index",$B20,E$1,E$2) -> 0.23777527 | F20: =[1]!thsiFinD("ths_int_chg_ratio_index",$B20,F$1,F$2) -> 0.85483624 | G20: =[1]!thsiFinD("ths_int_chg_ratio_index",$B20,G$1,G$2) -> -19.518788 | H20: =[1]!thsiFinD("ths_int_chg_ratio_index",$B20,H$1,H$2) -> -17.316102 | I20: =[1]!thsiFinD("ths_int_chg_ratio_index",$B20,I$1,I$2) -> -6.9590471 | J20: =[1]!thsiFinD("ths_int_chg_ratio_index",$B20,J$1,J$2) -> 18.261276 | K20: =[1]!thsiFinD("ths_int_chg_ratio_index",$B20,K$1,K$2) -> -6.2247641 | L20: =[1]!thsiFinD("ths_int_chg_ratio_index",$B20,L$1,L$2) -> 4.40916 | ... R20: =[1]!thsiFinD("ths_int_chg_ratio_index",$B20,R$1,R$2) -> -21.953798 | AP20: 中证500 | AQ20: 19.161121 | AT20: 汽车(申万) | AU20: 21.681344
... B24: 801720.SL | C24: =[1]!thsiFinD("ths_stock_short_name_stock",B24) -> 建筑装饰 | D24: =[1]!thsiFinD("ths_chg_ratio_index",B24,D$2)/100 -> -0.01144832 | E24: =[1]!thsiFinD("ths_int_chg_ratio_index",$B24,E$1,E$2) -> -0.55720208 | F24: =[1]!thsiFinD("ths_int_chg_ratio_index",$B24,F$1,F$2) -> 0.18851165 | G24: =[1]!thsiFinD("ths_int_chg_ratio_index",$B24,G$1,G$2) -> -4.4593361 | H24: =[1]!thsiFinD("ths_int_chg_ratio_index",$B24,H$1,H$2) -> -8.8905144 | I24: =[1]!thsiFinD("ths_int_chg_ratio_index",$B24,I$1,I$2) -> -8.5524345 | J24: =[1]!thsiFinD("ths_int_chg_ratio_index",$B24,J$1,J$2) -> 9.6399938 | K24: =[1]!thsiFinD("ths_int_chg_ratio_index",$B24,K$1,K$2) -> 2.9939768 | L24: =[1]!thsiFinD("ths_int_chg_ratio_index",$B24,L$1,L$2) -> 11.191705 | ... R24: =[1]!thsiFinD("ths_int_chg_ratio_index",$B24,R$1,R$2) -> -29.27467 | AP24: 上证50 | AQ24: 9.0824482 | AT24: 美容护理(申万) | AU24: 16.62315
B25: 801170.SL | C25: =[1]!thsiFinD("ths_stock_short_name_stock",B25) -> 交通运输 | D25: =[1]!thsiFinD("ths_chg_ratio_index",B25,D$2)/100 -> 0.014491744 | E25: =[1]!thsiFinD("ths_int_chg_ratio_index",$B25,E$1,E$2) -> 1.2664172 | F25: =[1]!thsiFinD("ths_int_chg_ratio_index",$B25,F$1,F$2) -> -2.1650438 | G25: =[1]!thsiFinD("ths_int_chg_ratio_index",$B25,G$1,G$2) -> -14.609792 | H25: =[1]!thsiFinD("ths_int_chg_ratio_index",$B25,H$1,H$2) -> -12.841643 | I25: =[1]!thsiFinD("ths_int_chg_ratio_index",$B25,I$1,I$2) -> -4.9807349 | J25: =[1]!thsiFinD("ths_int_chg_ratio_index",$B25,J$1,J$2) -> 11.290229 | K25: =[1]!thsiFinD("ths_int_chg_ratio_index",$B25,K$1,K$2) -> 3.084402 | L25: =[1]!thsiFinD("ths_int_chg_ratio_index",$B25,L$1,L$2) -> 0.66934744 | ... R25: =[1]!thsiFinD("ths_int_chg_ratio_index",$B25,R$1,R$2) -> -30.170881 | AP25: 中证红利 | AQ25: 0.32080114
B26: 801960.SL | C26: =[1]!thsiFinD("ths_stock_short_name_stock",B26) -> 石油石化 | D26: =[1]!thsiFinD("ths_chg_ratio_index",B26,D$2)/100 -> 0.024327758 | E26: =[1]!thsiFinD("ths_int_chg_ratio_index",$B26,E$1,E$2) -> 1.2634729 | F26: =[1]!thsiFinD("ths_int_chg_ratio_index",$B26,F$1,F$2) -> -3.0877958 | G26: =[1]!thsiFinD("ths_int_chg_ratio_index",$B26,G$1,G$2) -> -10.250354 | H26: =[1]!thsiFinD("ths_int_chg_ratio_index",$B26,H$1,H$2) -> -22.203159 | I26: =[1]!thsiFinD("ths_int_chg_ratio_index",$B26,I$1,I$2) -> -6.8186605 | J26: =[1]!thsiFinD("ths_int_chg_ratio_index",$B26,J$1,J$2) -> 2.0023797 | K26: =[1]!thsiFinD("ths_int_chg_ratio_index",$B26,K$1,K$2) -> 1.1730044 | L26: =[1]!thsiFinD("ths_int_chg_ratio_index",$B26,L$1,L$2) -> 10.627643 | ... R26: =[1]!thsiFinD("ths_int_chg_ratio_index",$B26,R$1,R$2) -> -25.255757
B27: 801180.SL | C27: =[1]!thsiFinD("ths_stock_short_name_stock",B27) -> 房地产 | D27: =[1]!thsiFinD("ths_chg_ratio_index",B27,D$2)/100 -> 0.008908614 | E27: =[1]!thsiFinD("ths_int_chg_ratio_index",$B27,E$1,E$2) -> -0.32133542 | F27: =[1]!thsiFinD("ths_int_chg_ratio_index",$B27,F$1,F$2) -> -0.42414249 | G27: =[1]!thsiFinD("ths_int_chg_ratio_index",$B27,G$1,G$2) -> -16.439472 | H27: =[1]!thsiFinD("ths_int_chg_ratio_index",$B27,H$1,H$2) -> -9.6563704 | I27: =[1]!thsiFinD("ths_int_chg_ratio_index",$B27,I$1,I$2) -> -14.470267 | J27: =[1]!thsiFinD("ths_int_chg_ratio_index",$B27,J$1,J$2) -> 33.049784 | K27: =[1]!thsiFinD("ths_int_chg_ratio_index",$B27,K$1,K$2) -> -1.1410119 | L27: =[1]!thsiFinD("ths_int_chg_ratio_index",$B27,L$1,L$2) -> -6.1129437 | ... R27: =[1]!thsiFinD("ths_int_chg_ratio_index",$B27,R$1,R$2) -> -28.789159
B28: 801160.SL | C28: =[1]!thsiFinD("ths_stock_short_name_stock",B28) -> 公用事业 | D28: =[1]!thsiFinD("ths_chg_ratio_index",B28,D$2)/100 -> -0.003758399 | E28: =[1]!thsiFinD("ths_int_chg_ratio_index",$B28,E$1,E$2) -> -0.10166466 | F28: =[1]!thsiFinD("ths_int_chg_ratio_index",$B28,F$1,F$2) -> -0.36439312 | G28: =[1]!thsiFinD("ths_int_chg_ratio_index",$B28,G$1,G$2) -> 1.6875894 | H28: =[1]!thsiFinD("ths_int_chg_ratio_index",$B28,H$1,H$2) -> -6.8921158 | I28: =[1]!thsiFinD("ths_int_chg_ratio_index",$B28,I$1,I$2) -> -0.13920427 | J28: =[1]!thsiFinD("ths_int_chg_ratio_index",$B28,J$1,J$2) -> 2.9515919 | K28: =[1]!thsiFinD("ths_int_chg_ratio_index",$B28,K$1,K$2) -> 3.2419486 | L28: =[1]!thsiFinD("ths_int_chg_ratio_index",$B28,L$1,L$2) -> 1.5396791 | ... R28: =[1]!thsiFinD("ths_int_chg_ratio_index",$B28,R$1,R$2) -> -29.71819
B29: 801780.SL | C29: =[1]!thsiFinD("ths_stock_short_name_stock",B29) -> 银行 | D29: =[1]!thsiFinD("ths_chg_ratio_index",B29,D$2)/100 -> 0.019009908 | E29: =[1]!thsiFinD("ths_int_chg_ratio_index",$B29,E$1,E$2) -> 1.9695069 | F29: =[1]!thsiFinD("ths_int_chg_ratio_index",$B29,F$1,F$2) -> -1.9500073 | G29: =[1]!thsiFinD("ths_int_chg_ratio_index",$B29,G$1,G$2) -> -12.274205 | H29: =[1]!thsiFinD("ths_int_chg_ratio_index",$B29,H$1,H$2) -> -9.0810661 | I29: =[1]!thsiFinD("ths_int_chg_ratio_index",$B29,I$1,I$2) -> -6.6100764 | J29: =[1]!thsiFinD("ths_int_chg_ratio_index",$B29,J$1,J$2) -> 9.3060284 | K29: =[1]!thsiFinD("ths_int_chg_ratio_index",$B29,K$1,K$2) -> 10.846098 | L29: =[1]!thsiFinD("ths_int_chg_ratio_index",$B29,L$1,L$2) -> -2.7043714 | ... R29: =[1]!thsiFinD("ths_int_chg_ratio_index",$B29,R$1,R$2) -> -14.665096
B30: 801730.SL | C30: =[1]!thsiFinD("ths_stock_short_name_stock",B30) -> 电力设备 | D30: =[1]!thsiFinD("ths_chg_ratio_index",B30,D$2)/100 -> -0.01815827 | E30: =[1]!thsiFinD("ths_int_chg_ratio_index",$B30,E$1,E$2) -> -0.78167456 | F30: =[1]!thsiFinD("ths_int_chg_ratio_index",$B30,F$1,F$2) -> 3.1019007 | G30: =[1]!thsiFinD("ths_int_chg_ratio_index",$B30,G$1,G$2) -> 7.2773916 | H30: =[1]!thsiFinD("ths_int_chg_ratio_index",$B30,H$1,H$2) -> 0.46489564 | I30: =[1]!thsiFinD("ths_int_chg_ratio_index",$B30,I$1,I$2) -> -9.292038 | J30: =[1]!thsiFinD("ths_int_chg_ratio_index",$B30,J$1,J$2) -> 22.960788 | K30: =[1]!thsiFinD("ths_int_chg_ratio_index",$B30,K$1,K$2) -> 0.029165127 | L30: =[1]!thsiFinD("ths_int_chg_ratio_index",$B30,L$1,L$2) -> -0.35996042 | ... R30: =[1]!thsiFinD("ths_int_chg_ratio_index",$B30,R$1,R$2) -> -34.945743
B31: 801030.SL | C31: =[1]!thsiFinD("ths_stock_short_name_stock",B31) -> 基础化工 | D31: =[1]!thsiFinD("ths_chg_ratio_index",B31,D$2)/100 -> -0.010557857 | E31: =[1]!thsiFinD("ths_int_chg_ratio_index",$B31,E$1,E$2) -> 2.212225 | F31: =[1]!thsiFinD("ths_int_chg_ratio_index",$B31,F$1,F$2) -> -0.37230129 | G31: =[1]!thsiFinD("ths_int_chg_ratio_index",$B31,G$1,G$2) -> 9.0010269 | H31: =[1]!thsiFinD("ths_int_chg_ratio_index",$B31,H$1,H$2) -> 1.9589764 | I31: =[1]!thsiFinD("ths_int_chg_ratio_index",$B31,I$1,I$2) -> -3.9693459 | J31: =[1]!thsiFinD("ths_int_chg_ratio_index",$B31,J$1,J$2) -> 11.921204 | K31: =[1]!thsiFinD("ths_int_chg_ratio_index",$B31,K$1,K$2) -> 3.3150419 | L31: =[1]!thsiFinD("ths_int_chg_ratio_index",$B31,L$1,L$2) -> 2.8743434 | ... R31: =[1]!thsiFinD("ths_int_chg_ratio_index",$B31,R$1,R$2) -> -31.723867 | V31: =8.56/4 -> 2.14
B32: 801080.SL | C32: =[1]!thsiFinD("ths_stock_short_name_stock",B32) -> 电子 | D32: =[1]!thsiFinD("ths_chg_ratio_index",B32,D$2)/100 -> -0.014462885 | E32: =[1]!thsiFinD("ths_int_chg_ratio_index",$B32,E$1,E$2) -> -0.78019077 | F32: =[1]!thsiFinD("ths_int_chg_ratio_index",$B32,F$1,F$2) -> 5.9901489 | G32: =[1]!thsiFinD("ths_int_chg_ratio_index",$B32,G$1,G$2) -> 86.287245 | H32: =[1]!thsiFinD("ths_int_chg_ratio_index",$B32,H$1,H$2) -> 90.917904 | I32: =[1]!thsiFinD("ths_int_chg_ratio_index",$B32,I$1,I$2) -> 3.9176024 | J32: =[1]!thsiFinD("ths_int_chg_ratio_index",$B32,J$1,J$2) -> 14.100777 | K32: =[1]!thsiFinD("ths_int_chg_ratio_index",$B32,K$1,K$2) -> 0.68955274 | L32: =[1]!thsiFinD("ths_int_chg_ratio_index",$B32,L$1,L$2) -> 15.502051 | ... R32: =[1]!thsiFinD("ths_int_chg_ratio_index",$B32,R$1,R$2) -> -42.367716
B33: 801710.SL | C33: =[1]!thsiFinD("ths_stock_short_name_stock",B33) -> 建筑材料 | D33: =[1]!thsiFinD("ths_chg_ratio_index",B33,D$2)/100 -> -0.057469694 | E33: =[1]!thsiFinD("ths_int_chg_ratio_index",$B33,E$1,E$2) -> 0.51447794 | F33: =[1]!thsiFinD("ths_int_chg_ratio_index",$B33,F$1,F$2) -> -2.7776297 | G33: =[1]!thsiFinD("ths_int_chg_ratio_index",$B33,G$1,G$2) -> 46.264207 | H33: =[1]!thsiFinD("ths_int_chg_ratio_index",$B33,H$1,H$2) -> 35.199846 | I33: =[1]!thsiFinD("ths_int_chg_ratio_index",$B33,I$1,I$2) -> -14.468494 | J33: =[1]!thsiFinD("ths_int_chg_ratio_index",$B33,J$1,J$2) -> 12.164652 | K33: =[1]!thsiFinD("ths_int_chg_ratio_index",$B33,K$1,K$2) -> -3.0632362 | L33: =[1]!thsiFinD("ths_int_chg_ratio_index",$B33,L$1,L$2) -> 1.918885 | ... R33: =[1]!thsiFinD("ths_int_chg_ratio_index",$B33,R$1,R$2) -> -30.299249
B34: 801770.SL | C34: =[1]!thsiFinD("ths_stock_short_name_stock",B34) -> 通信 | D34: =[1]!thsiFinD("ths_chg_ratio_index",B34,D$2)/100 -> -0.030501922 | E34: =[1]!thsiFinD("ths_int_chg_ratio_index",$B34,E$1,E$2) -> -1.5477581 | F34: =[1]!thsiFinD("ths_int_chg_ratio_index",$B34,F$1,F$2) -> 2.0480452 | G34: =[1]!thsiFinD("ths_int_chg_ratio_index",$B34,G$1,G$2) -> 73.594752 | H34: =[1]!thsiFinD("ths_int_chg_ratio_index",$B34,H$1,H$2) -> 63.838343 | I34: =[1]!thsiFinD("ths_int_chg_ratio_index",$B34,I$1,I$2) -> -6.5813986 | J34: =[1]!thsiFinD("ths_int_chg_ratio_index",$B34,J$1,J$2) -> 14.219699 | K34: =[1]!thsiFinD("ths_int_chg_ratio_index",$B34,K$1,K$2) -> 10.688232 | L34: =[1]!thsiFinD("ths_int_chg_ratio_index",$B34,L$1,L$2) -> 29.510194 | ... R34: =[1]!thsiFinD("ths_int_chg_ratio_index",$B34,R$1,R$2) -> -31.316647
B37: 399371.SZ | C37: 399370.SZ
B38: 932000.csi | C38: 中证2000 | D38: =[1]!thsiFinD("ths_chg_ratio_index",B38,D$2)/100 -> -0.021262574 | E38: =[1]!thsiFinD("ths_int_chg_ratio_index",$B38,E$1,E$2) -> 0.27057505 | F38: =[1]!thsiFinD("ths_int_chg_ratio_index",$B38,F$1,F$2) -> 1.3809605 | G38: =[1]!thsiFinD("ths_int_chg_ratio_index",$B38,G$1,G$2) -> 9.0956418 | H38: =[1]!thsiFinD("ths_int_chg_ratio_index",$B38,H$1,H$2) -> 7.7838129 | I38: =[1]!thsiFinD("ths_int_chg_ratio_index",$B38,I$1,I$2) -> 1.9242224 | J38: =[1]!thsiFinD("ths_int_chg_ratio_index",$B38,J$1,J$2) -> 17.672598 | K38: =[1]!thsiFinD("ths_int_chg_ratio_index",$B38,K$1,K$2) -> 7.6219668 | L38: =[1]!thsiFinD("ths_int_chg_ratio_index",$B38,L$1,L$2) -> 9.4060079 | ... R38: =[1]!thsiFinD("ths_int_chg_ratio_index",$B38,R$1,R$2) -> -33.342492
B39: 000903.sh | C39: 中证100 | D39: =[1]!thsiFinD("ths_chg_ratio_index",B39,D$2)/100 -> -0.00088843766 | E39: =[1]!thsiFinD("ths_int_chg_ratio_index",$B39,E$1,E$2) -> -1.0073418 | F39: =[1]!thsiFinD("ths_int_chg_ratio_index",$B39,F$1,F$2) -> 3.2421856 | G39: =[1]!thsiFinD("ths_int_chg_ratio_index",$B39,G$1,G$2) -> 8.4670562 | H39: =[1]!thsiFinD("ths_int_chg_ratio_index",$B39,H$1,H$2) -> 12.383787 | I39: =[1]!thsiFinD("ths_int_chg_ratio_index",$B39,I$1,I$2) -> -7.5072482 | J39: =[1]!thsiFinD("ths_int_chg_ratio_index",$B39,J$1,J$2) -> 16.661624 | K39: =[1]!thsiFinD("ths_int_chg_ratio_index",$B39,K$1,K$2) -> 0.025245887 | L39: =[1]!thsiFinD("ths_int_chg_ratio_index",$B39,L$1,L$2) -> 4.8756729 | ... R39: =[1]!thsiFinD("ths_int_chg_ratio_index",$B39,R$1,R$2) -> -21.939855
B40: 700050.TI | C40: wind微盘 | D40: =[1]!thsiFinD("ths_chg_ratio_index",B40,D$2)/100 -> -0.015326415 | E40: =[1]!thsiFinD("ths_int_chg_ratio_index",$B40,E$1,E$2) -> 3.7809473 | F40: =[1]!thsiFinD("ths_int_chg_ratio_index",$B40,F$1,F$2) -> -1.1671943 | G40: =[1]!thsiFinD("ths_int_chg_ratio_index",$B40,G$1,G$2) -> -15.949822 | H40: =[1]!thsiFinD("ths_int_chg_ratio_index",$B40,H$1,H$2) -> -16.16222 | I40: =[1]!thsiFinD("ths_int_chg_ratio_index",$B40,I$1,I$2) -> 39.608564 | J40: =[1]!thsiFinD("ths_int_chg_ratio_index",$B40,J$1,J$2) -> 35.14515 | K40: =[1]!thsiFinD("ths_int_chg_ratio_index",$B40,K$1,K$2) -> 30.982631 | L40: =[1]!thsiFinD("ths_int_chg_ratio_index",$B40,L$1,L$2) -> 5.1493007 | ... R40: =[1]!thsiFinD("ths_int_chg_ratio_index",$B40,R$1,R$2) -> -48.227765
C41: 主要指数 | D41: 昨日 | E41: =E3 -> 前周 | F41: 近一周 | G41: =G3 -> 2026YTD | H41: =H3 -> 2026Q2 | I41: =I3 -> Q4 | J41: =J3 -> Q3 | K41: =K3 -> Q2 | L41: =L3 -> Q1 | M41: =M3 -> 2023年 | N41: =N3 -> 2022年 | O41: 2021年 | P41: 2020年 | Q41: 2019年 | R41: 2018年
B42: 899050.BJ | C42: 北证50 | D42: =[1]!thsiFinD("ths_chg_ratio_index",B42,D$2)/100 -> -0.032499205 | E42: =[1]!thsiFinD("ths_int_chg_ratio_index",$B42,E$1,E$2) -> 1.2692039 | F42: =[1]!thsiFinD("ths_int_chg_ratio_index",$B42,F$1,F$2) -> -1.2394244 | G42: =[1]!thsiFinD("ths_int_chg_ratio_index",$B42,G$1,G$2) -> -13.137083 | H42: =[1]!thsiFinD("ths_int_chg_ratio_index",$B42,H$1,H$2) -> 0.23318309 | I42: =[1]!thsiFinD("ths_int_chg_ratio_index",$B42,I$1,I$2) -> 33.463574 | J42: =[1]!thsiFinD("ths_int_chg_ratio_index",$B42,J$1,J$2) -> 24.238243 | K42: =[1]!thsiFinD("ths_int_chg_ratio_index",$B42,K$1,K$2) -> 13.849234 | L42: =[1]!thsiFinD("ths_int_chg_ratio_index",$B42,L$1,L$2) -> 1.7626088 | ... R42: =[1]!thsiFinD("ths_int_chg_ratio_index",$B42,R$1,R$2) -> 0
A43: 1 | B43: 000016.SH | C43: =[1]!thsiFinD("ths_stock_short_name_stock",B43) -> 上证50 | D43: =[1]!thsiFinD("ths_chg_ratio_index",B43,D$2)/100 -> 0.0091035548 | E43: =[1]!thsiFinD("ths_int_chg_ratio_index",$B43,E$1,E$2) -> -0.065533129 | F43: =[1]!thsiFinD("ths_int_chg_ratio_index",$B43,F$1,F$2) -> 2.8365942 | G43: =[1]!thsiFinD("ths_int_chg_ratio_index",$B43,G$1,G$2) -> -1.3765117 | H43: =[1]!thsiFinD("ths_int_chg_ratio_index",$B43,H$1,H$2) -> 5.7774198 | I43: =[1]!thsiFinD("ths_int_chg_ratio_index",$B43,I$1,I$2) -> -7.2160477 | J43: =[1]!thsiFinD("ths_int_chg_ratio_index",$B43,J$1,J$2) -> 15.054225 | K43: =[1]!thsiFinD("ths_int_chg_ratio_index",$B43,K$1,K$2) -> 1.7388509 | L43: =[1]!thsiFinD("ths_int_chg_ratio_index",$B43,L$1,L$2) -> 1.0120981 | ... R43: =[1]!thsiFinD("ths_int_chg_ratio_index",$B43,R$1,R$2) -> -19.833952
A44: 2 | B44: 000905.SH | C44: =[1]!thsiFinD("ths_stock_short_name_stock",B44) -> 中证500 | D44: =[1]!thsiFinD("ths_chg_ratio_index",B44,D$2)/100 -> -0.010763178 | E44: =[1]!thsiFinD("ths_int_chg_ratio_index",$B44,E$1,E$2) -> 0.17874137 | F44: =[1]!thsiFinD("ths_int_chg_ratio_index",$B44,F$1,F$2) -> 3.766429 | G44: =[1]!thsiFinD("ths_int_chg_ratio_index",$B44,G$1,G$2) -> 20.973666 | H44: =[1]!thsiFinD("ths_int_chg_ratio_index",$B44,H$1,H$2) -> 18.563635 | I44: =[1]!thsiFinD("ths_int_chg_ratio_index",$B44,I$1,I$2) -> -4.5958792 | J44: =[1]!thsiFinD("ths_int_chg_ratio_index",$B44,J$1,J$2) -> 16.194025 | K44: =[1]!thsiFinD("ths_int_chg_ratio_index",$B44,K$1,K$2) -> 0.9835736 | L44: =[1]!thsiFinD("ths_int_chg_ratio_index",$B44,L$1,L$2) -> 8.10562 | ... R44: =[1]!thsiFinD("ths_int_chg_ratio_index",$B44,R$1,R$2) -> -33.320178
A45: 3 | B45: 000300.SH | C45: =[1]!thsiFinD("ths_stock_short_name_stock",B45) -> 沪深300 | D45: =[1]!thsiFinD("ths_chg_ratio_index",B45,D$2)/100 -> -3.6285357e-05 | E45: =[1]!thsiFinD("ths_int_chg_ratio_index",$B45,E$1,E$2) -> -0.44950231 | F45: =[1]!thsiFinD("ths_int_chg_ratio_index",$B45,F$1,F$2) -> 2.2844549 | G45: =[1]!thsiFinD("ths_int_chg_ratio_index",$B45,G$1,G$2) -> 7.54855 | H45: =[1]!thsiFinD("ths_int_chg_ratio_index",$B45,H$1,H$2) -> 11.896127 | I45: =[1]!thsiFinD("ths_int_chg_ratio_index",$B45,I$1,I$2) -> -7.0038242 | J45: =[1]!thsiFinD("ths_int_chg_ratio_index",$B45,J$1,J$2) -> 16.067378 | K45: =[1]!thsiFinD("ths_int_chg_ratio_index",$B45,K$1,K$2) -> 1.2546865 | L45: =[1]!thsiFinD("ths_int_chg_ratio_index",$B45,L$1,L$2) -> 4.6309106 | ... R45: =[1]!thsiFinD("ths_int_chg_ratio_index",$B45,R$1,R$2) -> -25.3098
A46: 4 | B46: 000852.SH | C46: 中证1000 | D46: =[1]!thsiFinD("ths_chg_ratio_index",B46,D$2)/100 -> -0.017189356 | E46: =[1]!thsiFinD("ths_int_chg_ratio_index",$B46,E$1,E$2) -> -1.0373441 | F46: =[1]!thsiFinD("ths_int_chg_ratio_index",$B46,F$1,F$2) -> 2.4226082 | G46: =[1]!thsiFinD("ths_int_chg_ratio_index",$B46,G$1,G$2) -> 15.990203 | H46: =[1]!thsiFinD("ths_int_chg_ratio_index",$B46,H$1,H$2) -> 15.61626 | I46: =[1]!thsiFinD("ths_int_chg_ratio_index",$B46,I$1,I$2) -> -3.1536706 | J46: =[1]!thsiFinD("ths_int_chg_ratio_index",$B46,J$1,J$2) -> 16.602146 | K46: =[1]!thsiFinD("ths_int_chg_ratio_index",$B46,K$1,K$2) -> 2.0802924 | L46: =[1]!thsiFinD("ths_int_chg_ratio_index",$B46,L$1,L$2) -> 9.4591413 | ... R46: =[1]!thsiFinD("ths_int_chg_ratio_index",$B46,R$1,R$2) -> -36.870426
A47: 5 | B47: 932000.CSI | C47: 中证2000 | D47: =[1]!thsiFinD("ths_chg_ratio_index",B47,D$2)/100 -> -0.021262574 | E47: =[1]!thsiFinD("ths_int_chg_ratio_index",$B47,E$1,E$2) -> 0.27057505 | F47: =[1]!thsiFinD("ths_int_chg_ratio_index",$B47,F$1,F$2) -> 1.3809605 | G47: =[1]!thsiFinD("ths_int_chg_ratio_index",$B47,G$1,G$2) -> 9.0956418 | H47: =[1]!thsiFinD("ths_int_chg_ratio_index",$B47,H$1,H$2) -> 7.7838129 | J47: =[1]!thsiFinD("ths_int_chg_ratio_index",$B47,J$1,J$2) -> 17.672598 | K47: =[1]!thsiFinD("ths_int_chg_ratio_index",$B47,K$1,K$2) -> 7.6219668 | L47: =[1]!thsiFinD("ths_int_chg_ratio_index",$B47,L$1,L$2) -> 9.4060079
A48: 5 | B48: 000688.sh | C48: 科创50 | D48: =[1]!thsiFinD("ths_chg_ratio_index",B48,D$2)/100 -> 0.010378011 | E48: =[1]!thsiFinD("ths_int_chg_ratio_index",$B48,E$1,E$2) -> 0.24583142 | F48: =[1]!thsiFinD("ths_int_chg_ratio_index",$B48,F$1,F$2) -> 8.6395692 | G48: =[1]!thsiFinD("ths_int_chg_ratio_index",$B48,G$1,G$2) -> 64.251188 | H48: =[1]!thsiFinD("ths_int_chg_ratio_index",$B48,H$1,H$2) -> 75.739674 | I48: =[1]!thsiFinD("ths_int_chg_ratio_index",$B48,I$1,I$2) -> -4.0318779 | J48: =[1]!thsiFinD("ths_int_chg_ratio_index",$B48,J$1,J$2) -> 22.509919 | K48: =[1]!thsiFinD("ths_int_chg_ratio_index",$B48,K$1,K$2) -> -1.8871553 | L48: =[1]!thsiFinD("ths_int_chg_ratio_index",$B48,L$1,L$2) -> 12.671676 | ... R48: =[1]!thsiFinD("ths_int_chg_ratio_index",$B48,R$1,R$2) -> 0
A49: 8 | B49: HSTECH.HK | C49: 恒生科技 | D49: =[1]!thsiFinD("ths_chg_ratio_index",B49,D$2)/100 -> 0.0093865303 | E49: =[1]!thsiFinD("ths_int_chg_ratio_index",$B49,E$1,E$2) -> -4.4551348 | F49: =[1]!thsiFinD("ths_int_chg_ratio_index",$B49,F$1,F$2) -> 5.090716 | G49: =[1]!thsiFinD("ths_int_chg_ratio_index",$B49,G$1,G$2) -> -18.922295 | H49: =[1]!thsiFinD("ths_int_chg_ratio_index",$B49,H$1,H$2) -> -3.8192876 | I49: =[1]!thsiFinD("ths_int_chg_ratio_index",$B49,I$1,I$2) -> -3.9866449 | J49: =[1]!thsiFinD("ths_int_chg_ratio_index",$B49,J$1,J$2) -> 33.686224 | K49: =[1]!thsiFinD("ths_int_chg_ratio_index",$B49,K$1,K$2) -> -1.7035175 | L49: =[1]!thsiFinD("ths_int_chg_ratio_index",$B49,L$1,L$2) -> 4.2365923 | ... R49: =[1]!thsiFinD("ths_int_chg_ratio_index",$B49,R$1,R$2) -> -37.648854
A50: 9 | B50: 000001.SH | C50: =[1]!thsiFinD("ths_stock_short_name_stock",B50) -> 上证指数 | D50: =[1]!thsiFinD("ths_chg_ratio_index",B50,D$2)/100 -> -0.00059476069 | E50: =[1]!thsiFinD("ths_int_chg_ratio_index",$B50,E$1,E$2) -> 0.38553898 | F50: =[1]!thsiFinD("ths_int_chg_ratio_index",$B50,F$1,F$2) -> 1.6669478 | G50: =[1]!thsiFinD("ths_int_chg_ratio_index",$B50,G$1,G$2) -> 3.1635716 | H50: =[1]!thsiFinD("ths_int_chg_ratio_index",$B50,H$1,H$2) -> 5.20411 | I50: =[1]!thsiFinD("ths_int_chg_ratio_index",$B50,I$1,I$2) -> -4.3575495 | J50: =[1]!thsiFinD("ths_int_chg_ratio_index",$B50,J$1,J$2) -> 12.438305 | K50: =[1]!thsiFinD("ths_int_chg_ratio_index",$B50,K$1,K$2) -> 3.2580236 | L50: =[1]!thsiFinD("ths_int_chg_ratio_index",$B50,L$1,L$2) -> 5.9432493 | ... R50: =[1]!thsiFinD("ths_int_chg_ratio_index",$B50,R$1,R$2) -> -24.591276
A51: 10 | B51: 000922.Csi | C51: =[1]!thsiFinD("ths_stock_short_name_stock",B51) -> 中证红利 | D51: =[1]!thsiFinD("ths_chg_ratio_index",B51,D$2)/100 -> 0.020636245 | E51: =[1]!thsiFinD("ths_int_chg_ratio_index",$B51,E$1,E$2) -> 0.48969542 | F51: =[1]!thsiFinD("ths_int_chg_ratio_index",$B51,F$1,F$2) -> -1.2440809 | G51: =[1]!thsiFinD("ths_int_chg_ratio_index",$B51,G$1,G$2) -> -8.7486018 | H51: =[1]!thsiFinD("ths_int_chg_ratio_index",$B51,H$1,H$2) -> -12.315086 | I51: =[1]!thsiFinD("ths_int_chg_ratio_index",$B51,I$1,I$2) -> -3.7095633 | J51: =[1]!thsiFinD("ths_int_chg_ratio_index",$B51,J$1,J$2) -> 6.4326487 | K51: =[1]!thsiFinD("ths_int_chg_ratio_index",$B51,K$1,K$2) -> 0.041949041 | L51: =[1]!thsiFinD("ths_int_chg_ratio_index",$B51,L$1,L$2) -> 5.0758102 | ... R51: =[1]!thsiFinD("ths_int_chg_ratio_index",$B51,R$1,R$2) -> -19.237171
A52: 11 | B52: 700001.TI | C52: =[1]!thsiFinD("ths_stock_short_name_stock",B52) -> 同花顺全A(加权) | D52: =[1]!thsiFinD("ths_chg_ratio_index",B52,D$2)/100 -> -0.0082645251 | E52: =[1]!thsiFinD("ths_int_chg_ratio_index",$B52,E$1,E$2) -> -0.1874642 | F52: =[1]!thsiFinD("ths_int_chg_ratio_index",$B52,F$1,F$2) -> 2.4084698 | G52: =[1]!thsiFinD("ths_int_chg_ratio_index",$B52,G$1,G$2) -> 11.452702 | H52: =[1]!thsiFinD("ths_int_chg_ratio_index",$B52,H$1,H$2) -> 12.757779 | I52: =[1]!thsiFinD("ths_int_chg_ratio_index",$B52,I$1,I$2) -> -3.8269303 | J52: =[1]!thsiFinD("ths_int_chg_ratio_index",$B52,J$1,J$2) -> 17.827973 | K52: =[1]!thsiFinD("ths_int_chg_ratio_index",$B52,K$1,K$2) -> 3.8065529 | L52: =[1]!thsiFinD("ths_int_chg_ratio_index",$B52,L$1,L$2) -> 6.5490119 | ... R52: =[1]!thsiFinD("ths_int_chg_ratio_index",$B52,R$1,R$2) -> -28.510566
A53: 12 | B53: HSI.HK | C53: 恒生指数 | D53: =[1]!thsiFinD("ths_chg_ratio_index",B53,D$2)/100 -> 0.011404268 | E53: =[1]!thsiFinD("ths_int_chg_ratio_index",$B53,E$1,E$2) -> -2.459915 | F53: =[1]!thsiFinD("ths_int_chg_ratio_index",$B53,F$1,F$2) -> 0.92255333 | G53: =[1]!thsiFinD("ths_int_chg_ratio_index",$B53,G$1,G$2) -> -10.727515 | H53: =[1]!thsiFinD("ths_int_chg_ratio_index",$B53,H$1,H$2) -> -7.6936793 | I53: =[1]!thsiFinD("ths_int_chg_ratio_index",$B53,I$1,I$2) -> -4.2800929 | J53: =[1]!thsiFinD("ths_int_chg_ratio_index",$B53,J$1,J$2) -> 19.273916 | K53: =[1]!thsiFinD("ths_int_chg_ratio_index",$B53,K$1,K$2) -> 4.1207496 | L53: =[1]!thsiFinD("ths_int_chg_ratio_index",$B53,L$1,L$2) -> 3.127684 | ... R53: =[1]!thsiFinD("ths_int_chg_ratio_index",$B53,R$1,R$2) -> -13.614859
A54: 13 | B54: 399006.SZ | C54: =[1]!thsiFinD("ths_stock_short_name_stock",B54) -> 创业板指 | D54: =[1]!thsiFinD("ths_chg_ratio_index",B54,D$2)/100 -> -0.017680414 | E54: =[1]!thsiFinD("ths_int_chg_ratio_index",$B54,E$1,E$2) -> -1.4155756 | F54: =[1]!thsiFinD("ths_int_chg_ratio_index",$B54,F$1,F$2) -> 3.5406772 | G54: =[1]!thsiFinD("ths_int_chg_ratio_index",$B54,G$1,G$2) -> 35.575383 | H54: =[1]!thsiFinD("ths_int_chg_ratio_index",$B54,H$1,H$2) -> 36.350933 | I54: =[1]!thsiFinD("ths_int_chg_ratio_index",$B54,I$1,I$2) -> -5.6161011 | J54: =[1]!thsiFinD("ths_int_chg_ratio_index",$B54,J$1,J$2) -> 29.20564 | K54: =[1]!thsiFinD("ths_int_chg_ratio_index",$B54,K$1,K$2) -> 2.3442045 | L54: =[1]!thsiFinD("ths_int_chg_ratio_index",$B54,L$1,L$2) -> 2.2471553 | ... R54: =[1]!thsiFinD("ths_int_chg_ratio_index",$B54,R$1,R$2) -> -28.649532

Sheet 估值
A1: =TODAY()-3 -> 46207 | B1: =DATE(YEAR(A1)-10,MONTH(A1),DAY(A1)) -> 42555 | C1: =A1-7 -> 46200
C2: 主要指数 | D2: PE(TTM) | E2: PE历史分位 | F2: PB（LF） | G2: PB历史分位 | H2: PE本周变化 | I2: PB本周变化
B3: 899050.BJ | C3: =[1]!thsiFinD("ths_stock_short_name_stock",B3) -> 北证50 | D3: =[1]!thsiFinD("ths_pe_ttm_sr_index",$B3,$A$1,100,100) -> 51.3101 | E3: =[1]!thsiFinD("ths_pettm_quantile_index",$B3,$A$1,$B$1,$A$1,100,100)/100 -> 0.55782313 | F3: =[1]!thsiFinD("ths_pb_latest_index",$B3,$A$1,100) -> 4.4872759 | G3: =[1]!thsiFinD("ths_pb_quantile_sr_index",$B3,$A$1,$B$1,$A$1,108,100)/100 -> 0.65544332 | H3: =D3/J3-1 -> 0.017787335 | I3: =F3/K3-1 -> 0.018274041 | J3: =[1]!thsiFinD("ths_pe_ttm_sr_index",$B3,$C$1,100,100) -> 50.41338 | K3: =[1]!thsiFinD("ths_pb_latest_index",$B3,$C$1,100) -> 4.4067468
B4: 000016.SH | C4: =[1]!thsiFinD("ths_stock_short_name_stock",B4) -> 上证50 | D4: =[1]!thsiFinD("ths_pe_ttm_sr_index",$B4,$A$1,100,100) -> 11.115231 | E4: =[1]!thsiFinD("ths_pettm_quantile_index",$B4,$A$1,$B$1,$A$1,100,100)/100 -> 0.70717366 | F4: =[1]!thsiFinD("ths_pb_latest_index",$B4,$A$1,100) -> 1.1930756 | G4: =[1]!thsiFinD("ths_pb_quantile_sr_index",$B4,$A$1,$B$1,$A$1,108,100)/100 -> 0.32020892 | H4: =D4/J4-1 -> 0.0027257843 | I4: =F4/K4-1 -> 0.0030536108 | J4: =[1]!thsiFinD("ths_pe_ttm_sr_index",$B4,$C$1,100,100) -> 11.085015 | K4: =[1]!thsiFinD("ths_pb_latest_index",$B4,$C$1,100) -> 1.1894435
B5: 000905.SH | C5: =[1]!thsiFinD("ths_stock_short_name_stock",B5) -> 中证500 | D5: =[1]!thsiFinD("ths_pe_ttm_sr_index",$B5,$A$1,100,100) -> 40.915062 | E5: =[1]!thsiFinD("ths_pettm_quantile_index",$B5,$A$1,$B$1,$A$1,100,100)/100 -> 0.93489393 | F5: =[1]!thsiFinD("ths_pb_latest_index",$B5,$A$1,100) -> 2.7331615 | G5: =[1]!thsiFinD("ths_pb_quantile_sr_index",$B5,$A$1,$B$1,$A$1,108,100)/100 -> 0.89678179 | H5: =D5/J5-1 -> 0.0037534166 | I5: =F5/K5-1 -> 0.0047478795 | J5: =[1]!thsiFinD("ths_pe_ttm_sr_index",$B5,$C$1,100,100) -> 40.762065 | K5: =[1]!thsiFinD("ths_pb_latest_index",$B5,$C$1,100) -> 2.7202461
B6: 000300.SH | C6: =[1]!thsiFinD("ths_stock_short_name_stock",B6) -> 沪深300 | D6: =[1]!thsiFinD("ths_pe_ttm_sr_index",$B6,$A$1,100,100) -> 14.326763 | E6: =[1]!thsiFinD("ths_pettm_quantile_index",$B6,$A$1,$B$1,$A$1,100,100)/100 -> 0.85446527 | F6: =[1]!thsiFinD("ths_pb_latest_index",$B6,$A$1,100) -> 1.4455942 | G6: =[1]!thsiFinD("ths_pb_quantile_sr_index",$B6,$A$1,$B$1,$A$1,108,100)/100 -> 0.48684727 | H6: =D6/J6-1 -> -0.001294568 | I6: =F6/K6-1 -> -0.00017713933 | J6: =[1]!thsiFinD("ths_pe_ttm_sr_index",$B6,$C$1,100,100) -> 14.345334 | K6: =[1]!thsiFinD("ths_pb_latest_index",$B6,$C$1,100) -> 1.4458503
B7: 000852.SH | C7: =[1]!thsiFinD("ths_stock_short_name_stock",B7) -> 中证1000 | D7: =[1]!thsiFinD("ths_pe_ttm_sr_index",$B7,$A$1,100,100) -> 51.789884 | E7: =[1]!thsiFinD("ths_pettm_quantile_index",$B7,$A$1,$B$1,$A$1,100,100)/100 -> 0.79611307 | F7: =[1]!thsiFinD("ths_pb_latest_index",$B7,$A$1,100) -> 2.7435348 | G7: =[1]!thsiFinD("ths_pb_quantile_sr_index",$B7,$A$1,$B$1,$A$1,108,100)/100 -> 0.71618452 | H7: =D7/J7-1 -> 0.004817567 | I7: =F7/K7-1 -> 0.0052505948 | J7: =[1]!thsiFinD("ths_pe_ttm_sr_index",$B7,$C$1,100,100) -> 51.541579 | K7: =[1]!thsiFinD("ths_pb_latest_index",$B7,$C$1,100) -> 2.7292049
B8: 000688.sh | C8: =[1]!thsiFinD("ths_stock_short_name_stock",B8) -> 科创50 | D8: =[1]!thsiFinD("ths_pe_ttm_sr_index",$B8,$A$1,100,100) -> 231.65265 | E8: =[1]!thsiFinD("ths_pettm_quantile_index",$B8,$A$1,$B$1,$A$1,100,100)/100 -> 0.99479844 | F8: =[1]!thsiFinD("ths_pb_latest_index",$B8,$A$1,100) -> 9.1121593 | G8: =[1]!thsiFinD("ths_pb_quantile_sr_index",$B8,$A$1,$B$1,$A$1,108,100)/100 -> 0.99533022 | H8: =D8/J8-1 -> -0.031666621 | I8: =F8/K8-1 -> -0.034969689 | J8: =[1]!thsiFinD("ths_pe_ttm_sr_index",$B8,$C$1,100,100) -> 239.22819 | K8: =[1]!thsiFinD("ths_pb_latest_index",$B8,$C$1,100) -> 9.4423556
B9: 000001.SH | C9: =[1]!thsiFinD("ths_stock_short_name_stock",B9) -> 上证指数 | D9: =[1]!thsiFinD("ths_pe_ttm_sr_index",$B9,$A$1,100,100) -> 16.949311 | E9: =[1]!thsiFinD("ths_pettm_quantile_index",$B9,$A$1,$B$1,$A$1,100,100)/100 -> 0.95533241 | F9: =[1]!thsiFinD("ths_pb_latest_index",$B9,$A$1,100) -> 1.4845601 | G9: =[1]!thsiFinD("ths_pb_quantile_sr_index",$B9,$A$1,$B$1,$A$1,108,100)/100 -> 0.60944206 | H9: =D9/J9-1 -> 0.0033212908 | I9: =F9/K9-1 -> 0.0039388244 | J9: =[1]!thsiFinD("ths_pe_ttm_sr_index",$B9,$C$1,100,100) -> 16.893203 | K9: =[1]!thsiFinD("ths_pb_latest_index",$B9,$C$1,100) -> 1.4787356
B10: 700082.TI | C10: =[1]!thsiFinD("ths_stock_short_name_stock",B10) -> 同花顺全A(沪深京等权) | D10: =[1]!thsiFinD("ths_pe_ttm_sr_index",$B10,$A$1,100,100) -> 23.744745 | E10: =[1]!thsiFinD("ths_pettm_quantile_index",$B10,$A$1,$B$1,$A$1,100,100)/100 -> 0.95691995 | F10: =[1]!thsiFinD("ths_pb_latest_index",$B10,$A$1,100) -> 1.8998265 | G10: =[1]!thsiFinD("ths_pb_quantile_sr_index",$B10,$A$1,$B$1,$A$1,108,100)/100 -> 0.64655508 | H10: =D10/J10-1 -> 0.0030319428 | I10: =F10/K10-1 -> 0.0041934612 | J10: =[1]!thsiFinD("ths_pe_ttm_sr_index",$B10,$C$1,100,100) -> 23.67297 | K10: =[1]!thsiFinD("ths_pb_latest_index",$B10,$C$1,100) -> 1.8918929
B11: 399006.SZ | C11: =[1]!thsiFinD("ths_stock_short_name_stock",B11) -> 创业板指 | D11: =[1]!thsiFinD("ths_pe_ttm_sr_index",$B11,$A$1,100,100) -> 51.202095 | E11: =[1]!thsiFinD("ths_pettm_quantile_index",$B11,$A$1,$B$1,$A$1,100,100)/100 -> 0.70174051 | F11: =[1]!thsiFinD("ths_pb_latest_index",$B11,$A$1,100) -> 7.008661 | G11: =[1]!thsiFinD("ths_pb_quantile_sr_index",$B11,$A$1,$B$1,$A$1,108,100)/100 -> 0.83760347 | H11: =D11/J11-1 -> -0.034542223 | I11: =F11/K11-1 -> -0.034810584 | J11: =[1]!thsiFinD("ths_pe_ttm_sr_index",$B11,$C$1,100,100) -> 53.034008 | K11: =[1]!thsiFinD("ths_pb_latest_index",$B11,$C$1,100) -> 7.2614358

Sheet 成交额
A1: =TODAY()-3 -> 46207
A2: =DATE(YEAR(A1),MONTH(A1),DAY(A1)-7) -> 46200 | B2: 两市成交额
A3: =[1]!HX_AutoDate(1,A2,A1,-1,-1,0,0,1,0,0,"SSE",5,0) -> 日期 | B3: 700001.TI
A4: 46206 | B4: =IF(A4="","",[1]!thsiFinD("ths_trans_amt_index",B$3,A4)/100000000) -> 31877.371
A5: 46205 | B5: =IF(A5="","",[1]!thsiFinD("ths_trans_amt_index",B$3,A5)/100000000) -> 34380.131
A6: 46204 | B6: =IF(A6="","",[1]!thsiFinD("ths_trans_amt_index",B$3,A6)/100000000) -> 36647.171
A7: 46203 | B7: =IF(A7="","",[1]!thsiFinD("ths_trans_amt_index",B$3,A7)/100000000) -> 32793.969
A8: 46202 | B8: =IF(A8="","",[1]!thsiFinD("ths_trans_amt_index",B$3,A8)/100000000) -> 35258.602
B9: =SUM(B4:B8)/COUNT(A4:A8) -> 34191.449

Sheet 融资融券
A1: 单位 | B1: 亿元 | C1: 亿元
A2: 指标名称 | B2: 深交所:融资融券余额 | C2: 上交所:融资融券余额
A3: 频率 | B3: 日 | C3: 日
A4: 指标ID | B4: S004273908 | C4: S004273899 | D4: 两市两融余额
A5: 46129 | B5: =[1]!thsMEDB(B4:C4,"2010/03/31","2026/04/17","Format(isAsc=N,Display=R,FillBlank=B,DecimalPoint=2,LineBlank=N)") -> 13083.069 | C5: 13543.627 | D5: =SUM(B5:C5) -> 26626.696
A6: 46128 | B6: 13066.744 | C6: 13538.188 | D6: =SUM(B6:C6) -> 26604.932
A7: 46127 | B7: 13006.837 | C7: 13488.531 | D7: =SUM(B7:C7) -> 26495.368
A8: 46126 | B8: 12952.996 | C8: 13441.997 | D8: =SUM(B8:C8) -> 26394.992
A9: 46125 | B9: 12864.371 | C9: 13361.108 | D9: =SUM(B9:C9) -> 26225.478
A10: 46122 | B10: 12782.232 | C10: 13280.753 | D10: =SUM(B10:C10) -> 26062.985
A11: 46121 | B11: 12754.011 | C11: 13251.761 | D11: =SUM(B11:C11) -> 26005.771
A12: 46120 | B12: 12709.265 | C12: 13224.065 | D12: =SUM(B12:C12) -> 25933.33
A13: 46119 | B13: 12611.587 | C13: 13157.378 | D13: =SUM(B13:C13) -> 25768.965
A14: 46115 | B14: 12578.565 | C14: 13149.437 | D14: =SUM(B14:C14) -> 25728.001
A15: 46114 | B15: 12670.343 | C15: 13234.849 | D15: =SUM(B15:C15) -> 25905.193
A16: 46113 | B16: 12728.015 | C16: 13288.151 | D16: =SUM(B16:C16) -> 26016.167
A17: 46112 | B17: 12717.999 | C17: 13287.182 | D17: =SUM(B17:C17) -> 26005.181
... A3897: 40275 | B3897: 0.11525003 | C3897: 0.25125244 | D3897: =SUM(B3897:C3897) -> 0.36650247
A3898: 40274 | B3898: 0.04436147 | C3898: 0.1010151
A3899: 40270 | B3899: 0.0643823 | C3899: 0.0677471
A3900: 40269 | B3900: 0.06886631 | C3900: 0.06859439
A3901: 40268 | B3901: 0.00741691 | C3901: 0.05848955

Sheet 金牛组合持仓
H1: 46202 | J1: =J2+1 -> 46176 | K1: =K2+1 -> 46115 | L1: =L2+1 -> 46021 | M1: =M2+1 -> 45841 | N1: 46027 | O1: 45659 | P1: =P2+1 -> #NAME? | Q1: =Q2+1 -> 45778 | R1: =R2+1 -> 45808 | S1: 45293 | AA1: 金牛千里马 | AB1: 930950.CSI
D2: =D3 -> 46206 | H2: =H3-7 -> 46199 | J2: =EDATE(J3,-1)-1 -> 46175 | K2: =EDATE(K3,-3)-1 -> 46114 | L2: =EDATE(L3,-6)-5 -> 46020 | M2: =EDATE(M3,-12)-1 -> 45840 | N2: 46022 | O2: 45657 | P2: =[2]!TDays("2025-03-31","2025-05-31","Period=M","Direction=H","cols=3;rows=1") -> #NAME? | Q2: 45777 | R2: 45807 | S2: 45289 | T2: 44927 | U2: 44562 | V2: 44197 | W2: 43831 | X2: =DATE(YEAR(D3)-3,MONTH(H3),DAY(H3)) -> 45110
D3: 46206 | H3: =D3 -> 46206 | I3: =D3 -> 46206 | J3: =D3 -> 46206 | K3: =H3 -> 46206 | L3: =I3 -> 46206 | M3: =J3 -> 46206 | N3: =D3 -> 46206 | O3: 46022 | P3: =[2]!TDays("2025-04-30","2025-06-30","Period=M","Direction=H","cols=3;rows=1") -> #NAME? | Q3: 45807 | R3: 45838 | S3: 45657 | T3: 45289 | U3: 44926 | V3: 44561 | W3: 44196 | X3: =D3 -> 46206
A4: 代码 | B4: 基金简称 | C4: 标签1 | D4: 基金经理 | E4: 成立日期 | F4: 任职日期 | G4: 基金经理规模（亿） | H4: 近一周 | I4: 调仓以来表现 | J4: 近一月 | K4: 近三月 | L4: 近六月 | M4: 近一年 | N4: 2026YTD | O4: 2025 | S4: 2024 | T4: 2023年 | U4: 2022年 | V4: 2021年 | W4: 2020年 | X4: 近三年最大回撤 | Y4: 成立以来 | Z4: 持仓权重
A5: 016276.OF | B5: =[1]!thsiFinD("ths_fund_official_short_name_fund",A5) -> 招商中证800指数增强A | C5: 800增强 | D5: =[1]!thsiFinD("ths_fund_manager_current_fund",A5) -> 王平 | E5: =[1]!thsiFinD("ths_fund_establishment_date_fund",A5) -> 2022-08-23 | F5: =[1]!thsiFinD("ths_service_sd_fund",A5,"100",1,"101") -> 2022-08-23 | G5: =[1]!thsiFinD("ths_fund_scale_fund",A5,1)/100000000 -> 2.1947306 | H5: =IF($F5-H$1>0,"",[1]!thsiFinD("ths_adjustment_nvg_ratio_fund",$A5,H$1,H$3,"")/100) -> -0.0014817808 | I5: =IF($F5-#REF!>0,"",[1]!thsiFinD("ths_adjustment_nvg_ratio_fund",$A5,#REF!,I$3,"")/100) -> #REF! | J5: =IF($F5-J$2>0,"",[1]!thsiFinD("ths_adjustment_nvg_ratio_fund",$A5,J$2,J$3,"")/100) -> 0.030587417 | K5: =IF($F5-K$2>0,"",[1]!thsiFinD("ths_adjustment_nvg_ratio_fund",$A5,K$2,K$3,"")/100) -> 0.11524863 | N5: =IF($F5-N$1>0,"",[1]!thsiFinD("ths_adjustment_nvg_ratio_fund",$A5,N$1,N$3,"")/100) -> 0.11853026 | O5: =IF($F5-O$2>0,"",[1]!thsiFinD("ths_adjustment_nvg_ratio_fund",$A5,O$2,O$3,"")/100) -> 0.30106999 | S5: =IF($F5-S$1>0,"",[1]!thsiFinD("ths_adjustment_nvg_ratio_fund",$A5,S$1,S$3,"")/100) -> 0.13093493 | T5: =IF($F5-T$2>0,"",[1]!thsiFinD("ths_adjustment_nvg_ratio_fund",$A5,T$2,T$3,"")/100) -> -0.060699153 | U5: =IF($F5-U$2>0,"",[1]!thsiFinD("ths_adjustment_nvg_ratio_fund",$A5,U$2,U$3,"")/100) | V5: =IF($F5-V$2>0,"",[1]!thsiFinD("ths_adjustment_nvg_ratio_fund",$A5,V$2,V$3,"")/100) | W5: =IF($F5-W$2>0,"",[1]!thsiFinD("ths_adjustment_nvg_ratio_fund",$A5,W$2,W$3,"")/100) | X5: =IF(X$2-F5>0,[1]!thsiFinD("ths_max_retrace_rate_fund",A5,$X$2,$X$3)/100,[1]!thsiFinD("ths_max_retrace_rate_fund",A5,$F5,$X$3)/100) -> 0.21445545 | Z5: 0.06
A6: 007126.OF | B6: =[1]!thsiFinD("ths_fund_official_short_name_fund",A6) -> 博道远航混合A | C6: 偏股增强 | D6: =[1]!thsiFinD("ths_fund_manager_current_fund",A6) -> 杨梦 | E6: =[1]!thsiFinD("ths_fund_establishment_date_fund",A6) -> 2019-04-30 | F6: =[1]!thsiFinD("ths_service_sd_fund",A6,"100",1,"101") -> 2019-04-30 | G6: =[1]!thsiFinD("ths_fund_scale_fund",A6,1)/100000000 -> 25.009107 | H6: =IF($F6-H$1>0,"",[1]!thsiFinD("ths_adjustment_nvg_ratio_fund",$A6,H$1,H$3,"")/100) -> -0.0090293454 | I6: =IF($F6-#REF!>0,"",[1]!thsiFinD("ths_adjustment_nvg_ratio_fund",$A6,#REF!,I$3,"")/100) -> #REF! | J6: =IF($F6-J$2>0,"",[1]!thsiFinD("ths_adjustment_nvg_ratio_fund",$A6,J$2,J$3,"")/100) -> 0.060877166 | K6: =IF($F6-K$2>0,"",[1]!thsiFinD("ths_adjustment_nvg_ratio_fund",$A6,K$2,K$3,"")/100) -> 0.18132371 | N6: =IF($F6-N$1>0,"",[1]!thsiFinD("ths_adjustment_nvg_ratio_fund",$A6,N$1,N$3,"")/100) -> 0.17446494 | O6: =IF($F6-O$2>0,"",[1]!thsiFinD("ths_adjustment_nvg_ratio_fund",$A6,O$2,O$3,"")/100) -> 0.30529757 | S6: =IF($F6-S$1>0,"",[1]!thsiFinD("ths_adjustment_nvg_ratio_fund",$A6,S$1,S$3,"")/100) -> 0.12229181 | T6: =IF($F6-T$2>0,"",[1]!thsiFinD("ths_adjustment_nvg_ratio_fund",$A6,T$2,T$3,"")/100) -> -0.038721223 | U6: =IF($F6-U$2>0,"",[1]!thsiFinD("ths_adjustment_nvg_ratio_fund",$A6,U$2,U$3,"")/100) -> -0.21914502 | X6: =IF(X$2-F6>0,[1]!thsiFinD("ths_max_retrace_rate_fund",A6,$X$2,$X$3)/100,[1]!thsiFinD("ths_max_retrace_rate_fund",A6,$F6,$X$3)/100) -> 0.23711659 | Z6: 0.06
A7: 015718.OF | B7: =[1]!thsiFinD("ths_fund_official_short_name_fund",A7) -> 财通资管均衡臻选混合A | C7: 均衡-偏价值 | D7: =[1]!thsiFinD("ths_fund_manager_current_fund",A7) -> 王浩冰 | E7: =[1]!thsiFinD("ths_fund_establishment_date_fund",A7) -> 2022-11-15 | F7: =[1]!thsiFinD("ths_service_sd_fund",A7,"100",1,"101") -> 2024-03-19 | G7: =[1]!thsiFinD("ths_fund_scale_fund",A7,1)/100000000 -> 8.5081517 | H7: =IF($F7-H$1>0,"",[1]!thsiFinD("ths_adjustment_nvg_ratio_fund",$A7,H$1,H$3,"")/100) -> 0.031253288 | I7: =IF($F7-#REF!>0,"",[1]!thsiFinD("ths_adjustment_nvg_ratio_fund",$A7,#REF!,I$3,"")/100) -> #REF! | J7: =IF($F7-J$2>0,"",[1]!thsiFinD("ths_adjustment_nvg_ratio_fund",$A7,J$2,J$3,"")/100) -> -0.040814329 | K7: =IF($F7-K$2>0,"",[1]!thsiFinD("ths_adjustment_nvg_ratio_fund",$A7,K$2,K$3,"")/100) -> -0.079293499 | N7: =IF($F7-N$1>0,"",[1]!thsiFinD("ths_adjustment_nvg_ratio_fund",$A7,N$1,N$3,"")/100) -> -0.082826392 | O7: =IF($F7-O$2>0,"",[1]!thsiFinD("ths_adjustment_nvg_ratio_fund",$A7,O$2,O$3,"")/100) -> 0.32027678 | S7: =IF($F7-S$1>0,"",[1]!thsiFinD("ths_adjustment_nvg_ratio_fund",$A7,S$1,S$3,"")/100) | T7: =IF($F7-T$2>0,"",[1]!thsiFinD("ths_adjustment_nvg_ratio_fund",$A7,T$2,T$3,"")/100) | U7: =IF($F7-U$2>0,"",[1]!thsiFinD("ths_adjustment_nvg_ratio_fund",$A7,U$2,U$3,"")/100) | V7: =IF($F7-V$2>0,"",[1]!thsiFinD("ths_adjustment_nvg_ratio_fund",$A7,V$2,V$3,"")/100) | X7: =IF(X$2-F7>0,[1]!thsiFinD("ths_max_retrace_rate_fund",A7,$X$2,$X$3)/100,[1]!thsiFinD("ths_max_retrace_rate_fund",A7,$F7,$X$3)/100) -> 0.18826974 | Z7: 0.08
A8: 000480.OF | B8: =[1]!thsiFinD("ths_fund_official_short_name_fund",A8) -> 东方红新动力混合A | C8: 均衡-偏价值 | D8: =[1]!thsiFinD("ths_fund_manager_current_fund",A8) -> 周云 | E8: =[1]!thsiFinD("ths_fund_establishment_date_fund",A8) -> 2014-01-28 | F8: =[1]!thsiFinD("ths_service_sd_fund",A8,"100",1,"101") -> 2015-09-14 | G8: =[1]!thsiFinD("ths_fund_scale_fund",A8,1)/100000000 -> 48.090501 | H8: =IF($F8-H$1>0,"",[1]!thsiFinD("ths_adjustment_nvg_ratio_fund",$A8,H$1,H$3,"")/100) -> 0.028869679 | I8: =IF($F8-#REF!>0,"",[1]!thsiFinD("ths_adjustment_nvg_ratio_fund",$A8,#REF!,I$3,"")/100) -> #REF! | J8: =IF($F8-J$2>0,"",[1]!thsiFinD("ths_adjustment_nvg_ratio_fund",$A8,J$2,J$3,"")/100) -> -0.0039475762 | K8: =IF($F8-K$2>0,"",[1]!thsiFinD("ths_adjustment_nvg_ratio_fund",$A8,K$2,K$3,"")/100) -> 0.056970509 | N8: =IF($F8-N$1>0,"",[1]!thsiFinD("ths_adjustment_nvg_ratio_fund",$A8,N$1,N$3,"")/100) -> 0.086836664 | O8: =IF($F8-O$2>0,"",[1]!thsiFinD("ths_adjustment_nvg_ratio_fund",$A8,O$2,O$3,"")/100) -> 0.25546182 | S8: =IF($F8-S$1>0,"",[1]!thsiFinD("ths_adjustment_nvg_ratio_fund",$A8,S$1,S$3,"")/100) -> 0.15137731 | T8: =IF($F8-T$2>0,"",[1]!thsiFinD("ths_adjustment_nvg_ratio_fund",$A8,T$2,T$3,"")/100) -> 0.067152104 | U8: =IF($F8-U$2>0,"",[1]!thsiFinD("ths_adjustment_nvg_ratio_fund",$A8,U$2,U$3,"")/100) -> -0.11036468 | V8: =IF($F8-V$2>0,"",[1]!thsiFinD("ths_adjustment_nvg_ratio_fund",$A8,V$2,V$3,"")/100) -> 0.25579994 | W8: =IF($F8-W$2>0,"",[1]!thsiFinD("ths_adjustment_nvg_ratio_fund",$A8,W$2,W$3,"")/100) -> 0.3249501 | X8: =IF(X$2-F8>0,[1]!thsiFinD("ths_max_retrace_rate_fund",A8,$X$2,$X$3)/100,[1]!thsiFinD("ths_max_retrace_rate_fund",A8,$F8,$X$3)/100) -> 0.20137408 | Z8: 0.08
A9: 000965.OF | B9: =[1]!thsiFinD("ths_fund_official_short_name_fund",A9) -> 汇丰晋信新动力混合A | C9: 均衡-偏价值 | D9: =[1]!thsiFinD("ths_fund_manager_current_fund",A9) -> 闵良超 | E9: =[1]!thsiFinD("ths_fund_establishment_date_fund",A9) -> 2015-02-11 | F9: =[1]!thsiFinD("ths_service_sd_fund",A9,"100",1,"101") -> 2021-09-30 | G9: =[1]!thsiFinD("ths_fund_scale_fund",A9,1)/100000000 -> 25.856235 | H9: =IF($F9-H$1>0,"",[1]!thsiFinD("ths_adjustment_nvg_ratio_fund",$A9,H$1,H$3,"")/100) -> 0.040587824 | I9: =IF($F9-#REF!>0,"",[1]!thsiFinD("ths_adjustment_nvg_ratio_fund",$A9,#REF!,I$3,"")/100) -> #REF! | J9: =IF($F9-J$2>0,"",[1]!thsiFinD("ths_adjustment_nvg_ratio_fund",$A9,J$2,J$3,"")/100) -> -0.054629672 | K9: =IF($F9-K$2>0,"",[1]!thsiFinD("ths_adjustment_nvg_ratio_fund",$A9,K$2,K$3,"")/100) -> -0.092146003 | N9: =IF($F9-N$1>0,"",[1]!thsiFinD("ths_adjustment_nvg_ratio_fund",$A9,N$1,N$3,"")/100) -> -0.046445584 | O9: =IF($F9-O$2>0,"",[1]!thsiFinD("ths_adjustment_nvg_ratio_fund",$A9,O$2,O$3,"")/100) -> 0.34169125 | S9: =IF($F9-S$1>0,"",[1]!thsiFinD("ths_adjustment_nvg_ratio_fund",$A9,S$1,S$3,"")/100) -> 0.10597169 | T9: =IF($F9-T$2>0,"",[1]!thsiFinD("ths_adjustment_nvg_ratio_fund",$A9,T$2,T$3,"")/100) -> 0.075660826 | U9: =IF($F9-U$2>0,"",[1]!thsiFinD("ths_adjustment_nvg_ratio_fund",$A9,U$2,U$3,"")/100) -> -0.16415317 | V9: =IF($F9-V$2>0,"",[1]!thsiFinD("ths_adjustment_nvg_ratio_fund",$A9,V$2,V$3,"")/100) | W9: =IF($F9-W$2>0,"",[1]!thsiFinD("ths_adjustment_nvg_ratio_fund",$A9,W$2,W$3,"")/100) | X9: =IF(X$2-F9>0,[1]!thsiFinD("ths_max_retrace_rate_fund",A9,$X$2,$X$3)/100,[1]!thsiFinD("ths_max_retrace_rate_fund",A9,$F9,$X$3)/100) -> 0.24066287 | Z9: 0.08
A10: 016840.OF | B10: =[1]!thsiFinD("ths_fund_official_short_name_fund",A10) -> 博道惠泰优选混合A | C10: 均衡成长 | D10: =[1]!thsiFinD("ths_fund_manager_current_fund",A10) -> 孙文龙 | E10: =[1]!thsiFinD("ths_fund_establishment_date_fund",A10) -> 2023-01-18 | F10: =[1]!thsiFinD("ths_service_sd_fund",A10,"100",1,"101") -> 2023-01-18 | G10: =[1]!thsiFinD("ths_fund_scale_fund",A10,1)/100000000 -> 5.0687625 | H10: =IF($F10-H$1>0,"",[1]!thsiFinD("ths_adjustment_nvg_ratio_fund",$A10,H$1,H$3,"")/100) -> 0.022093935 | I10: =IF($F10-#REF!>0,"",[1]!thsiFinD("ths_adjustment_nvg_ratio_fund",$A10,#REF!,I$3,"")/100) -> #REF! | J10: =IF($F10-J$2>0,"",[1]!thsiFinD("ths_adjustment_nvg_ratio_fund",$A10,J$2,J$3,"")/100) -> -0.015919852 | K10: =IF($F10-K$2>0,"",[1]!thsiFinD("ths_adjustment_nvg_ratio_fund",$A10,K$2,K$3,"")/100) -> 0.047246969 | N10: =IF($F10-N$1>0,"",[1]!thsiFinD("ths_adjustment_nvg_ratio_fund",$A10,N$1,N$3,"")/100) -> 0.077541513 | O10: =IF($F10-O$2>0,"",[1]!thsiFinD("ths_adjustment_nvg_ratio_fund",$A10,O$2,O$3,"")/100) -> 0.25143394 | S10: =IF($F10-S$1>0,"",[1]!thsiFinD("ths_adjustment_nvg_ratio_fund",$A10,S$1,S$3,"")/100) -> 0.19452922 | T10: =IF($F10-T$2>0,"",[1]!thsiFinD("ths_adjustment_nvg_ratio_fund",$A10,T$2,T$3,"")/100) | U10: =IF($F10-U$2>0,"",[1]!thsiFinD("ths_adjustment_nvg_ratio_fund",$A10,U$2,U$3,"")/100) | V10: =IF($F10-V$2>0,"",[1]!thsiFinD("ths_adjustment_nvg_ratio_fund",$A10,V$2,V$3,"")/100) | X10: =IF(X$2-F10>0,[1]!thsiFinD("ths_max_retrace_rate_fund",A10,$X$2,$X$3)/100,[1]!thsiFinD("ths_max_retrace_rate_fund",A10,$F10,$X$3)/100) -> 0.22501775 | Z10: 0.06
A11: 010826.OF | B11: =[1]!thsiFinD("ths_fund_official_short_name_fund",A11) -> 大成产业趋势混合A | C11: 周期成长 | D11: =[1]!thsiFinD("ths_fund_manager_current_fund",A11) -> 韩创 | E11: =[1]!thsiFinD("ths_fund_establishment_date_fund",A11) -> 2021-02-09 | F11: =[1]!thsiFinD("ths_service_sd_fund",A11,"100",1,"101") -> 2021-02-09 | G11: =[1]!thsiFinD("ths_fund_scale_fund",A11,1)/100000000 -> 36.014824 | H11: =IF($F11-H$1>0,"",[1]!thsiFinD("ths_adjustment_nvg_ratio_fund",$A11,H$1,H$3,"")/100) -> 0.055249745 | I11: =IF($F11-#REF!>0,"",[1]!thsiFinD("ths_adjustment_nvg_ratio_fund",$A11,#REF!,I$3,"")/100) -> #REF! | J11: =IF($F11-J$2>0,"",[1]!thsiFinD("ths_adjustment_nvg_ratio_fund",$A11,J$2,J$3,"")/100) -> -0.113395 | K11: =IF($F11-K$2>0,"",[1]!thsiFinD("ths_adjustment_nvg_ratio_fund",$A11,K$2,K$3,"")/100) -> -0.23264519 | N11: =IF($F11-N$1>0,"",[1]!thsiFinD("ths_adjustment_nvg_ratio_fund",$A11,N$1,N$3,"")/100) -> -0.091332017 | O11: =IF($F11-O$2>0,"",[1]!thsiFinD("ths_adjustment_nvg_ratio_fund",$A11,O$2,O$3,"")/100) -> 0.67894776 | S11: =IF($F11-S$1>0,"",[1]!thsiFinD("ths_adjustment_nvg_ratio_fund",$A11,S$1,S$3,"")/100) -> 0.066111111 | T11: =IF($F11-T$2>0,"",[1]!thsiFinD("ths_adjustment_nvg_ratio_fund",$A11,T$2,T$3,"")/100) -> -0.052698842 | U11: =IF($F11-U$2>0,"",[1]!thsiFinD("ths_adjustment_nvg_ratio_fund",$A11,U$2,U$3,"")/100) -> -0.11005553 | V11: =IF($F11-V$2>0,"",[1]!thsiFinD("ths_adjustment_nvg_ratio_fund",$A11,V$2,V$3,"")/100) | X11: =IF(X$2-F11>0,[1]!thsiFinD("ths_max_retrace_rate_fund",A11,$X$2,$X$3)/100,[1]!thsiFinD("ths_max_retrace_rate_fund",A11,$F11,$X$3)/100) -> 0.37605343 | Z11: 0.1
A12: 519183.OF | B12: =[1]!thsiFinD("ths_fund_official_short_name_fund",A12) -> 万家双引擎灵活配置混合A | C12: 周期成长 | D12: =[1]!thsiFinD("ths_fund_manager_current_fund",A12) -> 李杨 | E12: =[1]!thsiFinD("ths_fund_establishment_date_fund",A12) -> 2008-06-27 | F12: =[1]!thsiFinD("ths_service_sd_fund",A12,"100",1,"101") -> 2026-06-19 | G12: =[1]!thsiFinD("ths_fund_scale_fund",A12,1)/100000000 -> 17.666927 | H12: =IF($F12-H$1>0,"",[1]!thsiFinD("ths_adjustment_nvg_ratio_fund",$A12,H$1,H$3,"")/100) -> 0.010940235 | I12: =IF($F12-#REF!>0,"",[1]!thsiFinD("ths_adjustment_nvg_ratio_fund",$A12,#REF!,I$3,"")/100) -> #REF! | J12: =IF($F12-J$2>0,"",[1]!thsiFinD("ths_adjustment_nvg_ratio_fund",$A12,J$2,J$3,"")/100) | K12: =IF($F12-K$2>0,"",[1]!thsiFinD("ths_adjustment_nvg_ratio_fund",$A12,K$2,K$3,"")/100) | N12: =IF($F12-N$1>0,"",[1]!thsiFinD("ths_adjustment_nvg_ratio_fund",$A12,N$1,N$3,"")/100) | O12: =IF($F12-O$2>0,"",[1]!thsiFinD("ths_adjustment_nvg_ratio_fund",$A12,O$2,O$3,"")/100) | S12: =IF($F12-S$1>0,"",[1]!thsiFinD("ths_adjustment_nvg_ratio_fund",$A12,S$1,S$3,"")/100) | T12: =IF($F12-T$2>0,"",[1]!thsiFinD("ths_adjustment_nvg_ratio_fund",$A12,T$2,T$3,"")/100) | U12: =IF($F12-U$2>0,"",[1]!thsiFinD("ths_adjustment_nvg_ratio_fund",$A12,U$2,U$3,"")/100) | V12: =IF($F12-V$2>0,"",[1]!thsiFinD("ths_adjustment_nvg_ratio_fund",$A12,V$2,V$3,"")/100) | W12: =IF($F12-W$2>0,"",[1]!thsiFinD("ths_adjustment_nvg_ratio_fund",$A12,W$2,W$3,"")/100) | X12: =IF(X$2-F12>0,[1]!thsiFinD("ths_max_retrace_rate_fund",A12,$X$2,$X$3)/100,[1]!thsiFinD("ths_max_retrace_rate_fund",A12,$F12,$X$3)/100) -> 0.083618539 | Z12: 0.05
A13: 013955.OF | B13: =[1]!thsiFinD("ths_fund_official_short_name_fund",A13) -> 广发中小盘精选混合C | C13: 均衡成长 | D13: =[1]!thsiFinD("ths_fund_manager_current_fund",A13) -> 陈韫中 | E13: =[1]!thsiFinD("ths_fund_establishment_date_fund",A13) -> 2021-10-27 | F13: =[1]!thsiFinD("ths_service_sd_fund",A13,"100",1,"101") -> 2021-10-27 | G13: =[1]!thsiFinD("ths_fund_scale_fund",A13,1)/100000000 -> 20.9725 | H13: =IF($F13-H$1>0,"",[1]!thsiFinD("ths_adjustment_nvg_ratio_fund",$A13,H$1,H$3,"")/100) -> -0.03031071 | I13: =IF($F13-#REF!>0,"",[1]!thsiFinD("ths_adjustment_nvg_ratio_fund",$A13,#REF!,I$3,"")/100) -> #REF! | J13: =IF($F13-J$2>0,"",[1]!thsiFinD("ths_adjustment_nvg_ratio_fund",$A13,J$2,J$3,"")/100) -> 0.26040123 | K13: =IF($F13-K$2>0,"",[1]!thsiFinD("ths_adjustment_nvg_ratio_fund",$A13,K$2,K$3,"")/100) -> 0.44237946 | N13: =IF($F13-N$1>0,"",[1]!thsiFinD("ths_adjustment_nvg_ratio_fund",$A13,N$1,N$3,"")/100) -> 0.43869148 | O13: =IF($F13-O$2>0,"",[1]!thsiFinD("ths_adjustment_nvg_ratio_fund",$A13,O$2,O$3,"")/100) -> 0.53746098 | S13: =IF($F13-S$1>0,"",[1]!thsiFinD("ths_adjustment_nvg_ratio_fund",$A13,S$1,S$3,"")/100) -> 0.086398467 | T13: =IF($F13-T$2>0,"",[1]!thsiFinD("ths_adjustment_nvg_ratio_fund",$A13,T$2,T$3,"")/100) -> 0.0073974013 | U13: =IF($F13-U$2>0,"",[1]!thsiFinD("ths_adjustment_nvg_ratio_fund",$A13,U$2,U$3,"")/100) -> -0.25158868 | V13: =IF($F13-V$2>0,"",[1]!thsiFinD("ths_adjustment_nvg_ratio_fund",$A13,V$2,V$3,"")/100) | W13: =IF($F13-W$2>0,"",[1]!thsiFinD("ths_adjustment_nvg_ratio_fund",$A13,W$2,W$3,"")/100) | X13: =IF(X$2-F13>0,[1]!thsiFinD("ths_max_retrace_rate_fund",A13,$X$2,$X$3)/100,[1]!thsiFinD("ths_max_retrace_rate_fund",A13,$F13,$X$3)/100) -> 0.36591754 | Z13: 0.11
A14: 001975.OF | B14: =[1]!thsiFinD("ths_fund_official_short_name_fund",A14) -> 景顺长城环保优势股票 | C14: 均衡成长 | D14: =[1]!thsiFinD("ths_fund_manager_current_fund",A14) -> 杨锐文 | E14: =[1]!thsiFinD("ths_fund_establishment_date_fund",A14) -> 2016-03-15 | F14: =[1]!thsiFinD("ths_service_sd_fund",A14,"100",1,"101") -> 2016-03-15 | G14: =[1]!thsiFinD("ths_fund_scale_fund",A14,1)/100000000 -> 26.966624 | H14: =IF($F14-H$1>0,"",[1]!thsiFinD("ths_adjustment_nvg_ratio_fund",$A14,H$1,H$3,"")/100) -> 0.029205841 | I14: =IF($F14-#REF!>0,"",[1]!thsiFinD("ths_adjustment_nvg_ratio_fund",$A14,#REF!,I$3,"")/100) -> #REF! | J14: =IF($F14-J$2>0,"",[1]!thsiFinD("ths_adjustment_nvg_ratio_fund",$A14,J$2,J$3,"")/100) -> 0.085901224 | K14: =IF($F14-K$2>0,"",[1]!thsiFinD("ths_adjustment_nvg_ratio_fund",$A14,K$2,K$3,"")/100) -> 0.25426621 | N14: =IF($F14-N$1>0,"",[1]!thsiFinD("ths_adjustment_nvg_ratio_fund",$A14,N$1,N$3,"")/100) -> 0.29727685 | O14: =IF($F14-O$2>0,"",[1]!thsiFinD("ths_adjustment_nvg_ratio_fund",$A14,O$2,O$3,"")/100) -> 0.31150794 | S14: =IF($F14-S$1>0,"",[1]!thsiFinD("ths_adjustment_nvg_ratio_fund",$A14,S$1,S$3,"")/100) -> 0.019723183 | T14: =IF($F14-T$2>0,"",[1]!thsiFinD("ths_adjustment_nvg_ratio_fund",$A14,T$2,T$3,"")/100) -> 0.036944046 | U14: =IF($F14-U$2>0,"",[1]!thsiFinD("ths_adjustment_nvg_ratio_fund",$A14,U$2,U$3,"")/100) -> -0.34167651 | X14: =IF(X$2-F14>0,[1]!thsiFinD("ths_max_retrace_rate_fund",A14,$X$2,$X$3)/100,[1]!thsiFinD("ths_max_retrace_rate_fund",A14,$F14,$X$3)/100) -> 0.32383666 | Z14: 0.07
A15: 003956.OF | B15: =[1]!thsiFinD("ths_fund_official_short_name_fund",A15) -> 南方产业智选股票A | C15: 价值 | D15: =[1]!thsiFinD("ths_fund_manager_current_fund",A15) -> 恽雷 | E15: =[1]!thsiFinD("ths_fund_establishment_date_fund",A15) -> 2017-01-25 | F15: =[1]!thsiFinD("ths_service_sd_fund",A15,"100",1,"101") -> 2023-04-14 | G15: =[1]!thsiFinD("ths_fund_scale_fund",A15,1)/100000000 -> 11.446085 | H15: =IF($F15-H$1>0,"",[1]!thsiFinD("ths_adjustment_nvg_ratio_fund",$A15,H$1,H$3,"")/100) -> 0.023092585 | I15: =IF($F15-#REF!>0,"",[1]!thsiFinD("ths_adjustment_nvg_ratio_fund",$A15,#REF!,I$3,"")/100) -> #REF! | J15: =IF($F15-J$2>0,"",[1]!thsiFinD("ths_adjustment_nvg_ratio_fund",$A15,J$2,J$3,"")/100) -> -0.083909039 | K15: =IF($F15-K$2>0,"",[1]!thsiFinD("ths_adjustment_nvg_ratio_fund",$A15,K$2,K$3,"")/100) -> -0.11028795 | N15: =IF($F15-N$1>0,"",[1]!thsiFinD("ths_adjustment_nvg_ratio_fund",$A15,N$1,N$3,"")/100) -> -0.085357092 | O15: =IF($F15-O$2>0,"",[1]!thsiFinD("ths_adjustment_nvg_ratio_fund",$A15,O$2,O$3,"")/100) -> 0.13105429 | S15: =IF($F15-S$1>0,"",[1]!thsiFinD("ths_adjustment_nvg_ratio_fund",$A15,S$1,S$3,"")/100) -> 0.20990489 | T15: =IF($F15-T$2>0,"",[1]!thsiFinD("ths_adjustment_nvg_ratio_fund",$A15,T$2,T$3,"")/100) | U15: =IF($F15-U$2>0,"",[1]!thsiFinD("ths_adjustment_nvg_ratio_fund",$A15,U$2,U$3,"")/100) | X15: =IF(X$2-F15>0,[1]!thsiFinD("ths_max_retrace_rate_fund",A15,$X$2,$X$3)/100,[1]!thsiFinD("ths_max_retrace_rate_fund",A15,$F15,$X$3)/100) -> 0.17638233 | Z15: 0.08
A16: 013776.OF | B16: =[1]!thsiFinD("ths_fund_official_short_name_fund",A16) -> 中泰兴为价值精选混合A | C16: 价值 | D16: =[1]!thsiFinD("ths_fund_manager_current_fund",A16) -> 姜诚 | E16: =[1]!thsiFinD("ths_fund_establishment_date_fund",A16) -> 2022-01-18 | F16: =[1]!thsiFinD("ths_service_sd_fund",A16,"100",1,"101") -> 2022-01-18 | G16: =[1]!thsiFinD("ths_fund_scale_fund",A16,1)/100000000 -> 16.084866 | H16: =IF($F16-H$1>0,"",[1]!thsiFinD("ths_adjustment_nvg_ratio_fund",$A16,H$1,H$3,"")/100) -> 0.01699946 | I16: =IF($F16-#REF!>0,"",[1]!thsiFinD("ths_adjustment_nvg_ratio_fund",$A16,#REF!,I$3,"")/100) -> #REF! | J16: =IF($F16-J$2>0,"",[1]!thsiFinD("ths_adjustment_nvg_ratio_fund",$A16,J$2,J$3,"")/100) -> -0.08777733 | K16: =IF($F16-K$2>0,"",[1]!thsiFinD("ths_adjustment_nvg_ratio_fund",$A16,K$2,K$3,"")/100) -> -0.067002228 | N16: =IF($F16-N$1>0,"",[1]!thsiFinD("ths_adjustment_nvg_ratio_fund",$A16,N$1,N$3,"")/100) -> -0.044774858 | O16: =IF($F16-O$2>0,"",[1]!thsiFinD("ths_adjustment_nvg_ratio_fund",$A16,O$2,O$3,"")/100) -> 0.11291839 | S16: =IF($F16-S$1>0,"",[1]!thsiFinD("ths_adjustment_nvg_ratio_fund",$A16,S$1,S$3,"")/100) -> 0.1422117 | T16: =IF($F16-T$2>0,"",[1]!thsiFinD("ths_adjustment_nvg_ratio_fund",$A16,T$2,T$3,"")/100) -> -0.073819486 | U16: =IF($F16-U$2>0,"",[1]!thsiFinD("ths_adjustment_nvg_ratio_fund",$A16,U$2,U$3,"")/100) | X16: =IF(X$2-F16>0,[1]!thsiFinD("ths_max_retrace_rate_fund",A16,$X$2,$X$3)/100,[1]!thsiFinD("ths_max_retrace_rate_fund",A16,$F16,$X$3)/100) -> 0.21036121 | Z16: 0.08
A17: 008515.OF | B17: =[1]!thsiFinD("ths_fund_official_short_name_fund",A17) -> 国富基本面优选混合A | C17: 价值 | D17: =[1]!thsiFinD("ths_fund_manager_current_fund",A17) -> 赵晓东 | E17: =[1]!thsiFinD("ths_fund_establishment_date_fund",A17) -> 2020-02-13 | F17: =[1]!thsiFinD("ths_service_sd_fund",A17,"100",1,"101") -> 2020-02-13 | G17: =[1]!thsiFinD("ths_fund_scale_fund",A17,1)/100000000 -> 18.821025 | H17: =IF($F17-H$1>0,"",[1]!thsiFinD("ths_adjustment_nvg_ratio_fund",$A17,H$1,H$3,"")/100) -> 0.01674833 | I17: =IF($F17-#REF!>0,"",[1]!thsiFinD("ths_adjustment_nvg_ratio_fund",$A17,#REF!,I$3,"")/100) -> #REF! | J17: =IF($F17-J$2>0,"",[1]!thsiFinD("ths_adjustment_nvg_ratio_fund",$A17,J$2,J$3,"")/100) -> -0.10034684 | K17: =IF($F17-K$2>0,"",[1]!thsiFinD("ths_adjustment_nvg_ratio_fund",$A17,K$2,K$3,"")/100) -> -0.081152886 | N17: =IF($F17-N$1>0,"",[1]!thsiFinD("ths_adjustment_nvg_ratio_fund",$A17,N$1,N$3,"")/100) -> -0.080412537 | O17: =IF($F17-O$2>0,"",[1]!thsiFinD("ths_adjustment_nvg_ratio_fund",$A17,O$2,O$3,"")/100) -> 0.075846176 | X17: =IF(X$2-F17>0,[1]!thsiFinD("ths_max_retrace_rate_fund",A17,$X$2,$X$3)/100,[1]!thsiFinD("ths_max_retrace_rate_fund",A17,$F17,$X$3)/100) -> 0.16198489 | Z17: 0.08
B18: 金牛组合 | H18: =VLOOKUP(H$3,净值曲线!$A:$F,2,1)/VLOOKUP(H$2,净值曲线!$A:$F,2,1)-1 -> 0.014137016 | I18: =VLOOKUP(I$3,净值曲线!$A:$F,2,1)/VLOOKUP(#REF!,净值曲线!$A:$F,2,1)-1 -> #REF! | J18: =VLOOKUP(J$3,净值曲线!$A:$F,2,1)/VLOOKUP(J$2,净值曲线!$A:$F,2,1)-1 -> -0.0081519905 | K18: =VLOOKUP(K$3,净值曲线!$A:$F,2,1)/VLOOKUP(K$2,净值曲线!$A:$F,2,1)-1 -> 0.029401055 | N18: =VLOOKUP(N$3,净值曲线!$A:$F,2,1)/VLOOKUP(N$2,净值曲线!$A:$F,2,1)-1 -> 0.05149449 | O18: =VLOOKUP(O$3,净值曲线!$A:$F,2,0)/VLOOKUP(O$2,净值曲线!$A:$F,2,0)-1 -> 0.18492959 | P18: =VLOOKUP(P$3,净值曲线!$A:$F,2,0)/VLOOKUP(P$2,净值曲线!$A:$F,2,0)-1 -> #NAME? | Q18: =VLOOKUP(Q$3,净值曲线!$A:$F,2,0)/VLOOKUP(Q$2,净值曲线!$A:$F,2,0)-1 -> 0.018676063 | R18: =VLOOKUP(R$3,净值曲线!$A:$F,2,0)/VLOOKUP(R$2,净值曲线!$A:$F,2,0)-1 -> 0.025232697 | S18: -0.002 | T18: -0.126 | U18: -0.22395834 | V18: 0.077361171 | W18: 0.557 | Y18: =(VLOOKUP($D$3,净值曲线!A:Q,2,0)/(VLOOKUP($AA$18,净值曲线!A:Q,2,0))-1) -> 0.35664939 | AA18: 43816
B19: 中证偏股基金指数 | H19: =VLOOKUP(H$3,净值曲线!$A:$K,11,1)/VLOOKUP(H$2,净值曲线!$A:$K,11,1)-1 -> -0.007191029 | I19: =VLOOKUP(I$3,净值曲线!$A:$K,11,1)/VLOOKUP(I$2,净值曲线!$A:$K,11,1)-1 -> #N/A | J19: =VLOOKUP(J$3,净值曲线!$A:$K,11,1)/VLOOKUP(J$2,净值曲线!$A:$K,11,1)-1 -> 0.040235146 | K19: =VLOOKUP(K$3,净值曲线!$A:$K,11,1)/VLOOKUP(K$2,净值曲线!$A:$K,11,1)-1 -> 0.18081186 | L19: =VLOOKUP(L$3,净值曲线!$A:$K,11,1)/VLOOKUP(L$2,净值曲线!$A:$K,11,1)-1 -> 0.17109511 | M19: =VLOOKUP(M$3,净值曲线!$A:$K,11,1)/VLOOKUP(M$2,净值曲线!$A:$K,11,1)-1 -> 0.45680783 | N19: =VLOOKUP(N$3,净值曲线!$A:$K,11,1)/VLOOKUP(N$2,净值曲线!$A:$K,11,1)-1 -> 0.17399577 | O19: =[1]!thsiFinD("ths_int_chg_ratio_index",$AB$1,O$1,O$3)/100 -> 0.30369662 | P19: =[1]!thsiFinD("ths_int_chg_ratio_index",$AB$1,P$1,P$3)/100 -> 0 | Q19: =[1]!thsiFinD("ths_int_chg_ratio_index",$AB$1,Q$1,Q$3)/100 -> 0.0095275625 | R19: =[1]!thsiFinD("ths_int_chg_ratio_index",$AB$1,R$1,R$3)/100 -> 0.037433341 | S19: =[1]!thsiFinD("ths_int_chg_ratio_index",$AB$1,S$1,S$3)/100 -> 0.039992479 | T19: =[1]!thsiFinD("ths_int_chg_ratio_index","930950.CSI",T$2,T$3)/100 -> -0.1460874 | U19: =[1]!thsiFinD("ths_int_chg_ratio_index","930950.CSI",U$2,U$3)/100 -> -0.21795023 | V19: =[1]!thsiFinD("ths_int_chg_ratio_index","930950.CSI",V$2,V$3)/100 -> 0.040515715 | W19: =[1]!thsiFinD("ths_int_chg_ratio_index","930950.CSI",W$2,W$3)/100 -> 0.51497287 | Y19: =(VLOOKUP($D$3,净值曲线!A:Q,11,0)/(VLOOKUP($AA$18,净值曲线!A:Q,11,0))-1) -> 0.68934484
B20: 中证800 | H20: =VLOOKUP(H$3,净值曲线!$A:$K,9,1)/VLOOKUP(H$2,净值曲线!$A:$K,9,1)-1 -> -0.0024839019 | I20: =VLOOKUP(I$3,净值曲线!$A:$K,9,0)/VLOOKUP(I$2,净值曲线!$A:$K,9,0)-1 -> #N/A | J20: =VLOOKUP(J$3,净值曲线!$A:$K,9,1)/VLOOKUP(J$2,净值曲线!$A:$K,9,1)-1 -> 0.0031371594 | K20: =VLOOKUP(K$3,净值曲线!$A:$K,9,1)/VLOOKUP(K$2,净值曲线!$A:$K,9,1)-1 -> 0.099832448 | L20: =VLOOKUP(L$3,净值曲线!$A:$K,9,1)/VLOOKUP(L$2,净值曲线!$A:$K,9,1)-1 -> 0.07901402 | M20: =VLOOKUP(M$3,净值曲线!$A:$K,9,1)/VLOOKUP(M$2,净值曲线!$A:$K,9,1)-1 -> 0.29291581 | N20: =VLOOKUP(N$3,净值曲线!$A:$K,9,1)/VLOOKUP(N$2,净值曲线!$A:$K,9,1)-1 -> 0.079247577 | O20: =VLOOKUP(O$3,净值曲线!$A:$K,9,1)/VLOOKUP(O$2,净值曲线!$A:$K,9,1)-1 -> 0.20887859 | P20: =VLOOKUP(P$3,净值曲线!$A:$K,9,1)/VLOOKUP(P$2,净值曲线!$A:$K,9,1)-1 -> #NAME? | Q20: =VLOOKUP(Q$3,净值曲线!$A:$K,9,1)/VLOOKUP(Q$2,净值曲线!$A:$K,9,1)-1 -> 0.015495307 | ... W20: =VLOOKUP(W$3,净值曲线!$A:$K,9,1)/VLOOKUP(W$2,净值曲线!$A:$K,9,1)-1 -> 0.25788144 | Y20: =(VLOOKUP($D$3,净值曲线!A:Q,9,0)/(VLOOKUP($AA$18,净值曲线!A:Q,9,0))-1) -> 0.30392847
B21: 超额 | H21: =H18-H19 -> 0.021328045 | I21: =I18-I19 -> #REF! | J21: =J18-J19 -> -0.048387137 | K21: =K18-K19 -> -0.15141081 | N21: =N18-N19 -> -0.12250128 | O21: =O18-O19 -> -0.11876704 | S21: =S18-S19 -> -0.041992479 | T21: =T18-T19 -> 0.020087402 | U21: =U18-U19 -> -0.0060081143 | V21: =V18-V19 -> 0.036845456 | W21: =W18-W19 -> 0.042027134

Sheet 神鹿组合持仓
H1: =金牛组合持仓!H1 -> 46202 | J1: =J2+1 -> 46176 | K1: =K2+1 -> 46115 | L1: =L2+1 -> 46021 | M1: =M2+1 -> 45841 | N1: 46027 | O1: 45659 | P1: =P2+1 -> #NAME? | Q1: =Q2+1 -> 45778 | R1: =R2+1 -> 45808 | S1: 45293 | AA1: 金牛千里马 | AB1: 930950.CSI
D2: =D3 -> 46206 | H2: =金牛组合持仓!H2 -> 46199 | J2: =EDATE(J3,-1)-1 -> 46175 | K2: =EDATE(K3,-3)-1 -> 46114 | L2: =EDATE(L3,-6)-5 -> 46020 | M2: =EDATE(M3,-12)-1 -> 45840 | N2: 46022 | O2: 45657 | P2: =[2]!TDays("2025-03-31","2025-05-31","Period=M","Direction=H","cols=3;rows=1") -> #NAME? | Q2: 45777 | R2: 45807 | S2: 45289 | T2: 44927 | U2: 44562 | V2: 44197 | W2: 43831 | X2: =DATE(YEAR(D3)-3,MONTH(H3),DAY(H3)) -> 45110
D3: =金牛组合持仓!D3 -> 46206 | H3: =D3 -> 46206 | I3: =D3 -> 46206 | J3: =D3 -> 46206 | K3: =H3 -> 46206 | L3: =I3 -> 46206 | M3: =J3 -> 46206 | N3: =D3 -> 46206 | O3: 46022 | P3: =[2]!TDays("2025-04-30","2025-06-30","Period=M","Direction=H","cols=3;rows=1") -> #NAME? | Q3: 45807 | R3: 45838 | S3: 45657 | T3: 45289 | U3: 44926 | V3: 44561 | W3: 44196 | X3: =金牛组合持仓!X3 -> 46206
A4: 代码 | B4: 基金简称 | C4: 标签1 | D4: 基金经理 | E4: 成立日期 | F4: 任职日期 | G4: 基金经理规模（亿） | H4: 近一周 | I4: 调仓以来表现 | J4: 近一月 | K4: 近三月 | L4: 近六月 | M4: 近一年 | N4: 2026YTD | O4: 2025年 | S4: 2024年 | T4: 2023年 | U4: 2022年 | V4: 2021年 | W4: 2020年 | X4: 近三年最大回撤 | Z4: 持仓权重
A5: 000940.OF | B5: =[1]!thsiFinD("ths_fund_official_short_name_fund",A5) -> 富国中小盘精选混合A/B | C5: 算力 | D5: =[1]!thsiFinD("ths_fund_manager_current_fund",A5) -> 曹晋 | E5: =[1]!thsiFinD("ths_fund_establishment_date_fund",A5) -> 2015-01-23 | F5: =[1]!thsiFinD("ths_service_sd_fund",A5,"100",1,"101") -> 2015-01-23 | G5: =[1]!thsiFinD("ths_fund_scale_fund",A5,1)/100000000 -> 30.07034 | H5: =IF($F5-H$1>0,"",[1]!thsiFinD("ths_adjustment_nvg_ratio_fund",$A5,H$1,H$3,"")/100) -> -0.068997561 | I5: =IF($F5-#REF!>0,"",[1]!thsiFinD("ths_adjustment_nvg_ratio_fund",$A5,#REF!,I$3,"")/100) -> #REF! | J5: =IF($F5-J$2>0,"",[1]!thsiFinD("ths_adjustment_nvg_ratio_fund",$A5,J$2,J$3,"")/100) -> 0.096293257 | K5: =IF($F5-K$2>0,"",[1]!thsiFinD("ths_adjustment_nvg_ratio_fund",$A5,K$2,K$3,"")/100) -> 0.47687488 | N5: =IF($F5-N$1>0,"",[1]!thsiFinD("ths_adjustment_nvg_ratio_fund",$A5,N$1,N$3,"")/100) -> 0.5461034 | O5: =IF($F5-O$2>0,"",[1]!thsiFinD("ths_adjustment_nvg_ratio_fund",$A5,O$2,O$3,"")/100) -> 0.96512509 | S5: =IF($F5-S$1>0,"",[1]!thsiFinD("ths_adjustment_nvg_ratio_fund",$A5,S$1,S$3,"")/100) -> 0.10109983 | T5: =IF($F5-T$2>0,"",[1]!thsiFinD("ths_adjustment_nvg_ratio_fund",$A5,T$2,T$3,"")/100) -> -0.05060241 | U5: =IF($F5-U$2>0,"",[1]!thsiFinD("ths_adjustment_nvg_ratio_fund",$A5,U$2,U$3,"")/100) -> -0.21919097 | X5: =IF(X$2-F5>0,[1]!thsiFinD("ths_max_retrace_rate_fund",A5,$X$2,$X$3)/100,[1]!thsiFinD("ths_max_retrace_rate_fund",A5,$F5,$X$3)/100) -> 0.32568648 | Z5: 0.1
A6: 002170.OF | B6: =[1]!thsiFinD("ths_fund_official_short_name_fund",A6) -> 东吴移动互联混合C | C6: 算力 | D6: =[1]!thsiFinD("ths_fund_manager_current_fund",A6) -> 刘元海 | E6: =[1]!thsiFinD("ths_fund_establishment_date_fund",A6) -> 2015-11-26 | F6: =[1]!thsiFinD("ths_service_sd_fund",A6,"100",1,"101") -> 2016-04-27 | G6: =[1]!thsiFinD("ths_fund_scale_fund",A6,1)/100000000 -> 51.695712 | H6: =IF($F6-H$1>0,"",[1]!thsiFinD("ths_adjustment_nvg_ratio_fund",$A6,H$1,H$3,"")/100) -> -0.052565768 | I6: =IF($F6-#REF!>0,"",[1]!thsiFinD("ths_adjustment_nvg_ratio_fund",$A6,#REF!,I$3,"")/100) -> #REF! | J6: =IF($F6-J$2>0,"",[1]!thsiFinD("ths_adjustment_nvg_ratio_fund",$A6,J$2,J$3,"")/100) -> 0.01672768 | K6: =IF($F6-K$2>0,"",[1]!thsiFinD("ths_adjustment_nvg_ratio_fund",$A6,K$2,K$3,"")/100) -> 0.33122388 | N6: =IF($F6-N$1>0,"",[1]!thsiFinD("ths_adjustment_nvg_ratio_fund",$A6,N$1,N$3,"")/100) -> 0.3285724 | O6: =IF($F6-O$2>0,"",[1]!thsiFinD("ths_adjustment_nvg_ratio_fund",$A6,O$2,O$3,"")/100) -> 0.78688325 | S6: =IF($F6-S$1>0,"",[1]!thsiFinD("ths_adjustment_nvg_ratio_fund",$A6,S$1,S$3,"")/100) -> 0.32133633 | T6: =IF($F6-T$2>0,"",[1]!thsiFinD("ths_adjustment_nvg_ratio_fund",$A6,T$2,T$3,"")/100) -> 0.44643933 | U6: =IF($F6-U$2>0,"",[1]!thsiFinD("ths_adjustment_nvg_ratio_fund",$A6,U$2,U$3,"")/100) -> -0.33927789 | X6: =IF(X$2-F6>0,[1]!thsiFinD("ths_max_retrace_rate_fund",A6,$X$2,$X$3)/100,[1]!thsiFinD("ths_max_retrace_rate_fund",A6,$F6,$X$3)/100) -> 0.34482877 | Z6: 0.1
A7: 019018.OF | B7: =[1]!thsiFinD("ths_fund_official_short_name_fund",A7) -> 易方达信息产业混合C | C7: 算力 | D7: =[1]!thsiFinD("ths_fund_manager_current_fund",A7) -> 郑希 | E7: =[1]!thsiFinD("ths_fund_establishment_date_fund",A7) -> 2023-10-18 | F7: =[1]!thsiFinD("ths_service_sd_fund",A7,"100",1,"101") -> 2023-10-18 | G7: =[1]!thsiFinD("ths_fund_scale_fund",A7,1)/100000000 -> 22.674423 | H7: =IF($F7-H$1>0,"",[1]!thsiFinD("ths_adjustment_nvg_ratio_fund",$A7,H$1,H$3,"")/100) -> -0.068694334 | I7: =IF($F7-#REF!>0,"",[1]!thsiFinD("ths_adjustment_nvg_ratio_fund",$A7,#REF!,I$3,"")/100) -> #REF! | J7: =IF($F7-J$2>0,"",[1]!thsiFinD("ths_adjustment_nvg_ratio_fund",$A7,J$2,J$3,"")/100) -> 0.19298459 | K7: =IF($F7-K$2>0,"",[1]!thsiFinD("ths_adjustment_nvg_ratio_fund",$A7,K$2,K$3,"")/100) -> 0.72741652 | N7: =IF($F7-N$1>0,"",[1]!thsiFinD("ths_adjustment_nvg_ratio_fund",$A7,N$1,N$3,"")/100) -> 0.83598593 | O7: =IF($F7-O$2>0,"",[1]!thsiFinD("ths_adjustment_nvg_ratio_fund",$A7,O$2,O$3,"")/100) -> 1.0125138 | S7: =IF($F7-S$1>0,"",[1]!thsiFinD("ths_adjustment_nvg_ratio_fund",$A7,S$1,S$3,"")/100) -> 0.24270931 | T7: =IF($F7-T$2>0,"",[1]!thsiFinD("ths_adjustment_nvg_ratio_fund",$A7,T$2,T$3,"")/100) | U7: =IF($F7-U$2>0,"",[1]!thsiFinD("ths_adjustment_nvg_ratio_fund",$A7,U$2,U$3,"")/100) | X7: =IF(X$2-F7>0,[1]!thsiFinD("ths_max_retrace_rate_fund",A7,$X$2,$X$3)/100,[1]!thsiFinD("ths_max_retrace_rate_fund",A7,$F7,$X$3)/100) -> 0.23352484 | Z7: 0.1
A8: 017612.OF | B8: =[1]!thsiFinD("ths_fund_official_short_name_fund",A8) -> 宏利复兴混合C | C8: 算力 | D8: =[1]!thsiFinD("ths_fund_manager_current_fund",A8) -> 孙硕 | E8: =[1]!thsiFinD("ths_fund_establishment_date_fund",A8) -> 2023-02-21 | F8: =[1]!thsiFinD("ths_service_sd_fund",A8,"100",1,"101") -> 2023-02-21 | G8: =[1]!thsiFinD("ths_fund_scale_fund",A8,1)/100000000 -> 18.614877 | H8: =IF($F8-H$1>0,"",[1]!thsiFinD("ths_adjustment_nvg_ratio_fund",$A8,H$1,H$3,"")/100) -> -0.097807757 | I8: =IF($F8-#REF!>0,"",[1]!thsiFinD("ths_adjustment_nvg_ratio_fund",$A8,#REF!,I$3,"")/100) -> #REF! | J8: =IF($F8-J$2>0,"",[1]!thsiFinD("ths_adjustment_nvg_ratio_fund",$A8,J$2,J$3,"")/100) -> 0.15029026 | K8: =IF($F8-K$2>0,"",[1]!thsiFinD("ths_adjustment_nvg_ratio_fund",$A8,K$2,K$3,"")/100) -> 0.73757714 | N8: =IF($F8-N$1>0,"",[1]!thsiFinD("ths_adjustment_nvg_ratio_fund",$A8,N$1,N$3,"")/100) -> 1.0404272 | O8: =IF($F8-O$2>0,"",[1]!thsiFinD("ths_adjustment_nvg_ratio_fund",$A8,O$2,O$3,"")/100) -> 0.94366197 | S8: =IF($F8-S$1>0,"",[1]!thsiFinD("ths_adjustment_nvg_ratio_fund",$A8,S$1,S$3,"")/100) -> 0.3299285 | T8: =IF($F8-T$2>0,"",[1]!thsiFinD("ths_adjustment_nvg_ratio_fund",$A8,T$2,T$3,"")/100) | U8: =IF($F8-U$2>0,"",[1]!thsiFinD("ths_adjustment_nvg_ratio_fund",$A8,U$2,U$3,"")/100) | X8: =IF(X$2-F8>0,[1]!thsiFinD("ths_max_retrace_rate_fund",A8,$X$2,$X$3)/100,[1]!thsiFinD("ths_max_retrace_rate_fund",A8,$F8,$X$3)/100) -> 0.43556895 | Z8: 0.09
A9: 013841.OF | B9: =[1]!thsiFinD("ths_fund_official_short_name_fund",A9) -> 银华集成电路混合C | C9: 存力 | D9: =[1]!thsiFinD("ths_fund_manager_current_fund",A9) -> 方建 | E9: =[1]!thsiFinD("ths_fund_establishment_date_fund",A9) -> 2021-12-08 | F9: =[1]!thsiFinD("ths_service_sd_fund",A9,"100",1,"101") -> 2021-12-08 | G9: =[1]!thsiFinD("ths_fund_scale_fund",A9,1)/100000000 -> 52.924386 | H9: =IF($F9-H$1>0,"",[1]!thsiFinD("ths_adjustment_nvg_ratio_fund",$A9,H$1,H$3,"")/100) -> -0.020064432 | I9: =IF($F9-#REF!>0,"",[1]!thsiFinD("ths_adjustment_nvg_ratio_fund",$A9,#REF!,I$3,"")/100) -> #REF! | J9: =IF($F9-J$2>0,"",[1]!thsiFinD("ths_adjustment_nvg_ratio_fund",$A9,J$2,J$3,"")/100) -> 0.41575144 | K9: =IF($F9-K$2>0,"",[1]!thsiFinD("ths_adjustment_nvg_ratio_fund",$A9,K$2,K$3,"")/100) -> 1.023458 | N9: =IF($F9-N$1>0,"",[1]!thsiFinD("ths_adjustment_nvg_ratio_fund",$A9,N$1,N$3,"")/100) -> 1.2401964 | O9: =IF($F9-O$2>0,"",[1]!thsiFinD("ths_adjustment_nvg_ratio_fund",$A9,O$2,O$3,"")/100) -> 0.49094587 | S9: =IF($F9-S$1>0,"",[1]!thsiFinD("ths_adjustment_nvg_ratio_fund",$A9,S$1,S$3,"")/100) -> 0.10746833 | T9: =IF($F9-T$2>0,"",[1]!thsiFinD("ths_adjustment_nvg_ratio_fund",$A9,T$2,T$3,"")/100) -> 0.043846422 | U9: =IF($F9-U$2>0,"",[1]!thsiFinD("ths_adjustment_nvg_ratio_fund",$A9,U$2,U$3,"")/100) -> -0.13400301 | X9: =IF(X$2-F9>0,[1]!thsiFinD("ths_max_retrace_rate_fund",A9,$X$2,$X$3)/100,[1]!thsiFinD("ths_max_retrace_rate_fund",A9,$F9,$X$3)/100) -> 0.40947049 | Z9: 0.1
A10: 017745.OF | B10: =[1]!thsiFinD("ths_fund_official_short_name_fund",A10) -> 嘉实绿色主题股票发起式C | C10: 存力 | D10: =[1]!thsiFinD("ths_fund_manager_current_fund",A10) -> 蔡丞丰 | E10: =[1]!thsiFinD("ths_fund_establishment_date_fund",A10) -> 2023-02-17 | F10: =[1]!thsiFinD("ths_service_sd_fund",A10,"100",1,"101") -> 2023-02-17 | G10: =[1]!thsiFinD("ths_fund_scale_fund",A10,1)/100000000 -> 5.3086975 | H10: =IF($F10-H$1>0,"",[1]!thsiFinD("ths_adjustment_nvg_ratio_fund",$A10,H$1,H$3,"")/100) -> 0.0043504836 | I10: =IF($F10-#REF!>0,"",[1]!thsiFinD("ths_adjustment_nvg_ratio_fund",$A10,#REF!,I$3,"")/100) -> #REF! | J10: =IF($F10-J$2>0,"",[1]!thsiFinD("ths_adjustment_nvg_ratio_fund",$A10,J$2,J$3,"")/100) -> 0.34304534 | K10: =IF($F10-K$2>0,"",[1]!thsiFinD("ths_adjustment_nvg_ratio_fund",$A10,K$2,K$3,"")/100) -> 0.90195411 | N10: =IF($F10-N$1>0,"",[1]!thsiFinD("ths_adjustment_nvg_ratio_fund",$A10,N$1,N$3,"")/100) -> 1.1818324 | O10: =IF($F10-O$2>0,"",[1]!thsiFinD("ths_adjustment_nvg_ratio_fund",$A10,O$2,O$3,"")/100) -> 0.41798649 | S10: =IF($F10-S$1>0,"",[1]!thsiFinD("ths_adjustment_nvg_ratio_fund",$A10,S$1,S$3,"")/100) -> 0.14715232 | T10: =IF($F10-T$2>0,"",[1]!thsiFinD("ths_adjustment_nvg_ratio_fund",$A10,T$2,T$3,"")/100) | U10: =IF($F10-U$2>0,"",[1]!thsiFinD("ths_adjustment_nvg_ratio_fund",$A10,U$2,U$3,"")/100) | X10: =IF(X$2-F10>0,[1]!thsiFinD("ths_max_retrace_rate_fund",A10,$X$2,$X$3)/100,[1]!thsiFinD("ths_max_retrace_rate_fund",A10,$F10,$X$3)/100) -> 0.41430399 | Z10: 0.07
A11: 014497.OF | B11: =[1]!thsiFinD("ths_fund_official_short_name_fund",A11) -> 诺安研究优选混合C | C11: 存力 | D11: =[1]!thsiFinD("ths_fund_manager_current_fund",A11) -> 周靖翔,邓心怡 | E11: =[1]!thsiFinD("ths_fund_establishment_date_fund",A11) -> 2021-12-22 | F11: =[1]!thsiFinD("ths_service_sd_fund",A11,"100",1,"101") -> 2025-12-18 | G11: =[1]!thsiFinD("ths_fund_scale_fund",A11,1)/100000000 -> 13.98774 | H11: =IF($F11-H$1>0,"",[1]!thsiFinD("ths_adjustment_nvg_ratio_fund",$A11,H$1,H$3,"")/100) -> -0.041276419 | I11: =IF($F11-#REF!>0,"",[1]!thsiFinD("ths_adjustment_nvg_ratio_fund",$A11,#REF!,I$3,"")/100) -> #REF! | J11: =IF($F11-J$2>0,"",[1]!thsiFinD("ths_adjustment_nvg_ratio_fund",$A11,J$2,J$3,"")/100) -> 0.2539433 | K11: =IF($F11-K$2>0,"",[1]!thsiFinD("ths_adjustment_nvg_ratio_fund",$A11,K$2,K$3,"")/100) -> 0.65657 | N11: =IF($F11-N$1>0,"",[1]!thsiFinD("ths_adjustment_nvg_ratio_fund",$A11,N$1,N$3,"")/100) -> 0.69194763 | O11: =IF($F11-O$2>0,"",[1]!thsiFinD("ths_adjustment_nvg_ratio_fund",$A11,O$2,O$3,"")/100) | S11: =IF($F11-S$1>0,"",[1]!thsiFinD("ths_adjustment_nvg_ratio_fund",$A11,S$1,S$3,"")/100) | T11: =IF($F11-T$2>0,"",[1]!thsiFinD("ths_adjustment_nvg_ratio_fund",$A11,T$2,T$3,"")/100) | U11: =IF($F11-U$2>0,"",[1]!thsiFinD("ths_adjustment_nvg_ratio_fund",$A11,U$2,U$3,"")/100) | X11: =IF(X$2-F11>0,[1]!thsiFinD("ths_max_retrace_rate_fund",A11,$X$2,$X$3)/100,[1]!thsiFinD("ths_max_retrace_rate_fund",A11,$F11,$X$3)/100) -> 0.18312465 | Z11: 0.08
A12: 001665.OF | B12: =[1]!thsiFinD("ths_fund_official_short_name_fund",A12) -> 平安鑫安混合C | C12: 电力 | D12: =[1]!thsiFinD("ths_fund_manager_current_fund",A12) -> 林清源 | E12: =[1]!thsiFinD("ths_fund_establishment_date_fund",A12) -> 2015-12-11 | F12: =[1]!thsiFinD("ths_service_sd_fund",A12,"100",1,"101") -> 2024-07-03 | G12: =[1]!thsiFinD("ths_fund_scale_fund",A12,1)/100000000 -> 12.298073 | H12: =IF($F12-H$1>0,"",[1]!thsiFinD("ths_adjustment_nvg_ratio_fund",$A12,H$1,H$3,"")/100) -> -0.0065220241 | I12: =IF($F12-#REF!>0,"",[1]!thsiFinD("ths_adjustment_nvg_ratio_fund",$A12,#REF!,I$3,"")/100) -> #REF! | J12: =IF($F12-J$2>0,"",[1]!thsiFinD("ths_adjustment_nvg_ratio_fund",$A12,J$2,J$3,"")/100) -> 0.072039892 | K12: =IF($F12-K$2>0,"",[1]!thsiFinD("ths_adjustment_nvg_ratio_fund",$A12,K$2,K$3,"")/100) -> 0.21905413 | N12: =IF($F12-N$1>0,"",[1]!thsiFinD("ths_adjustment_nvg_ratio_fund",$A12,N$1,N$3,"")/100) -> 0.52265421 | O12: =IF($F12-O$2>0,"",[1]!thsiFinD("ths_adjustment_nvg_ratio_fund",$A12,O$2,O$3,"")/100) -> 0.67308177 | S12: =IF($F12-S$1>0,"",[1]!thsiFinD("ths_adjustment_nvg_ratio_fund",$A12,S$1,S$3,"")/100) | T12: =IF($F12-T$2>0,"",[1]!thsiFinD("ths_adjustment_nvg_ratio_fund",$A12,T$2,T$3,"")/100) | U12: =IF($F12-U$2>0,"",[1]!thsiFinD("ths_adjustment_nvg_ratio_fund",$A12,U$2,U$3,"")/100) | X12: =IF(X$2-F12>0,[1]!thsiFinD("ths_max_retrace_rate_fund",A12,$X$2,$X$3)/100,[1]!thsiFinD("ths_max_retrace_rate_fund",A12,$F12,$X$3)/100) -> 0.24031498 | Z12: 0.1
A13: 002164.OF | B13: =[1]!thsiFinD("ths_fund_official_short_name_fund",A13) -> 汇添富新睿精选混合C | C13: 电力 | D13: =[1]!thsiFinD("ths_fund_manager_current_fund",A13) -> 花秀宁 | E13: =[1]!thsiFinD("ths_fund_establishment_date_fund",A13) -> 2016-12-21 | F13: =[1]!thsiFinD("ths_service_sd_fund",A13,"100",1,"101") -> 2025-10-15 | G13: =[1]!thsiFinD("ths_fund_scale_fund",A13,1)/100000000 -> 26.797183 | H13: =IF($F13-H$1>0,"",[1]!thsiFinD("ths_adjustment_nvg_ratio_fund",$A13,H$1,H$3,"")/100) -> -0.039087948 | I13: =IF($F13-#REF!>0,"",[1]!thsiFinD("ths_adjustment_nvg_ratio_fund",$A13,#REF!,I$3,"")/100) -> #REF! | J13: =IF($F13-J$2>0,"",[1]!thsiFinD("ths_adjustment_nvg_ratio_fund",$A13,J$2,J$3,"")/100) -> 0.013745704 | K13: =IF($F13-K$2>0,"",[1]!thsiFinD("ths_adjustment_nvg_ratio_fund",$A13,K$2,K$3,"")/100) -> 0.19675456 | N13: =IF($F13-N$1>0,"",[1]!thsiFinD("ths_adjustment_nvg_ratio_fund",$A13,N$1,N$3,"")/100) -> 0.33484163 | O13: =IF($F13-O$2>0,"",[1]!thsiFinD("ths_adjustment_nvg_ratio_fund",$A13,O$2,O$3,"")/100) | S13: =IF($F13-S$1>0,"",[1]!thsiFinD("ths_adjustment_nvg_ratio_fund",$A13,S$1,S$3,"")/100) | T13: =IF($F13-T$2>0,"",[1]!thsiFinD("ths_adjustment_nvg_ratio_fund",$A13,T$2,T$3,"")/100) | U13: =IF($F13-U$2>0,"",[1]!thsiFinD("ths_adjustment_nvg_ratio_fund",$A13,U$2,U$3,"")/100) | X13: =IF(X$2-F13>0,[1]!thsiFinD("ths_max_retrace_rate_fund",A13,$X$2,$X$3)/100,[1]!thsiFinD("ths_max_retrace_rate_fund",A13,$F13,$X$3)/100) -> 0.17997685 | Z13: 0.05
A14: 014674.OF | B14: =[1]!thsiFinD("ths_fund_official_short_name_fund",A14) -> 富国中证港股通互联网ETF发起式联接C | C14: 恒生科技 | D14: =[1]!thsiFinD("ths_fund_manager_current_fund",A14) -> 蔡卡尔,田希蒙 | E14: =[1]!thsiFinD("ths_fund_establishment_date_fund",A14) -> 2022-01-11 | F14: =[1]!thsiFinD("ths_service_sd_fund",A14,"100",1,"101") -> 2023-01-31 | G14: =[1]!thsiFinD("ths_fund_scale_fund",A14,1)/100000000 -> 57.828269 | H14: =IF($F14-H$1>0,"",[1]!thsiFinD("ths_adjustment_nvg_ratio_fund",$A14,H$1,H$3,"")/100) -> 0.073344948 | I14: =IF($F14-#REF!>0,"",[1]!thsiFinD("ths_adjustment_nvg_ratio_fund",$A14,#REF!,I$3,"")/100) -> #REF! | J14: =IF($F14-J$2>0,"",[1]!thsiFinD("ths_adjustment_nvg_ratio_fund",$A14,J$2,J$3,"")/100) -> -0.13274212 | K14: =IF($F14-K$2>0,"",[1]!thsiFinD("ths_adjustment_nvg_ratio_fund",$A14,K$2,K$3,"")/100) -> -0.20533987 | N14: =IF($F14-N$1>0,"",[1]!thsiFinD("ths_adjustment_nvg_ratio_fund",$A14,N$1,N$3,"")/100) -> -0.34790432 | O14: =IF($F14-O$2>0,"",[1]!thsiFinD("ths_adjustment_nvg_ratio_fund",$A14,O$2,O$3,"")/100) -> 0.1908243 | S14: =IF($F14-S$1>0,"",[1]!thsiFinD("ths_adjustment_nvg_ratio_fund",$A14,S$1,S$3,"")/100) -> 0.21706263 | T14: =IF($F14-T$2>0,"",[1]!thsiFinD("ths_adjustment_nvg_ratio_fund",$A14,T$2,T$3,"")/100) | U14: =IF($F14-U$2>0,"",[1]!thsiFinD("ths_adjustment_nvg_ratio_fund",$A14,U$2,U$3,"")/100) | X14: =IF(X$2-F14>0,[1]!thsiFinD("ths_max_retrace_rate_fund",A14,$X$2,$X$3)/100,[1]!thsiFinD("ths_max_retrace_rate_fund",A14,$F14,$X$3)/100) -> 0.50982067 | Z14: 0.1
A15: 013566.OF | B15: =[1]!thsiFinD("ths_fund_official_short_name_fund",A15) -> 华夏军工安全混合C | C15: 军工 | D15: =[1]!thsiFinD("ths_fund_manager_current_fund",A15) -> 万方方 | E15: =[1]!thsiFinD("ths_fund_establishment_date_fund",A15) -> 2021-12-06 | F15: =[1]!thsiFinD("ths_service_sd_fund",A15,"100",1,"101") -> 2021-12-06 | G15: =[1]!thsiFinD("ths_fund_scale_fund",A15,1)/100000000 -> 39.598912 | H15: =IF($F15-H$1>0,"",[1]!thsiFinD("ths_adjustment_nvg_ratio_fund",$A15,H$1,H$3,"")/100) -> 0.045934959 | I15: =IF($F15-#REF!>0,"",[1]!thsiFinD("ths_adjustment_nvg_ratio_fund",$A15,#REF!,I$3,"")/100) -> #REF! | J15: =IF($F15-J$2>0,"",[1]!thsiFinD("ths_adjustment_nvg_ratio_fund",$A15,J$2,J$3,"")/100) -> 0.10098417 | K15: =IF($F15-K$2>0,"",[1]!thsiFinD("ths_adjustment_nvg_ratio_fund",$A15,K$2,K$3,"")/100) -> 0.22232779 | N15: =IF($F15-N$1>0,"",[1]!thsiFinD("ths_adjustment_nvg_ratio_fund",$A15,N$1,N$3,"")/100) -> 0.3067547 | O15: =IF($F15-O$2>0,"",[1]!thsiFinD("ths_adjustment_nvg_ratio_fund",$A15,O$2,O$3,"")/100) -> 0.46068249 | S15: =IF($F15-S$1>0,"",[1]!thsiFinD("ths_adjustment_nvg_ratio_fund",$A15,S$1,S$3,"")/100) -> 0.01221374 | T15: =IF($F15-T$2>0,"",[1]!thsiFinD("ths_adjustment_nvg_ratio_fund",$A15,T$2,T$3,"")/100) -> -0.22531047 | U15: =IF($F15-U$2>0,"",[1]!thsiFinD("ths_adjustment_nvg_ratio_fund",$A15,U$2,U$3,"")/100) -> -0.19781784 | X15: =IF(X$2-F15>0,[1]!thsiFinD("ths_max_retrace_rate_fund",A15,$X$2,$X$3)/100,[1]!thsiFinD("ths_max_retrace_rate_fund",A15,$F15,$X$3)/100) -> 0.41499086 | Z15: 0.1
B16: 神鹿1号 | H16: =VLOOKUP(H$3,净值曲线!$A:$F,3,1)/VLOOKUP(H$2,净值曲线!$A:$F,3,1)-1 -> -0.029698805 | I16: =VLOOKUP(I$3,净值曲线!$A:$F,3,0)/VLOOKUP(#REF!,净值曲线!$A:$F,3,0)-1 -> #REF! | J16: =VLOOKUP(J$3,净值曲线!$A:$F,3,1)/VLOOKUP(J$2,净值曲线!$A:$F,3,1)-1 -> 0.10700583 | K16: =VLOOKUP(K$3,净值曲线!$A:$F,3,1)/VLOOKUP(K$2,净值曲线!$A:$F,3,1)-1 -> 0.39368117 | L16: =VLOOKUP(L$3,净值曲线!$A:$F,3,0)/VLOOKUP(L$2,净值曲线!$A:$F,3,0)-1 -> 0.33003821 | M16: =VLOOKUP(M$3,净值曲线!$A:$F,3,0)/VLOOKUP(M$2,净值曲线!$A:$F,3,0)-1 -> 0.62119999 | N16: =VLOOKUP(N$3,净值曲线!$A:$F,3,1)/VLOOKUP(N$2,净值曲线!$A:$F,3,1)-1 -> 0.32946679 | O16: =VLOOKUP(O$3,净值曲线!$A:$F,3,0)/VLOOKUP(O$2,净值曲线!$A:$F,3,0)-1 -> 0.40245768 | P16: =VLOOKUP(P$3,净值曲线!$A:$F,3,0)/VLOOKUP(P$1,净值曲线!$A:$F,3,0)-1 -> #NAME? | Q16: =VLOOKUP(Q$3,净值曲线!$A:$F,3,0)/VLOOKUP(Q$2,净值曲线!$A:$F,3,0)-1 -> 0.040167484 | R16: =VLOOKUP(R$3,净值曲线!$A:$F,3,0)/VLOOKUP(R$2,净值曲线!$A:$F,3,0)-1 -> 0.066459737 | S16: -0.004 | T16: -0.12 | U16: -0.204 | V16: 0.087 | W16: - | Y16: =(VLOOKUP($D$3,净值曲线!A:Q,3,0)/(VLOOKUP($AA$16,净值曲线!A:Q,3,0))-1) -> 0.92464931 | AA16: 43900
B17: 中证偏股基金指数 | H17: =VLOOKUP(H$3,净值曲线!A:K,11,1)/VLOOKUP(H$2,净值曲线!A:K,11,1)-1 -> -0.007191029 | I17: =[1]!thsiFinD("ths_int_chg_ratio_index",$AB$1,#REF!,I$3)/100 -> #VALUE! | J17: =[1]!thsiFinD("ths_int_chg_ratio_index",$AB$1,J$1,J$3)/100 -> 0.040235146 | K17: =[1]!thsiFinD("ths_int_chg_ratio_index",$AB$1,K$1,K$3)/100 -> 0.18081186 | N17: =[1]!thsiFinD("ths_int_chg_ratio_index",$AB$1,N$1,N$3)/100 -> 0.17399577 | O17: =[1]!thsiFinD("ths_int_chg_ratio_index",$AB$1,O$1,O$3)/100 -> 0.30369662 | P17: =[1]!thsiFinD("ths_int_chg_ratio_index",$AB$1,P$1,P$3)/100 -> 0 | Q17: =[1]!thsiFinD("ths_int_chg_ratio_index",$AB$1,Q$1,Q$3)/100 -> 0.0095275625 | R17: =[1]!thsiFinD("ths_int_chg_ratio_index",$AB$1,R$1,R$3)/100 -> 0.037433341 | S17: =[1]!thsiFinD("ths_int_chg_ratio_index",$AB$1,S$1,S$3)/100 -> 0.039992479 | T17: =[1]!thsiFinD("ths_int_chg_ratio_index","930950.CSI",T$2,T$3)/100 -> -0.1460874 | U17: =[1]!thsiFinD("ths_int_chg_ratio_index","930950.CSI",U$2,U$3)/100 -> -0.21795023 | V17: =[1]!thsiFinD("ths_int_chg_ratio_index","930950.CSI",V$2,V$3)/100 -> 0.040515715 | W17: =[1]!thsiFinD("ths_int_chg_ratio_index","930950.CSI",W$2,W$3)/100 -> 0.51497287 | Y17: =(VLOOKUP($D$3,净值曲线!A:Q,11,0)/(VLOOKUP(#REF!,净值曲线!A:Q,11,0))-1) -> #REF!
B18: =金牛组合持仓!B20 -> 中证800 | H18: =金牛组合持仓!H20 -> -0.0024839019 | I18: =金牛组合持仓!I20 -> #N/A | J18: =金牛组合持仓!J20 -> 0.0031371594 | K18: =金牛组合持仓!K20 -> 0.099832448 | L18: =金牛组合持仓!L20 -> 0.07901402 | M18: =金牛组合持仓!M20 -> 0.29291581 | N18: =金牛组合持仓!N20 -> 0.079247577 | O18: =金牛组合持仓!O20 -> 0.20887859 | ... V18: =金牛组合持仓!V20 -> -0.0075563452 | W18: - | Y18: =[1]!thsiFinD("ths_int_chg_ratio_index",#REF!,AA16,H3)/100 -> 0
B19: 超额 | H19: =H16-H17 -> -0.022507775 | I19: =I16-I17 -> #REF! | J19: =J16-J17 -> 0.066770688 | K19: =K16-K17 -> 0.21286931 | L19: =L16-L17 -> 0.33003821 | M19: =M16-M17 -> 0.62119999 | N19: =N16-N17 -> 0.15547102 | O19: =O16-O17 -> 0.098761053 | S19: =S16-S18 -> -0.12602815 | T19: =T16-T18 -> -0.01626789 | U19: =U16-U18 -> 0.0091608095 | V19: =V16-V18 -> 0.094556345 | W19: -

Sheet 千里马白金（开放）
H1: =金牛组合持仓!H1 -> 46202 | J1: =J2+1 -> 46176 | K1: =K2+1 -> 46115 | L1: =L2+1 -> 46021 | M1: =M2+1 -> 45841 | N1: 46027 | O1: 45659 | P1: =P2+1 -> #NAME? | Q1: =Q2+1 -> 45778 | R1: =R2+1 -> 45808 | S1: 45293 | AA1: 金牛千里马 | AB1: 930950.CSI
D2: =D3 -> 46206 | H2: =金牛组合持仓!H2 -> 46199 | J2: =EDATE(J3,-1)-1 -> 46175 | K2: =EDATE(K3,-3)-1 -> 46114 | L2: =EDATE(L3,-6)-5 -> 46020 | M2: =EDATE(M3,-12)-1 -> 45840 | N2: 46022 | O2: 45657 | P2: =[2]!TDays("2025-03-31","2025-05-31","Period=M","Direction=H","cols=3;rows=1") -> #NAME? | Q2: 45777 | R2: 45807 | S2: 45289 | T2: 44927 | U2: 44562 | V2: 44197 | W2: 43831 | X2: =DATE(YEAR(D3)-3,MONTH(H3),DAY(H3)) -> 45110 | AA2: 神鹿 | AB2: 931187.CSI
D3: =金牛组合持仓!D3 -> 46206 | H3: =D3 -> 46206 | I3: =D3 -> 46206 | J3: =D3 -> 46206 | K3: =H3 -> 46206 | L3: =I3 -> 46206 | M3: =J3 -> 46206 | N3: =D3 -> 46206 | O3: 46022 | P3: =[2]!TDays("2025-04-30","2025-06-30","Period=M","Direction=H","cols=3;rows=1") -> #NAME? | Q3: 45807 | R3: 45838 | S3: 45657 | T3: 45289 | U3: 44926 | V3: 44561 | W3: 44196 | X3: =金牛组合持仓!X3 -> 46206 | AA3: 中证800 | AB3: 000906.SH
A4: 代码 | B4: 基金简称 | C4: 标签1 | D4: 基金经理 | E4: 成立日期 | F4: 任职日期 | G4: 基金经理规模（亿） | H4: 近一周 | J4: 近一月 | K4: 近三月 | N4: 2026YTD | O4: 2025年 | S4: 2024年 | T4: 2023年 | U4: 2022年 | V4: 2021年 | W4: 2020年 | X4: 近三年最大回撤 | Z4: 持仓权重
A5: 016276.OF | B5: =[1]!thsiFinD("ths_fund_official_short_name_fund",A5) -> 招商中证800指数增强A | C5: 800增强 | D5: =[1]!thsiFinD("ths_fund_manager_current_fund",A5) -> 王平 | E5: =[1]!thsiFinD("ths_fund_establishment_date_fund",A5) -> 2022-08-23 | F5: =[1]!thsiFinD("ths_service_sd_fund",A5,"100",1,"101") -> 2022-08-23 | G5: =[1]!thsiFinD("ths_fund_scale_fund",A5,1)/100000000 -> 2.1947306 | H5: =IF($F5-H$1>0,"",[1]!thsiFinD("ths_adjustment_nvg_ratio_fund",$A5,H$1,H$3,"")/100) -> -0.0014817808 | J5: =IF($F5-J$2>0,"",[1]!thsiFinD("ths_adjustment_nvg_ratio_fund",$A5,J$2,J$3,"")/100) -> 0.030587417 | K5: =IF($F5-K$2>0,"",[1]!thsiFinD("ths_adjustment_nvg_ratio_fund",$A5,K$2,K$3,"")/100) -> 0.11524863 | N5: =IF($F5-N$1>0,"",[1]!thsiFinD("ths_adjustment_nvg_ratio_fund",$A5,N$1,N$3,"")/100) -> 0.11853026 | O5: =IF($F5-O$2>0,"",[1]!thsiFinD("ths_adjustment_nvg_ratio_fund",$A5,O$2,O$3,"")/100) -> 0.30106999 | S5: =IF($F5-S$1>0,"",[1]!thsiFinD("ths_adjustment_nvg_ratio_fund",$A5,S$1,S$3,"")/100) -> 0.13093493 | T5: =IF($F5-T$2>0,"",[1]!thsiFinD("ths_adjustment_nvg_ratio_fund",$A5,T$2,T$3,"")/100) -> -0.060699153 | U5: =IF($F5-U$2>0,"",[1]!thsiFinD("ths_adjustment_nvg_ratio_fund",$A5,U$2,U$3,"")/100) | V5: =IF($F5-V$2>0,"",[1]!thsiFinD("ths_adjustment_nvg_ratio_fund",$A5,V$2,V$3,"")/100) | W5: =IF($F5-W$2>0,"",[1]!thsiFinD("ths_adjustment_nvg_ratio_fund",$A5,W$2,W$3,"")/100) | X5: =IF(X$2-F5>0,[1]!thsiFinD("ths_max_retrace_rate_fund",A5,$X$2,$X$3)/100,[1]!thsiFinD("ths_max_retrace_rate_fund",A5,$F5,$X$3)/100) -> 0.21445545 | Z5: 0.1
A6: 015718.OF | B6: =[1]!thsiFinD("ths_fund_official_short_name_fund",A6) -> 财通资管均衡臻选混合A | C6: 均衡-偏价值 | D6: =[1]!thsiFinD("ths_fund_manager_current_fund",A6) -> 王浩冰 | E6: =[1]!thsiFinD("ths_fund_establishment_date_fund",A6) -> 2022-11-15 | F6: =[1]!thsiFinD("ths_service_sd_fund",A6,"100",1,"101") -> 2024-03-19 | G6: =[1]!thsiFinD("ths_fund_scale_fund",A6,1)/100000000 -> 8.5081517 | H6: =IF($F6-H$1>0,"",[1]!thsiFinD("ths_adjustment_nvg_ratio_fund",$A6,H$1,H$3,"")/100) -> 0.031253288 | J6: =IF($F6-J$2>0,"",[1]!thsiFinD("ths_adjustment_nvg_ratio_fund",$A6,J$2,J$3,"")/100) -> -0.040814329 | K6: =IF($F6-K$2>0,"",[1]!thsiFinD("ths_adjustment_nvg_ratio_fund",$A6,K$2,K$3,"")/100) -> -0.079293499 | N6: =IF($F6-N$1>0,"",[1]!thsiFinD("ths_adjustment_nvg_ratio_fund",$A6,N$1,N$3,"")/100) -> -0.082826392 | O6: =IF($F6-O$2>0,"",[1]!thsiFinD("ths_adjustment_nvg_ratio_fund",$A6,O$2,O$3,"")/100) -> 0.32027678 | S6: =IF($F6-S$1>0,"",[1]!thsiFinD("ths_adjustment_nvg_ratio_fund",$A6,S$1,S$3,"")/100) | T6: =IF($F6-T$2>0,"",[1]!thsiFinD("ths_adjustment_nvg_ratio_fund",$A6,T$2,T$3,"")/100) | U6: =IF($F6-U$2>0,"",[1]!thsiFinD("ths_adjustment_nvg_ratio_fund",$A6,U$2,U$3,"")/100) | X6: =IF(X$2-F6>0,[1]!thsiFinD("ths_max_retrace_rate_fund",A6,$X$2,$X$3)/100,[1]!thsiFinD("ths_max_retrace_rate_fund",A6,$F6,$X$3)/100) -> 0.18826974 | Z6: 0.06
A7: 007126.OF | B7: =[1]!thsiFinD("ths_fund_official_short_name_fund",A7) -> 博道远航混合A | C7: 偏股增强 | D7: =[1]!thsiFinD("ths_fund_manager_current_fund",A7) -> 杨梦 | E7: =[1]!thsiFinD("ths_fund_establishment_date_fund",A7) -> 2019-04-30 | F7: =[1]!thsiFinD("ths_service_sd_fund",A7,"100",1,"101") -> 2019-04-30 | G7: =[1]!thsiFinD("ths_fund_scale_fund",A7,1)/100000000 -> 25.009107 | H7: =IF($F7-H$1>0,"",[1]!thsiFinD("ths_adjustment_nvg_ratio_fund",$A7,H$1,H$3,"")/100) -> -0.0090293454 | J7: =IF($F7-J$2>0,"",[1]!thsiFinD("ths_adjustment_nvg_ratio_fund",$A7,J$2,J$3,"")/100) -> 0.060877166 | K7: =IF($F7-K$2>0,"",[1]!thsiFinD("ths_adjustment_nvg_ratio_fund",$A7,K$2,K$3,"")/100) -> 0.18132371 | N7: =IF($F7-N$1>0,"",[1]!thsiFinD("ths_adjustment_nvg_ratio_fund",$A7,N$1,N$3,"")/100) -> 0.17446494 | O7: =IF($F7-O$2>0,"",[1]!thsiFinD("ths_adjustment_nvg_ratio_fund",$A7,O$2,O$3,"")/100) -> 0.30529757 | S7: =IF($F7-S$1>0,"",[1]!thsiFinD("ths_adjustment_nvg_ratio_fund",$A7,S$1,S$3,"")/100) -> 0.12229181 | T7: =IF($F7-T$2>0,"",[1]!thsiFinD("ths_adjustment_nvg_ratio_fund",$A7,T$2,T$3,"")/100) -> -0.038721223 | U7: =IF($F7-U$2>0,"",[1]!thsiFinD("ths_adjustment_nvg_ratio_fund",$A7,U$2,U$3,"")/100) -> -0.21914502 | V7: =IF($F7-V$2>0,"",[1]!thsiFinD("ths_adjustment_nvg_ratio_fund",$A7,V$2,V$3,"")/100) -> 0.17739885 | W7: =IF($F7-W$2>0,"",[1]!thsiFinD("ths_adjustment_nvg_ratio_fund",$A7,W$2,W$3,"")/100) -> 0.42327505 | X7: =IF(X$2-F7>0,[1]!thsiFinD("ths_max_retrace_rate_fund",A7,$X$2,$X$3)/100,[1]!thsiFinD("ths_max_retrace_rate_fund",A7,$F7,$X$3)/100) -> 0.23711659 | Z7: 0.1
A8: 000965.OF | B8: =[1]!thsiFinD("ths_fund_official_short_name_fund",A8) -> 汇丰晋信新动力混合A | C8: 均衡-偏价值 | D8: =[1]!thsiFinD("ths_fund_manager_current_fund",A8) -> 闵良超 | E8: =[1]!thsiFinD("ths_fund_establishment_date_fund",A8) -> 2015-02-11 | F8: =[1]!thsiFinD("ths_service_sd_fund",A8,"100",1,"101") -> 2021-09-30 | G8: =[1]!thsiFinD("ths_fund_scale_fund",A8,1)/100000000 -> 25.856235 | H8: =IF($F8-H$1>0,"",[1]!thsiFinD("ths_adjustment_nvg_ratio_fund",$A8,H$1,H$3,"")/100) -> 0.040587824 | J8: =IF($F8-J$2>0,"",[1]!thsiFinD("ths_adjustment_nvg_ratio_fund",$A8,J$2,J$3,"")/100) -> -0.054629672 | K8: =IF($F8-K$2>0,"",[1]!thsiFinD("ths_adjustment_nvg_ratio_fund",$A8,K$2,K$3,"")/100) -> -0.092146003 | N8: =IF($F8-N$1>0,"",[1]!thsiFinD("ths_adjustment_nvg_ratio_fund",$A8,N$1,N$3,"")/100) -> -0.046445584 | O8: =IF($F8-O$2>0,"",[1]!thsiFinD("ths_adjustment_nvg_ratio_fund",$A8,O$2,O$3,"")/100) -> 0.34169125 | S8: =IF($F8-S$1>0,"",[1]!thsiFinD("ths_adjustment_nvg_ratio_fund",$A8,S$1,S$3,"")/100) -> 0.10597169 | T8: =IF($F8-T$2>0,"",[1]!thsiFinD("ths_adjustment_nvg_ratio_fund",$A8,T$2,T$3,"")/100) -> 0.075660826 | U8: =IF($F8-U$2>0,"",[1]!thsiFinD("ths_adjustment_nvg_ratio_fund",$A8,U$2,U$3,"")/100) -> -0.16415317 | V8: =IF($F8-V$2>0,"",[1]!thsiFinD("ths_adjustment_nvg_ratio_fund",$A8,V$2,V$3,"")/100) | W8: =IF($F8-W$2>0,"",[1]!thsiFinD("ths_adjustment_nvg_ratio_fund",$A8,W$2,W$3,"")/100) | X8: =IF(X$2-F8>0,[1]!thsiFinD("ths_max_retrace_rate_fund",A8,$X$2,$X$3)/100,[1]!thsiFinD("ths_max_retrace_rate_fund",A8,$F8,$X$3)/100) -> 0.24066287 | Z8: 0.1
A9: 016840.OF | B9: =[1]!thsiFinD("ths_fund_official_short_name_fund",A9) -> 博道惠泰优选混合A | C9: 均衡成长 | D9: =[1]!thsiFinD("ths_fund_manager_current_fund",A9) -> 孙文龙 | E9: =[1]!thsiFinD("ths_fund_establishment_date_fund",A9) -> 2023-01-18 | F9: =[1]!thsiFinD("ths_service_sd_fund",A9,"100",1,"101") -> 2023-01-18 | G9: =[1]!thsiFinD("ths_fund_scale_fund",A9,1)/100000000 -> 5.0687625 | H9: =IF($F9-H$1>0,"",[1]!thsiFinD("ths_adjustment_nvg_ratio_fund",$A9,H$1,H$3,"")/100) -> 0.022093935 | J9: =IF($F9-J$2>0,"",[1]!thsiFinD("ths_adjustment_nvg_ratio_fund",$A9,J$2,J$3,"")/100) -> -0.015919852 | K9: =IF($F9-K$2>0,"",[1]!thsiFinD("ths_adjustment_nvg_ratio_fund",$A9,K$2,K$3,"")/100) -> 0.047246969 | N9: =IF($F9-N$1>0,"",[1]!thsiFinD("ths_adjustment_nvg_ratio_fund",$A9,N$1,N$3,"")/100) -> 0.077541513 | O9: =IF($F9-O$2>0,"",[1]!thsiFinD("ths_adjustment_nvg_ratio_fund",$A9,O$2,O$3,"")/100) -> 0.25143394 | S9: =IF($F9-S$1>0,"",[1]!thsiFinD("ths_adjustment_nvg_ratio_fund",$A9,S$1,S$3,"")/100) -> 0.19452922 | T9: =IF($F9-T$2>0,"",[1]!thsiFinD("ths_adjustment_nvg_ratio_fund",$A9,T$2,T$3,"")/100) | U9: =IF($F9-U$2>0,"",[1]!thsiFinD("ths_adjustment_nvg_ratio_fund",$A9,U$2,U$3,"")/100) | V9: =IF($F9-V$2>0,"",[1]!thsiFinD("ths_adjustment_nvg_ratio_fund",$A9,V$2,V$3,"")/100) | X9: =IF(X$2-F9>0,[1]!thsiFinD("ths_max_retrace_rate_fund",A9,$X$2,$X$3)/100,[1]!thsiFinD("ths_max_retrace_rate_fund",A9,$F9,$X$3)/100) -> 0.22501775 | Z9: 0.08
A10: 519183.OF | B10: =[1]!thsiFinD("ths_fund_official_short_name_fund",A10) -> 万家双引擎灵活配置混合A | C10: 周期成长 | D10: =[1]!thsiFinD("ths_fund_manager_current_fund",A10) -> 李杨 | E10: =[1]!thsiFinD("ths_fund_establishment_date_fund",A10) -> 2008-06-27 | F10: =[1]!thsiFinD("ths_service_sd_fund",A10,"100",1,"101") -> 2026-06-19 | G10: =[1]!thsiFinD("ths_fund_scale_fund",A10,1)/100000000 -> 17.666927 | H10: =IF($F10-H$1>0,"",[1]!thsiFinD("ths_adjustment_nvg_ratio_fund",$A10,H$1,H$3,"")/100) -> 0.010940235 | J10: =IF($F10-J$2>0,"",[1]!thsiFinD("ths_adjustment_nvg_ratio_fund",$A10,J$2,J$3,"")/100) | K10: =IF($F10-K$2>0,"",[1]!thsiFinD("ths_adjustment_nvg_ratio_fund",$A10,K$2,K$3,"")/100) | N10: =IF($F10-N$1>0,"",[1]!thsiFinD("ths_adjustment_nvg_ratio_fund",$A10,N$1,N$3,"")/100) | O10: =IF($F10-O$2>0,"",[1]!thsiFinD("ths_adjustment_nvg_ratio_fund",$A10,O$2,O$3,"")/100) | S10: =IF($F10-S$1>0,"",[1]!thsiFinD("ths_adjustment_nvg_ratio_fund",$A10,S$1,S$3,"")/100) | T10: =IF($F10-T$2>0,"",[1]!thsiFinD("ths_adjustment_nvg_ratio_fund",$A10,T$2,T$3,"")/100) | U10: =IF($F10-U$2>0,"",[1]!thsiFinD("ths_adjustment_nvg_ratio_fund",$A10,U$2,U$3,"")/100) | X10: =IF(X$2-F10>0,[1]!thsiFinD("ths_max_retrace_rate_fund",A10,$X$2,$X$3)/100,[1]!thsiFinD("ths_max_retrace_rate_fund",A10,$F10,$X$3)/100) -> 0.083618539 | Z10: 0.05
A11: 010826.OF | B11: =[1]!thsiFinD("ths_fund_official_short_name_fund",A11) -> 大成产业趋势混合A | C11: 周期成长 | D11: =[1]!thsiFinD("ths_fund_manager_current_fund",A11) -> 韩创 | E11: =[1]!thsiFinD("ths_fund_establishment_date_fund",A11) -> 2021-02-09 | F11: =[1]!thsiFinD("ths_service_sd_fund",A11,"100",1,"101") -> 2021-02-09 | G11: =[1]!thsiFinD("ths_fund_scale_fund",A11,1)/100000000 -> 36.014824 | H11: =IF($F11-H$1>0,"",[1]!thsiFinD("ths_adjustment_nvg_ratio_fund",$A11,H$1,H$3,"")/100) -> 0.055249745 | J11: =IF($F11-J$2>0,"",[1]!thsiFinD("ths_adjustment_nvg_ratio_fund",$A11,J$2,J$3,"")/100) -> -0.113395 | K11: =IF($F11-K$2>0,"",[1]!thsiFinD("ths_adjustment_nvg_ratio_fund",$A11,K$2,K$3,"")/100) -> -0.23264519 | N11: =IF($F11-N$1>0,"",[1]!thsiFinD("ths_adjustment_nvg_ratio_fund",$A11,N$1,N$3,"")/100) -> -0.091332017 | O11: =IF($F11-O$2>0,"",[1]!thsiFinD("ths_adjustment_nvg_ratio_fund",$A11,O$2,O$3,"")/100) -> 0.67894776 | S11: =IF($F11-S$1>0,"",[1]!thsiFinD("ths_adjustment_nvg_ratio_fund",$A11,S$1,S$3,"")/100) -> 0.066111111 | T11: =IF($F11-T$2>0,"",[1]!thsiFinD("ths_adjustment_nvg_ratio_fund",$A11,T$2,T$3,"")/100) -> -0.052698842 | U11: =IF($F11-U$2>0,"",[1]!thsiFinD("ths_adjustment_nvg_ratio_fund",$A11,U$2,U$3,"")/100) -> -0.11005553 | V11: =IF($F11-V$2>0,"",[1]!thsiFinD("ths_adjustment_nvg_ratio_fund",$A11,V$2,V$3,"")/100) | W11: =IF($F11-W$2>0,"",[1]!thsiFinD("ths_adjustment_nvg_ratio_fund",$A11,W$2,W$3,"")/100) | X11: =IF(X$2-F11>0,[1]!thsiFinD("ths_max_retrace_rate_fund",A11,$X$2,$X$3)/100,[1]!thsiFinD("ths_max_retrace_rate_fund",A11,$F11,$X$3)/100) -> 0.37605343 | Z11: 0.12
A12: 013955.OF | B12: =[1]!thsiFinD("ths_fund_official_short_name_fund",A12) -> 广发中小盘精选混合C | C12: 均衡成长 | D12: =[1]!thsiFinD("ths_fund_manager_current_fund",A12) -> 陈韫中 | E12: =[1]!thsiFinD("ths_fund_establishment_date_fund",A12) -> 2021-10-27 | F12: =[1]!thsiFinD("ths_service_sd_fund",A12,"100",1,"101") -> 2021-10-27 | G12: =[1]!thsiFinD("ths_fund_scale_fund",A12,1)/100000000 -> 20.9725 | H12: =IF($F12-H$1>0,"",[1]!thsiFinD("ths_adjustment_nvg_ratio_fund",$A12,H$1,H$3,"")/100) -> -0.03031071 | J12: =IF($F12-J$2>0,"",[1]!thsiFinD("ths_adjustment_nvg_ratio_fund",$A12,J$2,J$3,"")/100) -> 0.26040123 | K12: =IF($F12-K$2>0,"",[1]!thsiFinD("ths_adjustment_nvg_ratio_fund",$A12,K$2,K$3,"")/100) -> 0.44237946 | N12: =IF($F12-N$1>0,"",[1]!thsiFinD("ths_adjustment_nvg_ratio_fund",$A12,N$1,N$3,"")/100) -> 0.43869148 | O12: =IF($F12-O$2>0,"",[1]!thsiFinD("ths_adjustment_nvg_ratio_fund",$A12,O$2,O$3,"")/100) -> 0.53746098 | S12: =IF($F12-S$1>0,"",[1]!thsiFinD("ths_adjustment_nvg_ratio_fund",$A12,S$1,S$3,"")/100) -> 0.086398467 | T12: =IF($F12-T$2>0,"",[1]!thsiFinD("ths_adjustment_nvg_ratio_fund",$A12,T$2,T$3,"")/100) -> 0.0073974013 | U12: =IF($F12-U$2>0,"",[1]!thsiFinD("ths_adjustment_nvg_ratio_fund",$A12,U$2,U$3,"")/100) -> -0.25158868 | X12: =IF(X$2-F12>0,[1]!thsiFinD("ths_max_retrace_rate_fund",A12,$X$2,$X$3)/100,[1]!thsiFinD("ths_max_retrace_rate_fund",A12,$F12,$X$3)/100) -> 0.36591754 | Z12: 0.12
A13: 002170.OF | B13: =[1]!thsiFinD("ths_fund_official_short_name_fund",A13) -> 东吴移动互联混合C | C13: 积极成长 | D13: =[1]!thsiFinD("ths_fund_manager_current_fund",A13) -> 刘元海 | E13: =[1]!thsiFinD("ths_fund_establishment_date_fund",A13) -> 2015-11-26 | F13: =[1]!thsiFinD("ths_service_sd_fund",A13,"100",1,"101") -> 2016-04-27 | G13: =[1]!thsiFinD("ths_fund_scale_fund",A13,1)/100000000 -> 51.695712 | H13: =IF($F13-H$1>0,"",[1]!thsiFinD("ths_adjustment_nvg_ratio_fund",$A13,H$1,H$3,"")/100) -> -0.052565768 | J13: =IF($F13-J$2>0,"",[1]!thsiFinD("ths_adjustment_nvg_ratio_fund",$A13,J$2,J$3,"")/100) -> 0.01672768 | K13: =IF($F13-K$2>0,"",[1]!thsiFinD("ths_adjustment_nvg_ratio_fund",$A13,K$2,K$3,"")/100) -> 0.33122388 | N13: =IF($F13-N$1>0,"",[1]!thsiFinD("ths_adjustment_nvg_ratio_fund",$A13,N$1,N$3,"")/100) -> 0.3285724 | O13: =IF($F13-O$2>0,"",[1]!thsiFinD("ths_adjustment_nvg_ratio_fund",$A13,O$2,O$3,"")/100) -> 0.78688325 | S13: =IF($F13-S$1>0,"",[1]!thsiFinD("ths_adjustment_nvg_ratio_fund",$A13,S$1,S$3,"")/100) -> 0.32133633 | T13: =IF($F13-T$2>0,"",[1]!thsiFinD("ths_adjustment_nvg_ratio_fund",$A13,T$2,T$3,"")/100) -> 0.44643933 | U13: =IF($F13-U$2>0,"",[1]!thsiFinD("ths_adjustment_nvg_ratio_fund",$A13,U$2,U$3,"")/100) -> -0.33927789 | V13: =IF($F13-V$2>0,"",[1]!thsiFinD("ths_adjustment_nvg_ratio_fund",$A13,V$2,V$3,"")/100) -> 0.50804418 | X13: =IF(X$2-F13>0,[1]!thsiFinD("ths_max_retrace_rate_fund",A13,$X$2,$X$3)/100,[1]!thsiFinD("ths_max_retrace_rate_fund",A13,$F13,$X$3)/100) -> 0.34482877 | Z13: 0.1
A14: 013776.OF | B14: =[1]!thsiFinD("ths_fund_official_short_name_fund",A14) -> 中泰兴为价值精选混合A | C14: 价值 | D14: =[1]!thsiFinD("ths_fund_manager_current_fund",A14) -> 姜诚 | E14: =[1]!thsiFinD("ths_fund_establishment_date_fund",A14) -> 2022-01-18 | F14: =[1]!thsiFinD("ths_service_sd_fund",A14,"100",1,"101") -> 2022-01-18 | G14: =[1]!thsiFinD("ths_fund_scale_fund",A14,1)/100000000 -> 16.084866 | H14: =IF($F14-H$1>0,"",[1]!thsiFinD("ths_adjustment_nvg_ratio_fund",$A14,H$1,H$3,"")/100) -> 0.01699946 | J14: =IF($F14-J$2>0,"",[1]!thsiFinD("ths_adjustment_nvg_ratio_fund",$A14,J$2,J$3,"")/100) -> -0.08777733 | K14: =IF($F14-K$2>0,"",[1]!thsiFinD("ths_adjustment_nvg_ratio_fund",$A14,K$2,K$3,"")/100) -> -0.067002228 | N14: =IF($F14-N$1>0,"",[1]!thsiFinD("ths_adjustment_nvg_ratio_fund",$A14,N$1,N$3,"")/100) -> -0.044774858 | O14: =IF($F14-O$2>0,"",[1]!thsiFinD("ths_adjustment_nvg_ratio_fund",$A14,O$2,O$3,"")/100) -> 0.11291839 | S14: =IF($F14-S$1>0,"",[1]!thsiFinD("ths_adjustment_nvg_ratio_fund",$A14,S$1,S$3,"")/100) -> 0.1422117 | T14: =IF($F14-T$2>0,"",[1]!thsiFinD("ths_adjustment_nvg_ratio_fund",$A14,T$2,T$3,"")/100) -> -0.073819486 | U14: =IF($F14-U$2>0,"",[1]!thsiFinD("ths_adjustment_nvg_ratio_fund",$A14,U$2,U$3,"")/100) | V14: =IF($F14-V$2>0,"",[1]!thsiFinD("ths_adjustment_nvg_ratio_fund",$A14,V$2,V$3,"")/100) | X14: =IF(X$2-F14>0,[1]!thsiFinD("ths_max_retrace_rate_fund",A14,$X$2,$X$3)/100,[1]!thsiFinD("ths_max_retrace_rate_fund",A14,$F14,$X$3)/100) -> 0.21036121 | Z14: 0.08
A15: 008515.OF | B15: =[1]!thsiFinD("ths_fund_official_short_name_fund",A15) -> 国富基本面优选混合A | C15: 价值 | D15: =[1]!thsiFinD("ths_fund_manager_current_fund",A15) -> 赵晓东 | E15: =[1]!thsiFinD("ths_fund_establishment_date_fund",A15) -> 2020-02-13 | F15: =[1]!thsiFinD("ths_service_sd_fund",A15,"100",1,"101") -> 2020-02-13 | G15: =[1]!thsiFinD("ths_fund_scale_fund",A15,1)/100000000 -> 18.821025 | H15: =IF($F15-H$1>0,"",[1]!thsiFinD("ths_adjustment_nvg_ratio_fund",$A15,H$1,H$3,"")/100) -> 0.01674833 | J15: =IF($F15-J$2>0,"",[1]!thsiFinD("ths_adjustment_nvg_ratio_fund",$A15,J$2,J$3,"")/100) -> -0.10034684 | K15: =IF($F15-K$2>0,"",[1]!thsiFinD("ths_adjustment_nvg_ratio_fund",$A15,K$2,K$3,"")/100) -> -0.081152886 | N15: =IF($F15-N$1>0,"",[1]!thsiFinD("ths_adjustment_nvg_ratio_fund",$A15,N$1,N$3,"")/100) -> -0.080412537 | O15: =IF($F15-O$2>0,"",[1]!thsiFinD("ths_adjustment_nvg_ratio_fund",$A15,O$2,O$3,"")/100) -> 0.075846176 | S15: =IF($F15-S$1>0,"",[1]!thsiFinD("ths_adjustment_nvg_ratio_fund",$A15,S$1,S$3,"")/100) -> 0.2713002 | T15: =IF($F15-T$2>0,"",[1]!thsiFinD("ths_adjustment_nvg_ratio_fund",$A15,T$2,T$3,"")/100) -> -0.06735058 | U15: =IF($F15-U$2>0,"",[1]!thsiFinD("ths_adjustment_nvg_ratio_fund",$A15,U$2,U$3,"")/100) -> -0.071315154 | V15: =IF($F15-V$2>0,"",[1]!thsiFinD("ths_adjustment_nvg_ratio_fund",$A15,V$2,V$3,"")/100) -> 6.9041701e-05 | X15: =IF(X$2-F15>0,[1]!thsiFinD("ths_max_retrace_rate_fund",A15,$X$2,$X$3)/100,[1]!thsiFinD("ths_max_retrace_rate_fund",A15,$F15,$X$3)/100) -> 0.16198489 | Z15: 0.08
B16: 千里马白金（开放）涨跌 | H16: =VLOOKUP(H$3,净值曲线!$A:$F,5,1)/VLOOKUP(H$2,净值曲线!$A:$F,5,1)-1 -> 0.00061977449 | J16: =VLOOKUP(J$3,净值曲线!$A:$F,5,1)/VLOOKUP(J$2,净值曲线!$A:$F,5,1)-1 -> -0.0065805476 | K16: =VLOOKUP(K$3,净值曲线!$A:$F,5,1)/VLOOKUP(K$2,净值曲线!$A:$F,5,1)-1 -> 0.066870446 | N16: =VLOOKUP(N$3,净值曲线!$A:$F,5,1)/VLOOKUP(N$2,净值曲线!$A:$F,5,1)-1 -> 0.09399841 | O16: =VLOOKUP(O$3,净值曲线!$A:$F,5,0)/VLOOKUP(O$2,净值曲线!$A:$F,5,0)-1 -> 0.18629508 | S16: =VLOOKUP(S$3,净值曲线!$A:$F,5,0)/VLOOKUP(S$2,净值曲线!$A:$F,5,0)-1 -> 0.038092963 | T16: - | U16: - | V16: - | W16: - | Y16: =(VLOOKUP($D$3,净值曲线!A:Q,5,0)/(VLOOKUP($AA$16,净值曲线!A:Q,5,0))-1) -> 0.20602907 | AA16: 45037
B17: 中证偏股基金指数 | H17: =VLOOKUP(H$3,净值曲线!$A:$K,11,1)/VLOOKUP(H$2,净值曲线!$A:$K,11,1)-1 -> -0.007191029 | I17: =VLOOKUP(I$3,净值曲线!$A:$K,11,1)/VLOOKUP(I$2,净值曲线!$A:$K,11,1)-1 -> #N/A | J17: =VLOOKUP(J$3,净值曲线!$A:$K,11,1)/VLOOKUP(J$2,净值曲线!$A:$K,11,1)-1 -> 0.040235146 | K17: =VLOOKUP(K$3,净值曲线!$A:$K,11,1)/VLOOKUP(K$2,净值曲线!$A:$K,11,1)-1 -> 0.18081186 | L17: =VLOOKUP(L$3,净值曲线!$A:$K,11,1)/VLOOKUP(L$2,净值曲线!$A:$K,11,1)-1 -> 0.17109511 | M17: =VLOOKUP(M$3,净值曲线!$A:$K,11,1)/VLOOKUP(M$2,净值曲线!$A:$K,11,1)-1 -> 0.45680783 | N17: =VLOOKUP(N$3,净值曲线!$A:$K,11,1)/VLOOKUP(N$2,净值曲线!$A:$K,11,1)-1 -> 0.17399577 | O17: =VLOOKUP(O$3,净值曲线!$A:$K,11,1)/VLOOKUP(O$2,净值曲线!$A:$K,11,1)-1 -> 0.30369662 | ... S17: =VLOOKUP(S$3,净值曲线!$A:$K,11,1)/VLOOKUP(S$2,净值曲线!$A:$K,11,1)-1 -> 0.039992479 | T17: - | U17: - | V17: - | W17: -
B18: 沪深300 | H18: =VLOOKUP(H$3,净值曲线!$A:$K,8,1)/VLOOKUP(H$2,净值曲线!$A:$K,8,1)-1 -> -0.0053503739 | I18: =VLOOKUP(I$3,净值曲线!$A:$K,8,1)/VLOOKUP(I$2,净值曲线!$A:$K,8,1)-1 -> #N/A | J18: =VLOOKUP(J$3,净值曲线!$A:$K,8,1)/VLOOKUP(J$2,净值曲线!$A:$K,8,1)-1 -> -0.014728768 | K18: =VLOOKUP(K$3,净值曲线!$A:$K,8,1)/VLOOKUP(K$2,净值曲线!$A:$K,8,1)-1 -> 0.081104391 | L18: =VLOOKUP(L$3,净值曲线!$A:$K,8,1)/VLOOKUP(L$2,净值曲线!$A:$K,8,1)-1 -> 0.043713157 | M18: =VLOOKUP(M$3,净值曲线!$A:$K,8,1)/VLOOKUP(M$2,净值曲线!$A:$K,8,1)-1 -> 0.22782976 | N18: =VLOOKUP(N$3,净值曲线!$A:$K,8,1)/VLOOKUP(N$2,净值曲线!$A:$K,8,1)-1 -> 0.045839519 | O18: =VLOOKUP(O$3,净值曲线!$A:$K,8,1)/VLOOKUP(O$2,净值曲线!$A:$K,8,1)-1 -> 0.17663134 | ... S18: =VLOOKUP(S$3,净值曲线!$A:$K,8,1)/VLOOKUP(S$2,净值曲线!$A:$K,8,1)-1 -> 0.14683324 | T18: =VLOOKUP(T$3,净值曲线!$A:$K,9,1)/VLOOKUP(T$2,净值曲线!$A:$K,9,1)-1 -> -0.10373211 | U18: =VLOOKUP(U$3,净值曲线!$A:$K,9,1)/VLOOKUP(U$2,净值曲线!$A:$K,9,1)-1 -> -0.21316081 | V18: =VLOOKUP(V$3,净值曲线!$A:$K,9,1)/VLOOKUP(V$2,净值曲线!$A:$K,9,1)-1 -> -0.0075563452 | W18: =VLOOKUP(W$3,净值曲线!$A:$K,9,1)/VLOOKUP(W$2,净值曲线!$A:$K,9,1)-1 -> 0.25788144 | Y18: =(VLOOKUP($D$3,净值曲线!A:Q,9,0)/(VLOOKUP($AA$18,净值曲线!A:Q,9,0))-1) -> #N/A
B19: 超额 | H19: =H16-H17 -> 0.0078108035 | J19: =J16-J17 -> -0.046815694 | K19: =K16-K17 -> -0.11394141 | N19: =N16-N17 -> -0.079997357 | O19: =O16-O17 -> -0.11740155 | S19: =S16-S17 -> -0.0018995157 | T19: - | U19: - | V19: - | W19: -

Sheet 千里马5期
H1: =金牛组合持仓!H1 -> 46202 | J1: =J2+1 -> 46176 | K1: =K2+1 -> 46115 | L1: =L2+1 -> 46021 | M1: =M2+1 -> 45841 | N1: 46027 | O1: 45659 | P1: =P2+1 -> #NAME? | Q1: =Q2+1 -> 45778 | R1: =R2+1 -> 45808 | S1: 45293 | AA1: 金牛千里马 | AB1: 930950.CSI
D2: =D3 -> 46206 | H2: =金牛组合持仓!H2 -> 46199 | J2: =EDATE(J3,-1)-1 -> 46175 | K2: =EDATE(K3,-3)-1 -> 46114 | L2: =EDATE(L3,-6)-5 -> 46020 | M2: =EDATE(M3,-12)-1 -> 45840 | N2: 46022 | O2: 45657 | P2: =[2]!TDays("2025-03-31","2025-05-31","Period=M","Direction=H","cols=3;rows=1") -> #NAME? | Q2: 45777 | R2: 45807 | S2: 45289 | T2: 44927 | U2: 44562 | V2: 44197 | W2: 43831 | X2: =DATE(YEAR(D3)-3,MONTH(H3),DAY(H3)) -> 45110 | AA2: 神鹿 | AB2: 931187.CSI
D3: =金牛组合持仓!D3 -> 46206 | H3: =D3 -> 46206 | I3: =D3 -> 46206 | J3: =D3 -> 46206 | K3: =H3 -> 46206 | L3: =I3 -> 46206 | M3: =J3 -> 46206 | N3: =D3 -> 46206 | O3: 46022 | P3: =[2]!TDays("2025-04-30","2025-06-30","Period=M","Direction=H","cols=3;rows=1") -> #NAME? | Q3: 45807 | R3: 45838 | S3: 45657 | T3: 45289 | U3: 44926 | V3: 44561 | W3: 44196 | X3: =金牛组合持仓!X3 -> 46206 | AA3: 中证800 | AB3: 000906.SH
A4: 代码 | B4: 基金简称 | C4: 标签1 | D4: 基金经理 | E4: 成立日期 | F4: 任职日期 | G4: 基金经理规模（亿） | H4: 近一周 | J4: 近一月 | K4: 近三月 | N4: 2026YTD | O4: 2025年 | S4: 2024年 | T4: 2023年 | U4: 2022年 | V4: 2021年 | W4: 2020年 | X4: 近三年最大回撤 | Z4: 持仓权重
A5: 016276.OF | B5: =[1]!thsiFinD("ths_fund_official_short_name_fund",A5) -> 招商中证800指数增强A | C5: 800增强 | D5: =[1]!thsiFinD("ths_fund_manager_current_fund",A5) -> 王平 | E5: =[1]!thsiFinD("ths_fund_establishment_date_fund",A5) -> 2022-08-23 | F5: =[1]!thsiFinD("ths_service_sd_fund",A5,"100",1,"101") -> 2022-08-23 | G5: =[1]!thsiFinD("ths_fund_scale_fund",A5,1)/100000000 -> 2.1947306 | H5: =IF($F5-H$1>0,"",[1]!thsiFinD("ths_adjustment_nvg_ratio_fund",$A5,H$1,H$3,"")/100) -> -0.0014817808 | J5: =IF($F5-J$2>0,"",[1]!thsiFinD("ths_adjustment_nvg_ratio_fund",$A5,J$2,J$3,"")/100) -> 0.030587417 | K5: =IF($F5-K$2>0,"",[1]!thsiFinD("ths_adjustment_nvg_ratio_fund",$A5,K$2,K$3,"")/100) -> 0.11524863 | N5: =IF($F5-N$1>0,"",[1]!thsiFinD("ths_adjustment_nvg_ratio_fund",$A5,N$1,N$3,"")/100) -> 0.11853026 | O5: =IF($F5-O$2>0,"",[1]!thsiFinD("ths_adjustment_nvg_ratio_fund",$A5,O$2,O$3,"")/100) -> 0.30106999 | S5: =IF($F5-S$1>0,"",[1]!thsiFinD("ths_adjustment_nvg_ratio_fund",$A5,S$1,S$3,"")/100) -> 0.13093493 | T5: =IF($F5-T$2>0,"",[1]!thsiFinD("ths_adjustment_nvg_ratio_fund",$A5,T$2,T$3,"")/100) -> -0.060699153 | U5: =IF($F5-U$2>0,"",[1]!thsiFinD("ths_adjustment_nvg_ratio_fund",$A5,U$2,U$3,"")/100) | X5: =IF(X$2-F5>0,[1]!thsiFinD("ths_max_retrace_rate_fund",A5,$X$2,$X$3)/100,[1]!thsiFinD("ths_max_retrace_rate_fund",A5,$F5,$X$3)/100) -> 0.21445545 | Z5: 0.12
A6: 007994.OF | B6: =[1]!thsiFinD("ths_fund_official_short_name_fund",A6) -> 华夏中证500指数增强A | C6: 500增强 | D6: =[1]!thsiFinD("ths_fund_manager_current_fund",A6) -> 孙蒙 | E6: =[1]!thsiFinD("ths_fund_establishment_date_fund",A6) -> 2020-03-25 | F6: =[1]!thsiFinD("ths_service_sd_fund",A6,"100",1,"101") -> 2020-04-17 | G6: =[1]!thsiFinD("ths_fund_scale_fund",A6,1)/100000000 -> 38.063675 | H6: =IF($F6-H$1>0,"",[1]!thsiFinD("ths_adjustment_nvg_ratio_fund",$A6,H$1,H$3,"")/100) -> 0.011949408 | J6: =IF($F6-J$2>0,"",[1]!thsiFinD("ths_adjustment_nvg_ratio_fund",$A6,J$2,J$3,"")/100) -> 0.044873012 | K6: =IF($F6-K$2>0,"",[1]!thsiFinD("ths_adjustment_nvg_ratio_fund",$A6,K$2,K$3,"")/100) -> 0.10025984 | N6: =IF($F6-N$1>0,"",[1]!thsiFinD("ths_adjustment_nvg_ratio_fund",$A6,N$1,N$3,"")/100) -> 0.13675037 | O6: =IF($F6-O$2>0,"",[1]!thsiFinD("ths_adjustment_nvg_ratio_fund",$A6,O$2,O$3,"")/100) -> 0.28616202 | S6: =IF($F6-S$1>0,"",[1]!thsiFinD("ths_adjustment_nvg_ratio_fund",$A6,S$1,S$3,"")/100) -> 0.095280499 | T6: =IF($F6-T$2>0,"",[1]!thsiFinD("ths_adjustment_nvg_ratio_fund",$A6,T$2,T$3,"")/100) -> 0.031851035 | U6: =IF($F6-U$2>0,"",[1]!thsiFinD("ths_adjustment_nvg_ratio_fund",$A6,U$2,U$3,"")/100) -> -0.10405005 | X6: =IF(X$2-F6>0,[1]!thsiFinD("ths_max_retrace_rate_fund",A6,$X$2,$X$3)/100,[1]!thsiFinD("ths_max_retrace_rate_fund",A6,$F6,$X$3)/100) -> 0.22105146 | Z6: 0.1 | AC6: 组合 | AD6: 成立日 | AE6: 上周 | AF6: 近一月 | AG6: 近三月 | AH6: 2026YTD | AI6: 2025 | AJ6: 2024 | AK6: 2023 | AL6: 2022 | AM6: 成立以来
A7: 000965.OF | B7: =[1]!thsiFinD("ths_fund_official_short_name_fund",A7) -> 汇丰晋信新动力混合A | C7: 均衡 | D7: =[1]!thsiFinD("ths_fund_manager_current_fund",A7) -> 闵良超 | E7: =[1]!thsiFinD("ths_fund_establishment_date_fund",A7) -> 2015-02-11 | F7: =[1]!thsiFinD("ths_service_sd_fund",A7,"100",1,"101") -> 2021-09-30 | G7: =[1]!thsiFinD("ths_fund_scale_fund",A7,1)/100000000 -> 25.856235 | H7: =IF($F7-H$1>0,"",[1]!thsiFinD("ths_adjustment_nvg_ratio_fund",$A7,H$1,H$3,"")/100) -> 0.040587824 | J7: =IF($F7-J$2>0,"",[1]!thsiFinD("ths_adjustment_nvg_ratio_fund",$A7,J$2,J$3,"")/100) -> -0.054629672 | K7: =IF($F7-K$2>0,"",[1]!thsiFinD("ths_adjustment_nvg_ratio_fund",$A7,K$2,K$3,"")/100) -> -0.092146003 | N7: =IF($F7-N$1>0,"",[1]!thsiFinD("ths_adjustment_nvg_ratio_fund",$A7,N$1,N$3,"")/100) -> -0.046445584 | O7: =IF($F7-O$2>0,"",[1]!thsiFinD("ths_adjustment_nvg_ratio_fund",$A7,O$2,O$3,"")/100) -> 0.34169125 | S7: =IF($F7-S$1>0,"",[1]!thsiFinD("ths_adjustment_nvg_ratio_fund",$A7,S$1,S$3,"")/100) -> 0.10597169 | T7: =IF($F7-T$2>0,"",[1]!thsiFinD("ths_adjustment_nvg_ratio_fund",$A7,T$2,T$3,"")/100) -> 0.075660826 | U7: =IF($F7-U$2>0,"",[1]!thsiFinD("ths_adjustment_nvg_ratio_fund",$A7,U$2,U$3,"")/100) -> -0.16415317 | X7: =IF(X$2-F7>0,[1]!thsiFinD("ths_max_retrace_rate_fund",A7,$X$2,$X$3)/100,[1]!thsiFinD("ths_max_retrace_rate_fund",A7,$F7,$X$3)/100) -> 0.24066287 | Z7: 0.13 | AC7: 千里马5期 | AD7: 44462 | AE7: =H13 -> 0.002331591 | AF7: =J13 -> -0.0019810091 | AG7: =K13 -> 0.070843026 | AH7: =N13 -> 0.099692759 | AI7: =O13 -> 0.19729114 | AJ7: =S13 -> 0.086761757 | AK7: =T13 -> -0.12732402 | AL7: =U13 -> -0.193 | AM7: =Y13 -> 0.00745549
A8: 016840.OF | B8: =[1]!thsiFinD("ths_fund_official_short_name_fund",A8) -> 博道惠泰优选混合A | C8: 均衡成长 | D8: =[1]!thsiFinD("ths_fund_manager_current_fund",A8) -> 孙文龙 | E8: =[1]!thsiFinD("ths_fund_establishment_date_fund",A8) -> 2023-01-18 | F8: =[1]!thsiFinD("ths_service_sd_fund",A8,"100",1,"101") -> 2023-01-18 | G8: =[1]!thsiFinD("ths_fund_scale_fund",A8,1)/100000000 -> 5.0687625 | H8: =IF($F8-H$1>0,"",[1]!thsiFinD("ths_adjustment_nvg_ratio_fund",$A8,H$1,H$3,"")/100) -> 0.022093935 | J8: =IF($F8-J$2>0,"",[1]!thsiFinD("ths_adjustment_nvg_ratio_fund",$A8,J$2,J$3,"")/100) -> -0.015919852 | K8: =IF($F8-K$2>0,"",[1]!thsiFinD("ths_adjustment_nvg_ratio_fund",$A8,K$2,K$3,"")/100) -> 0.047246969 | N8: =IF($F8-N$1>0,"",[1]!thsiFinD("ths_adjustment_nvg_ratio_fund",$A8,N$1,N$3,"")/100) -> 0.077541513 | O8: =IF($F8-O$2>0,"",[1]!thsiFinD("ths_adjustment_nvg_ratio_fund",$A8,O$2,O$3,"")/100) -> 0.25143394 | S8: =IF($F8-S$1>0,"",[1]!thsiFinD("ths_adjustment_nvg_ratio_fund",$A8,S$1,S$3,"")/100) -> 0.19452922 | T8: =IF($F8-T$2>0,"",[1]!thsiFinD("ths_adjustment_nvg_ratio_fund",$A8,T$2,T$3,"")/100) | U8: =IF($F8-U$2>0,"",[1]!thsiFinD("ths_adjustment_nvg_ratio_fund",$A8,U$2,U$3,"")/100) | X8: =IF(X$2-F8>0,[1]!thsiFinD("ths_max_retrace_rate_fund",A8,$X$2,$X$3)/100,[1]!thsiFinD("ths_max_retrace_rate_fund",A8,$F8,$X$3)/100) -> 0.22501775 | Z8: 0.12 | AC8: 偏股基金 | AD8: - | AE8: =#REF! -> #REF! | AF8: =#REF! -> #REF! | AG8: =#REF! -> #REF! | AH8: =N14 -> 0.17399577 | AI8: =#REF! -> #REF! | AJ8: =#REF! -> #REF! | AK8: =#REF! -> #REF! | AL8: =#REF! -> #REF! | AM8: =[1]!thsiFinD("ths_int_chg_ratio_index",$AB$1,AD7,I$3)/100 -> 0.082950154
A9: 010826.OF | B9: =[1]!thsiFinD("ths_fund_official_short_name_fund",A9) -> 大成产业趋势混合A | C9: 周期成长 | D9: =[1]!thsiFinD("ths_fund_manager_current_fund",A9) -> 韩创 | E9: =[1]!thsiFinD("ths_fund_establishment_date_fund",A9) -> 2021-02-09 | F9: =[1]!thsiFinD("ths_service_sd_fund",A9,"100",1,"101") -> 2021-02-09 | G9: =[1]!thsiFinD("ths_fund_scale_fund",A9,1)/100000000 -> 36.014824 | H9: =IF($F9-H$1>0,"",[1]!thsiFinD("ths_adjustment_nvg_ratio_fund",$A9,H$1,H$3,"")/100) -> 0.055249745 | J9: =IF($F9-J$2>0,"",[1]!thsiFinD("ths_adjustment_nvg_ratio_fund",$A9,J$2,J$3,"")/100) -> -0.113395 | K9: =IF($F9-K$2>0,"",[1]!thsiFinD("ths_adjustment_nvg_ratio_fund",$A9,K$2,K$3,"")/100) -> -0.23264519 | N9: =IF($F9-N$1>0,"",[1]!thsiFinD("ths_adjustment_nvg_ratio_fund",$A9,N$1,N$3,"")/100) -> -0.091332017 | O9: =IF($F9-O$2>0,"",[1]!thsiFinD("ths_adjustment_nvg_ratio_fund",$A9,O$2,O$3,"")/100) -> 0.67894776 | S9: =IF($F9-S$1>0,"",[1]!thsiFinD("ths_adjustment_nvg_ratio_fund",$A9,S$1,S$3,"")/100) -> 0.066111111 | T9: =IF($F9-T$2>0,"",[1]!thsiFinD("ths_adjustment_nvg_ratio_fund",$A9,T$2,T$3,"")/100) -> -0.052698842 | U9: =IF($F9-U$2>0,"",[1]!thsiFinD("ths_adjustment_nvg_ratio_fund",$A9,U$2,U$3,"")/100) -> -0.11005553 | V9: =IF($F9-V$2>0,"",[1]!thsiFinD("ths_adjustment_nvg_ratio_fund",$A9,V$2,V$3,"")/100) | X9: =IF(X$2-F9>0,[1]!thsiFinD("ths_max_retrace_rate_fund",A9,$X$2,$X$3)/100,[1]!thsiFinD("ths_max_retrace_rate_fund",A9,$F9,$X$3)/100) -> 0.37605343 | Z9: 0.12 | AC9: 中证800 | AD9: - | AE9: =#REF! -> #REF! | AF9: =#REF! -> #REF! | AG9: =#REF! -> #REF! | AH9: =#REF! -> #REF! | AI9: =#REF! -> #REF! | AJ9: =#REF! -> #REF! | AK9: =#REF! -> #REF! | AL9: =#REF! -> #REF! | AM9: =[1]!thsiFinD("ths_int_chg_ratio_index",$AB$3,AD7,I$3)/100 -> 0.047742867
A10: 013955.OF | B10: =[1]!thsiFinD("ths_fund_official_short_name_fund",A10) -> 广发中小盘精选混合C | C10: 积极成长 | D10: =[1]!thsiFinD("ths_fund_manager_current_fund",A10) -> 陈韫中 | E10: =[1]!thsiFinD("ths_fund_establishment_date_fund",A10) -> 2021-10-27 | F10: =[1]!thsiFinD("ths_service_sd_fund",A10,"100",1,"101") -> 2021-10-27 | G10: =[1]!thsiFinD("ths_fund_scale_fund",A10,1)/100000000 -> 20.9725 | H10: =IF($F10-H$1>0,"",[1]!thsiFinD("ths_adjustment_nvg_ratio_fund",$A10,H$1,H$3,"")/100) -> -0.03031071 | J10: =IF($F10-J$2>0,"",[1]!thsiFinD("ths_adjustment_nvg_ratio_fund",$A10,J$2,J$3,"")/100) -> 0.26040123 | K10: =IF($F10-K$2>0,"",[1]!thsiFinD("ths_adjustment_nvg_ratio_fund",$A10,K$2,K$3,"")/100) -> 0.44237946 | N10: =IF($F10-N$1>0,"",[1]!thsiFinD("ths_adjustment_nvg_ratio_fund",$A10,N$1,N$3,"")/100) -> 0.43869148 | O10: =IF($F10-O$2>0,"",[1]!thsiFinD("ths_adjustment_nvg_ratio_fund",$A10,O$2,O$3,"")/100) -> 0.53746098 | S10: =IF($F10-S$1>0,"",[1]!thsiFinD("ths_adjustment_nvg_ratio_fund",$A10,S$1,S$3,"")/100) -> 0.086398467 | T10: =IF($F10-T$2>0,"",[1]!thsiFinD("ths_adjustment_nvg_ratio_fund",$A10,T$2,T$3,"")/100) -> 0.0073974013 | U10: =IF($F10-U$2>0,"",[1]!thsiFinD("ths_adjustment_nvg_ratio_fund",$A10,U$2,U$3,"")/100) -> -0.25158868 | V10: =IF($F10-V$2>0,"",[1]!thsiFinD("ths_adjustment_nvg_ratio_fund",$A10,V$2,V$3,"")/100) | X10: =IF(X$2-F10>0,[1]!thsiFinD("ths_max_retrace_rate_fund",A10,$X$2,$X$3)/100,[1]!thsiFinD("ths_max_retrace_rate_fund",A10,$F10,$X$3)/100) -> 0.36591754 | Z10: 0.12
A11: 002170.OF | B11: =[1]!thsiFinD("ths_fund_official_short_name_fund",A11) -> 东吴移动互联混合C | C11: 积极成长 | D11: =[1]!thsiFinD("ths_fund_manager_current_fund",A11) -> 刘元海 | E11: =[1]!thsiFinD("ths_fund_establishment_date_fund",A11) -> 2015-11-26 | F11: =[1]!thsiFinD("ths_service_sd_fund",A11,"100",1,"101") -> 2016-04-27 | G11: =[1]!thsiFinD("ths_fund_scale_fund",A11,1)/100000000 -> 51.695712 | H11: =IF($F11-H$1>0,"",[1]!thsiFinD("ths_adjustment_nvg_ratio_fund",$A11,H$1,H$3,"")/100) -> -0.052565768 | J11: =IF($F11-J$2>0,"",[1]!thsiFinD("ths_adjustment_nvg_ratio_fund",$A11,J$2,J$3,"")/100) -> 0.01672768 | K11: =IF($F11-K$2>0,"",[1]!thsiFinD("ths_adjustment_nvg_ratio_fund",$A11,K$2,K$3,"")/100) -> 0.33122388 | N11: =IF($F11-N$1>0,"",[1]!thsiFinD("ths_adjustment_nvg_ratio_fund",$A11,N$1,N$3,"")/100) -> 0.3285724 | O11: =IF($F11-O$2>0,"",[1]!thsiFinD("ths_adjustment_nvg_ratio_fund",$A11,O$2,O$3,"")/100) -> 0.78688325 | S11: =IF($F11-S$1>0,"",[1]!thsiFinD("ths_adjustment_nvg_ratio_fund",$A11,S$1,S$3,"")/100) -> 0.32133633 | T11: =IF($F11-T$2>0,"",[1]!thsiFinD("ths_adjustment_nvg_ratio_fund",$A11,T$2,T$3,"")/100) -> 0.44643933 | U11: =IF($F11-U$2>0,"",[1]!thsiFinD("ths_adjustment_nvg_ratio_fund",$A11,U$2,U$3,"")/100) -> -0.33927789 | X11: =IF(X$2-F11>0,[1]!thsiFinD("ths_max_retrace_rate_fund",A11,$X$2,$X$3)/100,[1]!thsiFinD("ths_max_retrace_rate_fund",A11,$F11,$X$3)/100) -> 0.34482877 | Z11: 0.12
A12: 013776.OF | B12: =[1]!thsiFinD("ths_fund_official_short_name_fund",A12) -> 中泰兴为价值精选混合A | C12: 价值 | D12: =[1]!thsiFinD("ths_fund_manager_current_fund",A12) -> 姜诚 | E12: =[1]!thsiFinD("ths_fund_establishment_date_fund",A12) -> 2022-01-18 | F12: =[1]!thsiFinD("ths_service_sd_fund",A12,"100",1,"101") -> 2022-01-18 | G12: =[1]!thsiFinD("ths_fund_scale_fund",A12,1)/100000000 -> 16.084866 | H12: =IF($F12-H$1>0,"",[1]!thsiFinD("ths_adjustment_nvg_ratio_fund",$A12,H$1,H$3,"")/100) -> 0.01699946 | J12: =IF($F12-J$2>0,"",[1]!thsiFinD("ths_adjustment_nvg_ratio_fund",$A12,J$2,J$3,"")/100) -> -0.08777733 | K12: =IF($F12-K$2>0,"",[1]!thsiFinD("ths_adjustment_nvg_ratio_fund",$A12,K$2,K$3,"")/100) -> -0.067002228 | N12: =IF($F12-N$1>0,"",[1]!thsiFinD("ths_adjustment_nvg_ratio_fund",$A12,N$1,N$3,"")/100) -> -0.044774858 | O12: =IF($F12-O$2>0,"",[1]!thsiFinD("ths_adjustment_nvg_ratio_fund",$A12,O$2,O$3,"")/100) -> 0.11291839 | S12: =IF($F12-S$1>0,"",[1]!thsiFinD("ths_adjustment_nvg_ratio_fund",$A12,S$1,S$3,"")/100) -> 0.1422117 | T12: =IF($F12-T$2>0,"",[1]!thsiFinD("ths_adjustment_nvg_ratio_fund",$A12,T$2,T$3,"")/100) -> -0.073819486 | U12: =IF($F12-U$2>0,"",[1]!thsiFinD("ths_adjustment_nvg_ratio_fund",$A12,U$2,U$3,"")/100) | X12: =IF(X$2-F12>0,[1]!thsiFinD("ths_max_retrace_rate_fund",A12,$X$2,$X$3)/100,[1]!thsiFinD("ths_max_retrace_rate_fund",A12,$F12,$X$3)/100) -> 0.21036121 | Z12: 0.15
B13: 千里马5期 | H13: =VLOOKUP(H$3,净值曲线!$A:$F,6,1)/VLOOKUP(H$2,净值曲线!$A:$F,6,1)-1 -> 0.002331591 | J13: =VLOOKUP(J$3,净值曲线!$A:$F,6,1)/VLOOKUP(J$2,净值曲线!$A:$F,6,1)-1 -> -0.0019810091 | K13: =VLOOKUP(K$3,净值曲线!$A:$F,6,1)/VLOOKUP(K$2,净值曲线!$A:$F,6,1)-1 -> 0.070843026 | N13: =VLOOKUP(N$3,净值曲线!$A:$F,6,1)/VLOOKUP(N$2,净值曲线!$A:$F,6,1)-1 -> 0.099692759 | O13: =VLOOKUP(O$3,净值曲线!$A:$F,6,0)/VLOOKUP(O$2,净值曲线!$A:$F,6,0)-1 -> 0.19729114 | S13: =VLOOKUP(S$3,净值曲线!$A:$F,6,0)/VLOOKUP(S$2,净值曲线!$A:$F,6,0)-1 -> 0.086761757 | T13: =VLOOKUP(T$3,净值曲线!$A:$F,6,0)/VLOOKUP(T$2-2,净值曲线!$A:$F,6,0)-1 -> -0.12732402 | U13: -0.193 | V13: - | W13: - | Y13: =(VLOOKUP($D$3,净值曲线!A:Q,6,0)/(VLOOKUP($AA$13,净值曲线!A:Q,6,0))-1) -> 0.00745549 | AA13: 44462
B14: 中证偏股基金指数 | H14: =VLOOKUP(H$3,净值曲线!$A:$K,11,1)/VLOOKUP(H$2,净值曲线!$A:$K,11,1)-1 -> -0.007191029 | I14: =VLOOKUP(I$3,净值曲线!$A:$K,11,1)/VLOOKUP(I$2,净值曲线!$A:$K,11,1)-1 -> #N/A | J14: =VLOOKUP(J$3,净值曲线!$A:$K,11,1)/VLOOKUP(J$2,净值曲线!$A:$K,11,1)-1 -> 0.040235146 | K14: =VLOOKUP(K$3,净值曲线!$A:$K,11,1)/VLOOKUP(K$2,净值曲线!$A:$K,11,1)-1 -> 0.18081186 | L14: =VLOOKUP(L$3,净值曲线!$A:$K,11,1)/VLOOKUP(L$2,净值曲线!$A:$K,11,1)-1 -> 0.17109511 | M14: =VLOOKUP(M$3,净值曲线!$A:$K,11,1)/VLOOKUP(M$2,净值曲线!$A:$K,11,1)-1 -> 0.45680783 | N14: =VLOOKUP(N$3,净值曲线!$A:$K,11,1)/VLOOKUP(N$2,净值曲线!$A:$K,11,1)-1 -> 0.17399577 | O14: =VLOOKUP(O$3,净值曲线!$A:$K,11,1)/VLOOKUP(O$2,净值曲线!$A:$K,11,1)-1 -> 0.30369662 | ... U14: =VLOOKUP(U$3,净值曲线!$A:$K,11,1)/VLOOKUP(U$2,净值曲线!$A:$K,11,1)-1 -> -0.21795023 | V14: - | W14: -
B15: 中证800 | H15: =VLOOKUP(H$3,净值曲线!$A:$K,9,1)/VLOOKUP(H$2,净值曲线!$A:$K,9,1)-1 -> -0.0024839019 | I15: =VLOOKUP(I$3,净值曲线!$A:$K,9,0)/VLOOKUP(I$2,净值曲线!$A:$K,9,0)-1 -> #N/A | J15: =VLOOKUP(J$3,净值曲线!$A:$K,9,1)/VLOOKUP(J$2,净值曲线!$A:$K,9,1)-1 -> 0.0031371594 | K15: =VLOOKUP(K$3,净值曲线!$A:$K,9,1)/VLOOKUP(K$2,净值曲线!$A:$K,9,1)-1 -> 0.099832448 | L15: =VLOOKUP(L$3,净值曲线!$A:$K,9,1)/VLOOKUP(L$2,净值曲线!$A:$K,9,1)-1 -> 0.07901402 | M15: =VLOOKUP(M$3,净值曲线!$A:$K,9,1)/VLOOKUP(M$2,净值曲线!$A:$K,9,1)-1 -> 0.29291581 | N15: =VLOOKUP(N$3,净值曲线!$A:$K,9,1)/VLOOKUP(N$2,净值曲线!$A:$K,9,1)-1 -> 0.079247577 | O15: =VLOOKUP(O$3,净值曲线!$A:$K,9,1)/VLOOKUP(O$2,净值曲线!$A:$K,9,1)-1 -> 0.20887859 | P15: =VLOOKUP(P$3,净值曲线!$A:$K,9,1)/VLOOKUP(P$2,净值曲线!$A:$K,9,1)-1 -> #NAME? | Q15: =VLOOKUP(Q$3,净值曲线!$A:$K,9,1)/VLOOKUP(Q$2,净值曲线!$A:$K,9,1)-1 -> 0.015495307 | ... W15: =VLOOKUP(W$3,净值曲线!$A:$K,9,1)/VLOOKUP(W$2,净值曲线!$A:$K,9,1)-1 -> 0.25788144 | Y15: =(VLOOKUP($D$3,净值曲线!A:Q,9,0)/(VLOOKUP($AA$18,净值曲线!A:Q,9,0))-1) -> #N/A
B16: 超额 | H16: =H13-H14 -> 0.00952262 | J16: =J13-J14 -> -0.042216156 | K16: =K13-K14 -> -0.10996883 | N16: =N13-N14 -> -0.074303008 | O16: =O13-O14 -> -0.10640548 | S16: =S13-S14 -> 0.046769279 | T16: =T13-T14 -> 0.01876338 | U16: =U13-U14 -> 0.024950228 | V16: - | W16: -

Sheet 玄驹竞速
H1: =金牛组合持仓!H1 -> 46202 | J1: =J2+1 -> 46176 | K1: =K2+1 -> 46115 | L1: =L2+1 -> 46021 | M1: =M2+1 -> 45841 | N1: 46027 | O1: 45659 | P1: =P2+1 -> #NAME? | Q1: =Q2+1 -> 45778 | R1: =R2+1 -> 45808 | S1: 45293 | AA1: 金牛千里马 | AB1: 930950.CSI
D2: =D3 -> 46206 | H2: =金牛组合持仓!H2 -> 46199 | J2: =EDATE(J3,-1)-1 -> 46175 | K2: =EDATE(K3,-3)-1 -> 46114 | L2: =EDATE(L3,-6)-5 -> 46020 | M2: =EDATE(M3,-12)-1 -> 45840 | N2: 46022 | O2: 45657 | P2: =[2]!TDays("2025-03-31","2025-05-31","Period=M","Direction=H","cols=3;rows=1") -> #NAME? | Q2: 45777 | R2: 45807 | S2: 45289 | T2: 44927 | U2: 44562 | V2: 44197 | W2: 43831 | X2: =DATE(YEAR(D3)-3,MONTH(H3),DAY(H3)) -> 45110 | AA2: 神鹿 | AB2: 931187.CSI
D3: =金牛组合持仓!D3 -> 46206 | H3: =D3 -> 46206 | I3: =D3 -> 46206 | J3: =D3 -> 46206 | K3: =H3 -> 46206 | L3: =I3 -> 46206 | M3: =J3 -> 46206 | N3: =D3 -> 46206 | O3: 46022 | P3: =[2]!TDays("2025-04-30","2025-06-30","Period=M","Direction=H","cols=3;rows=1") -> #NAME? | Q3: 45807 | R3: 45838 | S3: 45657 | T3: 45289 | U3: 44926 | V3: 44561 | W3: 44196 | X3: =金牛组合持仓!X3 -> 46206 | AA3: 中证800 | AB3: 000906.SH
A4: 代码 | B4: 基金简称 | C4: 标签1 | D4: 基金经理 | E4: 成立日期 | F4: 任职日期 | G4: 基金经理规模（亿） | H4: 近一周 | J4: 近一月 | K4: 近三月 | N4: 2026YTD | O4: 2025年 | P4: 2026年 | Q4: 2027年 | R4: 2028年 | S4: 2024年 | T4: 2023年 | U4: 2022年 | V4: 2021年 | W4: 2020年 | X4: 近三年最大回撤 | Z4: 持仓权重
A5: 008399.OF | B5: =[1]!thsiFinD("ths_fund_official_short_name_fund",A5) -> 华泰柏瑞中证科技100ETF联接A | D5: =[1]!thsiFinD("ths_fund_manager_current_fund",A5) -> 胡亦清,柳叶青 | E5: =[1]!thsiFinD("ths_fund_establishment_date_fund",A5) -> 2020-02-26 | F5: =[1]!thsiFinD("ths_service_sd_fund",A5,"100",1,"101") -> 2026-06-16 | G5: =[1]!thsiFinD("ths_fund_scale_fund",A5,1)/100000000 -> 2.040751 | H5: =IF($F5-H$1>0,"",[1]!thsiFinD("ths_adjustment_nvg_ratio_fund",$A5,H$1,H$3,"")/100) -> 0.017761324 | I5: =IF($F5-#REF!>0,"",[1]!thsiFinD("ths_adjustment_nvg_ratio_fund",$A5,#REF!,I$3,"")/100) -> #REF! | J5: =IF($F5-J$2>0,"",[1]!thsiFinD("ths_adjustment_nvg_ratio_fund",$A5,J$2,J$3,"")/100) | K5: =IF($F5-K$2>0,"",[1]!thsiFinD("ths_adjustment_nvg_ratio_fund",$A5,K$2,K$3,"")/100) | N5: =IF($F5-N$1>0,"",[1]!thsiFinD("ths_adjustment_nvg_ratio_fund",$A5,N$1,N$3,"")/100) | O5: =IF($F5-O$2>0,"",[1]!thsiFinD("ths_adjustment_nvg_ratio_fund",$A5,O$2,O$3,"")/100) | S5: =IF($F5-S$1>0,"",[1]!thsiFinD("ths_adjustment_nvg_ratio_fund",$A5,S$1,S$3,"")/100) | T5: =IF($F5-T$2>0,"",[1]!thsiFinD("ths_adjustment_nvg_ratio_fund",$A5,T$2,T$3,"")/100) | U5: =IF($F5-U$2>0,"",[1]!thsiFinD("ths_adjustment_nvg_ratio_fund",$A5,U$2,U$3,"")/100) | V5: =IF($F5-V$2>0,"",[1]!thsiFinD("ths_adjustment_nvg_ratio_fund",$A5,V$2,V$3,"")/100) | X5: =IF(X$2-F5>0,[1]!thsiFinD("ths_max_retrace_rate_fund",A5,$X$2,$X$3)/100,[1]!thsiFinD("ths_max_retrace_rate_fund",A5,$F5,$X$3)/100) -> 0.03300004 | Z5: 0.49 | AC5: 组合 | AD5: 成立日 | AE5: 上周 | AF5: 近一月 | AG5: 近三月 | AH5: 2026YTD | AI5: 2025 | AJ5: 2024 | AK5: 2023 | AL5: 2022 | AM5: 成立以来
A6: 021894.OF | B6: =[1]!thsiFinD("ths_fund_official_short_name_fund",A6) -> 易方达中证半导体材料设备主题ETF联接发起式C | D6: =[1]!thsiFinD("ths_fund_manager_current_fund",A6) -> 肖宛远 | E6: =[1]!thsiFinD("ths_fund_establishment_date_fund",A6) -> 2024-11-26 | F6: =[1]!thsiFinD("ths_service_sd_fund",A6,"100",1,"101") -> 2026-02-07 | G6: =[1]!thsiFinD("ths_fund_scale_fund",A6,1)/100000000 -> 17.144654 | H6: =IF($F6-H$1>0,"",[1]!thsiFinD("ths_adjustment_nvg_ratio_fund",$A6,H$1,H$3,"")/100) -> -0.013609981 | I6: =IF($F6-#REF!>0,"",[1]!thsiFinD("ths_adjustment_nvg_ratio_fund",$A6,#REF!,I$3,"")/100) -> #REF! | J6: =IF($F6-J$2>0,"",[1]!thsiFinD("ths_adjustment_nvg_ratio_fund",$A6,J$2,J$3,"")/100) -> 0.48146293 | K6: =IF($F6-K$2>0,"",[1]!thsiFinD("ths_adjustment_nvg_ratio_fund",$A6,K$2,K$3,"")/100) -> 1.0031161 | N6: =IF($F6-N$1>0,"",[1]!thsiFinD("ths_adjustment_nvg_ratio_fund",$A6,N$1,N$3,"")/100) | O6: =IF($F6-O$2>0,"",[1]!thsiFinD("ths_adjustment_nvg_ratio_fund",$A6,O$2,O$3,"")/100) | S6: =IF($F6-S$1>0,"",[1]!thsiFinD("ths_adjustment_nvg_ratio_fund",$A6,S$1,S$3,"")/100) | T6: =IF($F6-T$2>0,"",[1]!thsiFinD("ths_adjustment_nvg_ratio_fund",$A6,T$2,T$3,"")/100) | U6: =IF($F6-U$2>0,"",[1]!thsiFinD("ths_adjustment_nvg_ratio_fund",$A6,U$2,U$3,"")/100) | X6: =IF(X$2-F6>0,[1]!thsiFinD("ths_max_retrace_rate_fund",A6,$X$2,$X$3)/100,[1]!thsiFinD("ths_max_retrace_rate_fund",A6,$F6,$X$3)/100) -> 0.17948568 | Z6: 0.1667 | AC6: 玄驹竞速 | AD6: 44554 | AE6: =H10 -> -1.2048388e-05 | AF6: =J10 -> 0.12713494 | AG6: =K10 -> 0.34484591 | AH6: =N10 -> 0.27178287 | AI6: =O10 -> 0.31247762 | AJ6: =S10 -> -0.010125384 | AK6: =T10 -> -0.13325089 | AL6: =U10 -> -0.222 | AM6: =Y10 -> 0.1229583
A7: 007818.OF | B7: =[1]!thsiFinD("ths_fund_official_short_name_fund",A7) -> 国泰中证全指通信设备ETF联接C | D7: =[1]!thsiFinD("ths_fund_manager_current_fund",A7) -> 艾小军 | E7: =[1]!thsiFinD("ths_fund_establishment_date_fund",A7) -> 2019-09-03 | F7: =[1]!thsiFinD("ths_service_sd_fund",A7,"100",1,"101") -> 2019-09-03 | G7: =[1]!thsiFinD("ths_fund_scale_fund",A7,1)/100000000 -> 18.894889 | H7: =IF($F7-H$1>0,"",[1]!thsiFinD("ths_adjustment_nvg_ratio_fund",$A7,H$1,H$3,"")/100) -> -0.095603819 | I7: =IF($F7-#REF!>0,"",[1]!thsiFinD("ths_adjustment_nvg_ratio_fund",$A7,#REF!,I$3,"")/100) -> #REF! | J7: =IF($F7-J$2>0,"",[1]!thsiFinD("ths_adjustment_nvg_ratio_fund",$A7,J$2,J$3,"")/100) -> 0.031866501 | K7: =IF($F7-K$2>0,"",[1]!thsiFinD("ths_adjustment_nvg_ratio_fund",$A7,K$2,K$3,"")/100) -> 0.41442683 | N7: =IF($F7-N$1>0,"",[1]!thsiFinD("ths_adjustment_nvg_ratio_fund",$A7,N$1,N$3,"")/100) -> 0.50785432 | O7: =IF($F7-O$2>0,"",[1]!thsiFinD("ths_adjustment_nvg_ratio_fund",$A7,O$2,O$3,"")/100) -> 1.0878744 | S7: =IF($F7-S$1>0,"",[1]!thsiFinD("ths_adjustment_nvg_ratio_fund",$A7,S$1,S$3,"")/100) -> 0.30751081 | T7: =IF($F7-T$2>0,"",[1]!thsiFinD("ths_adjustment_nvg_ratio_fund",$A7,T$2,T$3,"")/100) -> 0.25348121 | U7: =IF($F7-U$2>0,"",[1]!thsiFinD("ths_adjustment_nvg_ratio_fund",$A7,U$2,U$3,"")/100) -> -0.25434163 | X7: =IF(X$2-F7>0,[1]!thsiFinD("ths_max_retrace_rate_fund",A7,$X$2,$X$3)/100,[1]!thsiFinD("ths_max_retrace_rate_fund",A7,$F7,$X$3)/100) -> 0.32324281 | Z7: 0.1667 | AC7: 偏股基金 | AD7: - | AE7: =H11 -> -0.007191029 | AF7: =J11 -> 0.040235146 | AG7: =K11 -> 0.18081186 | AH7: =N11 -> 0.17399577 | AI7: =O11 -> 0.30369662 | AJ7: =S11 -> 0.039992479 | AK7: =T11 -> -0.1460874 | AL7: =U11 -> -0.21795023 | AM7: -
A8: 020482.OF | B8: =[1]!thsiFinD("ths_fund_official_short_name_fund",A8) -> 招商中证机器人ETF发起联接C | D8: =[1]!thsiFinD("ths_fund_manager_current_fund",A8) -> 许荣漫 | E8: =[1]!thsiFinD("ths_fund_establishment_date_fund",A8) -> 2024-01-19 | F8: =[1]!thsiFinD("ths_service_sd_fund",A8,"100",1,"101") -> 2024-01-19 | G8: =[1]!thsiFinD("ths_fund_scale_fund",A8,1)/100000000 -> 10.956939 | H8: =IF($F8-H$1>0,"",[1]!thsiFinD("ths_adjustment_nvg_ratio_fund",$A8,H$1,H$3,"")/100) -> 0.08470434 | I8: =IF($F8-#REF!>0,"",[1]!thsiFinD("ths_adjustment_nvg_ratio_fund",$A8,#REF!,I$3,"")/100) -> #REF! | J8: =IF($F8-J$2>0,"",[1]!thsiFinD("ths_adjustment_nvg_ratio_fund",$A8,J$2,J$3,"")/100) -> 0.079876565 | K8: =IF($F8-K$2>0,"",[1]!thsiFinD("ths_adjustment_nvg_ratio_fund",$A8,K$2,K$3,"")/100) -> 0.25513864 | N8: =IF($F8-N$1>0,"",[1]!thsiFinD("ths_adjustment_nvg_ratio_fund",$A8,N$1,N$3,"")/100) -> 0.16587647 | O8: =IF($F8-O$2>0,"",[1]!thsiFinD("ths_adjustment_nvg_ratio_fund",$A8,O$2,O$3,"")/100) -> 0.26698596 | S8: =IF($F8-S$1>0,"",[1]!thsiFinD("ths_adjustment_nvg_ratio_fund",$A8,S$1,S$3,"")/100) | T8: =IF($F8-T$2>0,"",[1]!thsiFinD("ths_adjustment_nvg_ratio_fund",$A8,T$2,T$3,"")/100) | U8: =IF($F8-U$2>0,"",[1]!thsiFinD("ths_adjustment_nvg_ratio_fund",$A8,U$2,U$3,"")/100) | V8: =IF($F8-V$2>0,"",[1]!thsiFinD("ths_adjustment_nvg_ratio_fund",$A8,V$2,V$3,"")/100) | W8: =IF($F8-W$2>0,"",[1]!thsiFinD("ths_adjustment_nvg_ratio_fund",$A8,W$2,W$3,"")/100) | X8: =IF(X$2-F8>0,[1]!thsiFinD("ths_max_retrace_rate_fund",A8,$X$2,$X$3)/100,[1]!thsiFinD("ths_max_retrace_rate_fund",A8,$F8,$X$3)/100) -> 0.28032842 | Z8: 0.1666 | AC8: 中证800 | AD8: - | AE8: =#REF! -> #REF! | AF8: =#REF! -> #REF! | AG8: =#REF! -> #REF! | AH8: =#REF! -> #REF! | AI8: =#REF! -> #REF! | AJ8: =#REF! -> #REF! | AK8: =#REF! -> #REF! | AL8: =#REF! -> #REF! | AM8: -
A9: 000917.OF | B9: =[1]!thsiFinD("ths_fund_official_short_name_fund",A9) -> 嘉实快线货币A | D9: =[1]!thsiFinD("ths_fund_manager_current_fund",A9) -> 张文玥 | E9: =[1]!thsiFinD("ths_fund_establishment_date_fund",A9) -> 2015-06-25 | F9: =[1]!thsiFinD("ths_service_sd_fund",A9,"100",1,"101") -> 2015-07-14 | G9: =[1]!thsiFinD("ths_fund_scale_fund",A9,1)/100000000 -> 418.39645 | H9: =IF($F9-H$1>0,"",[1]!thsiFinD("ths_adjustment_nvg_ratio_fund",$A9,H$1,H$3,"")/100) -> 0.00017402207 | I9: =IF($F9-#REF!>0,"",[1]!thsiFinD("ths_adjustment_nvg_ratio_fund",$A9,#REF!,I$3,"")/100) -> #REF! | J9: =IF($F9-J$2>0,"",[1]!thsiFinD("ths_adjustment_nvg_ratio_fund",$A9,J$2,J$3,"")/100) -> 0.0011296075 | K9: =IF($F9-K$2>0,"",[1]!thsiFinD("ths_adjustment_nvg_ratio_fund",$A9,K$2,K$3,"")/100) -> 0.0033493562 | N9: =IF($F9-N$1>0,"",[1]!thsiFinD("ths_adjustment_nvg_ratio_fund",$A9,N$1,N$3,"")/100) -> 0.0067019538 | O9: =IF($F9-O$2>0,"",[1]!thsiFinD("ths_adjustment_nvg_ratio_fund",$A9,O$2,O$3,"")/100) -> 0.015501788 | S9: =IF($F9-S$1>0,"",[1]!thsiFinD("ths_adjustment_nvg_ratio_fund",$A9,S$1,S$3,"")/100) -> 0.019153959 | T9: =IF($F9-T$2>0,"",[1]!thsiFinD("ths_adjustment_nvg_ratio_fund",$A9,T$2,T$3,"")/100) -> 0.021438965 | U9: =IF($F9-U$2>0,"",[1]!thsiFinD("ths_adjustment_nvg_ratio_fund",$A9,U$2,U$3,"")/100) -> 0.020646824 | V9: =IF($F9-V$2>0,"",[1]!thsiFinD("ths_adjustment_nvg_ratio_fund",$A9,V$2,V$3,"")/100) -> 0.025145138 | W9: =IF($F9-W$2>0,"",[1]!thsiFinD("ths_adjustment_nvg_ratio_fund",$A9,W$2,W$3,"")/100) -> 0.024331492 | X9: - | Z9: 0.01
B10: 玄驹竞速 | H10: =VLOOKUP(H$3,净值曲线!$A:$G,7,1)/VLOOKUP(H$2,净值曲线!$A:$G,7,1)-1 -> -1.2048388e-05 | I10: =VLOOKUP(I$3,净值曲线!$A:$G,7,0)/VLOOKUP(#REF!,净值曲线!$A:$G,7,0)-1 -> #REF! | J10: =VLOOKUP(J$3,净值曲线!$A:$G,7,1)/VLOOKUP(J$2,净值曲线!$A:$G,7,1)-1 -> 0.12713494 | K10: =VLOOKUP(K$3,净值曲线!$A:$G,7,1)/VLOOKUP(K$2,净值曲线!$A:$G,7,1)-1 -> 0.34484591 | N10: =VLOOKUP(N$3,净值曲线!$A:$G,7,1)/VLOOKUP(N$2,净值曲线!$A:$G,7,1)-1 -> 0.27178287 | O10: =VLOOKUP(O$3,净值曲线!$A:$G,7,0)/VLOOKUP(O$2,净值曲线!$A:$G,7,0)-1 -> 0.31247762 | S10: =VLOOKUP(S$3,净值曲线!$A:$G,7,0)/VLOOKUP(S$2,净值曲线!$A:$G,7,0)-1 -> -0.010125384 | T10: =VLOOKUP(T$3,净值曲线!$A:$G,7,0)/VLOOKUP(T$2-2,净值曲线!$A:$G,7,0)-1 -> -0.13325089 | U10: -0.222 | V10: - | W10: - | Y10: =(VLOOKUP($D$3,净值曲线!A:Q,7,0)/(VLOOKUP($AA$10,净值曲线!A:Q,7,0))-1) -> 0.1229583 | AA10: 44553
B11: 中证偏股基金指数 | H11: =VLOOKUP(H$3,净值曲线!$A:$K,11,1)/VLOOKUP(H$2,净值曲线!$A:$K,11,1)-1 -> -0.007191029 | I11: =VLOOKUP(I$3,净值曲线!$A:$K,11,1)/VLOOKUP(I$2,净值曲线!$A:$K,11,1)-1 -> #N/A | J11: =VLOOKUP(J$3,净值曲线!$A:$K,11,1)/VLOOKUP(J$2,净值曲线!$A:$K,11,1)-1 -> 0.040235146 | K11: =VLOOKUP(K$3,净值曲线!$A:$K,11,1)/VLOOKUP(K$2,净值曲线!$A:$K,11,1)-1 -> 0.18081186 | L11: =VLOOKUP(L$3,净值曲线!$A:$K,11,1)/VLOOKUP(L$2,净值曲线!$A:$K,11,1)-1 -> 0.17109511 | M11: =VLOOKUP(M$3,净值曲线!$A:$K,11,1)/VLOOKUP(M$2,净值曲线!$A:$K,11,1)-1 -> 0.45680783 | N11: =VLOOKUP(N$3,净值曲线!$A:$K,11,1)/VLOOKUP(N$2,净值曲线!$A:$K,11,1)-1 -> 0.17399577 | O11: =VLOOKUP(O$3,净值曲线!$A:$K,11,1)/VLOOKUP(O$2,净值曲线!$A:$K,11,1)-1 -> 0.30369662 | ... U11: =VLOOKUP(U$3,净值曲线!$A:$K,11,1)/VLOOKUP(U$2,净值曲线!$A:$K,11,1)-1 -> -0.21795023 | V11: - | W11: -
B12: 中证800 | H12: =VLOOKUP(H$3,净值曲线!$A:$K,9,1)/VLOOKUP(H$2,净值曲线!$A:$K,9,1)-1 -> -0.0024839019 | I12: =VLOOKUP(I$3,净值曲线!$A:$K,9,0)/VLOOKUP(I$2,净值曲线!$A:$K,9,0)-1 -> #N/A | J12: =VLOOKUP(J$3,净值曲线!$A:$K,9,1)/VLOOKUP(J$2,净值曲线!$A:$K,9,1)-1 -> 0.0031371594 | K12: =VLOOKUP(K$3,净值曲线!$A:$K,9,1)/VLOOKUP(K$2,净值曲线!$A:$K,9,1)-1 -> 0.099832448 | L12: =VLOOKUP(L$3,净值曲线!$A:$K,9,1)/VLOOKUP(L$2,净值曲线!$A:$K,9,1)-1 -> 0.07901402 | M12: =VLOOKUP(M$3,净值曲线!$A:$K,9,1)/VLOOKUP(M$2,净值曲线!$A:$K,9,1)-1 -> 0.29291581 | N12: =VLOOKUP(N$3,净值曲线!$A:$K,9,1)/VLOOKUP(N$2,净值曲线!$A:$K,9,1)-1 -> 0.079247577 | O12: =VLOOKUP(O$3,净值曲线!$A:$K,9,1)/VLOOKUP(O$2,净值曲线!$A:$K,9,1)-1 -> 0.20887859 | P12: =VLOOKUP(P$3,净值曲线!$A:$K,9,1)/VLOOKUP(P$2,净值曲线!$A:$K,9,1)-1 -> #NAME? | Q12: =VLOOKUP(Q$3,净值曲线!$A:$K,9,1)/VLOOKUP(Q$2,净值曲线!$A:$K,9,1)-1 -> 0.015495307 | ... W12: =VLOOKUP(W$3,净值曲线!$A:$K,9,1)/VLOOKUP(W$2,净值曲线!$A:$K,9,1)-1 -> 0.25788144 | Y12: =(VLOOKUP($D$3,净值曲线!A:Q,9,0)/(VLOOKUP(#REF!,净值曲线!A:Q,9,0))-1) -> #REF!
B13: 超额 | H13: =H10-H11 -> 0.0071789806 | I13: =I10-I11 -> #REF! | J13: =J10-J11 -> 0.086899797 | K13: =K10-K11 -> 0.16403404 | N13: =N10-N11 -> 0.097787098 | O13: =O10-O11 -> 0.0087809943 | S13: =S10-S11 -> -0.050117862 | T13: =T10-T11 -> 0.012836513 | U13: =U10-U11 -> -0.0040497716 | V13: - | W13: -

Sheet 净值曲线
A1: =TODAY()-3 -> 46207 | H1: 000300.sh | I1: 000906.sh | J1: 930950.csi | K1: 930950.csi | L1: 931187.CSI | M1: 000978.CSI
A2: =[1]!HX_AutoDate(1,"2019-12-17",A1,-1,-1,0,0,0,0,0,"SSE",1585,0) -> 日期 | B2: 金牛组合 | C2: 神鹿1号 | D2: 2年千里马旧 | E2: 千里马白金（开放） | F2: 千里马5期 | G2: 玄驹竞速 | H2: =[1]!thsiFinD("ths_stock_short_name_stock",H1) -> 沪深300 | I2: =[1]!thsiFinD("ths_stock_short_name_stock",I1) -> 中证800 | J2: =[1]!thsiFinD("ths_stock_short_name_stock",J1) -> 偏股基金 | K2: 偏股基金 | L2: =[1]!thsiFinD("ths_stock_short_name_stock",L1) -> 科技100 | M2: =[1]!thsiFinD("ths_stock_short_name_stock",M1) -> 医药100 | Q2: 神鹿基准
A3: 43816 | B3: 1.00000000 | C3: =IFERROR(VLOOKUP($C3,[3]神鹿净值!$B:$C,2,0),"") | D3: =IFERROR(VLOOKUP($C3,'[3]2年净值'!$B:$C,2,0),"") | E3: =IFERROR(VLOOKUP($C3,'[3]2年白金净值'!$B:$C,2,0),"") | F3: =IFERROR(VLOOKUP($C3,'[3]3年净值'!$B:$C,2,0),"") | G3: =IFERROR(VLOOKUP($C3,[3]黑马净值!#REF!,2,0),"") | H3: =[1]!thsiFinD("ths_close_price_index",H$1,$A3) -> 4041.7996 | I3: =[1]!thsiFinD("ths_close_price_index",I$1,$A3) -> 4228.8088 | J3: =[1]!thsiFinD("ths_close_price_index",J$1,$A3) -> 1240.6876 | K3: =IF([1]!thsiFinD("ths_close_price_index",K$1,$A3)/[1]!thsiFinD("ths_close_price_index",K$1,$A$3)=0,K2,[1]!thsiFinD("ths_close_price_index",K$1,$A3)/[1]!thsiFinD("ths_close_price_index",K$1,$A$3)) -> 1 | L3: =[1]!thsiFinD("ths_close_price_index",L$1,$A3) -> 2412.6212 | M3: =[1]!thsiFinD("ths_close_price_index",M$1,$A3) -> 12820.598
A4: 43817 | B4: 0.99582216 | C4: =IFERROR(VLOOKUP($C4,[3]神鹿净值!$B:$C,2,0),"") | D4: =IFERROR(VLOOKUP($C4,'[3]2年净值'!$B:$C,2,0),"") | E4: =IFERROR(VLOOKUP($C4,'[3]2年白金净值'!$B:$C,2,0),"") | F4: =IFERROR(VLOOKUP($C4,'[3]3年净值'!$B:$C,2,0),"") | G4: =IFERROR(VLOOKUP($C4,[3]黑马净值!#REF!,2,0),"") | H4: =[1]!thsiFinD("ths_close_price_index",H$1,$A4) -> 4032.7826 | I4: =[1]!thsiFinD("ths_close_price_index",I$1,$A4) -> 4221.4483 | J4: =[1]!thsiFinD("ths_close_price_index",J$1,$A4) -> 1236.7635 | K4: =IF([1]!thsiFinD("ths_close_price_index",K$1,$A4)/[1]!thsiFinD("ths_close_price_index",K$1,$A$3)=0,K3,[1]!thsiFinD("ths_close_price_index",K$1,$A4)/[1]!thsiFinD("ths_close_price_index",K$1,$A$3)) -> 0.99683716 | L4: =[1]!thsiFinD("ths_close_price_index",L$1,$A4) -> 2405.0438 | M4: =[1]!thsiFinD("ths_close_price_index",M$1,$A4) -> 12721.404
A5: 43818 | B5: 0.99093648 | C5: =IFERROR(VLOOKUP($C5,[3]神鹿净值!$B:$C,2,0),"") | D5: =IFERROR(VLOOKUP($C5,'[3]2年净值'!$B:$C,2,0),"") | E5: =IFERROR(VLOOKUP($C5,'[3]2年白金净值'!$B:$C,2,0),"") | F5: =IFERROR(VLOOKUP($C5,'[3]3年净值'!$B:$C,2,0),"") | G5: =IFERROR(VLOOKUP($C5,[3]黑马净值!#REF!,2,0),"") | H5: =[1]!thsiFinD("ths_close_price_index",H$1,$A5) -> 4027.1495 | I5: =[1]!thsiFinD("ths_close_price_index",I$1,$A5) -> 4218.2395 | J5: =[1]!thsiFinD("ths_close_price_index",J$1,$A5) -> 1232.7277 | K5: =IF([1]!thsiFinD("ths_close_price_index",K$1,$A5)/[1]!thsiFinD("ths_close_price_index",K$1,$A$3)=0,K4,[1]!thsiFinD("ths_close_price_index",K$1,$A5)/[1]!thsiFinD("ths_close_price_index",K$1,$A$3)) -> 0.99358428 | L5: =[1]!thsiFinD("ths_close_price_index",L$1,$A5) -> 2395.5024 | M5: =[1]!thsiFinD("ths_close_price_index",M$1,$A5) -> 12783.815
A6: 43819 | B6: 0.98666650 | C6: =IFERROR(VLOOKUP($C6,[3]神鹿净值!$B:$C,2,0),"") | D6: =IFERROR(VLOOKUP($C6,'[3]2年净值'!$B:$C,2,0),"") | E6: =IFERROR(VLOOKUP($C6,'[3]2年白金净值'!$B:$C,2,0),"") | F6: =IFERROR(VLOOKUP($C6,'[3]3年净值'!$B:$C,2,0),"") | G6: =IFERROR(VLOOKUP($C6,[3]黑马净值!#REF!,2,0),"") | H6: =[1]!thsiFinD("ths_close_price_index",H$1,$A6) -> 4017.2527 | I6: =[1]!thsiFinD("ths_close_price_index",I$1,$A6) -> 4199.3456 | J6: =[1]!thsiFinD("ths_close_price_index",J$1,$A6) -> 1226.9611 | K6: =IF([1]!thsiFinD("ths_close_price_index",K$1,$A6)/[1]!thsiFinD("ths_close_price_index",K$1,$A$3)=0,K5,[1]!thsiFinD("ths_close_price_index",K$1,$A6)/[1]!thsiFinD("ths_close_price_index",K$1,$A$3)) -> 0.98893638 | L6: =[1]!thsiFinD("ths_close_price_index",L$1,$A6) -> 2373.1442 | M6: =[1]!thsiFinD("ths_close_price_index",M$1,$A6) -> 12646.407
A7: 43822 | B7: 0.97585431 | C7: =IFERROR(VLOOKUP($C7,[3]神鹿净值!$B:$C,2,0),"") | D7: =IFERROR(VLOOKUP($C7,'[3]2年净值'!$B:$C,2,0),"") | E7: =IFERROR(VLOOKUP($C7,'[3]2年白金净值'!$B:$C,2,0),"") | F7: =IFERROR(VLOOKUP($C7,'[3]3年净值'!$B:$C,2,0),"") | G7: =IFERROR(VLOOKUP($C7,[3]黑马净值!#REF!,2,0),"") | H7: =[1]!thsiFinD("ths_close_price_index",H$1,$A7) -> 3967.0962 | I7: =[1]!thsiFinD("ths_close_price_index",I$1,$A7) -> 4140.0549 | J7: =[1]!thsiFinD("ths_close_price_index",J$1,$A7) -> 1212.6469 | K7: =IF([1]!thsiFinD("ths_close_price_index",K$1,$A7)/[1]!thsiFinD("ths_close_price_index",K$1,$A$3)=0,K6,[1]!thsiFinD("ths_close_price_index",K$1,$A7)/[1]!thsiFinD("ths_close_price_index",K$1,$A$3)) -> 0.97739906 | L7: =[1]!thsiFinD("ths_close_price_index",L$1,$A7) -> 2336.5611 | M7: =[1]!thsiFinD("ths_close_price_index",M$1,$A7) -> 12506.716
A8: 43823 | B8: 0.98549893 | C8: =IFERROR(VLOOKUP($C8,[3]神鹿净值!$B:$C,2,0),"") | D8: =IFERROR(VLOOKUP($C8,'[3]2年净值'!$B:$C,2,0),"") | E8: =IFERROR(VLOOKUP($C8,'[3]2年白金净值'!$B:$C,2,0),"") | F8: =IFERROR(VLOOKUP($C8,'[3]3年净值'!$B:$C,2,0),"") | G8: =IFERROR(VLOOKUP($C8,[3]黑马净值!#REF!,2,0),"") | H8: =[1]!thsiFinD("ths_close_price_index",H$1,$A8) -> 3992.9581 | I8: =[1]!thsiFinD("ths_close_price_index",I$1,$A8) -> 4175.6363 | J8: =[1]!thsiFinD("ths_close_price_index",J$1,$A8) -> 1224.5229 | K8: =IF([1]!thsiFinD("ths_close_price_index",K$1,$A8)/[1]!thsiFinD("ths_close_price_index",K$1,$A$3)=0,K7,[1]!thsiFinD("ths_close_price_index",K$1,$A8)/[1]!thsiFinD("ths_close_price_index",K$1,$A$3)) -> 0.98697118 | L8: =[1]!thsiFinD("ths_close_price_index",L$1,$A8) -> 2369.853 | M8: =[1]!thsiFinD("ths_close_price_index",M$1,$A8) -> 12572.232
A9: 43824 | B9: 0.98860350 | C9: =IFERROR(VLOOKUP($C9,[3]神鹿净值!$B:$C,2,0),"") | D9: =IFERROR(VLOOKUP($C9,'[3]2年净值'!$B:$C,2,0),"") | E9: =IFERROR(VLOOKUP($C9,'[3]2年白金净值'!$B:$C,2,0),"") | F9: =IFERROR(VLOOKUP($C9,'[3]3年净值'!$B:$C,2,0),"") | G9: =IFERROR(VLOOKUP($C9,[3]黑马净值!#REF!,2,0),"") | H9: =[1]!thsiFinD("ths_close_price_index",H$1,$A9) -> 3990.8671 | I9: =[1]!thsiFinD("ths_close_price_index",I$1,$A9) -> 4178.0241 | J9: =[1]!thsiFinD("ths_close_price_index",J$1,$A9) -> 1227.8928 | K9: =IF([1]!thsiFinD("ths_close_price_index",K$1,$A9)/[1]!thsiFinD("ths_close_price_index",K$1,$A$3)=0,K8,[1]!thsiFinD("ths_close_price_index",K$1,$A9)/[1]!thsiFinD("ths_close_price_index",K$1,$A$3)) -> 0.98968733 | L9: =[1]!thsiFinD("ths_close_price_index",L$1,$A9) -> 2390.0728 | M9: =[1]!thsiFinD("ths_close_price_index",M$1,$A9) -> 12580.892
A10: 43825 | B10: 0.99179017 | C10: =IFERROR(VLOOKUP($C10,[3]神鹿净值!$B:$C,2,0),"") | D10: =IFERROR(VLOOKUP($C10,'[3]2年净值'!$B:$C,2,0),"") | E10: =IFERROR(VLOOKUP($C10,'[3]2年白金净值'!$B:$C,2,0),"") | F10: =IFERROR(VLOOKUP($C10,'[3]3年净值'!$B:$C,2,0),"") | G10: =IFERROR(VLOOKUP($C10,[3]黑马净值!#REF!,2,0),"") | H10: =[1]!thsiFinD("ths_close_price_index",H$1,$A10) -> 4025.9879 | I10: =[1]!thsiFinD("ths_close_price_index",I$1,$A10) -> 4212.9472 | J10: =[1]!thsiFinD("ths_close_price_index",J$1,$A10) -> 1234.5591 | K10: =IF([1]!thsiFinD("ths_close_price_index",K$1,$A10)/[1]!thsiFinD("ths_close_price_index",K$1,$A$3)=0,K9,[1]!thsiFinD("ths_close_price_index",K$1,$A10)/[1]!thsiFinD("ths_close_price_index",K$1,$A$3)) -> 0.9950604 | L10: =[1]!thsiFinD("ths_close_price_index",L$1,$A10) -> 2398.7295 | M10: =[1]!thsiFinD("ths_close_price_index",M$1,$A10) -> 12656.249
A11: 43826 | B11: 0.98520286 | C11: =IFERROR(VLOOKUP($C11,[3]神鹿净值!$B:$C,2,0),"") | D11: =IFERROR(VLOOKUP($C11,'[3]2年净值'!$B:$C,2,0),"") | E11: =IFERROR(VLOOKUP($C11,'[3]2年白金净值'!$B:$C,2,0),"") | F11: =IFERROR(VLOOKUP($C11,'[3]3年净值'!$B:$C,2,0),"") | G11: =IFERROR(VLOOKUP($C11,[3]黑马净值!#REF!,2,0),"") | H11: =[1]!thsiFinD("ths_close_price_index",H$1,$A11) -> 4022.0278 | I11: =[1]!thsiFinD("ths_close_price_index",I$1,$A11) -> 4202.0933 | J11: =[1]!thsiFinD("ths_close_price_index",J$1,$A11) -> 1229.9589 | K11: =IF([1]!thsiFinD("ths_close_price_index",K$1,$A11)/[1]!thsiFinD("ths_close_price_index",K$1,$A$3)=0,K10,[1]!thsiFinD("ths_close_price_index",K$1,$A11)/[1]!thsiFinD("ths_close_price_index",K$1,$A$3)) -> 0.99135262 | L11: =[1]!thsiFinD("ths_close_price_index",L$1,$A11) -> 2377.5665 | M11: =[1]!thsiFinD("ths_close_price_index",M$1,$A11) -> 12575.301
A12: 43829 | B12: 0.99514129 | C12: =IFERROR(VLOOKUP($C12,[3]神鹿净值!$B:$C,2,0),"") | D12: =IFERROR(VLOOKUP($C12,'[3]2年净值'!$B:$C,2,0),"") | E12: =IFERROR(VLOOKUP($C12,'[3]2年白金净值'!$B:$C,2,0),"") | F12: =IFERROR(VLOOKUP($C12,'[3]3年净值'!$B:$C,2,0),"") | G12: =IFERROR(VLOOKUP($C12,[3]黑马净值!#REF!,2,0),"") | H12: =[1]!thsiFinD("ths_close_price_index",H$1,$A12) -> 4081.6334 | I12: =[1]!thsiFinD("ths_close_price_index",I$1,$A12) -> 4261.6674 | J12: =[1]!thsiFinD("ths_close_price_index",J$1,$A12) -> 1244.6858 | K12: =IF([1]!thsiFinD("ths_close_price_index",K$1,$A12)/[1]!thsiFinD("ths_close_price_index",K$1,$A$3)=0,K11,[1]!thsiFinD("ths_close_price_index",K$1,$A12)/[1]!thsiFinD("ths_close_price_index",K$1,$A$3)) -> 1.0032226 | L12: =[1]!thsiFinD("ths_close_price_index",L$1,$A12) -> 2403.5755 | M12: =[1]!thsiFinD("ths_close_price_index",M$1,$A12) -> 12614.696
A13: 43830 | B13: 1.00182568 | C13: =IFERROR(VLOOKUP($C13,[3]神鹿净值!$B:$C,2,0),"") | D13: =IFERROR(VLOOKUP($C13,'[3]2年净值'!$B:$C,2,0),"") | E13: =IFERROR(VLOOKUP($C13,'[3]2年白金净值'!$B:$C,2,0),"") | F13: =IFERROR(VLOOKUP($C13,'[3]3年净值'!$B:$C,2,0),"") | G13: =IFERROR(VLOOKUP($C13,[3]黑马净值!#REF!,2,0),"") | H13: =[1]!thsiFinD("ths_close_price_index",H$1,$A13) -> 4096.5821 | I13: =[1]!thsiFinD("ths_close_price_index",I$1,$A13) -> 4278.5332 | J13: =[1]!thsiFinD("ths_close_price_index",J$1,$A13) -> 1250.8527 | K13: =IF([1]!thsiFinD("ths_close_price_index",K$1,$A13)/[1]!thsiFinD("ths_close_price_index",K$1,$A$3)=0,K12,[1]!thsiFinD("ths_close_price_index",K$1,$A13)/[1]!thsiFinD("ths_close_price_index",K$1,$A$3)) -> 1.0081931 | L13: =[1]!thsiFinD("ths_close_price_index",L$1,$A13) -> 2424.3808 | M13: =[1]!thsiFinD("ths_close_price_index",M$1,$A13) -> 12906.827
A14: 43832 | B14: 1.01768814 | C14: =IFERROR(VLOOKUP($C14,[3]神鹿净值!$B:$C,2,0),"") | D14: =IFERROR(VLOOKUP($C14,'[3]2年净值'!$B:$C,2,0),"") | E14: =IFERROR(VLOOKUP($C14,'[3]2年白金净值'!$B:$C,2,0),"") | F14: =IFERROR(VLOOKUP($C14,'[3]3年净值'!$B:$C,2,0),"") | G14: =IFERROR(VLOOKUP($C14,[3]黑马净值!#REF!,2,0),"") | H14: =[1]!thsiFinD("ths_close_price_index",H$1,$A14) -> 4152.2408 | I14: =[1]!thsiFinD("ths_close_price_index",I$1,$A14) -> 4341.8497 | J14: =[1]!thsiFinD("ths_close_price_index",J$1,$A14) -> 1268.8851 | K14: =IF([1]!thsiFinD("ths_close_price_index",K$1,$A14)/[1]!thsiFinD("ths_close_price_index",K$1,$A$3)=0,K13,[1]!thsiFinD("ths_close_price_index",K$1,$A14)/[1]!thsiFinD("ths_close_price_index",K$1,$A$3)) -> 1.0227273 | L14: =[1]!thsiFinD("ths_close_price_index",L$1,$A14) -> 2488.1036 | M14: =[1]!thsiFinD("ths_close_price_index",M$1,$A14) -> 12954.809
... A55: 43899 | B55: 1.03982365 | C55: =IFERROR(VLOOKUP($C55,[3]神鹿净值!$B:$C,2,0),"") | D55: =IFERROR(VLOOKUP($C55,'[3]2年净值'!$B:$C,2,0),"") | E55: =IFERROR(VLOOKUP($C55,'[3]2年白金净值'!$B:$C,2,0),"") | F55: =IFERROR(VLOOKUP($C55,'[3]3年净值'!$B:$C,2,0),"") | G55: =IFERROR(VLOOKUP($C55,[3]黑马净值!#REF!,2,0),"") | H55: =[1]!thsiFinD("ths_close_price_index",H$1,$A55) -> 3997.1325 | I55: =[1]!thsiFinD("ths_close_price_index",I$1,$A55) -> 4249.148 | J55: =[1]!thsiFinD("ths_close_price_index",J$1,$A55) -> 1305.455 | K55: =IF([1]!thsiFinD("ths_close_price_index",K$1,$A55)/[1]!thsiFinD("ths_close_price_index",K$1,$A$3)=0,K54,[1]!thsiFinD("ths_close_price_index",K$1,$A55)/[1]!thsiFinD("ths_close_price_index",K$1,$A$3)) -> 1.0522028 | L55: =[1]!thsiFinD("ths_close_price_index",L$1,$A55) -> 2637.1814 | M55: =[1]!thsiFinD("ths_close_price_index",M$1,$A55) -> 14862.381
A56: 43900 | B56: 1.06438123 | C56: 1.00000000 | D56: =IFERROR(VLOOKUP($C56,'[3]2年净值'!$B:$C,2,0),"") | E56: =IFERROR(VLOOKUP($C56,'[3]2年白金净值'!$B:$C,2,0),"") | F56: =IFERROR(VLOOKUP($C56,'[3]3年净值'!$B:$C,2,0),"") | G56: =IFERROR(VLOOKUP($C56,[3]黑马净值!#REF!,2,0),"") | H56: =[1]!thsiFinD("ths_close_price_index",H$1,$A56) -> 4082.7315 | I56: =[1]!thsiFinD("ths_close_price_index",I$1,$A56) -> 4346.1229 | J56: =[1]!thsiFinD("ths_close_price_index",J$1,$A56) -> 1334.7024 | K56: =IF([1]!thsiFinD("ths_close_price_index",K$1,$A56)/[1]!thsiFinD("ths_close_price_index",K$1,$A$3)=0,K55,[1]!thsiFinD("ths_close_price_index",K$1,$A56)/[1]!thsiFinD("ths_close_price_index",K$1,$A$3)) -> 1.0757764 | L56: =[1]!thsiFinD("ths_close_price_index",L$1,$A56) -> 2729.8347 | M56: =[1]!thsiFinD("ths_close_price_index",M$1,$A56) -> 14766.56 | N56: =L56/L56 -> 1 | O56: =M56/M56 -> 1 | P56: 1 | Q56: 1
A57: 43901 | B57: 1.05035595 | C57: 0.98369025 | D57: =IFERROR(VLOOKUP($C57,'[3]2年净值'!$B:$C,2,0),"") | E57: =IFERROR(VLOOKUP($C57,'[3]2年白金净值'!$B:$C,2,0),"") | F57: =IFERROR(VLOOKUP($C57,'[3]3年净值'!$B:$C,2,0),"") | G57: =IFERROR(VLOOKUP($C57,[3]黑马净值!#REF!,2,0),"") | H57: =[1]!thsiFinD("ths_close_price_index",H$1,$A57) -> 4028.4289 | I57: =[1]!thsiFinD("ths_close_price_index",I$1,$A57) -> 4286.3669 | J57: =[1]!thsiFinD("ths_close_price_index",J$1,$A57) -> 1316.1813 | K57: =IF([1]!thsiFinD("ths_close_price_index",K$1,$A57)/[1]!thsiFinD("ths_close_price_index",K$1,$A$3)=0,K56,[1]!thsiFinD("ths_close_price_index",K$1,$A57)/[1]!thsiFinD("ths_close_price_index",K$1,$A$3)) -> 1.0608483 | L57: =[1]!thsiFinD("ths_close_price_index",L$1,$A57) -> 2669.0933 | M57: =[1]!thsiFinD("ths_close_price_index",M$1,$A57) -> 14581.886 | N57: =L57/L56 -> 0.97774906 | O57: =M57/M56 -> 0.98749372 | P57: =100%*N57 -> 0.97774906 | Q57: =N57 -> 0.97774906
A58: 43902 | B58: 1.03366483 | C58: 0.96013566 | D58: =IFERROR(VLOOKUP($C58,'[3]2年净值'!$B:$C,2,0),"") | E58: =IFERROR(VLOOKUP($C58,'[3]2年白金净值'!$B:$C,2,0),"") | F58: =IFERROR(VLOOKUP($C58,'[3]3年净值'!$B:$C,2,0),"") | G58: =IFERROR(VLOOKUP($C58,[3]黑马净值!#REF!,2,0),"") | H58: =[1]!thsiFinD("ths_close_price_index",H$1,$A58) -> 3950.9111 | I58: =[1]!thsiFinD("ths_close_price_index",I$1,$A58) -> 4206.1858 | J58: =[1]!thsiFinD("ths_close_price_index",J$1,$A58) -> 1288.6383 | K58: =IF([1]!thsiFinD("ths_close_price_index",K$1,$A58)/[1]!thsiFinD("ths_close_price_index",K$1,$A$3)=0,K57,[1]!thsiFinD("ths_close_price_index",K$1,$A58)/[1]!thsiFinD("ths_close_price_index",K$1,$A$3)) -> 1.0386485 | L58: =[1]!thsiFinD("ths_close_price_index",L$1,$A58) -> 2605.8039 | M58: =[1]!thsiFinD("ths_close_price_index",M$1,$A58) -> 14182.829 | N58: =L58/L57 -> 0.97628805 | O58: =M58/M57 -> 0.97263342 | P58: =100%*N58 -> 0.97628805 | Q58: =Q57*P58 -> 0.95456472
A59: 43903 | B59: 1.02673064 | C59: 0.95157628 | D59: =IFERROR(VLOOKUP($C59,'[3]2年净值'!$B:$C,2,0),"") | E59: =IFERROR(VLOOKUP($C59,'[3]2年白金净值'!$B:$C,2,0),"") | F59: =IFERROR(VLOOKUP($C59,'[3]3年净值'!$B:$C,2,0),"") | G59: =IFERROR(VLOOKUP($C59,[3]黑马净值!#REF!,2,0),"") | H59: =[1]!thsiFinD("ths_close_price_index",H$1,$A59) -> 3895.3128 | I59: =[1]!thsiFinD("ths_close_price_index",I$1,$A59) -> 4154.8417 | J59: =[1]!thsiFinD("ths_close_price_index",J$1,$A59) -> 1277.1431 | K59: =IF([1]!thsiFinD("ths_close_price_index",K$1,$A59)/[1]!thsiFinD("ths_close_price_index",K$1,$A$3)=0,K58,[1]!thsiFinD("ths_close_price_index",K$1,$A59)/[1]!thsiFinD("ths_close_price_index",K$1,$A$3)) -> 1.0293833 | L59: =[1]!thsiFinD("ths_close_price_index",L$1,$A59) -> 2576.7564 | M59: =[1]!thsiFinD("ths_close_price_index",M$1,$A59) -> 13866.392 | N59: =L59/L58 -> 0.98885277 | O59: =M59/M58 -> 0.9776887 | P59: =100%*N59 -> 0.98885277 | Q59: =Q58*P59 -> 0.94392397
A60: 43906 | B60: 0.97939502 | C60: 0.90453408 | D60: =IFERROR(VLOOKUP($C60,'[3]2年净值'!$B:$C,2,0),"") | E60: =IFERROR(VLOOKUP($C60,'[3]2年白金净值'!$B:$C,2,0),"") | F60: =IFERROR(VLOOKUP($C60,'[3]3年净值'!$B:$C,2,0),"") | G60: =IFERROR(VLOOKUP($C60,[3]黑马净值!#REF!,2,0),"") | H60: =[1]!thsiFinD("ths_close_price_index",H$1,$A60) -> 3727.8398 | I60: =[1]!thsiFinD("ths_close_price_index",I$1,$A60) -> 3971.8764 | J60: =[1]!thsiFinD("ths_close_price_index",J$1,$A60) -> 1216.2923 | K60: =IF([1]!thsiFinD("ths_close_price_index",K$1,$A60)/[1]!thsiFinD("ths_close_price_index",K$1,$A$3)=0,K59,[1]!thsiFinD("ths_close_price_index",K$1,$A60)/[1]!thsiFinD("ths_close_price_index",K$1,$A$3)) -> 0.98033727 | L60: =[1]!thsiFinD("ths_close_price_index",L$1,$A60) -> 2413.5965 | M60: =[1]!thsiFinD("ths_close_price_index",M$1,$A60) -> 13547.63 | N60: =L60/L59 -> 0.93668012 | O60: =M60/M59 -> 0.97701194 | P60: =100%*N60 -> 0.93668012 | Q60: =Q59*P60 -> 0.88415482
A61: 43907 | B61: 0.97877522 | C61: 0.90986554 | D61: =IFERROR(VLOOKUP($C61,'[3]2年净值'!$B:$C,2,0),"") | E61: =IFERROR(VLOOKUP($C61,'[3]2年白金净值'!$B:$C,2,0),"") | F61: =IFERROR(VLOOKUP($C61,'[3]3年净值'!$B:$C,2,0),"") | G61: =IFERROR(VLOOKUP($C61,[3]黑马净值!#REF!,2,0),"") | H61: =[1]!thsiFinD("ths_close_price_index",H$1,$A61) -> 3709.6822 | I61: =[1]!thsiFinD("ths_close_price_index",I$1,$A61) -> 3959.7229 | J61: =[1]!thsiFinD("ths_close_price_index",J$1,$A61) -> 1213.1017 | K61: =IF([1]!thsiFinD("ths_close_price_index",K$1,$A61)/[1]!thsiFinD("ths_close_price_index",K$1,$A$3)=0,K60,[1]!thsiFinD("ths_close_price_index",K$1,$A61)/[1]!thsiFinD("ths_close_price_index",K$1,$A$3)) -> 0.97776564 | L61: =[1]!thsiFinD("ths_close_price_index",L$1,$A61) -> 2421.3241 | M61: =[1]!thsiFinD("ths_close_price_index",M$1,$A61) -> 13466.415 | N61: =L61/L60 -> 1.0032017 | O61: =M61/M60 -> 0.99400518 | P61: =100%*N61 -> 1.0032017 | Q61: =Q60*P61 -> 0.88698561
A62: 43908 | B62: 0.96386392 | C62: 0.89890167 | D62: =IFERROR(VLOOKUP($C62,'[3]2年净值'!$B:$C,2,0),"") | E62: =IFERROR(VLOOKUP($C62,'[3]2年白金净值'!$B:$C,2,0),"") | F62: =IFERROR(VLOOKUP($C62,'[3]3年净值'!$B:$C,2,0),"") | G62: =IFERROR(VLOOKUP($C62,[3]黑马净值!#REF!,2,0),"") | H62: =[1]!thsiFinD("ths_close_price_index",H$1,$A62) -> 3636.2565 | I62: =[1]!thsiFinD("ths_close_price_index",I$1,$A62) -> 3883.388 | J62: =[1]!thsiFinD("ths_close_price_index",J$1,$A62) -> 1194.5092 | K62: =IF([1]!thsiFinD("ths_close_price_index",K$1,$A62)/[1]!thsiFinD("ths_close_price_index",K$1,$A$3)=0,K61,[1]!thsiFinD("ths_close_price_index",K$1,$A62)/[1]!thsiFinD("ths_close_price_index",K$1,$A$3)) -> 0.96277999 | L62: =[1]!thsiFinD("ths_close_price_index",L$1,$A62) -> 2373.6894 | M62: =[1]!thsiFinD("ths_close_price_index",M$1,$A62) -> 13344.76 | N62: =L62/L61 -> 0.980327 | O62: =M62/M61 -> 0.99096604 | P62: =100%*N62 -> 0.980327 | Q62: =Q61*P62 -> 0.86953595
A63: 43909 | B63: 0.96064532 | C63: 0.90078316 | D63: =IFERROR(VLOOKUP($C63,'[3]2年净值'!$B:$C,2,0),"") | E63: =IFERROR(VLOOKUP($C63,'[3]2年白金净值'!$B:$C,2,0),"") | F63: =IFERROR(VLOOKUP($C63,'[3]3年净值'!$B:$C,2,0),"") | G63: =IFERROR(VLOOKUP($C63,[3]黑马净值!#REF!,2,0),"") | H63: =[1]!thsiFinD("ths_close_price_index",H$1,$A63) -> 3589.0926 | I63: =[1]!thsiFinD("ths_close_price_index",I$1,$A63) -> 3853.2208 | J63: =[1]!thsiFinD("ths_close_price_index",J$1,$A63) -> 1187.8678 | K63: =IF([1]!thsiFinD("ths_close_price_index",K$1,$A63)/[1]!thsiFinD("ths_close_price_index",K$1,$A$3)=0,K62,[1]!thsiFinD("ths_close_price_index",K$1,$A63)/[1]!thsiFinD("ths_close_price_index",K$1,$A$3)) -> 0.95742699 | L63: =[1]!thsiFinD("ths_close_price_index",L$1,$A63) -> 2393.1126 | M63: =[1]!thsiFinD("ths_close_price_index",M$1,$A63) -> 13202.589 | N63: =L63/L62 -> 1.0081827 | O63: =M63/M62 -> 0.98934634 | P63: =100%*N63 -> 1.0081827 | Q63: =Q62*P63 -> 0.8766511
A64: 43910 | B64: 0.97468986 | C64: 0.91877816 | D64: =IFERROR(VLOOKUP($C64,'[3]2年净值'!$B:$C,2,0),"") | E64: =IFERROR(VLOOKUP($C64,'[3]2年白金净值'!$B:$C,2,0),"") | F64: =IFERROR(VLOOKUP($C64,'[3]3年净值'!$B:$C,2,0),"") | G64: =IFERROR(VLOOKUP($C64,[3]黑马净值!#REF!,2,0),"") | H64: =[1]!thsiFinD("ths_close_price_index",H$1,$A64) -> 3653.2239 | I64: =[1]!thsiFinD("ths_close_price_index",I$1,$A64) -> 3916.1501 | J64: =[1]!thsiFinD("ths_close_price_index",J$1,$A64) -> 1208.3837 | K64: =IF([1]!thsiFinD("ths_close_price_index",K$1,$A64)/[1]!thsiFinD("ths_close_price_index",K$1,$A$3)=0,K63,[1]!thsiFinD("ths_close_price_index",K$1,$A64)/[1]!thsiFinD("ths_close_price_index",K$1,$A$3)) -> 0.97396291 | L64: =[1]!thsiFinD("ths_close_price_index",L$1,$A64) -> 2421.8612 | M64: =[1]!thsiFinD("ths_close_price_index",M$1,$A64) -> 13598.976 | N64: =L64/L63 -> 1.0120131 | O64: =M64/M63 -> 1.0300234 | P64: =100%*N64 -> 1.0120131 | Q64: =Q63*P64 -> 0.88718236
A65: 43913 | B65: 0.93719145 | C65: 0.89071425 | D65: =IFERROR(VLOOKUP($C65,'[3]2年净值'!$B:$C,2,0),"") | E65: =IFERROR(VLOOKUP($C65,'[3]2年白金净值'!$B:$C,2,0),"") | F65: =IFERROR(VLOOKUP($C65,'[3]3年净值'!$B:$C,2,0),"") | G65: =IFERROR(VLOOKUP($C65,[3]黑马净值!#REF!,2,0),"") | H65: =[1]!thsiFinD("ths_close_price_index",H$1,$A65) -> 3530.3058 | I65: =[1]!thsiFinD("ths_close_price_index",I$1,$A65) -> 3775.7554 | J65: =[1]!thsiFinD("ths_close_price_index",J$1,$A65) -> 1163.9755 | K65: =IF([1]!thsiFinD("ths_close_price_index",K$1,$A65)/[1]!thsiFinD("ths_close_price_index",K$1,$A$3)=0,K64,[1]!thsiFinD("ths_close_price_index",K$1,$A65)/[1]!thsiFinD("ths_close_price_index",K$1,$A$3)) -> 0.93816969 | L65: =[1]!thsiFinD("ths_close_price_index",L$1,$A65) -> 2303.4075 | M65: =[1]!thsiFinD("ths_close_price_index",M$1,$A65) -> 13362.886 | N65: =L65/L64 -> 0.95108981 | O65: =M65/M64 -> 0.98263909 | P65: =100%*N65 -> 0.95108981 | Q65: =Q64*P65 -> 0.8437901
A66: 43914 | B66: 0.95674836 | C66: 0.90626019 | D66: =IFERROR(VLOOKUP($C66,'[3]2年净值'!$B:$C,2,0),"") | E66: =IFERROR(VLOOKUP($C66,'[3]2年白金净值'!$B:$C,2,0),"") | F66: =IFERROR(VLOOKUP($C66,'[3]3年净值'!$B:$C,2,0),"") | G66: =IFERROR(VLOOKUP($C66,[3]黑马净值!#REF!,2,0),"") | H66: =[1]!thsiFinD("ths_close_price_index",H$1,$A66) -> 3625.1146 | I66: =[1]!thsiFinD("ths_close_price_index",I$1,$A66) -> 3869.9996 | J66: =[1]!thsiFinD("ths_close_price_index",J$1,$A66) -> 1191.7418 | K66: =IF([1]!thsiFinD("ths_close_price_index",K$1,$A66)/[1]!thsiFinD("ths_close_price_index",K$1,$A$3)=0,K65,[1]!thsiFinD("ths_close_price_index",K$1,$A66)/[1]!thsiFinD("ths_close_price_index",K$1,$A$3)) -> 0.96054946 | L66: =[1]!thsiFinD("ths_close_price_index",L$1,$A66) -> 2352.4732 | M66: =[1]!thsiFinD("ths_close_price_index",M$1,$A66) -> 13572.868 | N66: =L66/L65 -> 1.0213014 | O66: =M66/M65 -> 1.0157139 | P66: =100%*N66 -> 1.0213014 | Q66: =Q65*P66 -> 0.86176397
A67: 43915 | B67: 0.98352897 | C67: 0.93530942 | D67: =IFERROR(VLOOKUP($C67,'[3]2年净值'!$B:$C,2,0),"") | E67: =IFERROR(VLOOKUP($C67,'[3]2年白金净值'!$B:$C,2,0),"") | F67: =IFERROR(VLOOKUP($C67,'[3]3年净值'!$B:$C,2,0),"") | G67: =IFERROR(VLOOKUP($C67,[3]黑马净值!#REF!,2,0),"") | H67: =[1]!thsiFinD("ths_close_price_index",H$1,$A67) -> 3722.5181 | I67: =[1]!thsiFinD("ths_close_price_index",I$1,$A67) -> 3970.987 | J67: =[1]!thsiFinD("ths_close_price_index",J$1,$A67) -> 1226.5385 | K67: =IF([1]!thsiFinD("ths_close_price_index",K$1,$A67)/[1]!thsiFinD("ths_close_price_index",K$1,$A$3)=0,K66,[1]!thsiFinD("ths_close_price_index",K$1,$A67)/[1]!thsiFinD("ths_close_price_index",K$1,$A$3)) -> 0.98859576 | L67: =[1]!thsiFinD("ths_close_price_index",L$1,$A67) -> 2442.4787 | M67: =[1]!thsiFinD("ths_close_price_index",M$1,$A67) -> 14050.513 | N67: =L67/L66 -> 1.0382599 | O67: =M67/M66 -> 1.0351911 | P67: =100%*N67 -> 1.0382599 | Q67: =Q66*P67 -> 0.89473502
A68: 43916 | B68: 0.97912530 | C68: 0.94147831 | D68: =IFERROR(VLOOKUP($C68,'[3]2年净值'!$B:$C,2,0),"") | E68: =IFERROR(VLOOKUP($C68,'[3]2年白金净值'!$B:$C,2,0),"") | F68: =IFERROR(VLOOKUP($C68,'[3]3年净值'!$B:$C,2,0),"") | G68: =IFERROR(VLOOKUP($C68,[3]黑马净值!#REF!,2,0),"") | H68: =[1]!thsiFinD("ths_close_price_index",H$1,$A68) -> 3698.0472 | I68: =[1]!thsiFinD("ths_close_price_index",I$1,$A68) -> 3941.6028 | J68: =[1]!thsiFinD("ths_close_price_index",J$1,$A68) -> 1222.4956 | K68: =IF([1]!thsiFinD("ths_close_price_index",K$1,$A68)/[1]!thsiFinD("ths_close_price_index",K$1,$A$3)=0,K67,[1]!thsiFinD("ths_close_price_index",K$1,$A68)/[1]!thsiFinD("ths_close_price_index",K$1,$A$3)) -> 0.98533716 | L68: =[1]!thsiFinD("ths_close_price_index",L$1,$A68) -> 2413.9493 | M68: =[1]!thsiFinD("ths_close_price_index",M$1,$A68) -> 14346.237 | N68: =L68/L67 -> 0.98831949 | O68: =M68/M67 -> 1.0210472 | P68: =100%*N68 -> 0.98831949 | Q68: =Q67*P68 -> 0.88428406
A69: 43917 | B69: 0.97616598 | C69: 0.93502187 | D69: =IFERROR(VLOOKUP($C69,'[3]2年净值'!$B:$C,2,0),"") | E69: =IFERROR(VLOOKUP($C69,'[3]2年白金净值'!$B:$C,2,0),"") | F69: =IFERROR(VLOOKUP($C69,'[3]3年净值'!$B:$C,2,0),"") | G69: =IFERROR(VLOOKUP($C69,[3]黑马净值!#REF!,2,0),"") | H69: =[1]!thsiFinD("ths_close_price_index",H$1,$A69) -> 3710.0605 | I69: =[1]!thsiFinD("ths_close_price_index",I$1,$A69) -> 3945.6266 | J69: =[1]!thsiFinD("ths_close_price_index",J$1,$A69) -> 1221.4334 | K69: =IF([1]!thsiFinD("ths_close_price_index",K$1,$A69)/[1]!thsiFinD("ths_close_price_index",K$1,$A$3)=0,K68,[1]!thsiFinD("ths_close_price_index",K$1,$A69)/[1]!thsiFinD("ths_close_price_index",K$1,$A$3)) -> 0.98448102 | L69: =[1]!thsiFinD("ths_close_price_index",L$1,$A69) -> 2414.0711 | M69: =[1]!thsiFinD("ths_close_price_index",M$1,$A69) -> 14238.198 | N69: =L69/L68 -> 1.0000505 | O69: =M69/M68 -> 0.99246913 | P69: =100%*N69 -> 1.0000505 | Q69: =Q68*P69 -> 0.88432867
... A255: 44195 | B255: 1.52784022 | C255: 1.38914568 | D255: =IFERROR(VLOOKUP($C255,'[3]2年净值'!$B:$C,2,0),"") | E255: =IFERROR(VLOOKUP($C255,'[3]2年白金净值'!$B:$C,2,0),"") | F255: =IFERROR(VLOOKUP($C255,'[3]3年净值'!$B:$C,2,0),"") | G255: =IFERROR(VLOOKUP($C255,[3]黑马净值!#REF!,2,0),"") | H255: =[1]!thsiFinD("ths_close_price_index",H$1,$A255) -> 5113.7105 | I255: =[1]!thsiFinD("ths_close_price_index",I$1,$A255) -> 5285.1465 | J255: =[1]!thsiFinD("ths_close_price_index",J$1,$A255) -> 1860.8756 | K255: =IF([1]!thsiFinD("ths_close_price_index",K$1,$A255)/[1]!thsiFinD("ths_close_price_index",K$1,$A$3)=0,K254,[1]!thsiFinD("ths_close_price_index",K$1,$A255)/[1]!thsiFinD("ths_close_price_index",K$1,$A$3)) -> 1.4998744 | L255: =[1]!thsiFinD("ths_close_price_index",L$1,$A255) -> 3461.7273 | M255: =[1]!thsiFinD("ths_close_price_index",M$1,$A255) -> 17493.589 | N255: =L255/L254 -> 1.0204296 | O255: =M255/M254 -> 1.0046517 | P255: =100%*N255 -> 1.0204296 | Q255: =Q254*P255 -> 1.2681088
A256: 44196 | B256: 1.55589298 | C256: 1.41254636 | F256: =IFERROR(VLOOKUP($C256,'[3]3年净值'!$B:$C,2,0),"") | G256: =IFERROR(VLOOKUP($C256,[3]黑马净值!#REF!,2,0),"") | H256: =[1]!thsiFinD("ths_close_price_index",H$1,$A256) -> 5211.2885 | I256: =[1]!thsiFinD("ths_close_price_index",I$1,$A256) -> 5381.8875 | J256: =[1]!thsiFinD("ths_close_price_index",J$1,$A256) -> 1895.0079 | K256: =IF([1]!thsiFinD("ths_close_price_index",K$1,$A256)/[1]!thsiFinD("ths_close_price_index",K$1,$A$3)=0,K255,[1]!thsiFinD("ths_close_price_index",K$1,$A256)/[1]!thsiFinD("ths_close_price_index",K$1,$A$3)) -> 1.5273852 | L256: =[1]!thsiFinD("ths_close_price_index",L$1,$A256) -> 3527.9938 | M256: =[1]!thsiFinD("ths_close_price_index",M$1,$A256) -> 17704.052 | N256: =L256/L255 -> 1.0191426 | O256: =M256/M255 -> 1.0120308 | P256: =100%*N256 -> 1.0191426 | Q256: =Q255*P256 -> 1.2923837
A257: 44200 | B257: 1.58354856 | C257: 1.42671566 | F257: =IFERROR(VLOOKUP($C257,'[3]3年净值'!$B:$C,2,0),"") | G257: =IFERROR(VLOOKUP($C257,[3]黑马净值!#REF!,2,0),"") | H257: =[1]!thsiFinD("ths_close_price_index",H$1,$A257) -> 5267.7181 | I257: =[1]!thsiFinD("ths_close_price_index",I$1,$A257) -> 5448.986 | J257: =[1]!thsiFinD("ths_close_price_index",J$1,$A257) -> 1934.7785 | K257: =IF([1]!thsiFinD("ths_close_price_index",K$1,$A257)/[1]!thsiFinD("ths_close_price_index",K$1,$A$3)=0,K256,[1]!thsiFinD("ths_close_price_index",K$1,$A257)/[1]!thsiFinD("ths_close_price_index",K$1,$A$3)) -> 1.5594405 | L257: =[1]!thsiFinD("ths_close_price_index",L$1,$A257) -> 3602.7524 | M257: =[1]!thsiFinD("ths_close_price_index",M$1,$A257) -> 17721.471 | N257: =L257/L256 -> 1.0211901 | O257: =M257/M256 -> 1.0009839 | P257: =100%*N257 -> 1.0211901 | Q257: =Q256*P257 -> 1.3197694
A258: 44201 | B258: 1.60360217 | C258: 1.44663885 | F258: =IFERROR(VLOOKUP($C258,'[3]3年净值'!$B:$C,2,0),"") | G258: =IFERROR(VLOOKUP($C258,[3]黑马净值!#REF!,2,0),"") | H258: =[1]!thsiFinD("ths_close_price_index",H$1,$A258) -> 5368.5049 | I258: =[1]!thsiFinD("ths_close_price_index",I$1,$A258) -> 5540.5753 | J258: =[1]!thsiFinD("ths_close_price_index",J$1,$A258) -> 1971.2647 | K258: =IF([1]!thsiFinD("ths_close_price_index",K$1,$A258)/[1]!thsiFinD("ths_close_price_index",K$1,$A$3)=0,K257,[1]!thsiFinD("ths_close_price_index",K$1,$A258)/[1]!thsiFinD("ths_close_price_index",K$1,$A$3)) -> 1.5888486 | L258: =[1]!thsiFinD("ths_close_price_index",L$1,$A258) -> 3679.6747 | M258: =[1]!thsiFinD("ths_close_price_index",M$1,$A258) -> 18070.384 | N258: =L258/L257 -> 1.021351 | O258: =M258/M257 -> 1.0196887 | P258: =100%*N258 -> 1.021351 | Q258: =Q257*P258 -> 1.3479478
A259: 44202 | B259: 1.61206154 | C259: 1.45090657 | F259: =IFERROR(VLOOKUP($C259,'[3]3年净值'!$B:$C,2,0),"") | G259: =IFERROR(VLOOKUP($C259,[3]黑马净值!#REF!,2,0),"") | H259: =[1]!thsiFinD("ths_close_price_index",H$1,$A259) -> 5417.6677 | I259: =[1]!thsiFinD("ths_close_price_index",I$1,$A259) -> 5577.8198 | J259: =[1]!thsiFinD("ths_close_price_index",J$1,$A259) -> 1980.6271 | K259: =IF([1]!thsiFinD("ths_close_price_index",K$1,$A259)/[1]!thsiFinD("ths_close_price_index",K$1,$A$3)=0,K258,[1]!thsiFinD("ths_close_price_index",K$1,$A259)/[1]!thsiFinD("ths_close_price_index",K$1,$A$3)) -> 1.5963947 | L259: =[1]!thsiFinD("ths_close_price_index",L$1,$A259) -> 3682.1919 | M259: =[1]!thsiFinD("ths_close_price_index",M$1,$A259) -> 18289.694 | N259: =L259/L258 -> 1.0006841 | O259: =M259/M258 -> 1.0121364 | P259: =100%*N259 -> 1.0006841 | Q259: =Q258*P259 -> 1.3488699
A260: 44203 | B260: 1.64365961 | C260: 1.45793868 | F260: =IFERROR(VLOOKUP($C260,'[3]3年净值'!$B:$C,2,0),"") | G260: =IFERROR(VLOOKUP($C260,[3]黑马净值!#REF!,2,0),"") | H260: =[1]!thsiFinD("ths_close_price_index",H$1,$A260) -> 5513.6568 | I260: =[1]!thsiFinD("ths_close_price_index",I$1,$A260) -> 5656.6935 | J260: =[1]!thsiFinD("ths_close_price_index",J$1,$A260) -> 2005.9013 | K260: =IF([1]!thsiFinD("ths_close_price_index",K$1,$A260)/[1]!thsiFinD("ths_close_price_index",K$1,$A$3)=0,K259,[1]!thsiFinD("ths_close_price_index",K$1,$A260)/[1]!thsiFinD("ths_close_price_index",K$1,$A$3)) -> 1.6167658 | L260: =[1]!thsiFinD("ths_close_price_index",L$1,$A260) -> 3715.3024 | M260: =[1]!thsiFinD("ths_close_price_index",M$1,$A260) -> 18103.855 | N260: =L260/L259 -> 1.0089921 | O260: =M260/M259 -> 0.98983914 | P260: =100%*N260 -> 1.0089921 | Q260: =Q259*P260 -> 1.360999
A261: 44204 | B261: 1.63300706 | C261: 1.44829526 | F261: =IFERROR(VLOOKUP($C261,'[3]3年净值'!$B:$C,2,0),"") | G261: =IFERROR(VLOOKUP($C261,[3]黑马净值!#REF!,2,0),"") | H261: =[1]!thsiFinD("ths_close_price_index",H$1,$A261) -> 5495.4306 | I261: =[1]!thsiFinD("ths_close_price_index",I$1,$A261) -> 5645.7537 | J261: =[1]!thsiFinD("ths_close_price_index",J$1,$A261) -> 1989.9615 | K261: =IF([1]!thsiFinD("ths_close_price_index",K$1,$A261)/[1]!thsiFinD("ths_close_price_index",K$1,$A$3)=0,K260,[1]!thsiFinD("ths_close_price_index",K$1,$A261)/[1]!thsiFinD("ths_close_price_index",K$1,$A$3)) -> 1.6039183 | L261: =[1]!thsiFinD("ths_close_price_index",L$1,$A261) -> 3719.6091 | M261: =[1]!thsiFinD("ths_close_price_index",M$1,$A261) -> 18201.425 | N261: =L261/L260 -> 1.0011592 | O261: =M261/M260 -> 1.0053895 | P261: =100%*N261 -> 1.0011592 | Q261: =Q260*P261 -> 1.3625767
A262: 44207 | B262: 1.62596098 | C262: 1.44527398 | F262: =IFERROR(VLOOKUP($C262,'[3]3年净值'!$B:$C,2,0),"") | G262: =IFERROR(VLOOKUP($C262,[3]黑马净值!#REF!,2,0),"") | H262: =[1]!thsiFinD("ths_close_price_index",H$1,$A262) -> 5441.1583 | I262: =[1]!thsiFinD("ths_close_price_index",I$1,$A262) -> 5582.9231 | J262: =[1]!thsiFinD("ths_close_price_index",J$1,$A262) -> 1971.8227 | K262: =IF([1]!thsiFinD("ths_close_price_index",K$1,$A262)/[1]!thsiFinD("ths_close_price_index",K$1,$A$3)=0,K261,[1]!thsiFinD("ths_close_price_index",K$1,$A262)/[1]!thsiFinD("ths_close_price_index",K$1,$A$3)) -> 1.5892983 | L262: =[1]!thsiFinD("ths_close_price_index",L$1,$A262) -> 3696.0655 | M262: =[1]!thsiFinD("ths_close_price_index",M$1,$A262) -> 18053.634 | N262: =L262/L261 -> 0.99367041 | O262: =M262/M261 -> 0.99188027 | P262: =100%*N262 -> 0.99367041 | Q262: =Q261*P262 -> 1.3539521
A263: 44208 | B263: 1.66038602 | C263: 1.46821604 | F263: =IFERROR(VLOOKUP($C263,'[3]3年净值'!$B:$C,2,0),"") | G263: =IFERROR(VLOOKUP($C263,[3]黑马净值!#REF!,2,0),"") | H263: =[1]!thsiFinD("ths_close_price_index",H$1,$A263) -> 5596.3525 | I263: =[1]!thsiFinD("ths_close_price_index",I$1,$A263) -> 5723.9636 | J263: =[1]!thsiFinD("ths_close_price_index",J$1,$A263) -> 2017.252 | K263: =IF([1]!thsiFinD("ths_close_price_index",K$1,$A263)/[1]!thsiFinD("ths_close_price_index",K$1,$A$3)=0,K262,[1]!thsiFinD("ths_close_price_index",K$1,$A263)/[1]!thsiFinD("ths_close_price_index",K$1,$A$3)) -> 1.6259145 | L263: =[1]!thsiFinD("ths_close_price_index",L$1,$A263) -> 3794.3073 | M263: =[1]!thsiFinD("ths_close_price_index",M$1,$A263) -> 18331.155 | N263: =L263/L262 -> 1.0265801 | O263: =M263/M262 -> 1.015372 | P263: =100%*N263 -> 1.0265801 | Q263: =Q262*P263 -> 1.3899403
A264: 44209 | B264: 1.64678123 | C264: 1.45106375 | F264: =IFERROR(VLOOKUP($C264,'[3]3年净值'!$B:$C,2,0),"") | G264: =IFERROR(VLOOKUP($C264,[3]黑马净值!#REF!,2,0),"") | H264: =[1]!thsiFinD("ths_close_price_index",H$1,$A264) -> 5577.9711 | I264: =[1]!thsiFinD("ths_close_price_index",I$1,$A264) -> 5700.4719 | J264: =[1]!thsiFinD("ths_close_price_index",J$1,$A264) -> 1998.5653 | K264: =IF([1]!thsiFinD("ths_close_price_index",K$1,$A264)/[1]!thsiFinD("ths_close_price_index",K$1,$A$3)=0,K263,[1]!thsiFinD("ths_close_price_index",K$1,$A264)/[1]!thsiFinD("ths_close_price_index",K$1,$A$3)) -> 1.610853 | L264: =[1]!thsiFinD("ths_close_price_index",L$1,$A264) -> 3778.0672 | M264: =[1]!thsiFinD("ths_close_price_index",M$1,$A264) -> 18141.784 | N264: =L264/L263 -> 0.99571988 | O264: =M264/M263 -> 0.98966943 | P264: =100%*N264 -> 0.99571988 | Q264: =Q263*P264 -> 1.3839912
A265: 44210 | B265: 1.62005401 | C265: 1.44281042 | F265: =IFERROR(VLOOKUP($C265,'[3]3年净值'!$B:$C,2,0),"") | G265: =IFERROR(VLOOKUP($C265,[3]黑马净值!#REF!,2,0),"") | H265: =[1]!thsiFinD("ths_close_price_index",H$1,$A265) -> 5470.4563 | I265: =[1]!thsiFinD("ths_close_price_index",I$1,$A265) -> 5603.4841 | J265: =[1]!thsiFinD("ths_close_price_index",J$1,$A265) -> 1967.0699 | K265: =IF([1]!thsiFinD("ths_close_price_index",K$1,$A265)/[1]!thsiFinD("ths_close_price_index",K$1,$A$3)=0,K264,[1]!thsiFinD("ths_close_price_index",K$1,$A265)/[1]!thsiFinD("ths_close_price_index",K$1,$A$3)) -> 1.5854675 | L265: =[1]!thsiFinD("ths_close_price_index",L$1,$A265) -> 3724.3217 | M265: =[1]!thsiFinD("ths_close_price_index",M$1,$A265) -> 18095.66 | N265: =L265/L264 -> 0.98577434 | O265: =M265/M264 -> 0.9974576 | P265: =100%*N265 -> 0.98577434 | Q265: =Q264*P265 -> 1.364303
A266: 44211 | B266: 1.62105179 | C266: 1.44562230 | F266: =IFERROR(VLOOKUP($C266,'[3]3年净值'!$B:$C,2,0),"") | G266: =IFERROR(VLOOKUP($C266,[3]黑马净值!#REF!,2,0),"") | H266: =[1]!thsiFinD("ths_close_price_index",H$1,$A266) -> 5458.0812 | I266: =[1]!thsiFinD("ths_close_price_index",I$1,$A266) -> 5589.3309 | J266: =[1]!thsiFinD("ths_close_price_index",J$1,$A266) -> 1963.7674 | K266: =IF([1]!thsiFinD("ths_close_price_index",K$1,$A266)/[1]!thsiFinD("ths_close_price_index",K$1,$A$3)=0,K265,[1]!thsiFinD("ths_close_price_index",K$1,$A266)/[1]!thsiFinD("ths_close_price_index",K$1,$A$3)) -> 1.5828057 | L266: =[1]!thsiFinD("ths_close_price_index",L$1,$A266) -> 3696.5082 | M266: =[1]!thsiFinD("ths_close_price_index",M$1,$A266) -> 17999.685 | N266: =L266/L265 -> 0.99253193 | O266: =M266/M265 -> 0.99469626 | P266: =100%*N266 -> 0.99253193 | Q266: =Q265*P266 -> 1.3541143
A267: 44214 | B267: 1.64891990 | C267: 1.48059472 | F267: =IFERROR(VLOOKUP($C267,'[3]3年净值'!$B:$C,2,0),"") | G267: =IFERROR(VLOOKUP($C267,[3]黑马净值!#REF!,2,0),"") | H267: =[1]!thsiFinD("ths_close_price_index",H$1,$A267) -> 5518.5205 | I267: =[1]!thsiFinD("ths_close_price_index",I$1,$A267) -> 5656.1188 | J267: =[1]!thsiFinD("ths_close_price_index",J$1,$A267) -> 1993.5823 | K267: =IF([1]!thsiFinD("ths_close_price_index",K$1,$A267)/[1]!thsiFinD("ths_close_price_index",K$1,$A$3)=0,K266,[1]!thsiFinD("ths_close_price_index",K$1,$A267)/[1]!thsiFinD("ths_close_price_index",K$1,$A$3)) -> 1.6068366 | L267: =[1]!thsiFinD("ths_close_price_index",L$1,$A267) -> 3776.4552 | M267: =[1]!thsiFinD("ths_close_price_index",M$1,$A267) -> 18151.983 | N267: =L267/L266 -> 1.0216277 | O267: =M267/M266 -> 1.0084612 | P267: =100%*N267 -> 1.0216277 | Q267: =Q266*P267 -> 1.3834007
... A275: 44224 | B275: 1.64047721 | C275: 1.48346700 | F275: =IFERROR(VLOOKUP($C275,'[3]3年净值'!$B:$C,2,0),"") | G275: =IFERROR(VLOOKUP($C275,[3]黑马净值!#REF!,2,0),"") | H275: =[1]!thsiFinD("ths_close_price_index",H$1,$A275) -> 5377.1427 | I275: =[1]!thsiFinD("ths_close_price_index",I$1,$A275) -> 5523.846 | J275: =[1]!thsiFinD("ths_close_price_index",J$1,$A275) -> 1977.3876 | K275: =IF([1]!thsiFinD("ths_close_price_index",K$1,$A275)/[1]!thsiFinD("ths_close_price_index",K$1,$A$3)=0,K274,[1]!thsiFinD("ths_close_price_index",K$1,$A275)/[1]!thsiFinD("ths_close_price_index",K$1,$A$3)) -> 1.5937836 | L275: =[1]!thsiFinD("ths_close_price_index",L$1,$A275) -> 3707.198 | M275: =[1]!thsiFinD("ths_close_price_index",M$1,$A275) -> 18233.507 | N275: =L275/L274 -> 0.95329338 | O275: =M275/M274 -> 0.97176007 | P275: =100%*N275 -> 0.95329338 | Q275: =Q274*P275 -> 1.3580302
A276: 44225 | B276: 1.63270428 | C276: 1.47604015 | D276: 1.00000000 | F276: =IFERROR(VLOOKUP($C276,'[3]3年净值'!$B:$C,2,0),"") | G276: =IFERROR(VLOOKUP($C276,[3]黑马净值!#REF!,2,0),"") | H276: =[1]!thsiFinD("ths_close_price_index",H$1,$A276) -> 5351.9646 | I276: =[1]!thsiFinD("ths_close_price_index",I$1,$A276) -> 5490.7549 | J276: =[1]!thsiFinD("ths_close_price_index",J$1,$A276) -> 1968.1381 | K276: =IF([1]!thsiFinD("ths_close_price_index",K$1,$A276)/[1]!thsiFinD("ths_close_price_index",K$1,$A$3)=0,K275,[1]!thsiFinD("ths_close_price_index",K$1,$A276)/[1]!thsiFinD("ths_close_price_index",K$1,$A$3)) -> 1.5863285 | L276: =[1]!thsiFinD("ths_close_price_index",L$1,$A276) -> 3653.9917 | M276: =[1]!thsiFinD("ths_close_price_index",M$1,$A276) -> 18047.389 | N276: =L276/L275 -> 0.98564784 | O276: =M276/M275 -> 0.98979253 | P276: =100%*N276 -> 0.98564784 | Q276: =Q275*P276 -> 1.3385395
A277: 44228 | B277: 1.66293198 | C277: 1.50098627 | D277: 1.00017317 | F277: =IFERROR(VLOOKUP($C277,'[3]3年净值'!$B:$C,2,0),"") | G277: =IFERROR(VLOOKUP($C277,[3]黑马净值!#REF!,2,0),"") | H277: =[1]!thsiFinD("ths_close_price_index",H$1,$A277) -> 5417.6484 | I277: =[1]!thsiFinD("ths_close_price_index",I$1,$A277) -> 5552.3277 | J277: =[1]!thsiFinD("ths_close_price_index",J$1,$A277) -> 1992.7934 | K277: =IF([1]!thsiFinD("ths_close_price_index",K$1,$A277)/[1]!thsiFinD("ths_close_price_index",K$1,$A$3)=0,K276,[1]!thsiFinD("ths_close_price_index",K$1,$A277)/[1]!thsiFinD("ths_close_price_index",K$1,$A$3)) -> 1.6062008 | L277: =[1]!thsiFinD("ths_close_price_index",L$1,$A277) -> 3671.5513 | M277: =[1]!thsiFinD("ths_close_price_index",M$1,$A277) -> 18323.586 | N277: =L277/L276 -> 1.0048056 | O277: =M277/M276 -> 1.0153039 | P277: =100%*N277 -> 1.0048056 | Q277: =Q276*P277 -> 1.344972
A278: 44229 | B278: 1.69665402 | C278: 1.52516865 | D278: 1.00023360 | F278: =IFERROR(VLOOKUP($C278,'[3]3年净值'!$B:$C,2,0),"") | G278: =IFERROR(VLOOKUP($C278,[3]黑马净值!#REF!,2,0),"") | H278: =[1]!thsiFinD("ths_close_price_index",H$1,$A278) -> 5501.0915 | I278: =[1]!thsiFinD("ths_close_price_index",I$1,$A278) -> 5630.8549 | J278: =[1]!thsiFinD("ths_close_price_index",J$1,$A278) -> 2032.5173 | K278: =IF([1]!thsiFinD("ths_close_price_index",K$1,$A278)/[1]!thsiFinD("ths_close_price_index",K$1,$A$3)=0,K277,[1]!thsiFinD("ths_close_price_index",K$1,$A278)/[1]!thsiFinD("ths_close_price_index",K$1,$A$3)) -> 1.6382184 | L278: =[1]!thsiFinD("ths_close_price_index",L$1,$A278) -> 3724.1488 | M278: =[1]!thsiFinD("ths_close_price_index",M$1,$A278) -> 18439.617 | N278: =L278/L277 -> 1.0143257 | O278: =M278/M277 -> 1.0063324 | P278: =100%*N278 -> 1.0143257 | Q278: =Q277*P278 -> 1.3642397
A279: 44230 | B279: 1.69688531 | C279: 1.52510780 | D279: 1.00029275 | F279: =IFERROR(VLOOKUP($C279,'[3]3年净值'!$B:$C,2,0),"") | G279: =IFERROR(VLOOKUP($C279,[3]黑马净值!#REF!,2,0),"") | H279: =[1]!thsiFinD("ths_close_price_index",H$1,$A279) -> 5485.2008 | I279: =[1]!thsiFinD("ths_close_price_index",I$1,$A279) -> 5607.6295 | J279: =[1]!thsiFinD("ths_close_price_index",J$1,$A279) -> 2029.3357 | K279: =IF([1]!thsiFinD("ths_close_price_index",K$1,$A279)/[1]!thsiFinD("ths_close_price_index",K$1,$A$3)=0,K278,[1]!thsiFinD("ths_close_price_index",K$1,$A279)/[1]!thsiFinD("ths_close_price_index",K$1,$A$3)) -> 1.6356541 | L279: =[1]!thsiFinD("ths_close_price_index",L$1,$A279) -> 3660.8816 | M279: =[1]!thsiFinD("ths_close_price_index",M$1,$A279) -> 18451.914 | N279: =L279/L278 -> 0.98301163 | O279: =M279/M278 -> 1.0006669 | P279: =100%*N279 -> 0.98301163 | Q279: =Q278*P279 -> 1.3410635
A280: 44231 | B280: 1.68688513 | C280: 1.50119077 | D280: 1.00035182 | F280: =IFERROR(VLOOKUP($C280,'[3]3年净值'!$B:$C,2,0),"") | G280: =IFERROR(VLOOKUP($C280,[3]黑马净值!#REF!,2,0),"") | H280: =[1]!thsiFinD("ths_close_price_index",H$1,$A280) -> 5473.9475 | I280: =[1]!thsiFinD("ths_close_price_index",I$1,$A280) -> 5585.2687 | J280: =[1]!thsiFinD("ths_close_price_index",J$1,$A280) -> 2016.5113 | K280: =IF([1]!thsiFinD("ths_close_price_index",K$1,$A280)/[1]!thsiFinD("ths_close_price_index",K$1,$A$3)=0,K279,[1]!thsiFinD("ths_close_price_index",K$1,$A280)/[1]!thsiFinD("ths_close_price_index",K$1,$A$3)) -> 1.6253175 | L280: =[1]!thsiFinD("ths_close_price_index",L$1,$A280) -> 3653.1056 | M280: =[1]!thsiFinD("ths_close_price_index",M$1,$A280) -> 18098.695 | N280: =L280/L279 -> 0.99787592 | O280: =M280/M279 -> 0.98085729 | P280: =100%*N280 -> 0.99787592 | Q280: =Q279*P280 -> 1.3382149
A281: 44232 | B281: 1.67766955 | C281: 1.50269604 | D281: 0.99828932 | F281: =IFERROR(VLOOKUP($C281,'[3]3年净值'!$B:$C,2,0),"") | G281: =IFERROR(VLOOKUP($C281,[3]黑马净值!#REF!,2,0),"") | H281: =[1]!thsiFinD("ths_close_price_index",H$1,$A281) -> 5483.414 | I281: =[1]!thsiFinD("ths_close_price_index",I$1,$A281) -> 5576.0453 | J281: =[1]!thsiFinD("ths_close_price_index",J$1,$A281) -> 2013.0764 | K281: =IF([1]!thsiFinD("ths_close_price_index",K$1,$A281)/[1]!thsiFinD("ths_close_price_index",K$1,$A$3)=0,K280,[1]!thsiFinD("ths_close_price_index",K$1,$A281)/[1]!thsiFinD("ths_close_price_index",K$1,$A$3)) -> 1.622549 | L281: =[1]!thsiFinD("ths_close_price_index",L$1,$A281) -> 3619.901 | M281: =[1]!thsiFinD("ths_close_price_index",M$1,$A281) -> 18286.566 | N281: =L281/L280 -> 0.99091058 | O281: =M281/M280 -> 1.0103804 | P281: =100%*N281 -> 0.99091058 | Q281: =Q280*P281 -> 1.3260514
A282: 44235 | B282: 1.71008735 | C282: 1.52382598 | D282: 1.01547472 | F282: =IFERROR(VLOOKUP($C282,'[3]3年净值'!$B:$C,2,0),"") | G282: =IFERROR(VLOOKUP($C282,[3]黑马净值!#REF!,2,0),"") | H282: =[1]!thsiFinD("ths_close_price_index",H$1,$A282) -> 5564.5618 | I282: =[1]!thsiFinD("ths_close_price_index",I$1,$A282) -> 5656.8525 | J282: =[1]!thsiFinD("ths_close_price_index",J$1,$A282) -> 2043.1867 | K282: =IF([1]!thsiFinD("ths_close_price_index",K$1,$A282)/[1]!thsiFinD("ths_close_price_index",K$1,$A$3)=0,K281,[1]!thsiFinD("ths_close_price_index",K$1,$A282)/[1]!thsiFinD("ths_close_price_index",K$1,$A$3)) -> 1.646818 | L282: =[1]!thsiFinD("ths_close_price_index",L$1,$A282) -> 3647.6742 | M282: =[1]!thsiFinD("ths_close_price_index",M$1,$A282) -> 18587.598 | N282: =L282/L281 -> 1.0076724 | O282: =M282/M281 -> 1.0164619 | P282: =100%*N282 -> 1.0076724 | Q282: =Q281*P282 -> 1.3362253
A283: 44236 | B283: 1.74938922 | C283: 1.55572688 | D283: 1.03644722 | F283: =IFERROR(VLOOKUP($C283,'[3]3年净值'!$B:$C,2,0),"") | G283: =IFERROR(VLOOKUP($C283,[3]黑马净值!#REF!,2,0),"") | H283: =[1]!thsiFinD("ths_close_price_index",H$1,$A283) -> 5686.2502 | I283: =[1]!thsiFinD("ths_close_price_index",I$1,$A283) -> 5779.8861 | J283: =[1]!thsiFinD("ths_close_price_index",J$1,$A283) -> 2088.5419 | K283: =IF([1]!thsiFinD("ths_close_price_index",K$1,$A283)/[1]!thsiFinD("ths_close_price_index",K$1,$A$3)=0,K282,[1]!thsiFinD("ths_close_price_index",K$1,$A283)/[1]!thsiFinD("ths_close_price_index",K$1,$A$3)) -> 1.6833745 | L283: =[1]!thsiFinD("ths_close_price_index",L$1,$A283) -> 3770.8072 | M283: =[1]!thsiFinD("ths_close_price_index",M$1,$A283) -> 18928.79 | N283: =L283/L282 -> 1.0337566 | O283: =M283/M282 -> 1.0183559 | P283: =100%*N283 -> 1.0337566 | Q283: =Q282*P283 -> 1.3813317
A284: 44237 | B284: 1.78348652 | C284: 1.58542392 | D284: 1.05715441 | F284: =IFERROR(VLOOKUP($C284,'[3]3年净值'!$B:$C,2,0),"") | G284: =IFERROR(VLOOKUP($C284,[3]黑马净值!#REF!,2,0),"") | H284: =[1]!thsiFinD("ths_close_price_index",H$1,$A284) -> 5807.7191 | I284: =[1]!thsiFinD("ths_close_price_index",I$1,$A284) -> 5889.9911 | J284: =[1]!thsiFinD("ths_close_price_index",J$1,$A284) -> 2130.3795 | K284: =IF([1]!thsiFinD("ths_close_price_index",K$1,$A284)/[1]!thsiFinD("ths_close_price_index",K$1,$A$3)=0,K283,[1]!thsiFinD("ths_close_price_index",K$1,$A284)/[1]!thsiFinD("ths_close_price_index",K$1,$A$3)) -> 1.7170958 | L284: =[1]!thsiFinD("ths_close_price_index",L$1,$A284) -> 3859.2879 | M284: =[1]!thsiFinD("ths_close_price_index",M$1,$A284) -> 19389.761 | N284: =L284/L283 -> 1.0234647 | O284: =M284/M283 -> 1.0243529 | P284: =100%*N284 -> 1.0234647 | Q284: =Q283*P284 -> 1.4137442
A285: 44245 | B285: 1.76741705 | C285: 1.53897501 | D285: 1.04581647 | F285: =IFERROR(VLOOKUP($C285,'[3]3年净值'!$B:$C,2,0),"") | G285: =IFERROR(VLOOKUP($C285,[3]黑马净值!#REF!,2,0),"") | H285: =[1]!thsiFinD("ths_close_price_index",H$1,$A285) -> 5768.3814 | I285: =[1]!thsiFinD("ths_close_price_index",I$1,$A285) -> 5875.359 | J285: =[1]!thsiFinD("ths_close_price_index",J$1,$A285) -> 2100.1612 | K285: =IF([1]!thsiFinD("ths_close_price_index",K$1,$A285)/[1]!thsiFinD("ths_close_price_index",K$1,$A$3)=0,K284,[1]!thsiFinD("ths_close_price_index",K$1,$A285)/[1]!thsiFinD("ths_close_price_index",K$1,$A$3)) -> 1.6927397 | L285: =[1]!thsiFinD("ths_close_price_index",L$1,$A285) -> 3788.8394 | M285: =[1]!thsiFinD("ths_close_price_index",M$1,$A285) -> 18989.308 | N285: =L285/L284 -> 0.98174573 | O285: =M285/M284 -> 0.97934718 | P285: =100%*N285 -> 0.98174573 | Q285: =Q284*P285 -> 1.3879373
A286: 44246 | B286: 1.75206393 | C286: 1.53196663 | D286: 1.03950141 | F286: =IFERROR(VLOOKUP($C286,'[3]3年净值'!$B:$C,2,0),"") | G286: =IFERROR(VLOOKUP($C286,[3]黑马净值!#REF!,2,0),"") | H286: =[1]!thsiFinD("ths_close_price_index",H$1,$A286) -> 5778.842 | I286: =[1]!thsiFinD("ths_close_price_index",I$1,$A286) -> 5900.568 | J286: =[1]!thsiFinD("ths_close_price_index",J$1,$A286) -> 2091.6468 | K286: =IF([1]!thsiFinD("ths_close_price_index",K$1,$A286)/[1]!thsiFinD("ths_close_price_index",K$1,$A$3)=0,K285,[1]!thsiFinD("ths_close_price_index",K$1,$A286)/[1]!thsiFinD("ths_close_price_index",K$1,$A$3)) -> 1.6858771 | L286: =[1]!thsiFinD("ths_close_price_index",L$1,$A286) -> 3787.4246 | M286: =[1]!thsiFinD("ths_close_price_index",M$1,$A286) -> 19135.536 | N286: =L286/L285 -> 0.99962659 | O286: =M286/M285 -> 1.0077005 | P286: =100%*N286 -> 0.99962659 | Q286: =Q285*P286 -> 1.387419
A287: 44249 | B287: 1.69758401 | C287: 1.47038056 | D287: 1.00266282 | F287: =IFERROR(VLOOKUP($C287,'[3]3年净值'!$B:$C,2,0),"") | G287: =IFERROR(VLOOKUP($C287,[3]黑马净值!#REF!,2,0),"") | H287: =[1]!thsiFinD("ths_close_price_index",H$1,$A287) -> 5597.3327 | I287: =[1]!thsiFinD("ths_close_price_index",I$1,$A287) -> 5746.2813 | J287: =[1]!thsiFinD("ths_close_price_index",J$1,$A287) -> 2020.5979 | K287: =IF([1]!thsiFinD("ths_close_price_index",K$1,$A287)/[1]!thsiFinD("ths_close_price_index",K$1,$A$3)=0,K286,[1]!thsiFinD("ths_close_price_index",K$1,$A287)/[1]!thsiFinD("ths_close_price_index",K$1,$A$3)) -> 1.6286113 | L287: =[1]!thsiFinD("ths_close_price_index",L$1,$A287) -> 3678.3843 | M287: =[1]!thsiFinD("ths_close_price_index",M$1,$A287) -> 18697.992 | N287: =L287/L286 -> 0.97120991 | O287: =M287/M286 -> 0.97713449 | P287: =100%*N287 -> 0.97120991 | Q287: =Q286*P287 -> 1.3474751
... A432: 44461 | B432: 1.60741441 | C432: 1.57085192 | D432: 0.93773362 | F432: =IFERROR(VLOOKUP($C432,'[3]3年净值'!$B:$C,2,0),"") | G432: =IFERROR(VLOOKUP($C432,[3]黑马净值!#REF!,2,0),"") | H432: =[1]!thsiFinD("ths_close_price_index",H$1,$A432) -> 4821.7675 | I432: =[1]!thsiFinD("ths_close_price_index",I$1,$A432) -> 5262.8029 | J432: =[1]!thsiFinD("ths_close_price_index",J$1,$A432) -> 1935.4069 | K432: =IF([1]!thsiFinD("ths_close_price_index",K$1,$A432)/[1]!thsiFinD("ths_close_price_index",K$1,$A$3)=0,K431,[1]!thsiFinD("ths_close_price_index",K$1,$A432)/[1]!thsiFinD("ths_close_price_index",K$1,$A$3)) -> 1.559947 | L432: =[1]!thsiFinD("ths_close_price_index",L$1,$A432) -> 3729.4001 | M432: =[1]!thsiFinD("ths_close_price_index",M$1,$A432) -> 16492.516 | N432: =L432/L431 -> 1.0038335 | O432: =M432/M431 -> 0.99791738 | P432: =100%*N432 -> 1.0038335 | Q432: =Q431*P432 -> 1.3661633
A433: 44462 | B433: 1.60962509 | C433: 1.56190252 | D433: 0.93711765 | F433: 1.00000000 | G433: =IFERROR(VLOOKUP($C433,[3]黑马净值!#REF!,2,0),"") | H433: =[1]!thsiFinD("ths_close_price_index",H$1,$A433) -> 4853.1957 | I433: =[1]!thsiFinD("ths_close_price_index",I$1,$A433) -> 5297.2193 | J433: =[1]!thsiFinD("ths_close_price_index",J$1,$A433) -> 1937.315 | K433: =IF([1]!thsiFinD("ths_close_price_index",K$1,$A433)/[1]!thsiFinD("ths_close_price_index",K$1,$A$3)=0,K432,[1]!thsiFinD("ths_close_price_index",K$1,$A433)/[1]!thsiFinD("ths_close_price_index",K$1,$A$3)) -> 1.5614849 | L433: =[1]!thsiFinD("ths_close_price_index",L$1,$A433) -> 3749.7708 | M433: =[1]!thsiFinD("ths_close_price_index",M$1,$A433) -> 16513.516 | N433: =L433/L432 -> 1.0054622 | O433: =M433/M432 -> 1.0012733 | P433: =100%*N433 -> 1.0054622 | Q433: =Q432*P433 -> 1.3736256
A434: 44463 | B434: 1.60107177 | C434: 1.56507151 | D434: 0.93442757 | F434: 0.99468194 | G434: =IFERROR(VLOOKUP($C434,[3]黑马净值!#REF!,2,0),"") | H434: =[1]!thsiFinD("ths_close_price_index",H$1,$A434) -> 4849.4277 | I434: =[1]!thsiFinD("ths_close_price_index",I$1,$A434) -> 5272.1448 | J434: =[1]!thsiFinD("ths_close_price_index",J$1,$A434) -> 1936.3556 | K434: =IF([1]!thsiFinD("ths_close_price_index",K$1,$A434)/[1]!thsiFinD("ths_close_price_index",K$1,$A$3)=0,K433,[1]!thsiFinD("ths_close_price_index",K$1,$A434)/[1]!thsiFinD("ths_close_price_index",K$1,$A$3)) -> 1.5607117 | L434: =[1]!thsiFinD("ths_close_price_index",L$1,$A434) -> 3726.2365 | M434: =[1]!thsiFinD("ths_close_price_index",M$1,$A434) -> 16568.169 | N434: =L434/L433 -> 0.9937238 | O434: =M434/M433 -> 1.0033096 | P434: =100%*N434 -> 0.9937238 | Q434: =Q433*P434 -> 1.3650044
A435: 44466 | B435: 1.58403264 | C435: 1.55126641 | D435: 0.93080190 | F435: 0.99573214 | G435: =IFERROR(VLOOKUP($C435,[3]黑马净值!#REF!,2,0),"") | H435: =[1]!thsiFinD("ths_close_price_index",H$1,$A435) -> 4877.3698 | I435: =[1]!thsiFinD("ths_close_price_index",I$1,$A435) -> 5257.1735 | J435: =[1]!thsiFinD("ths_close_price_index",J$1,$A435) -> 1934.0915 | K435: =IF([1]!thsiFinD("ths_close_price_index",K$1,$A435)/[1]!thsiFinD("ths_close_price_index",K$1,$A$3)=0,K434,[1]!thsiFinD("ths_close_price_index",K$1,$A435)/[1]!thsiFinD("ths_close_price_index",K$1,$A$3)) -> 1.5588868 | L435: =[1]!thsiFinD("ths_close_price_index",L$1,$A435) -> 3702.0587 | M435: =[1]!thsiFinD("ths_close_price_index",M$1,$A435) -> 16639.766 | N435: =L435/L434 -> 0.99351147 | O435: =M435/M434 -> 1.0043214 | P435: =100%*N435 -> 0.99351147 | Q435: =Q434*P435 -> 1.3561476
A436: 44467 | B436: 1.58505048 | C436: 1.54495790 | D436: 0.93199536 | F436: 0.99632375 | G436: =IFERROR(VLOOKUP($C436,[3]黑马净值!#REF!,2,0),"") | H436: =[1]!thsiFinD("ths_close_price_index",H$1,$A436) -> 4883.828 | I436: =[1]!thsiFinD("ths_close_price_index",I$1,$A436) -> 5267.5149 | J436: =[1]!thsiFinD("ths_close_price_index",J$1,$A436) -> 1932.1105 | K436: =IF([1]!thsiFinD("ths_close_price_index",K$1,$A436)/[1]!thsiFinD("ths_close_price_index",K$1,$A$3)=0,K435,[1]!thsiFinD("ths_close_price_index",K$1,$A436)/[1]!thsiFinD("ths_close_price_index",K$1,$A$3)) -> 1.5572901 | L436: =[1]!thsiFinD("ths_close_price_index",L$1,$A436) -> 3682.465 | M436: =[1]!thsiFinD("ths_close_price_index",M$1,$A436) -> 16552.955 | N436: =L436/L435 -> 0.99470735 | O436: =M436/M435 -> 0.99478294 | P436: =100%*N436 -> 0.99470735 | Q436: =Q435*P436 -> 1.34897
A437: 44468 | B437: 1.55485489 | C437: 1.51430203 | D437: 0.91754250 | F437: 0.98674791 | G437: =IFERROR(VLOOKUP($C437,[3]黑马净值!#REF!,2,0),"") | H437: =[1]!thsiFinD("ths_close_price_index",H$1,$A437) -> 4833.9281 | I437: =[1]!thsiFinD("ths_close_price_index",I$1,$A437) -> 5193.0085 | J437: =[1]!thsiFinD("ths_close_price_index",J$1,$A437) -> 1904.6575 | K437: =IF([1]!thsiFinD("ths_close_price_index",K$1,$A437)/[1]!thsiFinD("ths_close_price_index",K$1,$A$3)=0,K436,[1]!thsiFinD("ths_close_price_index",K$1,$A437)/[1]!thsiFinD("ths_close_price_index",K$1,$A$3)) -> 1.5351628 | L437: =[1]!thsiFinD("ths_close_price_index",L$1,$A437) -> 3599.6137 | M437: =[1]!thsiFinD("ths_close_price_index",M$1,$A437) -> 16284.032 | N437: =L437/L436 -> 0.97750113 | O437: =M437/M436 -> 0.98375379 | P437: =100%*N437 -> 0.97750113 | Q437: =Q436*P437 -> 1.3186197
A438: 44469 | B438: 1.58551399 | C438: 1.55352400 | D438: 0.93379905 | F438: 1.00163950 | G438: =IFERROR(VLOOKUP($C438,[3]黑马净值!#REF!,2,0),"") | H438: =[1]!thsiFinD("ths_close_price_index",H$1,$A438) -> 4866.3826 | I438: =[1]!thsiFinD("ths_close_price_index",I$1,$A438) -> 5236.1974 | J438: =[1]!thsiFinD("ths_close_price_index",J$1,$A438) -> 1936.4901 | K438: =IF([1]!thsiFinD("ths_close_price_index",K$1,$A438)/[1]!thsiFinD("ths_close_price_index",K$1,$A$3)=0,K437,[1]!thsiFinD("ths_close_price_index",K$1,$A438)/[1]!thsiFinD("ths_close_price_index",K$1,$A$3)) -> 1.5608201 | L438: =[1]!thsiFinD("ths_close_price_index",L$1,$A438) -> 3663.3741 | M438: =[1]!thsiFinD("ths_close_price_index",M$1,$A438) -> 16444.716 | N438: =L438/L437 -> 1.0177131 | O438: =M438/M437 -> 1.0098676 | P438: =100%*N438 -> 1.0177131 | Q438: =Q437*P438 -> 1.3419765
A439: 44477 | B439: 1.58048008 | C439: 1.53172916 | D439: 0.93162676 | F439: 0.99694402 | G439: =IFERROR(VLOOKUP($C439,[3]黑马净值!#REF!,2,0),"") | H439: =[1]!thsiFinD("ths_close_price_index",H$1,$A439) -> 4929.9409 | I439: =[1]!thsiFinD("ths_close_price_index",I$1,$A439) -> 5285.7085 | J439: =[1]!thsiFinD("ths_close_price_index",J$1,$A439) -> 1932.2689 | K439: =IF([1]!thsiFinD("ths_close_price_index",K$1,$A439)/[1]!thsiFinD("ths_close_price_index",K$1,$A$3)=0,K438,[1]!thsiFinD("ths_close_price_index",K$1,$A439)/[1]!thsiFinD("ths_close_price_index",K$1,$A$3)) -> 1.5574178 | L439: =[1]!thsiFinD("ths_close_price_index",L$1,$A439) -> 3686.0214 | M439: =[1]!thsiFinD("ths_close_price_index",M$1,$A439) -> 16631.485 | N439: =L439/L438 -> 1.0061821 | O439: =M439/M438 -> 1.0113574 | P439: =100%*N439 -> 1.0061821 | Q439: =Q438*P439 -> 1.3502727
A440: 44480 | B440: 1.57865072 | C440: 1.51160504 | D440: 0.92880179 | F440: 0.99486680 | G440: =IFERROR(VLOOKUP($C440,[3]黑马净值!#REF!,2,0),"") | H440: =[1]!thsiFinD("ths_close_price_index",H$1,$A440) -> 4936.1918 | I440: =[1]!thsiFinD("ths_close_price_index",I$1,$A440) -> 5290.6387 | J440: =[1]!thsiFinD("ths_close_price_index",J$1,$A440) -> 1927.3045 | K440: =IF([1]!thsiFinD("ths_close_price_index",K$1,$A440)/[1]!thsiFinD("ths_close_price_index",K$1,$A$3)=0,K439,[1]!thsiFinD("ths_close_price_index",K$1,$A440)/[1]!thsiFinD("ths_close_price_index",K$1,$A$3)) -> 1.5534164 | L440: =[1]!thsiFinD("ths_close_price_index",L$1,$A440) -> 3688.6774 | M440: =[1]!thsiFinD("ths_close_price_index",M$1,$A440) -> 16563.391 | N440: =L440/L439 -> 1.0007206 | O440: =M440/M439 -> 0.99590569 | P440: =100%*N440 -> 1.0007206 | Q440: =Q439*P440 -> 1.3512457
A441: 44481 | B441: 1.55328189 | C441: 1.48879746 | D441: 0.91649335 | F441: 0.98486034 | G441: =IFERROR(VLOOKUP($C441,[3]黑马净值!#REF!,2,0),"") | H441: =[1]!thsiFinD("ths_close_price_index",H$1,$A441) -> 4883.8369 | I441: =[1]!thsiFinD("ths_close_price_index",I$1,$A441) -> 5223.1903 | J441: =[1]!thsiFinD("ths_close_price_index",J$1,$A441) -> 1902.4148 | K441: =IF([1]!thsiFinD("ths_close_price_index",K$1,$A441)/[1]!thsiFinD("ths_close_price_index",K$1,$A$3)=0,K440,[1]!thsiFinD("ths_close_price_index",K$1,$A441)/[1]!thsiFinD("ths_close_price_index",K$1,$A$3)) -> 1.5333552 | L441: =[1]!thsiFinD("ths_close_price_index",L$1,$A441) -> 3618.8452 | M441: =[1]!thsiFinD("ths_close_price_index",M$1,$A441) -> 16566.445 | N441: =L441/L440 -> 0.9810685 | O441: =M441/M440 -> 1.0001844 | P441: =100%*N441 -> 0.9810685 | Q441: =Q440*P441 -> 1.3256646
A442: 44482 | B442: 1.57885396 | C442: 1.52199454 | D442: 0.93275424 | F442: 0.99852980 | G442: =IFERROR(VLOOKUP($C442,[3]黑马净值!#REF!,2,0),"") | H442: =[1]!thsiFinD("ths_close_price_index",H$1,$A442) -> 4940.1089 | I442: =[1]!thsiFinD("ths_close_price_index",I$1,$A442) -> 5274.2618 | J442: =[1]!thsiFinD("ths_close_price_index",J$1,$A442) -> 1936.4702 | K442: =IF([1]!thsiFinD("ths_close_price_index",K$1,$A442)/[1]!thsiFinD("ths_close_price_index",K$1,$A$3)=0,K441,[1]!thsiFinD("ths_close_price_index",K$1,$A442)/[1]!thsiFinD("ths_close_price_index",K$1,$A$3)) -> 1.560804 | L442: =[1]!thsiFinD("ths_close_price_index",L$1,$A442) -> 3662.6775 | M442: =[1]!thsiFinD("ths_close_price_index",M$1,$A442) -> 16843.491 | N442: =L442/L441 -> 1.0121122 | O442: =M442/M441 -> 1.0167233 | P442: =100%*N442 -> 1.0121122 | Q442: =Q441*P442 -> 1.3417214
A443: 44483 | B443: 1.58485402 | C443: 1.51114721 | D443: 0.93256189 | F443: 0.99718890 | G443: =IFERROR(VLOOKUP($C443,[3]黑马净值!#REF!,2,0),"") | H443: =[1]!thsiFinD("ths_close_price_index",H$1,$A443) -> 4913.6123 | I443: =[1]!thsiFinD("ths_close_price_index",I$1,$A443) -> 5257.5066 | J443: =[1]!thsiFinD("ths_close_price_index",J$1,$A443) -> 1936.6474 | K443: =IF([1]!thsiFinD("ths_close_price_index",K$1,$A443)/[1]!thsiFinD("ths_close_price_index",K$1,$A$3)=0,K442,[1]!thsiFinD("ths_close_price_index",K$1,$A443)/[1]!thsiFinD("ths_close_price_index",K$1,$A$3)) -> 1.5609468 | L443: =[1]!thsiFinD("ths_close_price_index",L$1,$A443) -> 3669.4323 | M443: =[1]!thsiFinD("ths_close_price_index",M$1,$A443) -> 16678.293 | N443: =L443/L442 -> 1.0018442 | O443: =M443/M442 -> 0.99019215 | P443: =100%*N443 -> 1.0018442 | Q443: =Q442*P443 -> 1.3441958
A444: 44484 | B444: 1.60234130 | C444: 1.53043030 | D444: 0.94133036 | F444: 1.00549715 | G444: =IFERROR(VLOOKUP($C444,[3]黑马净值!#REF!,2,0),"") | H444: =[1]!thsiFinD("ths_close_price_index",H$1,$A444) -> 4932.1084 | I444: =[1]!thsiFinD("ths_close_price_index",I$1,$A444) -> 5275.3989 | J444: =[1]!thsiFinD("ths_close_price_index",J$1,$A444) -> 1955.3294 | K444: =IF([1]!thsiFinD("ths_close_price_index",K$1,$A444)/[1]!thsiFinD("ths_close_price_index",K$1,$A$3)=0,K443,[1]!thsiFinD("ths_close_price_index",K$1,$A444)/[1]!thsiFinD("ths_close_price_index",K$1,$A$3)) -> 1.5760046 | L444: =[1]!thsiFinD("ths_close_price_index",L$1,$A444) -> 3691.5153 | M444: =[1]!thsiFinD("ths_close_price_index",M$1,$A444) -> 16546.713 | N444: =L444/L443 -> 1.0060181 | O444: =M444/M443 -> 0.99211069 | P444: =100%*N444 -> 1.0060181 | Q444: =Q443*P444 -> 1.3522853
... A492: 44552 | B492: 1.63697273 | C492: 1.50856115 | D492: 0.92766160 | F492: 1.00364032 | G492: =IFERROR(VLOOKUP($C492,[3]黑马净值!#REF!,2,0),"") | H492: =[1]!thsiFinD("ths_close_price_index",H$1,$A492) -> 4914.4544 | I492: =[1]!thsiFinD("ths_close_price_index",I$1,$A492) -> 5309.9944 | J492: =[1]!thsiFinD("ths_close_price_index",J$1,$A492) -> 1960.8235 | K492: =IF([1]!thsiFinD("ths_close_price_index",K$1,$A492)/[1]!thsiFinD("ths_close_price_index",K$1,$A$3)=0,K491,[1]!thsiFinD("ths_close_price_index",K$1,$A492)/[1]!thsiFinD("ths_close_price_index",K$1,$A$3)) -> 1.5804329 | L492: =[1]!thsiFinD("ths_close_price_index",L$1,$A492) -> 3943.5266 | M492: =[1]!thsiFinD("ths_close_price_index",M$1,$A492) -> 16231.295 | N492: =L492/L491 -> 1.0059126 | O492: =M492/M491 -> 1.0079369 | P492: =100%*N492 -> 1.0059126 | Q492: =Q491*P492 -> 1.4446027
